UNIQUE_ID,Latitude,Longitude,year,month,season,TEMP,DO,risk_score,DO_critical,stress_combo,flow_flag,TEMP_plus2,DO_plus2,watershed
W2944,42.30793443,-71.80008188,2019.0,11.0,Fall,14.9,9.2,1,0,0,1,16.9,8.7,Blackstone
W2945,42.30647078,-71.76580774,2019.0,11.0,Fall,13.2,9.5,1,0,0,1,15.2,9.0,Blackstone
W2946,42.23658166,-71.70515602,2019.0,11.0,Fall,14.5,9.3,1,0,0,1,16.5,8.8,Blackstone
W2188,42.20836571,-71.69757011,2019.0,11.0,Fall,14.5,9.1,1,0,0,1,16.5,8.6,Blackstone
W1242,42.17728889,-71.68788468,2019.0,11.0,Fall,15.2,9.8,1,0,0,1,17.2,9.3,Blackstone
W2947,42.17548786,-71.72816762,2019.0,11.0,Fall,13.8,9.7,1,0,0,1,15.8,9.2,Blackstone
W1767,42.18277682,-71.76604587,2019.0,11.0,Fall,8.1,12.4,1,0,0,1,10.1,11.9,Blackstone
W2948,42.30798331,-71.81943101,2019.0,11.0,Fall,11.6,9.6,1,0,0,1,13.6,9.1,Blackstone
W2949,42.20322946,-71.8374543,2019.0,11.0,Fall,13.2,9.7,1,0,0,1,15.2,9.2,Blackstone
W2950,42.19026146,-71.84582602,2019.0,11.0,Fall,12.8,10.0,1,0,0,1,14.8,9.5,Blackstone
W1776,42.20670671,-71.85281517,2019.0,11.0,Fall,13.3,9.3,1,0,0,1,15.3,8.8,Blackstone
W1426,42.26230119,-71.84822737,2019.0,11.0,Fall,13.0,9.8,1,0,0,1,15.0,9.3,Blackstone
W2944,42.30793443,-71.80008188,2020.0,9.0,Fall,14.7,4.8,2,1,0,1,16.7,4.3,Blackstone
W2945,42.30647078,-71.76580774,2020.0,9.0,Fall,12.9,10.4,1,0,0,1,14.9,9.9,Blackstone
W2946,42.23658166,-71.70515602,2020.0,9.0,Fall,17.2,8.4,1,0,0,1,19.2,7.9,Blackstone
W2188,42.20836571,-71.69757011,2020.0,9.0,Fall,19.0,8.1,1,0,0,1,21.0,7.6,Blackstone
W1242,42.17728889,-71.68788468,2020.0,9.0,Fall,17.8,9.4,1,0,0,1,19.8,8.9,Blackstone
W2947,42.17548786,-71.72816762,2020.0,9.0,Fall,13.0,10.0,1,0,0,1,15.0,9.5,Blackstone
W1767,42.18277682,-71.76604587,2020.0,9.0,Fall,14.8,10.1,1,0,0,1,16.8,9.6,Blackstone
W2949,42.20322946,-71.8374543,2020.0,9.0,Fall,15.3,12.0,1,0,0,1,17.3,11.5,Blackstone
W2950,42.19026146,-71.84582602,2020.0,9.0,Fall,15.5,10.2,1,0,0,1,17.5,9.7,Blackstone
W1776,42.20670671,-71.85281517,2020.0,9.0,Fall,17.2,8.8,1,0,0,1,19.2,8.3,Blackstone
W1426,42.26230119,-71.84822737,2020.0,9.0,Fall,16.8,8.3,1,0,0,1,18.8,7.800000000000001,Blackstone
W2948,42.30798331,-71.81943101,2020.0,9.0,Fall,15.2,9.5,1,0,0,1,17.2,9.0,Blackstone
W1590,42.34154459,-71.26662505,2020.0,7.0,Summer,18.9,9.3,2,0,0,1,20.9,8.8,Charles
W1590,42.34154459,-71.26662505,2020.0,8.0,Summer,20.5,8.9,2,0,0,1,22.5,8.4,Charles
W3003,42.38881334,-71.29698568,2020.0,7.0,Summer,21.7,6.2,2,0,0,1,23.7,5.7,Charles
W3003,42.38881334,-71.29698568,2020.0,8.0,Summer,21.5,7.1,2,0,0,1,23.5,6.6,Charles
W3006,42.20924747,-71.18482101,2020.0,7.0,Summer,20.1,7.8,2,0,0,1,22.1,7.3,Neponset
W3006,42.20924747,-71.18482101,2020.0,8.0,Summer,21.9,5.8,2,0,0,1,23.9,5.3,Neponset
W0546,42.18920084,-71.2401585,2020.0,7.0,Summer,19.3,8.4,2,0,0,1,21.3,7.9,Neponset
W0546,42.18920084,-71.2401585,2020.0,8.0,Summer,21.1,7.9,2,0,0,1,23.1,7.4,Neponset
W2992,41.94464888,-71.37166023,2020.0,7.0,Summer,22.4,8.4,2,0,0,1,24.4,7.9,Blackstone
W2992,41.94464888,-71.37166023,2020.0,8.0,Summer,24.6,7.4,2,0,0,1,26.6,6.9,Blackstone
W3005,42.06029614,-71.42140501,2020.0,7.0,Summer,21.1,8.4,2,0,0,1,23.1,7.9,Charles
W3005,42.06029614,-71.42140501,2020.0,8.0,Summer,23.0,7.8,2,0,0,1,25.0,7.3,Charles
W2962,42.16373516,-72.534428,2020.0,7.0,Summer,21.1,8.0,2,0,0,1,23.1,7.5,Chicopee
W2962,42.16373516,-72.534428,2020.0,8.0,Summer,19.5,8.2,2,0,0,1,21.5,7.699999999999999,Chicopee
W2963,42.18866352,-72.45219345,2020.0,7.0,Summer,16.9,9.3,2,0,0,1,18.9,8.8,Chicopee
W2963,42.18866352,-72.45219345,2020.0,8.0,Summer,18.2,8.7,2,0,0,1,20.2,8.2,Chicopee
W2964,42.21061244,-72.40257059,2020.0,7.0,Summer,22.6,7.1,2,0,0,1,24.6,6.6,Chicopee
W2964,42.21061244,-72.40257059,2020.0,8.0,Summer,16.7,3.9,3,1,0,1,18.7,3.4,Chicopee
W2975,42.2164917,-72.37689964,2020.0,7.0,Summer,21.1,7.9,2,0,0,1,23.1,7.4,Chicopee
W2975,42.2164917,-72.37689964,2020.0,8.0,Summer,17.4,1.7,3,1,0,1,19.4,1.2,Chicopee
W2965,42.17332508,-72.25295351,2020.0,7.0,Summer,22.7,8.6,2,0,0,1,24.7,8.1,Chicopee
W2965,42.17332508,-72.25295351,2020.0,8.0,Summer,19.1,9.3,2,0,0,1,21.1,8.8,Chicopee
W2966,42.22326789,-72.22512226,2020.0,7.0,Summer,21.2,8.3,2,0,0,1,23.2,7.800000000000001,Chicopee
W2966,42.22326789,-72.22512226,2020.0,8.0,Summer,19.6,8.6,2,0,0,1,21.6,8.1,Chicopee
W2971,42.21712393,-71.99983627,2020.0,7.0,Summer,28.0,6.1,2,0,0,1,30.0,5.6,Chicopee
W2971,42.21712393,-71.99983627,2020.0,8.0,Summer,22.7,6.8,2,0,0,1,24.7,6.3,Chicopee
W2983,42.35641055,-72.23099629,2020.0,7.0,Summer,20.0,7.1,2,0,0,1,22.0,6.6,Chicopee
W2983,42.35641055,-72.23099629,2020.0,8.0,Summer,19.7,4.6,3,1,0,1,21.7,4.1,Chicopee
W2984,42.31493164,-72.20590855,2020.0,7.0,Summer,20.1,8.5,2,0,0,1,22.1,8.0,Chicopee
W2984,42.31493164,-72.20590855,2020.0,8.0,Summer,22.4,8.0,2,0,0,1,24.4,7.5,Chicopee
W2985,42.31601104,-72.18146595,2020.0,7.0,Summer,18.2,8.7,2,0,0,1,20.2,8.2,Chicopee
W2985,42.31601104,-72.18146595,2020.0,8.0,Summer,19.9,7.8,2,0,0,1,21.9,7.3,Chicopee
W2967,42.28886649,-72.12794852,2020.0,7.0,Summer,19.1,8.4,2,0,0,1,21.1,7.9,Chicopee
W2967,42.28886649,-72.12794852,2020.0,8.0,Summer,21.2,5.4,2,0,0,1,23.2,4.9,Chicopee
W2968,42.2978692,-72.11726439,2020.0,7.0,Summer,20.8,8.5,2,0,0,1,22.8,8.0,Chicopee
W2968,42.2978692,-72.11726439,2020.0,8.0,Summer,23.7,7.9,2,0,0,1,25.7,7.4,Chicopee
W2969,42.31427223,-72.09667589,2020.0,7.0,Summer,18.6,7.0,2,0,0,1,20.6,6.5,Chicopee
W2974,42.33173523,-72.05029579,2020.0,7.0,Summer,23.1,5.7,2,0,0,1,25.1,5.2,Chicopee
W2974,42.33173523,-72.05029579,2020.0,8.0,Summer,29.5,6.0,2,0,0,1,31.5,5.5,Chicopee
W2973,42.33884782,-72.03406499,2020.0,7.0,Summer,20.2,7.1,2,0,0,1,22.2,6.6,Chicopee
W2973,42.33884782,-72.03406499,2020.0,8.0,Summer,23.4,6.4,2,0,0,1,25.4,5.9,Chicopee
W2025,42.43816198,-72.20732375,2020.0,7.0,Summer,19.4,8.8,2,0,0,1,21.4,8.3,Chicopee
W2025,42.43816198,-72.20732375,2020.0,8.0,Summer,20.5,8.4,2,0,0,1,22.5,7.9,Chicopee
W2982,42.45211895,-72.16662911,2020.0,7.0,Summer,16.6,9.0,2,0,0,1,18.6,8.5,Chicopee
W2982,42.45211895,-72.16662911,2020.0,8.0,Summer,18.4,8.8,2,0,0,1,20.4,8.3,Chicopee
W2986,42.41359781,-72.14305722,2020.0,7.0,Summer,21.2,3.2,3,1,0,1,23.2,2.7,Chicopee
W2986,42.41359781,-72.14305722,2020.0,8.0,Summer,23.4,1.8,3,1,0,1,25.4,1.3,Chicopee
W2987,42.37739264,-72.10776295,2020.0,7.0,Summer,22.9,8.6,2,0,0,1,24.9,8.1,Chicopee
W2987,42.37739264,-72.10776295,2020.0,8.0,Summer,21.1,8.4,2,0,0,1,23.1,7.9,Chicopee
W2988,42.37487541,-72.08751928,2020.0,7.0,Summer,18.0,9.0,1,0,0,0,20.0,8.5,Chicopee
W2988,42.37487541,-72.08751928,2020.0,8.0,Summer,19.2,8.7,1,0,0,0,21.2,8.2,Chicopee
W2989,42.45158172,-72.0300279,2020.0,7.0,Summer,23.8,5.5,2,0,0,1,25.8,5.0,Chicopee
W2989,42.45158172,-72.0300279,2020.0,8.0,Summer,22.6,5.0,2,0,0,1,24.6,4.5,Chicopee
W2990,42.41614547,-72.00792237,2020.0,7.0,Summer,26.1,8.8,2,0,0,1,28.1,8.3,Chicopee
W2990,42.41614547,-72.00792237,2020.0,8.0,Summer,26.7,9.2,2,0,0,1,28.7,8.7,Chicopee
W2991,42.44674169,-71.93975559,2020.0,7.0,Summer,24.6,4.2,3,1,0,1,26.6,3.7,Chicopee
W2991,42.44674169,-71.93975559,2020.0,8.0,Summer,25.8,4.7,4,1,1,1,27.8,4.2,Chicopee
W2999,42.22369805,-71.68770771,2020.0,7.0,Summer,21.5,4.4,3,1,0,1,23.5,3.9000000000000004,Blackstone
W2999,42.22369805,-71.68770771,2020.0,8.0,Summer,17.2,2.5,3,1,0,1,19.2,2.0,Blackstone
W3001,42.26151866,-71.84831069,2020.0,7.0,Summer,19.7,5.1,2,0,0,1,21.7,4.6,Blackstone
W3001,42.26151866,-71.84831069,2020.0,8.0,Summer,17.6,5.7,2,0,0,1,19.6,5.2,Blackstone
W2972,42.27077749,-71.98279137,2020.0,7.0,Summer,21.6,8.4,2,0,0,1,23.6,7.9,Chicopee
W2972,42.27077749,-71.98279137,2020.0,8.0,Summer,17.0,9.0,2,0,0,1,19.0,8.5,Chicopee
W0490,42.26477944,-72.00491606,2020.0,7.0,Summer,20.8,8.4,2,0,0,1,22.8,7.9,Chicopee
W0490,42.26477944,-72.00491606,2020.0,8.0,Summer,16.6,9.3,2,0,0,1,18.6,8.8,Chicopee
W3008,42.35232578,-71.89096029,2020.0,7.0,Summer,18.6,2.7,3,1,0,1,20.6,2.2,Nashua
W3008,42.35232578,-71.89096029,2020.0,8.0,Summer,16.8,7.9,2,0,0,1,18.8,7.4,Nashua
W3002,42.30545572,-71.87758341,2020.0,7.0,Summer,20.2,6.2,2,0,0,1,22.2,5.7,Blackstone
W2945,42.30647078,-71.76580774,2020.0,7.0,Summer,19.7,8.4,2,0,0,1,21.7,7.9,Blackstone
W2945,42.30647078,-71.76580774,2020.0,8.0,Summer,16.5,9.5,2,0,0,1,18.5,9.0,Blackstone
W3000,42.29051615,-71.7673158,2020.0,7.0,Summer,20.4,8.3,2,0,0,1,22.4,7.800000000000001,Blackstone
W3000,42.29051615,-71.7673158,2020.0,8.0,Summer,18.7,9.0,2,0,0,1,20.7,8.5,Blackstone
W2960,42.55493712,-72.12734536,2020.0,7.0,Summer,21.6,4.4,3,1,0,1,23.6,3.9000000000000004,Millers
W2960,42.55493712,-72.12734536,2020.0,8.0,Summer,14.3,6.7,2,0,0,1,16.3,6.2,Millers
W2955,42.55608497,-72.30064271,2020.0,7.0,Summer,22.0,7.7,2,0,0,1,24.0,7.2,Millers
W2958,42.60698139,-72.16349796,2020.0,7.0,Summer,23.6,4.6,3,1,0,1,25.6,4.1,Millers
W2958,42.60698139,-72.16349796,2020.0,8.0,Summer,17.8,5.6,2,0,0,1,19.8,5.1,Millers
W2957,42.63003931,-72.16378855,2020.0,7.0,Summer,22.7,5.6,2,0,0,1,24.7,5.1,Millers
W2957,42.63003931,-72.16378855,2020.0,8.0,Summer,15.7,6.5,2,0,0,1,17.7,6.0,Millers
W2956,42.68339607,-72.17229563,2020.0,7.0,Summer,22.9,7.9,2,0,0,1,24.9,7.4,Millers
W2956,42.68339607,-72.17229563,2020.0,8.0,Summer,16.8,9.6,2,0,0,1,18.8,9.1,Millers
W2959,42.6130637,-72.12973159,2020.0,7.0,Summer,21.7,8.2,2,0,0,1,23.7,7.699999999999999,Millers
W2959,42.6130637,-72.12973159,2020.0,8.0,Summer,16.8,8.5,2,0,0,1,18.8,8.0,Millers
W2961,42.58897184,-72.03710739,2020.0,7.0,Summer,21.7,7.9,2,0,0,1,23.7,7.4,Millers
W2961,42.58897184,-72.03710739,2020.0,8.0,Summer,17.8,8.6,2,0,0,1,19.8,8.1,Millers
W1836,42.56316154,-71.76154939,2020.0,7.0,Summer,23.7,7.6,2,0,0,1,25.7,7.1,Nashua
W1836,42.56316154,-71.76154939,2020.0,8.0,Summer,20.1,8.6,2,0,0,1,22.1,8.1,Nashua
W2970,42.58473938,-71.77277533,2020.0,7.0,Summer,20.7,7.9,2,0,0,1,22.7,7.4,Nashua
W2970,42.58473938,-71.77277533,2020.0,8.0,Summer,17.1,8.2,2,0,0,1,19.1,7.699999999999999,Nashua
W3007,42.56717587,-71.69666278,2020.0,7.0,Summer,18.3,6.0,2,0,0,1,20.3,5.5,Nashua
W3007,42.56717587,-71.69666278,2020.0,8.0,Summer,14.9,8.0,2,0,0,1,16.9,7.5,Nashua
W3010,42.44794562,-71.3782804,2020.0,7.0,Summer,27.9,5.7,2,0,0,1,29.9,5.2,Concord (SuAsCo)
W3010,42.44794562,-71.3782804,2020.0,8.0,Summer,20.9,7.1,2,0,0,1,22.9,6.6,Concord (SuAsCo)
W3011,42.38602647,-71.43974631,2020.0,7.0,Summer,21.6,7.9,2,0,0,1,23.6,7.4,Concord (SuAsCo)
W3011,42.38602647,-71.43974631,2020.0,8.0,Summer,17.3,8.6,2,0,0,1,19.3,8.1,Concord (SuAsCo)
W3012,42.37600327,-71.47659538,2020.0,7.0,Summer,29.2,6.9,2,0,0,1,31.2,6.4,Concord (SuAsCo)
W3012,42.37600327,-71.47659538,2020.0,8.0,Summer,24.8,8.2,2,0,0,1,26.8,7.699999999999999,Concord (SuAsCo)
W3009,42.39315061,-71.58188625,2020.0,7.0,Summer,22.6,7.0,1,0,0,0,24.6,6.5,Concord (SuAsCo)
W3009,42.39315061,-71.58188625,2020.0,8.0,Summer,18.3,8.1,1,0,0,0,20.3,7.6,Concord (SuAsCo)
W2996,42.1149129,-71.70458582,2020.0,7.0,Summer,17.7,0.4,3,1,0,1,19.7,0.0,Blackstone
W2996,42.1149129,-71.70458582,2020.0,8.0,Summer,17.5,1.3,3,1,0,1,19.5,0.8,Blackstone
W2997,42.10854137,-71.69487674,2020.0,7.0,Summer,21.1,7.8,2,0,0,1,23.1,7.3,Blackstone
W2997,42.10854137,-71.69487674,2020.0,8.0,Summer,16.7,8.3,2,0,0,1,18.7,7.800000000000001,Blackstone
W2998,42.07200745,-71.70324028,2020.0,7.0,Summer,21.4,7.7,2,0,0,1,23.4,7.2,Blackstone
W2998,42.07200745,-71.70324028,2020.0,8.0,Summer,16.0,8.5,2,0,0,1,18.0,8.0,Blackstone
W2413,42.00792,-71.70506,2020.0,7.0,Summer,23.1,7.5,2,0,0,1,25.1,7.0,Blackstone
W2413,42.00792,-71.70506,2020.0,8.0,Summer,15.8,6.8,2,0,0,1,17.8,6.3,Blackstone
W2284,42.04638466,-71.6301536,2020.0,7.0,Summer,24.0,7.9,2,0,0,1,26.0,7.4,Blackstone
W2284,42.04638466,-71.6301536,2020.0,8.0,Summer,17.6,9.0,2,0,0,1,19.6,8.5,Blackstone
W2993,42.02818823,-71.53998784,2020.0,7.0,Summer,23.8,7.4,2,0,0,1,25.8,6.9,Blackstone
W2993,42.02818823,-71.53998784,2020.0,8.0,Summer,16.6,8.3,2,0,0,1,18.6,7.800000000000001,Blackstone
W2994,42.09240248,-71.59154659,2020.0,7.0,Summer,23.0,6.3,1,0,0,0,25.0,5.8,Blackstone
W2994,42.09240248,-71.59154659,2020.0,8.0,Summer,16.4,5.2,1,0,0,0,18.4,4.7,Blackstone
W1429,42.1231178,-71.59908641,2020.0,7.0,Summer,16.2,0.9,3,1,0,1,18.2,0.4,Blackstone
W2995,42.22575344,-71.65289845,2020.0,7.0,Summer,19.4,2.7,3,1,0,1,21.4,2.2,Blackstone
W2995,42.22575344,-71.65289845,2020.0,8.0,Summer,16.5,7.0,2,0,0,1,18.5,6.5,Blackstone
W2977,42.44429909,-72.37166057,2020.0,7.0,Summer,20.0,8.6,2,0,0,1,22.0,8.1,Chicopee
W2977,42.44429909,-72.37166057,2020.0,8.0,Summer,15.9,9.4,2,0,0,1,17.9,8.9,Chicopee
W2978,42.36492922,-72.32529204,2020.0,7.0,Summer,21.1,8.5,2,0,0,1,23.1,8.0,Chicopee
W2978,42.36492922,-72.32529204,2020.0,8.0,Summer,17.0,9.3,2,0,0,1,19.0,8.8,Chicopee
W2979,42.50329864,-72.31786462,2020.0,7.0,Summer,18.1,7.2,2,0,0,1,20.1,6.7,Chicopee
W2979,42.50329864,-72.31786462,2020.0,8.0,Summer,15.5,8.1,2,0,0,1,17.5,7.6,Chicopee
W2980,42.51854875,-72.31737256,2020.0,7.0,Summer,23.6,6.7,2,0,0,1,25.6,6.2,Chicopee
W2980,42.51854875,-72.31737256,2020.0,8.0,Summer,18.2,8.1,2,0,0,1,20.2,7.6,Chicopee
W2948,42.30798331,-71.81943101,2020.0,8.0,Summer,20.6,5.2,2,0,0,1,22.6,4.7,Blackstone
W2948,42.30798331,-71.81943101,2020.0,9.0,Fall,15.1,9.5,1,0,0,1,17.1,9.0,Blackstone
W2886,42.44662969,-71.8181233,2019.0,7.0,Summer,18.5,8.9,2,0,0,1,20.5,8.4,Nashua
W2887,42.61760369,-71.72624143,2019.0,7.0,Summer,17.5,7.8,2,0,0,1,19.5,7.3,Nashua
W2410,42.664623,-71.753811,2019.0,7.0,Summer,18.2,8.4,2,0,0,1,20.2,7.9,Nashua
W2888,42.70288914,-71.75177322,2019.0,7.0,Summer,18.2,8.6,2,0,0,1,20.2,8.1,Nashua
W2889,42.62248944,-71.02018566,2019.0,7.0,Summer,19.4,6.4,2,0,0,1,21.4,5.9,Ipswich
W2890,42.66074776,-70.90371136,2019.0,7.0,Summer,20.2,7.4,2,0,0,1,22.2,6.9,Ipswich
W2287,42.69539254,-72.22718449,2019.0,7.0,Summer,18.6,7.1,2,0,0,1,20.6,6.6,Millers
W2895,42.62069634,-72.39305406,2019.0,7.0,Summer,16.1,9.2,2,0,0,1,18.1,8.7,Millers
W2896,42.38033448,-72.46510155,2019.0,7.0,Summer,18.0,9.3,2,0,0,1,20.0,8.8,Connecticut
W2897,42.44704256,-72.49190917,2019.0,7.0,Summer,22.9,7.9,2,0,0,1,24.9,7.4,Connecticut
W2898,42.45007437,-72.45260735,2019.0,7.0,Summer,16.3,9.4,2,0,0,1,18.3,8.9,Connecticut
W2899,42.46777728,-72.15673762,2019.0,7.0,Summer,22.1,8.1,2,0,0,1,24.1,7.6,Chicopee
W2900,42.43953233,-72.04115765,2019.0,7.0,Summer,21.0,8.1,2,0,0,1,23.0,7.6,Chicopee
W2901,42.20154773,-72.04487072,2019.0,7.0,Summer,19.7,4.0,3,1,0,1,21.7,3.5,Chicopee
W2902,42.05048837,-72.09627321,2019.0,7.0,Summer,19.6,8.2,2,0,0,1,21.6,7.699999999999999,Quinebaug
W2904,42.07493076,-71.7950707,2019.0,7.0,Summer,18.2,7.2,2,0,0,1,20.2,6.7,Blackstone
W2903,42.01542185,-71.79841192,2019.0,7.0,Summer,19.8,8.0,2,0,0,1,21.8,7.5,Quinebaug
W2413,42.00792,-71.70506,2019.0,7.0,Summer,19.6,8.2,2,0,0,1,21.6,7.699999999999999,Blackstone
W2905,42.04529263,-71.65201157,2019.0,7.0,Summer,20.7,8.3,2,0,0,1,22.7,7.800000000000001,Blackstone
W2906,42.18795491,-71.62720825,2019.0,7.0,Summer,18.6,8.3,2,0,0,1,20.6,7.800000000000001,Blackstone
W2910,41.95851534,-71.2424628,2019.0,7.0,Summer,21.1,2.3,3,1,0,1,23.1,1.7999999999999998,Taunton
W2466,41.77254787,-71.08494839,2019.0,7.0,Summer,21.0,7.9,2,0,0,1,23.0,7.4,Taunton
W2911,41.77800443,-71.07593377,2019.0,7.0,Summer,20.7,8.1,2,0,0,1,22.7,7.6,Taunton
W0918,42.16028331,-70.78863391,2019.0,7.0,Summer,22.7,7.0,2,0,0,1,24.7,6.5,South Coastal
W2912,42.18764862,-70.76850844,2019.0,7.0,Summer,22.4,3.9,3,1,0,1,24.4,3.4,South Coastal
W2913,42.19862254,-70.83275,2019.0,7.0,Summer,23.8,4.5,3,1,0,1,25.8,4.0,South Coastal
W2886,42.44662969,-71.8181233,2019.0,8.0,Summer,17.3,9.0,2,0,0,1,19.3,8.5,Nashua
W2887,42.61760369,-71.72624143,2019.0,8.0,Summer,17.1,7.4,2,0,0,1,19.1,6.9,Nashua
W2410,42.664623,-71.753811,2019.0,8.0,Summer,17.3,8.4,2,0,0,1,19.3,7.9,Nashua
W2888,42.70288914,-71.75177322,2019.0,8.0,Summer,16.8,8.5,2,0,0,1,18.8,8.0,Nashua
W2889,42.62248944,-71.02018566,2019.0,8.0,Summer,19.5,6.4,2,0,0,1,21.5,5.9,Ipswich
W2890,42.66074776,-70.90371136,2019.0,8.0,Summer,21.0,6.9,2,0,0,1,23.0,6.4,Ipswich
W2287,42.69539254,-72.22718449,2019.0,8.0,Summer,19.3,7.6,2,0,0,1,21.3,7.1,Millers
W2895,42.62069634,-72.39305406,2019.0,8.0,Summer,17.4,8.7,2,0,0,1,19.4,8.2,Millers
W2896,42.38033448,-72.46510155,2019.0,8.0,Summer,19.0,8.9,2,0,0,1,21.0,8.4,Connecticut
W2897,42.44704256,-72.49190917,2019.0,8.0,Summer,21.1,8.2,2,0,0,1,23.1,7.699999999999999,Connecticut
W2898,42.45007437,-72.45260735,2019.0,8.0,Summer,16.8,9.2,2,0,0,1,18.8,8.7,Connecticut
W2899,42.46777728,-72.15673762,2019.0,8.0,Summer,21.0,8.3,2,0,0,1,23.0,7.800000000000001,Chicopee
W2900,42.43953233,-72.04115765,2019.0,8.0,Summer,20.3,8.2,2,0,0,1,22.3,7.699999999999999,Chicopee
W2901,42.20154773,-72.04487072,2019.0,8.0,Summer,21.5,2.0,3,1,0,1,23.5,1.5,Chicopee
W2902,42.05048837,-72.09627321,2019.0,8.0,Summer,19.9,8.4,2,0,0,1,21.9,7.9,Quinebaug
W2904,42.07493076,-71.7950707,2019.0,8.0,Summer,19.7,7.0,2,0,0,1,21.7,6.5,Blackstone
W2903,42.01542185,-71.79841192,2019.0,8.0,Summer,21.0,8.0,2,0,0,1,23.0,7.5,Quinebaug
W2413,42.00792,-71.70506,2019.0,8.0,Summer,22.6,8.1,2,0,0,1,24.6,7.6,Blackstone
W2905,42.04529263,-71.65201157,2019.0,8.0,Summer,24.2,7.6,2,0,0,1,26.2,7.1,Blackstone
W2906,42.18795491,-71.62720825,2019.0,8.0,Summer,22.8,4.9,3,1,0,1,24.8,4.4,Blackstone
W2910,41.95851534,-71.2424628,2019.0,8.0,Summer,14.0,4.3,3,1,0,1,16.0,3.8,Taunton
W2466,41.77254787,-71.08494839,2019.0,8.0,Summer,14.5,9.0,2,0,0,1,16.5,8.5,Taunton
W2911,41.77800443,-71.07593377,2019.0,8.0,Summer,15.4,7.7,2,0,0,1,17.4,7.2,Taunton
W0918,42.16028331,-70.78863391,2019.0,8.0,Summer,16.0,8.7,2,0,0,1,18.0,8.2,South Coastal
W2912,42.18764862,-70.76850844,2019.0,8.0,Summer,17.0,2.0,3,1,0,1,19.0,1.5,South Coastal
W2913,42.19862254,-70.83275,2019.0,8.0,Summer,17.9,5.6,2,0,0,1,19.9,5.1,South Coastal
W2886,42.44662969,-71.8181233,2019.0,9.0,Fall,16.1,9.3,1,0,0,1,18.1,8.8,Nashua
W2887,42.61760369,-71.72624143,2019.0,9.0,Fall,15.6,8.0,1,0,0,1,17.6,7.5,Nashua
W2410,42.664623,-71.753811,2019.0,9.0,Fall,15.6,8.8,1,0,0,1,17.6,8.3,Nashua
W2888,42.70288914,-71.75177322,2019.0,9.0,Fall,15.0,8.6,1,0,0,1,17.0,8.1,Nashua
W2889,42.62248944,-71.02018566,2019.0,9.0,Fall,17.0,6.8,1,0,0,1,19.0,6.3,Ipswich
W2890,42.66074776,-70.90371136,2019.0,9.0,Fall,17.9,8.5,1,0,0,1,19.9,8.0,Ipswich
W2287,42.69539254,-72.22718449,2019.0,9.0,Fall,14.9,8.6,1,0,0,1,16.9,8.1,Millers
W2895,42.62069634,-72.39305406,2019.0,9.0,Fall,13.5,9.9,1,0,0,1,15.5,9.4,Millers
W2896,42.38033448,-72.46510155,2019.0,9.0,Fall,14.9,10.0,1,0,0,1,16.9,9.5,Connecticut
W2897,42.44704256,-72.49190917,2019.0,9.0,Fall,17.1,9.3,1,0,0,1,19.1,8.8,Connecticut
W2898,42.45007437,-72.45260735,2019.0,9.0,Fall,14.0,10.1,1,0,0,1,16.0,9.6,Connecticut
W2899,42.46777728,-72.15673762,2019.0,9.0,Fall,15.9,9.3,1,0,0,1,17.9,8.8,Chicopee
W2900,42.43953233,-72.04115765,2019.0,9.0,Fall,16.3,8.9,1,0,0,1,18.3,8.4,Chicopee
W2901,42.20154773,-72.04487072,2019.0,9.0,Fall,14.3,3.2,2,1,0,1,16.3,2.7,Chicopee
W2902,42.05048837,-72.09627321,2019.0,9.0,Fall,13.1,9.9,1,0,0,1,15.1,9.4,Quinebaug
W2904,42.07493076,-71.7950707,2019.0,9.0,Fall,14.4,7.8,1,0,0,1,16.4,7.3,Blackstone
W2903,42.01542185,-71.79841192,2019.0,9.0,Fall,15.7,9.2,1,0,0,1,17.7,8.7,Quinebaug
W2413,42.00792,-71.70506,2019.0,9.0,Fall,16.8,9.3,1,0,0,1,18.8,8.8,Blackstone
W2905,42.04529263,-71.65201157,2019.0,9.0,Fall,17.7,8.8,1,0,0,1,19.7,8.3,Blackstone
W2906,42.18795491,-71.62720825,2019.0,9.0,Fall,16.9,4.2,2,1,0,1,18.9,3.7,Blackstone
W2910,41.95851534,-71.2424628,2019.0,9.0,Fall,17.6,3.0,2,1,0,1,19.6,2.5,Taunton
W2466,41.77254787,-71.08494839,2019.0,9.0,Fall,17.1,8.1,1,0,0,1,19.1,7.6,Taunton
W2911,41.77800443,-71.07593377,2019.0,9.0,Fall,18.3,6.6,1,0,0,1,20.3,6.1,Taunton
W0918,42.16028331,-70.78863391,2019.0,9.0,Fall,18.7,7.6,1,0,0,1,20.7,7.1,South Coastal
W2912,42.18764862,-70.76850844,2019.0,9.0,Fall,19.1,1.5,2,1,0,1,21.1,1.0,South Coastal
W2913,42.19862254,-70.83275,2019.0,9.0,Fall,19.5,5.5,1,0,0,1,21.5,5.0,South Coastal
W2842,42.70281576,-72.45189591,2019.0,6.0,Summer,12.8,10.0,2,0,0,1,14.8,9.5,Connecticut
W1782,42.62058327,-72.54988746,2019.0,6.0,Summer,13.7,10.8,2,0,0,1,15.7,10.3,Connecticut
W2843,42.5098257,-72.66169041,2019.0,6.0,Summer,13.1,10.4,2,0,0,1,15.1,9.9,Connecticut
W1063,42.47836238,-72.61893594,2019.0,6.0,Summer,15.8,6.2,2,0,0,1,17.8,5.7,Connecticut
W2844,42.48176265,-72.60513286,2019.0,6.0,Summer,16.4,7.2,2,0,0,1,18.4,6.7,Connecticut
W1061,42.36655405,-72.60488814,2019.0,6.0,Summer,18.7,8.9,2,0,0,1,20.7,8.4,Connecticut
W1796,42.31899322,-72.66514075,2019.0,6.0,Summer,17.1,10.2,2,0,0,1,19.1,9.7,Connecticut
W2845,42.37683842,-72.49492563,2019.0,6.0,Summer,13.5,9.8,2,0,0,1,15.5,9.3,Connecticut
W2846,42.41550849,-72.51258326,2019.0,6.0,Summer,14.3,10.1,2,0,0,1,16.3,9.6,Connecticut
W2854,42.41118008,-72.5674643,2019.0,6.0,Summer,14.3,8.6,2,0,0,1,16.3,8.1,Connecticut
W1050,42.38639934,-72.5503928,2019.0,6.0,Summer,16.9,8.7,2,0,0,1,18.9,8.2,Connecticut
W2847,42.38339502,-72.5850062,2019.0,6.0,Summer,22.3,8.6,2,0,0,1,24.3,8.1,Connecticut
W1051,42.33278638,-72.57858317,2019.0,6.0,Summer,19.0,8.5,2,0,0,1,21.0,8.0,Connecticut
W2848,42.28071001,-72.4252915,2019.0,6.0,Summer,16.5,8.8,2,0,0,1,18.5,8.3,Connecticut
W1055,42.28189876,-72.42726497,2019.0,6.0,Summer,16.9,9.0,2,0,0,1,18.9,8.5,Connecticut
W2849,42.27820079,-72.57541581,2019.0,6.0,Summer,20.3,8.9,2,0,0,1,22.3,8.4,Connecticut
W2850,42.28230014,-72.58708557,2019.0,6.0,Summer,16.1,9.8,2,0,0,1,18.1,9.3,Connecticut
W1065,42.28349688,-72.64060074,2019.0,6.0,Summer,17.4,8.5,2,0,0,1,19.4,8.0,Connecticut
W2851,42.27748219,-72.65403879,2019.0,6.0,Summer,20.7,8.6,2,0,0,1,22.7,8.1,Connecticut
W1792,42.24704007,-72.58037808,2019.0,6.0,Summer,21.3,8.6,2,0,0,1,23.3,8.1,Connecticut
W2852,42.21396566,-72.59514866,2019.0,6.0,Summer,17.6,9.2,2,0,0,1,19.6,8.7,Connecticut
W2855,42.19157879,-72.59779736,2019.0,6.0,Summer,16.5,9.6,2,0,0,1,18.5,9.1,Connecticut
W1786,42.0941279,-72.56911519,2019.0,6.0,Summer,23.9,7.7,2,0,0,1,25.9,7.2,Connecticut
W2853,42.07465812,-72.58070026,2019.0,6.0,Summer,23.7,8.4,2,0,0,1,25.7,7.9,Connecticut
W1794,42.03629979,-72.58362237,2019.0,6.0,Summer,19.9,8.4,2,0,0,1,21.9,7.9,Connecticut
W2842,42.70281576,-72.45189591,2019.0,7.0,Summer,18.1,7.7,2,0,0,1,20.1,7.2,Connecticut
W1782,42.62058327,-72.54988746,2019.0,7.0,Summer,17.6,9.6,2,0,0,1,19.6,9.1,Connecticut
W2843,42.5098257,-72.66169041,2019.0,7.0,Summer,15.6,9.4,2,0,0,1,17.6,8.9,Connecticut
W1063,42.47836238,-72.61893594,2019.0,7.0,Summer,21.0,5.0,2,0,0,1,23.0,4.5,Connecticut
W2844,42.48176265,-72.60513286,2019.0,7.0,Summer,18.7,2.9,3,1,0,1,20.7,2.4,Connecticut
W1061,42.36655405,-72.60488814,2019.0,7.0,Summer,24.3,6.0,2,0,0,1,26.3,5.5,Connecticut
W1796,42.31899322,-72.66514075,2019.0,7.0,Summer,23.0,9.6,2,0,0,1,25.0,9.1,Connecticut
W2845,42.37683842,-72.49492563,2019.0,7.0,Summer,18.4,8.4,2,0,0,1,20.4,7.9,Connecticut
W2846,42.41550849,-72.51258326,2019.0,7.0,Summer,19.1,9.0,2,0,0,1,21.1,8.5,Connecticut
W2854,42.41118008,-72.5674643,2019.0,7.0,Summer,19.0,7.5,2,0,0,1,21.0,7.0,Connecticut
W1050,42.38639934,-72.5503928,2019.0,7.0,Summer,22.2,7.6,2,0,0,1,24.2,7.1,Connecticut
W2847,42.38339502,-72.5850062,2019.0,7.0,Summer,26.5,7.3,2,0,0,1,28.5,6.8,Connecticut
W1051,42.33278638,-72.57858317,2019.0,7.0,Summer,23.1,7.6,2,0,0,1,25.1,7.1,Connecticut
W2848,42.28071001,-72.4252915,2019.0,7.0,Summer,18.7,8.5,2,0,0,1,20.7,8.0,Connecticut
W1055,42.28189876,-72.42726497,2019.0,7.0,Summer,19.7,8.8,2,0,0,1,21.7,8.3,Connecticut
W2849,42.27820079,-72.57541581,2019.0,7.0,Summer,22.5,8.7,2,0,0,1,24.5,8.2,Connecticut
W2850,42.28230014,-72.58708557,2019.0,7.0,Summer,19.0,9.1,2,0,0,1,21.0,8.6,Connecticut
W1065,42.28349688,-72.64060074,2019.0,7.0,Summer,20.5,8.0,2,0,0,1,22.5,7.5,Connecticut
W2851,42.27748219,-72.65403879,2019.0,7.0,Summer,23.4,8.0,2,0,0,1,25.4,7.5,Connecticut
W1792,42.24704007,-72.58037808,2019.0,7.0,Summer,26.8,7.5,2,0,0,1,28.8,7.0,Connecticut
W2852,42.21396566,-72.59514866,2019.0,7.0,Summer,20.4,8.7,2,0,0,1,22.4,8.2,Connecticut
W2855,42.19157879,-72.59779736,2019.0,7.0,Summer,17.2,9.4,2,0,0,1,19.2,8.9,Connecticut
W1786,42.0941279,-72.56911519,2019.0,7.0,Summer,26.7,6.2,2,0,0,1,28.7,5.7,Connecticut
W2853,42.07465812,-72.58070026,2019.0,7.0,Summer,27.1,6.7,2,0,0,1,29.1,6.2,Connecticut
W1794,42.03629979,-72.58362237,2019.0,7.0,Summer,23.1,8.0,2,0,0,1,25.1,7.5,Connecticut
W2842,42.70281576,-72.45189591,2019.0,8.0,Summer,19.6,7.3,2,0,0,1,21.6,6.8,Connecticut
W1782,42.62058327,-72.54988746,2019.0,8.0,Summer,19.3,9.5,2,0,0,1,21.3,9.0,Connecticut
W2843,42.5098257,-72.66169041,2019.0,8.0,Summer,16.8,8.9,2,0,0,1,18.8,8.4,Connecticut
W1063,42.47836238,-72.61893594,2019.0,8.0,Summer,20.4,4.8,3,1,0,1,22.4,4.3,Connecticut
W2844,42.48176265,-72.60513286,2019.0,8.0,Summer,19.3,3.2,3,1,0,1,21.3,2.7,Connecticut
W1061,42.36655405,-72.60488814,2019.0,8.0,Summer,23.5,5.5,2,0,0,1,25.5,5.0,Connecticut
W1796,42.31899322,-72.66514075,2019.0,8.0,Summer,22.5,10.0,2,0,0,1,24.5,9.5,Connecticut
W2845,42.37683842,-72.49492563,2019.0,8.0,Summer,18.0,8.4,2,0,0,1,20.0,7.9,Connecticut
W2846,42.41550849,-72.51258326,2019.0,8.0,Summer,18.0,9.2,2,0,0,1,20.0,8.7,Connecticut
W2854,42.41118008,-72.5674643,2019.0,8.0,Summer,17.1,7.8,2,0,0,1,19.1,7.3,Connecticut
W1050,42.38639934,-72.5503928,2019.0,8.0,Summer,20.0,8.1,2,0,0,1,22.0,7.6,Connecticut
W2847,42.38339502,-72.5850062,2019.0,8.0,Summer,23.6,7.7,2,0,0,1,25.6,7.2,Connecticut
W1051,42.33278638,-72.57858317,2019.0,8.0,Summer,21.1,8.1,2,0,0,1,23.1,7.6,Connecticut
W2848,42.28071001,-72.4252915,2019.0,8.0,Summer,19.2,8.0,2,0,0,1,21.2,7.5,Connecticut
W1055,42.28189876,-72.42726497,2019.0,8.0,Summer,19.8,8.4,2,0,0,1,21.8,7.9,Connecticut
W2849,42.27820079,-72.57541581,2019.0,8.0,Summer,22.8,8.6,2,0,0,1,24.8,8.1,Connecticut
W2850,42.28230014,-72.58708557,2019.0,8.0,Summer,18.5,8.8,2,0,0,1,20.5,8.3,Connecticut
W1065,42.28349688,-72.64060074,2019.0,8.0,Summer,21.8,6.2,2,0,0,1,23.8,5.7,Connecticut
W2851,42.27748219,-72.65403879,2019.0,8.0,Summer,25.0,7.1,2,0,0,1,27.0,6.6,Connecticut
W1792,42.24704007,-72.58037808,2019.0,8.0,Summer,20.7,8.6,2,0,0,1,22.7,8.1,Connecticut
W2852,42.21396566,-72.59514866,2019.0,8.0,Summer,16.6,9.5,2,0,0,1,18.6,9.0,Connecticut
W2855,42.19157879,-72.59779736,2019.0,8.0,Summer,15.1,9.9,2,0,0,1,17.1,9.4,Connecticut
W1786,42.0941279,-72.56911519,2019.0,8.0,Summer,22.0,6.1,2,0,0,1,24.0,5.6,Connecticut
W2853,42.07465812,-72.58070026,2019.0,8.0,Summer,21.7,8.0,2,0,0,1,23.7,7.5,Connecticut
W1794,42.03629979,-72.58362237,2019.0,8.0,Summer,18.2,8.9,2,0,0,1,20.2,8.4,Connecticut
W2842,42.70281576,-72.45189591,2019.0,9.0,Fall,17.0,8.2,1,0,0,1,19.0,7.699999999999999,Connecticut
W1782,42.62058327,-72.54988746,2019.0,9.0,Fall,17.3,9.5,1,0,0,1,19.3,9.0,Connecticut
W2843,42.5098257,-72.66169041,2019.0,9.0,Fall,16.0,8.8,1,0,0,1,18.0,8.3,Connecticut
W1063,42.47836238,-72.61893594,2019.0,9.0,Fall,18.5,4.1,2,1,0,1,20.5,3.5999999999999996,Connecticut
W2844,42.48176265,-72.60513286,2019.0,9.0,Fall,18.3,2.8,2,1,0,1,20.3,2.3,Connecticut
W1061,42.36655405,-72.60488814,2019.0,9.0,Fall,21.0,5.9,1,0,0,1,23.0,5.4,Connecticut
W1796,42.31899322,-72.66514075,2019.0,9.0,Fall,20.0,9.9,1,0,0,1,22.0,9.4,Connecticut
W2845,42.37683842,-72.49492563,2019.0,9.0,Fall,16.2,8.9,1,0,0,1,18.2,8.4,Connecticut
W2846,42.41550849,-72.51258326,2019.0,9.0,Fall,16.4,9.6,1,0,0,1,18.4,9.1,Connecticut
W2854,42.41118008,-72.5674643,2019.0,9.0,Fall,16.1,8.1,1,0,0,1,18.1,7.6,Connecticut
W1050,42.38639934,-72.5503928,2019.0,9.0,Fall,17.9,8.2,1,0,0,1,19.9,7.699999999999999,Connecticut
W2847,42.38339502,-72.5850062,2019.0,9.0,Fall,20.7,8.7,1,0,0,1,22.7,8.2,Connecticut
W1051,42.33278638,-72.57858317,2019.0,9.0,Fall,18.8,9.3,1,0,0,1,20.8,8.8,Connecticut
W2848,42.28071001,-72.4252915,2019.0,9.0,Fall,14.1,9.6,1,0,0,1,16.1,9.1,Connecticut
W1055,42.28189876,-72.42726497,2019.0,9.0,Fall,16.4,9.4,1,0,0,1,18.4,8.9,Connecticut
W2849,42.27820079,-72.57541581,2019.0,9.0,Fall,16.8,9.8,1,0,0,1,18.8,9.3,Connecticut
W2850,42.28230014,-72.58708557,2019.0,9.0,Fall,13.4,10.7,1,0,0,1,15.4,10.2,Connecticut
W1065,42.28349688,-72.64060074,2019.0,9.0,Fall,15.8,7.9,1,0,0,1,17.8,7.4,Connecticut
W2851,42.27748219,-72.65403879,2019.0,9.0,Fall,18.6,7.8,1,0,0,1,20.6,7.3,Connecticut
W1792,42.24704007,-72.58037808,2019.0,9.0,Fall,17.1,8.7,1,0,0,1,19.1,8.2,Connecticut
W2852,42.21396566,-72.59514866,2019.0,9.0,Fall,14.2,10.0,1,0,0,1,16.2,9.5,Connecticut
W2855,42.19157879,-72.59779736,2019.0,9.0,Fall,13.2,10.3,1,0,0,1,15.2,9.8,Connecticut
W1786,42.0941279,-72.56911519,2019.0,9.0,Fall,19.1,8.0,1,0,0,1,21.1,7.5,Connecticut
W2853,42.07465812,-72.58070026,2019.0,9.0,Fall,19.3,9.0,1,0,0,1,21.3,8.5,Connecticut
W1794,42.03629979,-72.58362237,2019.0,9.0,Fall,16.7,9.7,1,0,0,1,18.7,9.2,Connecticut
W0816,41.81989559,-71.02717559,2019.0,6.0,Summer,18.1,0.7,3,1,0,1,20.1,0.19999999999999996,Taunton
W2838,41.83523239,-71.13593516,2019.0,6.0,Summer,17.9,8.3,2,0,0,1,19.9,7.800000000000001,Taunton
W1508,41.88590512,-71.13411655,2019.0,6.0,Summer,20.0,7.8,2,0,0,1,22.0,7.3,Taunton
W2372,41.90037801,-71.09399859,2019.0,6.0,Summer,20.2,8.3,2,0,0,1,22.2,7.800000000000001,Taunton
W0821,41.93332037,-71.15426672,2019.0,6.0,Summer,20.2,7.2,2,0,0,1,22.2,6.7,Taunton
W2835,41.946818,-71.16067131,2019.0,6.0,Summer,20.6,7.6,2,0,0,1,22.6,7.1,Taunton
W0858,41.9471012,-71.1769499,2019.0,6.0,Summer,20.3,8.1,2,0,0,1,22.3,7.6,Taunton
W2894,41.94672655,-71.20083966,2019.0,6.0,Summer,20.9,8.3,2,0,0,1,22.9,7.800000000000001,Taunton
W1504,41.88611169,-71.02994049,2019.0,6.0,Summer,19.1,6.4,2,0,0,1,21.1,5.9,Taunton
W0317,41.9074391,-70.91495236,2019.0,6.0,Summer,18.6,7.1,2,0,0,1,20.6,6.6,Taunton
W0318,41.92174924,-70.92351752,2019.0,6.0,Summer,18.5,5.6,2,0,0,1,20.5,5.1,Taunton
W1503,41.93629311,-70.98734776,2019.0,6.0,Summer,19.2,5.8,2,0,0,1,21.2,5.3,Taunton
W2836,41.94881614,-70.96826996,2019.0,6.0,Summer,14.5,8.8,2,0,0,1,16.5,8.3,Taunton
W2833,41.98177507,-71.16118832,2019.0,6.0,Summer,15.8,7.4,2,0,0,1,17.8,6.9,Taunton
W2402,42.00502696,-71.21344675,2019.0,6.0,Summer,18.3,7.7,2,0,0,1,20.3,7.2,Taunton
W2377,42.06112594,-71.2165861,2019.0,6.0,Summer,16.8,7.6,2,0,0,1,18.8,7.1,Taunton
W2834,41.96932455,-70.88343597,2019.0,6.0,Summer,18.8,2.5,3,1,0,1,20.8,2.0,Taunton
W1501,41.99937253,-70.93768479,2019.0,6.0,Summer,18.8,7.5,2,0,0,1,20.8,7.0,Taunton
W1499,42.02160209,-70.9505329,2019.0,6.0,Summer,20.0,6.5,2,0,0,1,22.0,6.0,Taunton
W2405,41.99746222,-70.95386851,2019.0,6.0,Summer,19.0,7.2,2,0,0,1,21.0,6.7,Taunton
W2831,41.99502786,-70.97075555,2019.0,6.0,Summer,19.0,7.3,2,0,0,1,21.0,6.8,Taunton
W2829,41.99230816,-71.04277391,2019.0,6.0,Summer,18.7,1.0,3,1,0,1,20.7,0.5,Taunton
W2832,41.9780221,-71.13417172,2019.0,6.0,Summer,20.4,5.3,2,0,0,1,22.4,4.8,Taunton
W2830,42.01901335,-71.12591191,2019.0,6.0,Summer,18.8,8.0,2,0,0,1,20.8,7.5,Taunton
W0868,42.05820916,-70.89995609,2019.0,6.0,Summer,20.6,5.0,2,0,0,1,22.6,4.5,Taunton
W0869,42.04238758,-70.89846196,2019.0,6.0,Summer,20.1,4.5,3,1,0,1,22.1,4.0,Taunton
W1498,42.03148922,-70.96656207,2019.0,6.0,Summer,20.1,6.7,2,0,0,1,22.1,6.2,Taunton
W1497,42.04550631,-70.97074029,2019.0,6.0,Summer,20.4,7.3,2,0,0,1,22.4,6.8,Taunton
W1495,42.03776122,-70.98465422,2019.0,6.0,Summer,19.5,7.5,2,0,0,1,21.5,7.0,Taunton
W1494,42.05376462,-71.00977821,2019.0,6.0,Summer,19.7,7.1,2,0,0,1,21.7,6.6,Taunton
W1493,42.07964645,-71.00930657,2019.0,6.0,Summer,18.9,6.7,2,0,0,1,20.9,6.2,Taunton
W1490,42.07936711,-71.01406198,2019.0,6.0,Summer,20.7,8.1,2,0,0,1,22.7,7.6,Taunton
W2838,41.83523239,-71.13593516,2019.0,7.0,Summer,20.0,7.0,2,0,0,1,22.0,6.5,Taunton
W1508,41.88590512,-71.13411655,2019.0,7.0,Summer,24.5,6.3,2,0,0,1,26.5,5.8,Taunton
W2372,41.90037801,-71.09399859,2019.0,7.0,Summer,24.2,7.7,2,0,0,1,26.2,7.2,Taunton
W0821,41.93332037,-71.15426672,2019.0,7.0,Summer,23.5,6.9,2,0,0,1,25.5,6.4,Taunton
W2835,41.946818,-71.16067131,2019.0,7.0,Summer,24.3,7.4,2,0,0,1,26.3,6.9,Taunton
W0858,41.9471012,-71.1769499,2019.0,7.0,Summer,24.3,7.0,2,0,0,1,26.3,6.5,Taunton
W2894,41.94672655,-71.20083966,2019.0,7.0,Summer,24.7,7.1,2,0,0,1,26.7,6.6,Taunton
W1504,41.88611169,-71.02994049,2019.0,7.0,Summer,24.2,5.1,2,0,0,1,26.2,4.6,Taunton
W0317,41.9074391,-70.91495236,2019.0,7.0,Summer,24.2,4.7,3,1,0,1,26.2,4.2,Taunton
W0318,41.92174924,-70.92351752,2019.0,7.0,Summer,24.2,2.0,3,1,0,1,26.2,1.5,Taunton
W1503,41.93629311,-70.98734776,2019.0,7.0,Summer,24.1,4.3,3,1,0,1,26.1,3.8,Taunton
W2836,41.94881614,-70.96826996,2019.0,7.0,Summer,21.1,7.1,2,0,0,1,23.1,6.6,Taunton
W2833,41.98177507,-71.16118832,2019.0,7.0,Summer,22.0,6.8,2,0,0,1,24.0,6.3,Taunton
W2402,42.00502696,-71.21344675,2019.0,7.0,Summer,24.2,7.1,2,0,0,1,26.2,6.6,Taunton
W2377,42.06112594,-71.2165861,2019.0,7.0,Summer,21.0,7.0,2,0,0,1,23.0,6.5,Taunton
W2834,41.96932455,-70.88343597,2019.0,7.0,Summer,20.3,1.8,3,1,0,1,22.3,1.3,Taunton
W1501,41.99937253,-70.93768479,2019.0,7.0,Summer,20.7,7.0,2,0,0,1,22.7,6.5,Taunton
W1499,42.02160209,-70.9505329,2019.0,7.0,Summer,20.8,5.8,2,0,0,1,22.8,5.3,Taunton
W2405,41.99746222,-70.95386851,2019.0,7.0,Summer,21.4,6.9,2,0,0,1,23.4,6.4,Taunton
W2831,41.99502786,-70.97075555,2019.0,7.0,Summer,21.2,6.9,2,0,0,1,23.2,6.4,Taunton
W2829,41.99230816,-71.04277391,2019.0,7.0,Summer,20.5,1.1,3,1,0,1,22.5,0.6000000000000001,Taunton
W2832,41.9780221,-71.13417172,2019.0,7.0,Summer,23.9,5.6,2,0,0,1,25.9,5.1,Taunton
W2830,42.01901335,-71.12591191,2019.0,7.0,Summer,22.9,7.5,2,0,0,1,24.9,7.0,Taunton
W0868,42.05820916,-70.89995609,2019.0,8.0,Summer,24.0,3.5,3,1,0,1,26.0,3.0,Taunton
W0869,42.04238758,-70.89846196,2019.0,8.0,Summer,24.4,3.0,3,1,0,1,26.4,2.5,Taunton
W1498,42.03148922,-70.96656207,2019.0,8.0,Summer,22.9,5.0,2,0,0,1,24.9,4.5,Taunton
W1497,42.04550631,-70.97074029,2019.0,8.0,Summer,23.9,6.9,2,0,0,1,25.9,6.4,Taunton
W1495,42.03776122,-70.98465422,2019.0,8.0,Summer,23.0,6.7,2,0,0,1,25.0,6.2,Taunton
W1494,42.05376462,-71.00977821,2019.0,8.0,Summer,22.4,6.2,2,0,0,1,24.4,5.7,Taunton
W1493,42.07964645,-71.00930657,2019.0,8.0,Summer,22.2,6.0,2,0,0,1,24.2,5.5,Taunton
W1490,42.07936711,-71.01406198,2019.0,8.0,Summer,22.9,7.7,2,0,0,1,24.9,7.2,Taunton
W0816,41.81989559,-71.02717559,2019.0,8.0,Summer,21.8,1.1,3,1,0,1,23.8,0.6000000000000001,Taunton
W2838,41.83523239,-71.13593516,2019.0,8.0,Summer,21.3,7.4,2,0,0,1,23.3,6.9,Taunton
W1508,41.88590512,-71.13411655,2019.0,8.0,Summer,23.8,6.2,2,0,0,1,25.8,5.7,Taunton
W2372,41.90037801,-71.09399859,2019.0,8.0,Summer,23.6,7.2,2,0,0,1,25.6,6.7,Taunton
W0821,41.93332037,-71.15426672,2019.0,8.0,Summer,22.3,6.1,2,0,0,1,24.3,5.6,Taunton
W2835,41.946818,-71.16067131,2019.0,8.0,Summer,23.3,6.9,2,0,0,1,25.3,6.4,Taunton
W0858,41.9471012,-71.1769499,2019.0,8.0,Summer,23.5,6.6,2,0,0,1,25.5,6.1,Taunton
W2894,41.94672655,-71.20083966,2019.0,8.0,Summer,24.3,6.8,2,0,0,1,26.3,6.3,Taunton
W1504,41.88611169,-71.02994049,2019.0,8.0,Summer,22.1,6.0,2,0,0,1,24.1,5.5,Taunton
W0317,41.9074391,-70.91495236,2019.0,8.0,Summer,22.1,6.4,2,0,0,1,24.1,5.9,Taunton
W0318,41.92174924,-70.92351752,2019.0,8.0,Summer,22.2,4.6,3,1,0,1,24.2,4.1,Taunton
W1503,41.93629311,-70.98734776,2019.0,8.0,Summer,22.6,6.0,2,0,0,1,24.6,5.5,Taunton
W2836,41.94881614,-70.96826996,2019.0,8.0,Summer,19.3,8.2,2,0,0,1,21.3,7.699999999999999,Taunton
W2833,41.98177507,-71.16118832,2019.0,8.0,Summer,19.8,7.9,2,0,0,1,21.8,7.4,Taunton
W2402,42.00502696,-71.21344675,2019.0,8.0,Summer,21.4,7.7,2,0,0,1,23.4,7.2,Taunton
W2377,42.06112594,-71.2165861,2019.0,8.0,Summer,17.9,7.8,2,0,0,1,19.9,7.3,Taunton
W2834,41.96932455,-70.88343597,2019.0,8.0,Summer,23.2,3.3,3,1,0,1,25.2,2.8,Taunton
W1501,41.99937253,-70.93768479,2019.0,8.0,Summer,23.0,6.5,2,0,0,1,25.0,6.0,Taunton
W1499,42.02160209,-70.9505329,2019.0,8.0,Summer,24.3,5.6,2,0,0,1,26.3,5.1,Taunton
W2405,41.99746222,-70.95386851,2019.0,8.0,Summer,23.6,5.3,2,0,0,1,25.6,4.8,Taunton
W2831,41.99502786,-70.97075555,2019.0,8.0,Summer,24.2,6.1,2,0,0,1,26.2,5.6,Taunton
W2829,41.99230816,-71.04277391,2019.0,8.0,Summer,23.4,0.8,3,1,0,1,25.4,0.30000000000000004,Taunton
W2832,41.9780221,-71.13417172,2019.0,8.0,Summer,24.5,4.6,3,1,0,1,26.5,4.1,Taunton
W2830,42.01901335,-71.12591191,2019.0,8.0,Summer,22.8,6.6,2,0,0,1,24.8,6.1,Taunton
W0868,42.05820916,-70.89995609,2019.0,8.0,Summer,19.4,4.6,3,1,0,1,21.4,4.1,Taunton
W0869,42.04238758,-70.89846196,2019.0,8.0,Summer,19.5,4.0,3,1,0,1,21.5,3.5,Taunton
W1498,42.03148922,-70.96656207,2019.0,8.0,Summer,20.1,7.5,2,0,0,1,22.1,7.0,Taunton
W1497,42.04550631,-70.97074029,2019.0,8.0,Summer,19.4,7.4,2,0,0,1,21.4,6.9,Taunton
W1495,42.03776122,-70.98465422,2019.0,8.0,Summer,21.8,6.5,2,0,0,1,23.8,6.0,Taunton
W1494,42.05376462,-71.00977821,2019.0,8.0,Summer,21.4,6.6,2,0,0,1,23.4,6.1,Taunton
W1493,42.07964645,-71.00930657,2019.0,8.0,Summer,21.6,5.8,2,0,0,1,23.6,5.3,Taunton
W1490,42.07936711,-71.01406198,2019.0,8.0,Summer,21.6,7.9,2,0,0,1,23.6,7.4,Taunton
W2838,41.83523239,-71.13593516,2019.0,9.0,Fall,17.1,7.2,1,0,0,1,19.1,6.7,Taunton
W1508,41.88590512,-71.13411655,2019.0,9.0,Fall,21.3,7.5,1,0,0,1,23.3,7.0,Taunton
W2372,41.90037801,-71.09399859,2019.0,9.0,Fall,20.6,8.5,1,0,0,1,22.6,8.0,Taunton
W0821,41.93332037,-71.15426672,2019.0,9.0,Fall,21.0,7.6,1,0,0,1,23.0,7.1,Taunton
W2835,41.946818,-71.16067131,2019.0,9.0,Fall,21.0,8.1,1,0,0,1,23.0,7.6,Taunton
W0858,41.9471012,-71.1769499,2019.0,9.0,Fall,20.3,8.3,1,0,0,1,22.3,7.800000000000001,Taunton
W2894,41.94672655,-71.20083966,2019.0,9.0,Fall,21.1,7.8,1,0,0,1,23.1,7.3,Taunton
W1504,41.88611169,-71.02994049,2019.0,9.0,Fall,19.6,6.6,1,0,0,1,21.6,6.1,Taunton
W0317,41.9074391,-70.91495236,2019.0,9.0,Fall,20.8,7.0,1,0,0,1,22.8,6.5,Taunton
W0318,41.92174924,-70.92351752,2019.0,9.0,Fall,20.7,6.2,1,0,0,1,22.7,5.7,Taunton
W1503,41.93629311,-70.98734776,2019.0,9.0,Fall,19.9,6.9,1,0,0,1,21.9,6.4,Taunton
W2836,41.94881614,-70.96826996,2019.0,9.0,Fall,18.0,8.0,1,0,0,1,20.0,7.5,Taunton
W2833,41.98177507,-71.16118832,2019.0,9.0,Fall,18.4,7.9,1,0,0,1,20.4,7.4,Taunton
W2402,42.00502696,-71.21344675,2019.0,9.0,Fall,19.2,7.7,1,0,0,1,21.2,7.2,Taunton
W2377,42.06112594,-71.2165861,2019.0,9.0,Fall,16.1,7.9,1,0,0,1,18.1,7.4,Taunton
W2834,41.96932455,-70.88343597,2019.0,9.0,Fall,13.7,6.3,1,0,0,1,15.7,5.8,Taunton
W1501,41.99937253,-70.93768479,2019.0,9.0,Fall,15.5,8.2,1,0,0,1,17.5,7.699999999999999,Taunton
W1499,42.02160209,-70.9505329,2019.0,9.0,Fall,15.1,7.8,1,0,0,1,17.1,7.3,Taunton
W2405,41.99746222,-70.95386851,2019.0,9.0,Fall,15.6,6.9,1,0,0,1,17.6,6.4,Taunton
W2831,41.99502786,-70.97075555,2019.0,9.0,Fall,16.0,7.9,1,0,0,1,18.0,7.4,Taunton
W2829,41.99230816,-71.04277391,2019.0,9.0,Fall,14.8,3.5,2,1,0,1,16.8,3.0,Taunton
W2832,41.9780221,-71.13417172,2019.0,9.0,Fall,16.7,7.0,1,0,0,1,18.7,6.5,Taunton
W2830,42.01901335,-71.12591191,2019.0,9.0,Fall,15.4,8.5,1,0,0,1,17.4,8.0,Taunton
W0868,42.05820916,-70.89995609,2019.0,9.0,Fall,16.0,5.0,1,0,0,1,18.0,4.5,Taunton
W0869,42.04238758,-70.89846196,2019.0,9.0,Fall,16.3,4.6,2,1,0,1,18.3,4.1,Taunton
W1498,42.03148922,-70.96656207,2019.0,9.0,Fall,16.5,4.7,2,1,0,1,18.5,4.2,Taunton
W1497,42.04550631,-70.97074029,2019.0,9.0,Fall,15.0,7.7,1,0,0,1,17.0,7.2,Taunton
W1495,42.03776122,-70.98465422,2019.0,9.0,Fall,19.3,6.2,1,0,0,1,21.3,5.7,Taunton
W1494,42.05376462,-71.00977821,2019.0,9.0,Fall,16.7,5.8,1,0,0,1,18.7,5.3,Taunton
W1493,42.07964645,-71.00930657,2019.0,9.0,Fall,17.7,6.3,1,0,0,1,19.7,5.8,Taunton
W1490,42.07936711,-71.01406198,2019.0,9.0,Fall,17.8,8.1,1,0,0,1,19.8,7.6,Taunton
W1226,42.45289418,-71.14158508,2019.0,6.0,Summer,19.7,10.7,1,0,0,0,21.7,10.2,Mystic
W1226,42.45289418,-71.14158508,2019.0,6.0,Summer,19.5,10.8,1,0,0,0,21.5,10.3,Mystic
W1226,42.45289418,-71.14158508,2019.0,6.0,Summer,19.3,10.9,1,0,0,0,21.3,10.4,Mystic
W1226,42.45289418,-71.14158508,2019.0,6.0,Summer,18.8,10.2,1,0,0,0,20.8,9.7,Mystic
W1226,42.45289418,-71.14158508,2019.0,6.0,Summer,17.3,11.9,1,0,0,0,19.3,11.4,Mystic
W1226,42.45289418,-71.14158508,2019.0,6.0,Summer,16.2,8.5,1,0,0,0,18.2,8.0,Mystic
W1226,42.45289418,-71.14158508,2019.0,6.0,Summer,14.4,1.1,2,1,0,0,16.4,0.6000000000000001,Mystic
W1087,42.46963022,-71.15765018,2019.0,6.0,Summer,19.3,10.7,1,0,0,0,21.3,10.2,Mystic
W1087,42.46963022,-71.15765018,2019.0,6.0,Summer,19.2,10.7,1,0,0,0,21.2,10.2,Mystic
W1087,42.46963022,-71.15765018,2019.0,6.0,Summer,19.0,10.7,1,0,0,0,21.0,10.2,Mystic
W1087,42.46963022,-71.15765018,2019.0,6.0,Summer,18.1,10.3,1,0,0,0,20.1,9.8,Mystic
W1087,42.46963022,-71.15765018,2019.0,6.0,Summer,17.0,9.6,1,0,0,0,19.0,9.1,Mystic
W1087,42.46963022,-71.15765018,2019.0,6.0,Summer,13.6,4.9,2,1,0,0,15.6,4.4,Mystic
W1087,42.46963022,-71.15765018,2019.0,6.0,Summer,12.1,3.2,2,1,0,0,14.1,2.7,Mystic
W1087,42.46963022,-71.15765018,2019.0,6.0,Summer,11.1,2.2,2,1,0,0,13.1,1.7000000000000002,Mystic
W1087,42.46963022,-71.15765018,2019.0,6.0,Summer,10.4,1.7,2,1,0,0,12.4,1.2,Mystic
W1087,42.46963022,-71.15765018,2019.0,6.0,Summer,9.5,1.4,2,1,0,0,11.5,0.8999999999999999,Mystic
W2837,42.40999949,-71.151994,2019.0,6.0,Summer,19.7,9.8,1,0,0,0,21.7,9.3,Mystic
W2837,42.40999949,-71.151994,2019.0,6.0,Summer,19.6,9.9,1,0,0,0,21.6,9.4,Mystic
W2837,42.40999949,-71.151994,2019.0,6.0,Summer,19.6,9.9,1,0,0,0,21.6,9.4,Mystic
W2837,42.40999949,-71.151994,2019.0,6.0,Summer,18.9,9.7,1,0,0,0,20.9,9.2,Mystic
W2837,42.40999949,-71.151994,2019.0,6.0,Summer,17.7,9.5,1,0,0,0,19.7,9.0,Mystic
W2837,42.40999949,-71.151994,2019.0,6.0,Summer,14.6,6.7,1,0,0,0,16.6,6.2,Mystic
W2837,42.40999949,-71.151994,2019.0,6.0,Summer,12.3,2.1,2,1,0,0,14.3,1.6,Mystic
W2839,42.40600014,-71.15899647,2019.0,6.0,Summer,20.6,9.8,1,0,0,0,22.6,9.3,Mystic
W2839,42.40600014,-71.15899647,2019.0,6.0,Summer,19.6,9.9,1,0,0,0,21.6,9.4,Mystic
W2839,42.40600014,-71.15899647,2019.0,6.0,Summer,19.4,9.5,1,0,0,0,21.4,9.0,Mystic
W2839,42.40600014,-71.15899647,2019.0,6.0,Summer,18.4,9.0,1,0,0,0,20.4,8.5,Mystic
W2839,42.40600014,-71.15899647,2019.0,6.0,Summer,16.3,3.6,2,1,0,0,18.3,3.1,Mystic
W2839,42.40600014,-71.15899647,2019.0,6.0,Summer,15.4,0.5,2,1,0,0,17.4,0.0,Mystic
W2839,42.40600014,-71.15899647,2019.0,6.0,Summer,17.2,5.8,1,0,0,0,19.2,5.3,Mystic
W2839,42.40600014,-71.15899647,2019.0,6.0,Summer,15.8,1.9,2,1,0,0,17.8,1.4,Mystic
W1226,42.45289418,-71.14158508,2019.0,7.0,Summer,27.0,12.7,2,0,0,1,29.0,12.2,Mystic
W1226,42.45289418,-71.14158508,2019.0,7.0,Summer,26.9,12.7,2,0,0,1,28.9,12.2,Mystic
W1226,42.45289418,-71.14158508,2019.0,7.0,Summer,26.4,11.7,2,0,0,1,28.4,11.2,Mystic
W1226,42.45289418,-71.14158508,2019.0,7.0,Summer,24.0,7.9,2,0,0,1,26.0,7.4,Mystic
W1226,42.45289418,-71.14158508,2019.0,7.0,Summer,22.2,1.5,3,1,0,1,24.2,1.0,Mystic
W1087,42.46963022,-71.15765018,2019.0,7.0,Summer,28.0,15.5,2,0,0,1,30.0,15.0,Mystic
W1087,42.46963022,-71.15765018,2019.0,7.0,Summer,27.0,15.5,2,0,0,1,29.0,15.0,Mystic
W1087,42.46963022,-71.15765018,2019.0,7.0,Summer,24.5,9.6,2,0,0,1,26.5,9.1,Mystic
W1087,42.46963022,-71.15765018,2019.0,7.0,Summer,21.2,3.3,3,1,0,1,23.2,2.8,Mystic
W2837,42.40999949,-71.151994,2019.0,7.0,Summer,27.5,9.8,2,0,0,1,29.5,9.3,Mystic
W2837,42.40999949,-71.151994,2019.0,7.0,Summer,27.4,9.7,2,0,0,1,29.4,9.2,Mystic
W2837,42.40999949,-71.151994,2019.0,7.0,Summer,26.8,10.1,2,0,0,1,28.8,9.6,Mystic
W2837,42.40999949,-71.151994,2019.0,7.0,Summer,24.4,10.5,2,0,0,1,26.4,10.0,Mystic
W2837,42.40999949,-71.151994,2019.0,7.0,Summer,20.8,8.6,2,0,0,1,22.8,8.1,Mystic
W2837,42.40999949,-71.151994,2019.0,7.0,Summer,17.2,5.9,2,0,0,1,19.2,5.4,Mystic
W2837,42.40999949,-71.151994,2019.0,7.0,Summer,14.5,1.9,3,1,0,1,16.5,1.4,Mystic
W2839,42.40600014,-71.15899647,2019.0,7.0,Summer,27.8,10.4,2,0,0,1,29.8,9.9,Mystic
W2839,42.40600014,-71.15899647,2019.0,7.0,Summer,27.3,11.3,2,0,0,1,29.3,10.8,Mystic
W2839,42.40600014,-71.15899647,2019.0,7.0,Summer,26.3,12.4,2,0,0,1,28.3,11.9,Mystic
W2839,42.40600014,-71.15899647,2019.0,7.0,Summer,24.2,4.7,3,1,0,1,26.2,4.2,Mystic
W2839,42.40600014,-71.15899647,2019.0,7.0,Summer,23.0,1.7,3,1,0,1,25.0,1.2,Mystic
W1226,42.45289418,-71.14158508,2019.0,8.0,Summer,26.3,8.6,2,0,0,1,28.3,8.1,Mystic
W1226,42.45289418,-71.14158508,2019.0,8.0,Summer,26.2,8.5,2,0,0,1,28.2,8.0,Mystic
W1226,42.45289418,-71.14158508,2019.0,8.0,Summer,26.2,7.7,2,0,0,1,28.2,7.2,Mystic
W1226,42.45289418,-71.14158508,2019.0,8.0,Summer,25.9,6.0,2,0,0,1,27.9,5.5,Mystic
W1226,42.45289418,-71.14158508,2019.0,8.0,Summer,25.1,2.3,4,1,1,1,27.1,1.7999999999999998,Mystic
W1226,42.45289418,-71.14158508,2019.0,8.0,Summer,19.5,0.6,3,1,0,1,21.5,0.09999999999999998,Mystic
W1087,42.46963022,-71.15765018,2019.0,8.0,Summer,26.9,8.9,2,0,0,1,28.9,8.4,Mystic
W1087,42.46963022,-71.15765018,2019.0,8.0,Summer,26.8,8.8,2,0,0,1,28.8,8.3,Mystic
W1087,42.46963022,-71.15765018,2019.0,8.0,Summer,26.0,4.6,4,1,1,1,28.0,4.1,Mystic
W2837,42.40999949,-71.151994,2019.0,8.0,Summer,26.1,7.3,2,0,0,1,28.1,6.8,Mystic
W2837,42.40999949,-71.151994,2019.0,8.0,Summer,26.1,7.2,2,0,0,1,28.1,6.7,Mystic
W2837,42.40999949,-71.151994,2019.0,8.0,Summer,26.0,7.0,2,0,0,1,28.0,6.5,Mystic
W2837,42.40999949,-71.151994,2019.0,8.0,Summer,24.5,2.9,3,1,0,1,26.5,2.4,Mystic
W2837,42.40999949,-71.151994,2019.0,8.0,Summer,22.4,0.4,3,1,0,1,24.4,0.0,Mystic
W2839,42.40600014,-71.15899647,2019.0,8.0,Summer,26.0,6.1,2,0,0,1,28.0,5.6,Mystic
W2839,42.40600014,-71.15899647,2019.0,8.0,Summer,25.8,5.2,2,0,0,1,27.8,4.7,Mystic
W2839,42.40600014,-71.15899647,2019.0,8.0,Summer,25.5,3.9,4,1,1,1,27.5,3.4,Mystic
W2839,42.40600014,-71.15899647,2019.0,8.0,Summer,24.6,0.9,3,1,0,1,26.6,0.4,Mystic
W1226,42.45289418,-71.14158508,2019.0,9.0,Fall,21.5,8.6,1,0,0,1,23.5,8.1,Mystic
W1226,42.45289418,-71.14158508,2019.0,9.0,Fall,21.4,8.9,1,0,0,1,23.4,8.4,Mystic
W1226,42.45289418,-71.14158508,2019.0,9.0,Fall,21.4,8.7,1,0,0,1,23.4,8.2,Mystic
W1226,42.45289418,-71.14158508,2019.0,9.0,Fall,21.4,7.6,1,0,0,1,23.4,7.1,Mystic
W1226,42.45289418,-71.14158508,2019.0,9.0,Fall,21.3,4.1,2,1,0,1,23.3,3.5999999999999996,Mystic
W1226,42.45289418,-71.14158508,2019.0,9.0,Fall,21.2,1.8,2,1,0,1,23.2,1.3,Mystic
W1226,42.45289418,-71.14158508,2019.0,9.0,Fall,21.0,1.4,2,1,0,1,23.0,0.8999999999999999,Mystic
W1087,42.46963022,-71.15765018,2019.0,9.0,Fall,22.2,9.1,1,0,0,1,24.2,8.6,Mystic
W1087,42.46963022,-71.15765018,2019.0,9.0,Fall,21.9,8.9,1,0,0,1,23.9,8.4,Mystic
W1087,42.46963022,-71.15765018,2019.0,9.0,Fall,21.6,8.4,1,0,0,1,23.6,7.9,Mystic
W1087,42.46963022,-71.15765018,2019.0,9.0,Fall,21.4,7.4,1,0,0,1,23.4,6.9,Mystic
W1087,42.46963022,-71.15765018,2019.0,9.0,Fall,21.2,6.5,1,0,0,1,23.2,6.0,Mystic
W2837,42.40999949,-71.151994,2019.0,9.0,Fall,22.1,9.1,1,0,0,1,24.1,8.6,Mystic
W2837,42.40999949,-71.151994,2019.0,9.0,Fall,22.1,9.1,1,0,0,1,24.1,8.6,Mystic
W2837,42.40999949,-71.151994,2019.0,9.0,Fall,22.0,8.6,1,0,0,1,24.0,8.1,Mystic
W2837,42.40999949,-71.151994,2019.0,9.0,Fall,21.6,7.4,1,0,0,1,23.6,6.9,Mystic
W2837,42.40999949,-71.151994,2019.0,9.0,Fall,21.4,5.9,1,0,0,1,23.4,5.4,Mystic
W2837,42.40999949,-71.151994,2019.0,9.0,Fall,20.5,1.4,2,1,0,1,22.5,0.8999999999999999,Mystic
W2839,42.40600014,-71.15899647,2019.0,9.0,Fall,22.0,8.9,1,0,0,1,24.0,8.4,Mystic
W2839,42.40600014,-71.15899647,2019.0,9.0,Fall,22.0,8.8,1,0,0,1,24.0,8.3,Mystic
W2839,42.40600014,-71.15899647,2019.0,9.0,Fall,22.0,8.8,1,0,0,1,24.0,8.3,Mystic
W2839,42.40600014,-71.15899647,2019.0,9.0,Fall,21.6,4.9,2,1,0,1,23.6,4.4,Mystic
W2839,42.40600014,-71.15899647,2019.0,9.0,Fall,21.3,2.6,2,1,0,1,23.3,2.1,Mystic
W1226,42.45289418,-71.14158508,2019.0,10.0,Fall,12.9,7.2,1,0,0,1,14.9,6.7,Mystic
W1226,42.45289418,-71.14158508,2019.0,10.0,Fall,12.9,7.4,1,0,0,1,14.9,6.9,Mystic
W1226,42.45289418,-71.14158508,2019.0,10.0,Fall,12.9,7.2,1,0,0,1,14.9,6.7,Mystic
W1226,42.45289418,-71.14158508,2019.0,10.0,Fall,12.9,7.4,1,0,0,1,14.9,6.9,Mystic
W1226,42.45289418,-71.14158508,2019.0,10.0,Fall,12.9,7.4,1,0,0,1,14.9,6.9,Mystic
W1226,42.45289418,-71.14158508,2019.0,10.0,Fall,12.9,7.4,1,0,0,1,14.9,6.9,Mystic
W1226,42.45289418,-71.14158508,2019.0,10.0,Fall,12.9,7.3,1,0,0,1,14.9,6.8,Mystic
W1226,42.45289418,-71.14158508,2019.0,10.0,Fall,12.9,7.1,1,0,0,1,14.9,6.6,Mystic
W1226,42.45289418,-71.14158508,2019.0,10.0,Fall,12.9,7.0,1,0,0,1,14.9,6.5,Mystic
W1087,42.46963022,-71.15765018,2019.0,10.0,Fall,13.2,9.1,1,0,0,1,15.2,8.6,Mystic
W1087,42.46963022,-71.15765018,2019.0,10.0,Fall,13.2,9.0,1,0,0,1,15.2,8.5,Mystic
W1087,42.46963022,-71.15765018,2019.0,10.0,Fall,13.2,9.0,1,0,0,1,15.2,8.5,Mystic
W1087,42.46963022,-71.15765018,2019.0,10.0,Fall,13.2,8.8,1,0,0,1,15.2,8.3,Mystic
W1087,42.46963022,-71.15765018,2019.0,10.0,Fall,13.1,8.8,1,0,0,1,15.1,8.3,Mystic
W1087,42.46963022,-71.15765018,2019.0,10.0,Fall,13.1,8.1,1,0,0,1,15.1,7.6,Mystic
W1087,42.46963022,-71.15765018,2019.0,10.0,Fall,13.0,7.8,1,0,0,1,15.0,7.3,Mystic
W1087,42.46963022,-71.15765018,2019.0,10.0,Fall,13.0,7.7,1,0,0,1,15.0,7.2,Mystic
W1087,42.46963022,-71.15765018,2019.0,10.0,Fall,12.9,7.3,1,0,0,1,14.9,6.8,Mystic
W1087,42.46963022,-71.15765018,2019.0,10.0,Fall,12.6,5.3,1,0,0,1,14.6,4.8,Mystic
W2837,42.40999949,-71.151994,2019.0,10.0,Fall,13.6,5.4,0,0,0,0,15.6,4.9,Mystic
W2837,42.40999949,-71.151994,2019.0,10.0,Fall,13.6,5.2,0,0,0,0,15.6,4.7,Mystic
W2837,42.40999949,-71.151994,2019.0,10.0,Fall,13.6,5.1,0,0,0,0,15.6,4.6,Mystic
W2837,42.40999949,-71.151994,2019.0,10.0,Fall,13.5,5.0,0,0,0,0,15.5,4.5,Mystic
W2837,42.40999949,-71.151994,2019.0,10.0,Fall,13.5,5.0,0,0,0,0,15.5,4.5,Mystic
W2837,42.40999949,-71.151994,2019.0,10.0,Fall,13.5,4.7,1,1,0,0,15.5,4.2,Mystic
W2837,42.40999949,-71.151994,2019.0,10.0,Fall,13.5,4.5,1,1,0,0,15.5,4.0,Mystic
W2837,42.40999949,-71.151994,2019.0,10.0,Fall,13.5,4.4,1,1,0,0,15.5,3.9000000000000004,Mystic
W2837,42.40999949,-71.151994,2019.0,10.0,Fall,13.5,3.3,1,1,0,0,15.5,2.8,Mystic
W2837,42.40999949,-71.151994,2019.0,10.0,Fall,13.4,1.5,1,1,0,0,15.4,1.0,Mystic
W2839,42.40600014,-71.15899647,2019.0,10.0,Fall,13.6,7.1,0,0,0,0,15.6,6.6,Mystic
W2839,42.40600014,-71.15899647,2019.0,10.0,Fall,13.4,6.8,0,0,0,0,15.4,6.3,Mystic
W2839,42.40600014,-71.15899647,2019.0,10.0,Fall,13.4,6.5,0,0,0,0,15.4,6.0,Mystic
W2839,42.40600014,-71.15899647,2019.0,10.0,Fall,13.3,6.1,0,0,0,0,15.3,5.6,Mystic
W2839,42.40600014,-71.15899647,2019.0,10.0,Fall,13.3,5.9,0,0,0,0,15.3,5.4,Mystic
W2839,42.40600014,-71.15899647,2019.0,10.0,Fall,13.3,5.1,0,0,0,0,15.3,4.6,Mystic
W2839,42.40600014,-71.15899647,2019.0,10.0,Fall,13.3,4.8,1,1,0,0,15.3,4.3,Mystic
W0926,42.00459582,-70.84525352,2019.0,6.0,Summer,22.9,8.2,1,0,0,0,24.9,7.699999999999999,Taunton
W0926,42.00459582,-70.84525352,2019.0,6.0,Summer,22.6,8.2,1,0,0,0,24.6,7.699999999999999,Taunton
W0926,42.00459582,-70.84525352,2019.0,6.0,Summer,22.4,8.2,1,0,0,0,24.4,7.699999999999999,Taunton
W0926,42.00459582,-70.84525352,2019.0,6.0,Summer,22.3,8.2,1,0,0,0,24.3,7.699999999999999,Taunton
W0926,42.00459582,-70.84525352,2019.0,6.0,Summer,22.2,8.2,1,0,0,0,24.2,7.699999999999999,Taunton
W0926,42.00459582,-70.84525352,2019.0,6.0,Summer,22.2,8.2,1,0,0,0,24.2,7.699999999999999,Taunton
W0930,42.00146724,-70.83678103,2019.0,6.0,Summer,24.6,7.9,1,0,0,0,26.6,7.4,Taunton
W0930,42.00146724,-70.83678103,2019.0,6.0,Summer,22.9,8.0,1,0,0,0,24.9,7.5,Taunton
W0930,42.00146724,-70.83678103,2019.0,6.0,Summer,22.4,7.7,1,0,0,0,24.4,7.2,Taunton
W0930,42.00146724,-70.83678103,2019.0,6.0,Summer,22.1,7.6,1,0,0,0,24.1,7.1,Taunton
W0930,42.00146724,-70.83678103,2019.0,6.0,Summer,21.9,7.6,1,0,0,0,23.9,7.1,Taunton
W0930,42.00146724,-70.83678103,2019.0,6.0,Summer,21.7,7.5,1,0,0,0,23.7,7.0,Taunton
W0926,42.00459582,-70.84525352,2019.0,7.0,Summer,28.3,7.8,2,0,0,1,30.3,7.3,Taunton
W0926,42.00459582,-70.84525352,2019.0,7.0,Summer,28.1,7.7,2,0,0,1,30.1,7.2,Taunton
W0926,42.00459582,-70.84525352,2019.0,7.0,Summer,27.7,7.7,2,0,0,1,29.7,7.2,Taunton
W0926,42.00459582,-70.84525352,2019.0,7.0,Summer,27.6,7.6,2,0,0,1,29.6,7.1,Taunton
W0926,42.00459582,-70.84525352,2019.0,7.0,Summer,27.6,7.5,2,0,0,1,29.6,7.0,Taunton
W0926,42.00459582,-70.84525352,2019.0,7.0,Summer,27.3,6.4,2,0,0,1,29.3,5.9,Taunton
W0930,42.00146724,-70.83678103,2019.0,7.0,Summer,28.2,7.9,2,0,0,1,30.2,7.4,Taunton
W0930,42.00146724,-70.83678103,2019.0,7.0,Summer,27.5,7.5,2,0,0,1,29.5,7.0,Taunton
W0930,42.00146724,-70.83678103,2019.0,7.0,Summer,27.3,7.2,2,0,0,1,29.3,6.7,Taunton
W0930,42.00146724,-70.83678103,2019.0,7.0,Summer,27.2,7.3,2,0,0,1,29.2,6.8,Taunton
W0930,42.00146724,-70.83678103,2019.0,7.0,Summer,25.0,1.2,3,1,0,1,27.0,0.7,Taunton
W0926,42.00459582,-70.84525352,2019.0,8.0,Summer,25.1,7.6,2,0,0,1,27.1,7.1,Taunton
W0926,42.00459582,-70.84525352,2019.0,8.0,Summer,25.1,7.6,2,0,0,1,27.1,7.1,Taunton
W0926,42.00459582,-70.84525352,2019.0,8.0,Summer,25.1,7.6,2,0,0,1,27.1,7.1,Taunton
W0926,42.00459582,-70.84525352,2019.0,8.0,Summer,25.1,7.6,2,0,0,1,27.1,7.1,Taunton
W0926,42.00459582,-70.84525352,2019.0,8.0,Summer,25.1,7.6,2,0,0,1,27.1,7.1,Taunton
W0926,42.00459582,-70.84525352,2019.0,8.0,Summer,25.0,7.6,2,0,0,1,27.0,7.1,Taunton
W0930,42.00146724,-70.83678103,2019.0,8.0,Summer,24.9,7.3,2,0,0,1,26.9,6.8,Taunton
W0930,42.00146724,-70.83678103,2019.0,8.0,Summer,24.9,7.3,2,0,0,1,26.9,6.8,Taunton
W0930,42.00146724,-70.83678103,2019.0,8.0,Summer,24.9,7.2,2,0,0,1,26.9,6.7,Taunton
W0930,42.00146724,-70.83678103,2019.0,8.0,Summer,24.9,7.2,2,0,0,1,26.9,6.7,Taunton
W0930,42.00146724,-70.83678103,2019.0,8.0,Summer,24.8,7.2,2,0,0,1,26.8,6.7,Taunton
W0930,42.00146724,-70.83678103,2019.0,8.0,Summer,24.7,7.2,2,0,0,1,26.7,6.7,Taunton
W0926,42.00459582,-70.84525352,2019.0,9.0,Fall,21.2,9.0,1,0,0,1,23.2,8.5,Taunton
W0926,42.00459582,-70.84525352,2019.0,9.0,Fall,21.2,9.0,1,0,0,1,23.2,8.5,Taunton
W0926,42.00459582,-70.84525352,2019.0,9.0,Fall,21.1,9.0,1,0,0,1,23.1,8.5,Taunton
W0926,42.00459582,-70.84525352,2019.0,9.0,Fall,21.1,9.0,1,0,0,1,23.1,8.5,Taunton
W0926,42.00459582,-70.84525352,2019.0,9.0,Fall,21.1,9.0,1,0,0,1,23.1,8.5,Taunton
W0926,42.00459582,-70.84525352,2019.0,9.0,Fall,21.0,9.1,1,0,0,1,23.0,8.6,Taunton
W0930,42.00146724,-70.83678103,2019.0,9.0,Fall,21.4,8.2,1,0,0,1,23.4,7.699999999999999,Taunton
W0930,42.00146724,-70.83678103,2019.0,9.0,Fall,21.4,8.1,1,0,0,1,23.4,7.6,Taunton
W0930,42.00146724,-70.83678103,2019.0,9.0,Fall,21.2,7.7,1,0,0,1,23.2,7.2,Taunton
W0930,42.00146724,-70.83678103,2019.0,9.0,Fall,21.1,7.6,1,0,0,1,23.1,7.1,Taunton
W0930,42.00146724,-70.83678103,2019.0,9.0,Fall,21.1,7.5,1,0,0,1,23.1,7.0,Taunton
W0930,42.00146724,-70.83678103,2019.0,9.0,Fall,21.0,7.2,1,0,0,1,23.0,6.7,Taunton
W0958,41.96889822,-71.32511071,2018.0,6.0,Summer,20.0,8.9,2,0,0,1,22.0,8.4,Ten Mile
W0958,41.96889822,-71.32511071,2018.0,6.0,Summer,19.8,9.0,2,0,0,1,21.8,8.5,Ten Mile
W0958,41.96889822,-71.32511071,2018.0,6.0,Summer,19.0,6.7,2,0,0,1,21.0,6.2,Ten Mile
W0958,41.96889822,-71.32511071,2018.0,6.0,Summer,14.3,9.2,2,0,0,1,16.3,8.7,Ten Mile
W0958,41.96889822,-71.32511071,2018.0,6.0,Summer,10.5,4.1,3,1,0,1,12.5,3.5999999999999996,Ten Mile
W0958,41.96889822,-71.32511071,2018.0,6.0,Summer,9.4,1.1,3,1,0,1,11.4,0.6000000000000001,Ten Mile
W0947,41.95142643,-71.11913351,2018.0,6.0,Summer,21.3,9.0,2,0,0,1,23.3,8.5,Taunton
W0947,41.95142643,-71.11913351,2018.0,6.0,Summer,20.8,8.8,2,0,0,1,22.8,8.3,Taunton
W0947,41.95142643,-71.11913351,2018.0,6.0,Summer,20.5,8.7,2,0,0,1,22.5,8.2,Taunton
W0947,41.95142643,-71.11913351,2018.0,6.0,Summer,20.3,8.2,2,0,0,1,22.3,7.699999999999999,Taunton
W0947,41.95142643,-71.11913351,2018.0,6.0,Summer,19.9,3.3,3,1,0,1,21.9,2.8,Taunton
W0940,42.07840473,-71.11554731,2018.0,6.0,Summer,19.5,8.4,2,0,0,1,21.5,7.9,Taunton
W0940,42.07840473,-71.11554731,2018.0,6.0,Summer,19.4,8.5,2,0,0,1,21.4,8.0,Taunton
W0940,42.07840473,-71.11554731,2018.0,6.0,Summer,19.3,8.2,2,0,0,1,21.3,7.699999999999999,Taunton
W0940,42.07840473,-71.11554731,2018.0,6.0,Summer,19.2,8.1,2,0,0,1,21.2,7.6,Taunton
W2778,42.11454642,-70.97910126,2018.0,6.0,Summer,17.7,5.4,2,0,0,1,19.7,4.9,Taunton
W2778,42.11454642,-70.97910126,2018.0,6.0,Summer,17.5,4.7,3,1,0,1,19.5,4.2,Taunton
W2778,42.11454642,-70.97910126,2018.0,6.0,Summer,17.2,2.6,3,1,0,1,19.2,2.1,Taunton
W2780,42.006179,-70.906276,2018.0,6.0,Summer,21.5,7.6,2,0,0,1,23.5,7.1,Taunton
W2780,42.006179,-70.906276,2018.0,6.0,Summer,21.4,7.6,2,0,0,1,23.4,7.1,Taunton
W2780,42.006179,-70.906276,2018.0,6.0,Summer,21.4,7.6,2,0,0,1,23.4,7.1,Taunton
W2780,42.006179,-70.906276,2018.0,6.0,Summer,21.0,7.4,2,0,0,1,23.0,6.9,Taunton
W2780,42.006179,-70.906276,2018.0,6.0,Summer,20.8,7.0,2,0,0,1,22.8,6.5,Taunton
W1093,42.05376314,-70.82255737,2018.0,6.0,Summer,21.2,9.0,2,0,0,1,23.2,8.5,South Coastal
W1093,42.05376314,-70.82255737,2018.0,6.0,Summer,21.2,9.0,2,0,0,1,23.2,8.5,South Coastal
W1093,42.05376314,-70.82255737,2018.0,6.0,Summer,21.2,9.0,2,0,0,1,23.2,8.5,South Coastal
W1093,42.05376314,-70.82255737,2018.0,6.0,Summer,21.1,8.9,2,0,0,1,23.1,8.4,South Coastal
W2814,41.9641053,-70.0077192,2018.0,6.0,Summer,20.7,8.2,2,0,0,1,22.7,7.699999999999999,Cape Cod
W2814,41.9641053,-70.0077192,2018.0,6.0,Summer,20.0,8.7,2,0,0,1,22.0,8.2,Cape Cod
W2814,41.9641053,-70.0077192,2018.0,6.0,Summer,19.8,8.4,2,0,0,1,21.8,7.9,Cape Cod
W2801,41.8295909,-69.9846351,2018.0,6.0,Summer,21.4,8.8,2,0,0,1,23.4,8.3,Cape Cod
W2801,41.8295909,-69.9846351,2018.0,6.0,Summer,20.6,8.6,2,0,0,1,22.6,8.1,Cape Cod
W2801,41.8295909,-69.9846351,2018.0,6.0,Summer,21.3,8.9,2,0,0,1,23.3,8.4,Cape Cod
W2801,41.8295909,-69.9846351,2018.0,6.0,Summer,20.3,8.7,2,0,0,1,22.3,8.2,Cape Cod
W2801,41.8295909,-69.9846351,2018.0,6.0,Summer,19.7,8.5,2,0,0,1,21.7,8.0,Cape Cod
W2801,41.8295909,-69.9846351,2018.0,6.0,Summer,17.8,4.7,3,1,0,1,19.8,4.2,Cape Cod
W2801,41.8295909,-69.9846351,2018.0,6.0,Summer,15.5,1.0,3,1,0,1,17.5,0.5,Cape Cod
W2810,41.703389,-69.986116,2018.0,6.0,Summer,20.5,9.1,2,0,0,1,22.5,8.6,Cape Cod
W2810,41.703389,-69.986116,2018.0,6.0,Summer,20.4,9.0,2,0,0,1,22.4,8.5,Cape Cod
W2810,41.703389,-69.986116,2018.0,6.0,Summer,20.2,8.9,2,0,0,1,22.2,8.4,Cape Cod
W2810,41.703389,-69.986116,2018.0,6.0,Summer,20.2,8.6,2,0,0,1,22.2,8.1,Cape Cod
W2810,41.703389,-69.986116,2018.0,6.0,Summer,18.3,7.9,2,0,0,1,20.3,7.4,Cape Cod
W2810,41.703389,-69.986116,2018.0,6.0,Summer,16.0,3.8,3,1,0,1,18.0,3.3,Cape Cod
W2810,41.703389,-69.986116,2018.0,6.0,Summer,13.8,1.8,3,1,0,1,15.8,1.3,Cape Cod
W2810,41.703389,-69.986116,2018.0,6.0,Summer,11.7,1.5,3,1,0,1,13.7,1.0,Cape Cod
W2810,41.703389,-69.986116,2018.0,6.0,Summer,10.3,0.9,3,1,0,1,12.3,0.4,Cape Cod
W2791,41.75446,-70.79039,2018.0,6.0,Summer,23.2,8.7,2,0,0,1,25.2,8.2,Buzzards Bay
W2791,41.75446,-70.79039,2018.0,6.0,Summer,23.2,8.7,2,0,0,1,25.2,8.2,Buzzards Bay
W2791,41.75446,-70.79039,2018.0,6.0,Summer,23.2,8.7,2,0,0,1,25.2,8.2,Buzzards Bay
W2791,41.75446,-70.79039,2018.0,6.0,Summer,22.4,9.1,2,0,0,1,24.4,8.6,Buzzards Bay
W2791,41.75446,-70.79039,2018.0,6.0,Summer,19.8,9.1,2,0,0,1,21.8,8.6,Buzzards Bay
W2791,41.75446,-70.79039,2018.0,6.0,Summer,15.7,9.0,2,0,0,1,17.7,8.5,Buzzards Bay
W2791,41.75446,-70.79039,2018.0,6.0,Summer,13.9,6.5,2,0,0,1,15.9,6.0,Buzzards Bay
W2791,41.75446,-70.79039,2018.0,6.0,Summer,12.4,3.7,3,1,0,1,14.4,3.2,Buzzards Bay
W2791,41.75446,-70.79039,2018.0,6.0,Summer,12.1,2.7,3,1,0,1,14.1,2.2,Buzzards Bay
W2791,41.75446,-70.79039,2018.0,6.0,Summer,12.0,2.1,3,1,0,1,14.0,1.6,Buzzards Bay
W2775,41.671546,-71.126475,2018.0,6.0,Summer,22.3,9.4,2,0,0,1,24.3,8.9,Mount Hope Bay (Shore)
W2775,41.671546,-71.126475,2018.0,6.0,Summer,22.0,9.1,2,0,0,1,24.0,8.6,Mount Hope Bay (Shore)
W2775,41.671546,-71.126475,2018.0,6.0,Summer,21.6,8.6,2,0,0,1,23.6,8.1,Mount Hope Bay (Shore)
W2775,41.671546,-71.126475,2018.0,6.0,Summer,21.1,8.0,2,0,0,1,23.1,7.5,Mount Hope Bay (Shore)
W2775,41.671546,-71.126475,2018.0,6.0,Summer,21.0,7.8,2,0,0,1,23.0,7.3,Mount Hope Bay (Shore)
W2775,41.671546,-71.126475,2018.0,6.0,Summer,20.9,7.6,2,0,0,1,22.9,7.1,Mount Hope Bay (Shore)
W2798,41.620352,-70.56532,2018.0,6.0,Summer,23.0,9.5,2,0,0,1,25.0,9.0,Cape Cod
W2798,41.620352,-70.56532,2018.0,6.0,Summer,22.9,9.5,2,0,0,1,24.9,9.0,Cape Cod
W2798,41.620352,-70.56532,2018.0,6.0,Summer,22.9,9.4,2,0,0,1,24.9,8.9,Cape Cod
W2798,41.620352,-70.56532,2018.0,6.0,Summer,22.8,9.3,2,0,0,1,24.8,8.8,Cape Cod
W2798,41.620352,-70.56532,2018.0,6.0,Summer,21.8,10.2,2,0,0,1,23.8,9.7,Cape Cod
W2798,41.620352,-70.56532,2018.0,6.0,Summer,19.7,11.0,2,0,0,1,21.7,10.5,Cape Cod
W2798,41.620352,-70.56532,2018.0,6.0,Summer,16.5,10.3,2,0,0,1,18.5,9.8,Cape Cod
W2798,41.620352,-70.56532,2018.0,6.0,Summer,13.5,3.1,3,1,0,1,15.5,2.6,Cape Cod
W2798,41.620352,-70.56532,2018.0,6.0,Summer,12.2,0.7,3,1,0,1,14.2,0.19999999999999996,Cape Cod
W1308,41.65691189,-70.48391147,2018.0,6.0,Summer,23.2,9.4,2,0,0,1,25.2,8.9,Cape Cod
W1308,41.65691189,-70.48391147,2018.0,6.0,Summer,22.9,9.4,2,0,0,1,24.9,8.9,Cape Cod
W1308,41.65691189,-70.48391147,2018.0,6.0,Summer,22.4,9.6,2,0,0,1,24.4,9.1,Cape Cod
W1308,41.65691189,-70.48391147,2018.0,6.0,Summer,22.0,9.6,2,0,0,1,24.0,9.1,Cape Cod
W1308,41.65691189,-70.48391147,2018.0,6.0,Summer,21.9,9.6,2,0,0,1,23.9,9.1,Cape Cod
W1308,41.65691189,-70.48391147,2018.0,6.0,Summer,20.8,10.2,2,0,0,1,22.8,9.7,Cape Cod
W1308,41.65691189,-70.48391147,2018.0,6.0,Summer,19.4,9.9,2,0,0,1,21.4,9.4,Cape Cod
W1308,41.65691189,-70.48391147,2018.0,6.0,Summer,17.3,9.5,2,0,0,1,19.3,9.0,Cape Cod
W1308,41.65691189,-70.48391147,2018.0,6.0,Summer,15.1,7.1,2,0,0,1,17.1,6.6,Cape Cod
W1308,41.65691189,-70.48391147,2018.0,6.0,Summer,12.9,5.4,2,0,0,1,14.9,4.9,Cape Cod
W1308,41.65691189,-70.48391147,2018.0,6.0,Summer,11.0,3.9,3,1,0,1,13.0,3.4,Cape Cod
W1308,41.65691189,-70.48391147,2018.0,6.0,Summer,9.9,3.1,3,1,0,1,11.9,2.6,Cape Cod
W1308,41.65691189,-70.48391147,2018.0,6.0,Summer,8.9,2.2,3,1,0,1,10.9,1.7000000000000002,Cape Cod
W1308,41.65691189,-70.48391147,2018.0,6.0,Summer,8.6,1.9,3,1,0,1,10.6,1.4,Cape Cod
W1308,41.65691189,-70.48391147,2018.0,6.0,Summer,8.6,1.6,3,1,0,1,10.6,1.1,Cape Cod
W1308,41.65691189,-70.48391147,2018.0,6.0,Summer,8.6,1.7,3,1,0,1,10.6,1.2,Cape Cod
W1308,41.65691189,-70.48391147,2018.0,6.0,Summer,8.5,1.6,3,1,0,1,10.5,1.1,Cape Cod
W1308,41.65691189,-70.48391147,2018.0,6.0,Summer,8.4,1.5,3,1,0,1,10.4,1.0,Cape Cod
W1308,41.65691189,-70.48391147,2018.0,6.0,Summer,8.4,1.4,3,1,0,1,10.4,0.8999999999999999,Cape Cod
W1308,41.65691189,-70.48391147,2018.0,6.0,Summer,8.4,1.4,3,1,0,1,10.4,0.8999999999999999,Cape Cod
W1308,41.65691189,-70.48391147,2018.0,6.0,Summer,8.3,1.3,3,1,0,1,10.3,0.8,Cape Cod
W1308,41.65691189,-70.48391147,2018.0,6.0,Summer,8.3,1.3,3,1,0,1,10.3,0.8,Cape Cod
W1308,41.65691189,-70.48391147,2018.0,6.0,Summer,8.3,1.1,3,1,0,1,10.3,0.6000000000000001,Cape Cod
W1308,41.65691189,-70.48391147,2018.0,6.0,Summer,8.2,1.0,3,1,0,1,10.2,0.5,Cape Cod
W1308,41.65691189,-70.48391147,2018.0,6.0,Summer,8.2,0.8,3,1,0,1,10.2,0.30000000000000004,Cape Cod
W2789,41.804909,-70.611966,2018.0,7.0,Summer,25.9,8.2,2,0,0,1,27.9,7.699999999999999,Buzzards Bay
W2789,41.804909,-70.611966,2018.0,7.0,Summer,25.9,8.2,2,0,0,1,27.9,7.699999999999999,Buzzards Bay
W2789,41.804909,-70.611966,2018.0,7.0,Summer,25.9,8.2,2,0,0,1,27.9,7.699999999999999,Buzzards Bay
W2789,41.804909,-70.611966,2018.0,7.0,Summer,25.4,8.4,2,0,0,1,27.4,7.9,Buzzards Bay
W2789,41.804909,-70.611966,2018.0,7.0,Summer,22.2,3.8,3,1,0,1,24.2,3.3,Buzzards Bay
W2789,41.804909,-70.611966,2018.0,7.0,Summer,17.8,0.4,3,1,0,1,19.8,0.0,Buzzards Bay
W2953,41.76842431,-70.72293943,2018.0,7.0,Summer,25.5,8.7,2,0,0,1,27.5,8.2,Buzzards Bay
W2953,41.76842431,-70.72293943,2018.0,7.0,Summer,25.4,8.7,2,0,0,1,27.4,8.2,Buzzards Bay
W2953,41.76842431,-70.72293943,2018.0,7.0,Summer,25.4,8.6,2,0,0,1,27.4,8.1,Buzzards Bay
W2803,41.671685,-70.193271,2018.0,6.0,Summer,22.2,8.7,2,0,0,1,24.2,8.2,Cape Cod
W2803,41.671685,-70.193271,2018.0,6.0,Summer,22.2,8.7,2,0,0,1,24.2,8.2,Cape Cod
W2803,41.671685,-70.193271,2018.0,6.0,Summer,22.2,8.7,2,0,0,1,24.2,8.2,Cape Cod
W2803,41.671685,-70.193271,2018.0,6.0,Summer,22.2,8.7,2,0,0,1,24.2,8.2,Cape Cod
W2803,41.671685,-70.193271,2018.0,6.0,Summer,22.2,8.7,2,0,0,1,24.2,8.2,Cape Cod
W2803,41.671685,-70.193271,2018.0,6.0,Summer,21.1,8.5,2,0,0,1,23.1,8.0,Cape Cod
W2803,41.671685,-70.193271,2018.0,6.0,Summer,16.0,7.5,2,0,0,1,18.0,7.0,Cape Cod
W2803,41.671685,-70.193271,2018.0,6.0,Summer,13.0,5.8,2,0,0,1,15.0,5.3,Cape Cod
W2803,41.671685,-70.193271,2018.0,6.0,Summer,11.5,3.1,3,1,0,1,13.5,2.6,Cape Cod
W2803,41.671685,-70.193271,2018.0,6.0,Summer,11.3,2.0,3,1,0,1,13.3,1.5,Cape Cod
W2812,41.7024219,-70.1327421,2018.0,6.0,Summer,22.9,8.5,2,0,0,1,24.9,8.0,Cape Cod
W2812,41.7024219,-70.1327421,2018.0,6.0,Summer,22.8,8.6,2,0,0,1,24.8,8.1,Cape Cod
W2812,41.7024219,-70.1327421,2018.0,6.0,Summer,22.7,8.5,2,0,0,1,24.7,8.0,Cape Cod
W2812,41.7024219,-70.1327421,2018.0,6.0,Summer,22.6,8.6,2,0,0,1,24.6,8.1,Cape Cod
W2812,41.7024219,-70.1327421,2018.0,6.0,Summer,21.6,10.2,2,0,0,1,23.6,9.7,Cape Cod
W2812,41.7024219,-70.1327421,2018.0,6.0,Summer,18.6,12.3,2,0,0,1,20.6,11.8,Cape Cod
W2812,41.7024219,-70.1327421,2018.0,6.0,Summer,16.6,12.7,2,0,0,1,18.6,12.2,Cape Cod
W2812,41.7024219,-70.1327421,2018.0,6.0,Summer,15.2,13.6,2,0,0,1,17.2,13.1,Cape Cod
W2773,41.7254646,-70.0397423,2018.0,6.0,Summer,23.3,6.9,2,0,0,1,25.3,6.4,Cape Cod
W2773,41.7254646,-70.0397423,2018.0,6.0,Summer,23.2,6.9,2,0,0,1,25.2,6.4,Cape Cod
W2773,41.7254646,-70.0397423,2018.0,6.0,Summer,21.8,4.8,3,1,0,1,23.8,4.3,Cape Cod
W2773,41.7254646,-70.0397423,2018.0,6.0,Summer,20.5,0.3,3,1,0,1,22.5,0.0,Cape Cod
W1237,41.71377641,-70.09062853,2018.0,6.0,Summer,22.4,9.1,2,0,0,1,24.4,8.6,Cape Cod
W1237,41.71377641,-70.09062853,2018.0,6.0,Summer,22.4,9.2,2,0,0,1,24.4,8.7,Cape Cod
W1237,41.71377641,-70.09062853,2018.0,6.0,Summer,22.2,9.2,2,0,0,1,24.2,8.7,Cape Cod
W1237,41.71377641,-70.09062853,2018.0,6.0,Summer,21.9,8.3,2,0,0,1,23.9,7.800000000000001,Cape Cod
W1237,41.71377641,-70.09062853,2018.0,6.0,Summer,21.6,7.6,2,0,0,1,23.6,7.1,Cape Cod
W1237,41.71377641,-70.09062853,2018.0,6.0,Summer,21.3,5.0,2,0,0,1,23.3,4.5,Cape Cod
W1092,41.90533067,-70.55598017,2018.0,7.0,Summer,25.6,7.9,2,0,0,1,27.6,7.4,South Coastal
W1092,41.90533067,-70.55598017,2018.0,7.0,Summer,25.5,7.9,2,0,0,1,27.5,7.4,South Coastal
W1092,41.90533067,-70.55598017,2018.0,7.0,Summer,25.4,7.9,2,0,0,1,27.4,7.4,South Coastal
W1092,41.90533067,-70.55598017,2018.0,7.0,Summer,25.2,7.8,2,0,0,1,27.2,7.3,South Coastal
W1092,41.90533067,-70.55598017,2018.0,7.0,Summer,25.2,7.8,2,0,0,1,27.2,7.3,South Coastal
W1092,41.90533067,-70.55598017,2018.0,7.0,Summer,21.0,5.6,2,0,0,1,23.0,5.1,South Coastal
W1092,41.90533067,-70.55598017,2018.0,7.0,Summer,16.2,5.4,2,0,0,1,18.2,4.9,South Coastal
W1092,41.90533067,-70.55598017,2018.0,7.0,Summer,12.8,3.3,3,1,0,1,14.8,2.8,South Coastal
W2783,41.9207192,-70.6654059,2018.0,7.0,Summer,27.3,8.4,2,0,0,1,29.3,7.9,South Coastal
W2783,41.9207192,-70.6654059,2018.0,7.0,Summer,25.2,9.4,2,0,0,1,27.2,8.9,South Coastal
W2783,41.9207192,-70.6654059,2018.0,7.0,Summer,24.7,5.1,2,0,0,1,26.7,4.6,South Coastal
W2808,41.671039,-70.393715,2018.0,7.0,Summer,25.0,9.0,2,0,0,1,27.0,8.5,Cape Cod
W2808,41.671039,-70.393715,2018.0,7.0,Summer,24.9,9.0,2,0,0,1,26.9,8.5,Cape Cod
W2808,41.671039,-70.393715,2018.0,7.0,Summer,24.9,9.0,2,0,0,1,26.9,8.5,Cape Cod
W2808,41.671039,-70.393715,2018.0,7.0,Summer,24.9,9.0,2,0,0,1,26.9,8.5,Cape Cod
W2808,41.671039,-70.393715,2018.0,7.0,Summer,20.0,11.7,2,0,0,1,22.0,11.2,Cape Cod
W2808,41.671039,-70.393715,2018.0,7.0,Summer,14.9,12.0,2,0,0,1,16.9,11.5,Cape Cod
W2808,41.671039,-70.393715,2018.0,7.0,Summer,11.8,8.5,2,0,0,1,13.8,8.0,Cape Cod
W2808,41.671039,-70.393715,2018.0,7.0,Summer,10.7,4.8,3,1,0,1,12.7,4.3,Cape Cod
W2808,41.671039,-70.393715,2018.0,7.0,Summer,9.8,2.7,3,1,0,1,11.8,2.2,Cape Cod
W2805,41.6671004,-70.4441491,2018.0,7.0,Summer,25.8,9.1,2,0,0,1,27.8,8.6,Cape Cod
W2805,41.6671004,-70.4441491,2018.0,7.0,Summer,25.5,9.2,2,0,0,1,27.5,8.7,Cape Cod
W2805,41.6671004,-70.4441491,2018.0,7.0,Summer,25.2,9.2,2,0,0,1,27.2,8.7,Cape Cod
W2805,41.6671004,-70.4441491,2018.0,7.0,Summer,24.2,9.8,2,0,0,1,26.2,9.3,Cape Cod
W2805,41.6671004,-70.4441491,2018.0,7.0,Summer,22.6,10.7,2,0,0,1,24.6,10.2,Cape Cod
W2805,41.6671004,-70.4441491,2018.0,7.0,Summer,19.5,5.6,2,0,0,1,21.5,5.1,Cape Cod
W2787,41.811935,-70.5766951,2018.0,7.0,Summer,26.8,8.7,2,0,0,1,28.8,8.2,South Coastal
W2787,41.811935,-70.5766951,2018.0,7.0,Summer,26.8,8.8,2,0,0,1,28.8,8.3,South Coastal
W2787,41.811935,-70.5766951,2018.0,7.0,Summer,26.8,8.8,2,0,0,1,28.8,8.3,South Coastal
W2787,41.811935,-70.5766951,2018.0,7.0,Summer,26.6,8.9,2,0,0,1,28.6,8.4,South Coastal
W2787,41.811935,-70.5766951,2018.0,7.0,Summer,26.0,9.0,2,0,0,1,28.0,8.5,South Coastal
W2787,41.811935,-70.5766951,2018.0,7.0,Summer,25.5,8.8,2,0,0,1,27.5,8.3,South Coastal
W2787,41.811935,-70.5766951,2018.0,7.0,Summer,24.3,8.6,2,0,0,1,26.3,8.1,South Coastal
W2787,41.811935,-70.5766951,2018.0,7.0,Summer,21.3,7.0,2,0,0,1,23.3,6.5,South Coastal
W2787,41.811935,-70.5766951,2018.0,7.0,Summer,18.6,7.2,2,0,0,1,20.6,6.7,South Coastal
W2787,41.811935,-70.5766951,2018.0,7.0,Summer,14.9,4.2,3,1,0,1,16.9,3.7,South Coastal
W2787,41.811935,-70.5766951,2018.0,7.0,Summer,14.1,0.6,3,1,0,1,16.1,0.09999999999999998,South Coastal
W2796,41.852937,-70.614673,2018.0,7.0,Summer,26.0,8.6,2,0,0,1,28.0,8.1,Buzzards Bay
W2796,41.852937,-70.614673,2018.0,7.0,Summer,26.1,8.6,2,0,0,1,28.1,8.1,Buzzards Bay
W2796,41.852937,-70.614673,2018.0,7.0,Summer,26.1,8.6,2,0,0,1,28.1,8.1,Buzzards Bay
W2796,41.852937,-70.614673,2018.0,7.0,Summer,26.1,8.6,2,0,0,1,28.1,8.1,Buzzards Bay
W2796,41.852937,-70.614673,2018.0,7.0,Summer,26.0,8.6,2,0,0,1,28.0,8.1,Buzzards Bay
W2796,41.852937,-70.614673,2018.0,7.0,Summer,26.0,8.6,2,0,0,1,28.0,8.1,Buzzards Bay
W2796,41.852937,-70.614673,2018.0,7.0,Summer,24.9,8.4,2,0,0,1,26.9,7.9,Buzzards Bay
W0947,41.95142643,-71.11913351,2018.0,7.0,Summer,28.4,8.4,2,0,0,1,30.4,7.9,Taunton
W0947,41.95142643,-71.11913351,2018.0,7.0,Summer,28.3,8.5,2,0,0,1,30.3,8.0,Taunton
W0947,41.95142643,-71.11913351,2018.0,7.0,Summer,28.0,8.8,2,0,0,1,30.0,8.3,Taunton
W0947,41.95142643,-71.11913351,2018.0,7.0,Summer,27.7,7.4,2,0,0,1,29.7,6.9,Taunton
W0958,41.96889822,-71.32511071,2018.0,7.0,Summer,27.1,8.6,2,0,0,1,29.1,8.1,Ten Mile
W0958,41.96889822,-71.32511071,2018.0,7.0,Summer,27.0,8.6,2,0,0,1,29.0,8.1,Ten Mile
W0958,41.96889822,-71.32511071,2018.0,7.0,Summer,27.0,8.5,2,0,0,1,29.0,8.0,Ten Mile
W0958,41.96889822,-71.32511071,2018.0,7.0,Summer,21.9,8.4,2,0,0,1,23.9,7.9,Ten Mile
W0958,41.96889822,-71.32511071,2018.0,7.0,Summer,14.6,3.0,3,1,0,1,16.6,2.5,Ten Mile
W0940,42.07840473,-71.11554731,2018.0,7.0,Summer,26.8,7.4,2,0,0,1,28.8,6.9,Taunton
W0940,42.07840473,-71.11554731,2018.0,7.0,Summer,26.7,7.3,2,0,0,1,28.7,6.8,Taunton
W0940,42.07840473,-71.11554731,2018.0,7.0,Summer,26.6,7.0,2,0,0,1,28.6,6.5,Taunton
W2778,42.11454642,-70.97910126,2018.0,7.0,Summer,26.7,5.6,2,0,0,1,28.7,5.1,Taunton
W2778,42.11454642,-70.97910126,2018.0,7.0,Summer,26.3,5.3,2,0,0,1,28.3,4.8,Taunton
W2780,42.006179,-70.906276,2018.0,7.0,Summer,26.4,6.7,2,0,0,1,28.4,6.2,Taunton
W2780,42.006179,-70.906276,2018.0,7.0,Summer,26.4,6.6,2,0,0,1,28.4,6.1,Taunton
W2780,42.006179,-70.906276,2018.0,7.0,Summer,26.4,6.7,2,0,0,1,28.4,6.2,Taunton
W2780,42.006179,-70.906276,2018.0,7.0,Summer,26.4,6.7,2,0,0,1,28.4,6.2,Taunton
W2780,42.006179,-70.906276,2018.0,7.0,Summer,26.4,6.6,2,0,0,1,28.4,6.1,Taunton
W1093,42.05376314,-70.82255737,2018.0,7.0,Summer,26.8,7.8,2,0,0,1,28.8,7.3,South Coastal
W1093,42.05376314,-70.82255737,2018.0,7.0,Summer,26.8,7.7,2,0,0,1,28.8,7.2,South Coastal
W1093,42.05376314,-70.82255737,2018.0,7.0,Summer,26.7,7.6,2,0,0,1,28.7,7.1,South Coastal
W1093,42.05376314,-70.82255737,2018.0,7.0,Summer,26.7,7.0,2,0,0,1,28.7,6.5,South Coastal
W2814,41.9641053,-70.0077192,2018.0,7.0,Summer,26.8,8.2,2,0,0,1,28.8,7.699999999999999,Cape Cod
W2814,41.9641053,-70.0077192,2018.0,7.0,Summer,26.5,7.8,2,0,0,1,28.5,7.3,Cape Cod
W2801,41.8295909,-69.9846351,2018.0,7.0,Summer,26.8,8.0,2,0,0,1,28.8,7.5,Cape Cod
W2801,41.8295909,-69.9846351,2018.0,7.0,Summer,26.5,8.1,2,0,0,1,28.5,7.6,Cape Cod
W2801,41.8295909,-69.9846351,2018.0,7.0,Summer,26.5,7.9,2,0,0,1,28.5,7.4,Cape Cod
W2801,41.8295909,-69.9846351,2018.0,7.0,Summer,25.9,7.9,2,0,0,1,27.9,7.4,Cape Cod
W2801,41.8295909,-69.9846351,2018.0,7.0,Summer,25.4,7.7,2,0,0,1,27.4,7.2,Cape Cod
W2801,41.8295909,-69.9846351,2018.0,7.0,Summer,23.8,4.6,3,1,0,1,25.8,4.1,Cape Cod
W2801,41.8295909,-69.9846351,2018.0,7.0,Summer,21.1,1.4,3,1,0,1,23.1,0.8999999999999999,Cape Cod
W2810,41.703389,-69.986116,2018.0,7.0,Summer,26.2,8.3,2,0,0,1,28.2,7.800000000000001,Cape Cod
W2810,41.703389,-69.986116,2018.0,7.0,Summer,26.2,8.3,2,0,0,1,28.2,7.800000000000001,Cape Cod
W2810,41.703389,-69.986116,2018.0,7.0,Summer,25.8,8.3,2,0,0,1,27.8,7.800000000000001,Cape Cod
W2810,41.703389,-69.986116,2018.0,7.0,Summer,25.2,7.9,2,0,0,1,27.2,7.4,Cape Cod
W2810,41.703389,-69.986116,2018.0,7.0,Summer,20.7,5.9,2,0,0,1,22.7,5.4,Cape Cod
W2810,41.703389,-69.986116,2018.0,7.0,Summer,16.5,1.6,3,1,0,1,18.5,1.1,Cape Cod
W2810,41.703389,-69.986116,2018.0,7.0,Summer,12.9,0.3,3,1,0,1,14.9,0.0,Cape Cod
W2791,41.75446,-70.79039,2018.0,7.0,Summer,27.5,7.8,2,0,0,1,29.5,7.3,Buzzards Bay
W2791,41.75446,-70.79039,2018.0,7.0,Summer,27.4,7.8,2,0,0,1,29.4,7.3,Buzzards Bay
W2791,41.75446,-70.79039,2018.0,7.0,Summer,27.4,7.8,2,0,0,1,29.4,7.3,Buzzards Bay
W2791,41.75446,-70.79039,2018.0,7.0,Summer,27.4,7.6,2,0,0,1,29.4,7.1,Buzzards Bay
W2791,41.75446,-70.79039,2018.0,7.0,Summer,27.2,7.3,2,0,0,1,29.2,6.8,Buzzards Bay
W2791,41.75446,-70.79039,2018.0,7.0,Summer,26.0,7.3,2,0,0,1,28.0,6.8,Buzzards Bay
W2791,41.75446,-70.79039,2018.0,7.0,Summer,20.5,6.7,2,0,0,1,22.5,6.2,Buzzards Bay
W2791,41.75446,-70.79039,2018.0,7.0,Summer,17.1,3.5,3,1,0,1,19.1,3.0,Buzzards Bay
W2791,41.75446,-70.79039,2018.0,7.0,Summer,15.3,1.4,3,1,0,1,17.3,0.8999999999999999,Buzzards Bay
W2775,41.671546,-71.126475,2018.0,7.0,Summer,26.7,9.3,2,0,0,1,28.7,8.8,Mount Hope Bay (Shore)
W2775,41.671546,-71.126475,2018.0,7.0,Summer,26.1,7.2,2,0,0,1,28.1,6.7,Mount Hope Bay (Shore)
W2775,41.671546,-71.126475,2018.0,7.0,Summer,26.0,7.0,2,0,0,1,28.0,6.5,Mount Hope Bay (Shore)
W2775,41.671546,-71.126475,2018.0,7.0,Summer,25.9,6.6,2,0,0,1,27.9,6.1,Mount Hope Bay (Shore)
W2775,41.671546,-71.126475,2018.0,7.0,Summer,25.8,4.1,4,1,1,1,27.8,3.5999999999999996,Mount Hope Bay (Shore)
W2775,41.671546,-71.126475,2018.0,7.0,Summer,25.4,1.8,4,1,1,1,27.4,1.3,Mount Hope Bay (Shore)
W2798,41.620352,-70.56532,2018.0,8.0,Summer,26.5,8.5,2,0,0,1,28.5,8.0,Cape Cod
W2798,41.620352,-70.56532,2018.0,8.0,Summer,26.5,8.4,2,0,0,1,28.5,7.9,Cape Cod
W2798,41.620352,-70.56532,2018.0,8.0,Summer,26.5,8.4,2,0,0,1,28.5,7.9,Cape Cod
W2798,41.620352,-70.56532,2018.0,8.0,Summer,26.4,8.5,2,0,0,1,28.4,8.0,Cape Cod
W2798,41.620352,-70.56532,2018.0,8.0,Summer,26.4,8.4,2,0,0,1,28.4,7.9,Cape Cod
W2798,41.620352,-70.56532,2018.0,8.0,Summer,26.4,8.4,2,0,0,1,28.4,7.9,Cape Cod
W2798,41.620352,-70.56532,2018.0,8.0,Summer,21.6,10.4,2,0,0,1,23.6,9.9,Cape Cod
W1308,41.65691189,-70.48391147,2018.0,8.0,Summer,26.6,8.7,2,0,0,1,28.6,8.2,Cape Cod
W1308,41.65691189,-70.48391147,2018.0,8.0,Summer,26.7,8.7,2,0,0,1,28.7,8.2,Cape Cod
W1308,41.65691189,-70.48391147,2018.0,8.0,Summer,26.6,8.7,2,0,0,1,28.6,8.2,Cape Cod
W1308,41.65691189,-70.48391147,2018.0,8.0,Summer,26.6,8.8,2,0,0,1,28.6,8.3,Cape Cod
W1308,41.65691189,-70.48391147,2018.0,8.0,Summer,26.6,8.8,2,0,0,1,28.6,8.3,Cape Cod
W1308,41.65691189,-70.48391147,2018.0,8.0,Summer,26.6,8.8,2,0,0,1,28.6,8.3,Cape Cod
W1308,41.65691189,-70.48391147,2018.0,8.0,Summer,25.4,8.7,2,0,0,1,27.4,8.2,Cape Cod
W1308,41.65691189,-70.48391147,2018.0,8.0,Summer,23.2,8.9,2,0,0,1,25.2,8.4,Cape Cod
W1308,41.65691189,-70.48391147,2018.0,8.0,Summer,19.4,5.0,2,0,0,1,21.4,4.5,Cape Cod
W1308,41.65691189,-70.48391147,2018.0,8.0,Summer,16.1,1.1,3,1,0,1,18.1,0.6000000000000001,Cape Cod
W2789,41.804909,-70.611966,2018.0,8.0,Summer,28.7,8.1,2,0,0,1,30.7,7.6,Buzzards Bay
W2789,41.804909,-70.611966,2018.0,8.0,Summer,28.7,8.1,2,0,0,1,30.7,7.6,Buzzards Bay
W2789,41.804909,-70.611966,2018.0,8.0,Summer,28.6,8.0,2,0,0,1,30.6,7.5,Buzzards Bay
W2789,41.804909,-70.611966,2018.0,8.0,Summer,27.6,7.0,2,0,0,1,29.6,6.5,Buzzards Bay
W0776,41.77018529,-70.72205854,2018.0,8.0,Summer,29.4,8.2,2,0,0,1,31.4,7.699999999999999,Buzzards Bay
W0776,41.77018529,-70.72205854,2018.0,8.0,Summer,24.5,0.4,3,1,0,1,26.5,0.0,Buzzards Bay
W2803,41.671685,-70.193271,2018.0,8.0,Summer,28.3,8.5,2,0,0,1,30.3,8.0,Cape Cod
W2803,41.671685,-70.193271,2018.0,8.0,Summer,28.3,8.5,2,0,0,1,30.3,8.0,Cape Cod
W2803,41.671685,-70.193271,2018.0,8.0,Summer,28.3,8.5,2,0,0,1,30.3,8.0,Cape Cod
W2803,41.671685,-70.193271,2018.0,8.0,Summer,28.3,8.6,2,0,0,1,30.3,8.1,Cape Cod
W2803,41.671685,-70.193271,2018.0,8.0,Summer,28.3,8.6,2,0,0,1,30.3,8.1,Cape Cod
W2803,41.671685,-70.193271,2018.0,8.0,Summer,28.3,8.6,2,0,0,1,30.3,8.1,Cape Cod
W2803,41.671685,-70.193271,2018.0,8.0,Summer,27.2,8.9,2,0,0,1,29.2,8.4,Cape Cod
W2803,41.671685,-70.193271,2018.0,8.0,Summer,27.0,8.7,2,0,0,1,29.0,8.2,Cape Cod
W2803,41.671685,-70.193271,2018.0,8.0,Summer,26.4,7.8,2,0,0,1,28.4,7.3,Cape Cod
W2803,41.671685,-70.193271,2018.0,8.0,Summer,25.5,6.4,2,0,0,1,27.5,5.9,Cape Cod
W2803,41.671685,-70.193271,2018.0,8.0,Summer,23.3,7.5,2,0,0,1,25.3,7.0,Cape Cod
W2803,41.671685,-70.193271,2018.0,8.0,Summer,20.8,8.9,2,0,0,1,22.8,8.4,Cape Cod
W2803,41.671685,-70.193271,2018.0,8.0,Summer,16.6,6.2,2,0,0,1,18.6,5.7,Cape Cod
W2803,41.671685,-70.193271,2018.0,8.0,Summer,14.3,2.6,3,1,0,1,16.3,2.1,Cape Cod
W2812,41.7024219,-70.1327421,2018.0,8.0,Summer,29.3,7.9,2,0,0,1,31.3,7.4,Cape Cod
W2812,41.7024219,-70.1327421,2018.0,8.0,Summer,29.2,8.0,2,0,0,1,31.2,7.5,Cape Cod
W2812,41.7024219,-70.1327421,2018.0,8.0,Summer,28.8,8.0,2,0,0,1,30.8,7.5,Cape Cod
W2812,41.7024219,-70.1327421,2018.0,8.0,Summer,28.6,7.9,2,0,0,1,30.6,7.4,Cape Cod
W2812,41.7024219,-70.1327421,2018.0,8.0,Summer,28.0,8.4,2,0,0,1,30.0,7.9,Cape Cod
W2812,41.7024219,-70.1327421,2018.0,8.0,Summer,27.5,8.4,2,0,0,1,29.5,7.9,Cape Cod
W2812,41.7024219,-70.1327421,2018.0,8.0,Summer,25.4,11.8,2,0,0,1,27.4,11.3,Cape Cod
W2812,41.7024219,-70.1327421,2018.0,8.0,Summer,22.1,13.8,2,0,0,1,24.1,13.3,Cape Cod
W2812,41.7024219,-70.1327421,2018.0,8.0,Summer,19.4,0.5,3,1,0,1,21.4,0.0,Cape Cod
W2773,41.7254646,-70.0397423,2018.0,8.0,Summer,28.4,6.2,2,0,0,1,30.4,5.7,Cape Cod
W2773,41.7254646,-70.0397423,2018.0,8.0,Summer,28.4,6.1,2,0,0,1,30.4,5.6,Cape Cod
W2773,41.7254646,-70.0397423,2018.0,8.0,Summer,28.3,5.2,2,0,0,1,30.3,4.7,Cape Cod
W2773,41.7254646,-70.0397423,2018.0,8.0,Summer,24.4,0.6,3,1,0,1,26.4,0.09999999999999998,Cape Cod
W2773,41.7254646,-70.0397423,2018.0,8.0,Summer,19.8,1.4,3,1,0,1,21.8,0.8999999999999999,Cape Cod
W1237,41.71377641,-70.09062853,2018.0,8.0,Summer,28.2,8.3,2,0,0,1,30.2,7.800000000000001,Cape Cod
W1237,41.71377641,-70.09062853,2018.0,8.0,Summer,28.2,8.3,2,0,0,1,30.2,7.800000000000001,Cape Cod
W1237,41.71377641,-70.09062853,2018.0,8.0,Summer,28.2,8.3,2,0,0,1,30.2,7.800000000000001,Cape Cod
W1237,41.71377641,-70.09062853,2018.0,8.0,Summer,27.8,8.2,2,0,0,1,29.8,7.699999999999999,Cape Cod
W1237,41.71377641,-70.09062853,2018.0,8.0,Summer,26.4,4.1,4,1,1,1,28.4,3.5999999999999996,Cape Cod
W1092,41.90533067,-70.55598017,2018.0,8.0,Summer,27.2,7.5,2,0,0,1,29.2,7.0,South Coastal
W1092,41.90533067,-70.55598017,2018.0,8.0,Summer,27.1,7.5,2,0,0,1,29.1,7.0,South Coastal
W1092,41.90533067,-70.55598017,2018.0,8.0,Summer,27.1,7.3,2,0,0,1,29.1,6.8,South Coastal
W1092,41.90533067,-70.55598017,2018.0,8.0,Summer,27.1,7.1,2,0,0,1,29.1,6.6,South Coastal
W1092,41.90533067,-70.55598017,2018.0,8.0,Summer,27.0,7.2,2,0,0,1,29.0,6.7,South Coastal
W1092,41.90533067,-70.55598017,2018.0,8.0,Summer,26.2,3.8,4,1,1,1,28.2,3.3,South Coastal
W1092,41.90533067,-70.55598017,2018.0,8.0,Summer,19.0,3.2,3,1,0,1,21.0,2.7,South Coastal
W1092,41.90533067,-70.55598017,2018.0,8.0,Summer,14.3,2.0,3,1,0,1,16.3,1.5,South Coastal
W2783,41.9207192,-70.6654059,2018.0,8.0,Summer,26.4,4.3,4,1,1,1,28.4,3.8,South Coastal
W2783,41.9207192,-70.6654059,2018.0,8.0,Summer,26.3,4.2,4,1,1,1,28.3,3.7,South Coastal
W2783,41.9207192,-70.6654059,2018.0,8.0,Summer,25.7,1.5,4,1,1,1,27.7,1.0,South Coastal
W2783,41.9207192,-70.6654059,2018.0,8.0,Summer,25.5,0.8,4,1,1,1,27.5,0.30000000000000004,South Coastal
W2808,41.671039,-70.393715,2018.0,8.0,Summer,27.7,8.6,2,0,0,1,29.7,8.1,Cape Cod
W2808,41.671039,-70.393715,2018.0,8.0,Summer,27.4,8.5,2,0,0,1,29.4,8.0,Cape Cod
W2808,41.671039,-70.393715,2018.0,8.0,Summer,27.4,8.2,2,0,0,1,29.4,7.699999999999999,Cape Cod
W2808,41.671039,-70.393715,2018.0,8.0,Summer,27.0,7.4,2,0,0,1,29.0,6.9,Cape Cod
W2808,41.671039,-70.393715,2018.0,8.0,Summer,22.4,9.2,2,0,0,1,24.4,8.7,Cape Cod
W2808,41.671039,-70.393715,2018.0,8.0,Summer,17.4,9.5,2,0,0,1,19.4,9.0,Cape Cod
W2808,41.671039,-70.393715,2018.0,8.0,Summer,12.6,2.0,3,1,0,1,14.6,1.5,Cape Cod
W2805,41.6671004,-70.4441491,2018.0,8.0,Summer,27.8,8.2,2,0,0,1,29.8,7.699999999999999,Cape Cod
W2805,41.6671004,-70.4441491,2018.0,8.0,Summer,27.7,8.3,2,0,0,1,29.7,7.800000000000001,Cape Cod
W2805,41.6671004,-70.4441491,2018.0,8.0,Summer,27.3,8.2,2,0,0,1,29.3,7.699999999999999,Cape Cod
W2805,41.6671004,-70.4441491,2018.0,8.0,Summer,27.0,8.3,2,0,0,1,29.0,7.800000000000001,Cape Cod
W2805,41.6671004,-70.4441491,2018.0,8.0,Summer,25.9,7.4,2,0,0,1,27.9,6.9,Cape Cod
W2805,41.6671004,-70.4441491,2018.0,8.0,Summer,22.8,5.6,2,0,0,1,24.8,5.1,Cape Cod
W2787,41.811935,-70.5766951,2018.0,8.0,Summer,25.4,7.6,2,0,0,1,27.4,7.1,South Coastal
W2787,41.811935,-70.5766951,2018.0,8.0,Summer,25.4,7.6,2,0,0,1,27.4,7.1,South Coastal
W2787,41.811935,-70.5766951,2018.0,8.0,Summer,25.3,7.6,2,0,0,1,27.3,7.1,South Coastal
W2787,41.811935,-70.5766951,2018.0,8.0,Summer,25.3,7.6,2,0,0,1,27.3,7.1,South Coastal
W2787,41.811935,-70.5766951,2018.0,8.0,Summer,25.2,7.4,2,0,0,1,27.2,6.9,South Coastal
W2796,41.852937,-70.614673,2018.0,8.0,Summer,24.4,8.0,2,0,0,1,26.4,7.5,Buzzards Bay
W2796,41.852937,-70.614673,2018.0,8.0,Summer,24.4,7.9,2,0,0,1,26.4,7.4,Buzzards Bay
W2796,41.852937,-70.614673,2018.0,8.0,Summer,24.4,7.8,2,0,0,1,26.4,7.3,Buzzards Bay
W2796,41.852937,-70.614673,2018.0,8.0,Summer,24.3,7.1,2,0,0,1,26.3,6.6,Buzzards Bay
W2796,41.852937,-70.614673,2018.0,8.0,Summer,24.3,7.2,2,0,0,1,26.3,6.7,Buzzards Bay
W2796,41.852937,-70.614673,2018.0,8.0,Summer,24.1,7.6,2,0,0,1,26.1,7.1,Buzzards Bay
W2796,41.852937,-70.614673,2018.0,8.0,Summer,23.8,5.5,2,0,0,1,25.8,5.0,Buzzards Bay
W0958,41.96889822,-71.32511071,2018.0,8.0,Summer,24.9,8.7,2,0,0,1,26.9,8.2,Ten Mile
W0958,41.96889822,-71.32511071,2018.0,8.0,Summer,24.9,8.7,2,0,0,1,26.9,8.2,Ten Mile
W0958,41.96889822,-71.32511071,2018.0,8.0,Summer,24.9,8.7,2,0,0,1,26.9,8.2,Ten Mile
W0958,41.96889822,-71.32511071,2018.0,8.0,Summer,24.9,8.7,2,0,0,1,26.9,8.2,Ten Mile
W0958,41.96889822,-71.32511071,2018.0,8.0,Summer,23.6,4.6,3,1,0,1,25.6,4.1,Ten Mile
W0947,41.95142643,-71.11913351,2018.0,8.0,Summer,24.8,4.1,3,1,0,1,26.8,3.5999999999999996,Taunton
W0947,41.95142643,-71.11913351,2018.0,8.0,Summer,24.8,4.3,3,1,0,1,26.8,3.8,Taunton
W0947,41.95142643,-71.11913351,2018.0,8.0,Summer,24.7,3.9,3,1,0,1,26.7,3.4,Taunton
W0940,42.07840473,-71.11554731,2018.0,8.0,Summer,24.2,7.2,2,0,0,1,26.2,6.7,Taunton
W0940,42.07840473,-71.11554731,2018.0,8.0,Summer,24.2,7.2,2,0,0,1,26.2,6.7,Taunton
W0940,42.07840473,-71.11554731,2018.0,8.0,Summer,24.2,7.2,2,0,0,1,26.2,6.7,Taunton
W0940,42.07840473,-71.11554731,2018.0,8.0,Summer,24.2,7.2,2,0,0,1,26.2,6.7,Taunton
W2778,42.11454642,-70.97910126,2018.0,8.0,Summer,23.8,7.0,2,0,0,1,25.8,6.5,Taunton
W2778,42.11454642,-70.97910126,2018.0,8.0,Summer,23.8,6.9,2,0,0,1,25.8,6.4,Taunton
W2778,42.11454642,-70.97910126,2018.0,8.0,Summer,23.6,6.1,2,0,0,1,25.6,5.6,Taunton
W2778,42.11454642,-70.97910126,2018.0,8.0,Summer,20.2,1.3,3,1,0,1,22.2,0.8,Taunton
W2780,42.006179,-70.906276,2018.0,8.0,Summer,25.6,7.3,2,0,0,1,27.6,6.8,Taunton
W2780,42.006179,-70.906276,2018.0,8.0,Summer,24.2,5.8,2,0,0,1,26.2,5.3,Taunton
W2780,42.006179,-70.906276,2018.0,8.0,Summer,23.8,4.9,3,1,0,1,25.8,4.4,Taunton
W2780,42.006179,-70.906276,2018.0,8.0,Summer,23.7,4.7,3,1,0,1,25.7,4.2,Taunton
W2780,42.006179,-70.906276,2018.0,8.0,Summer,23.7,4.3,3,1,0,1,25.7,3.8,Taunton
W1093,42.05376314,-70.82255737,2018.0,8.0,Summer,25.0,7.0,2,0,0,1,27.0,6.5,South Coastal
W1093,42.05376314,-70.82255737,2018.0,8.0,Summer,24.4,3.9,3,1,0,1,26.4,3.4,South Coastal
W2814,41.9641053,-70.0077192,2018.0,8.0,Summer,25.8,6.6,2,0,0,1,27.8,6.1,Cape Cod
W2801,41.8295909,-69.9846351,2018.0,8.0,Summer,28.2,8.3,2,0,0,1,30.2,7.800000000000001,Cape Cod
W2801,41.8295909,-69.9846351,2018.0,8.0,Summer,27.5,8.4,2,0,0,1,29.5,7.9,Cape Cod
W2801,41.8295909,-69.9846351,2018.0,8.0,Summer,26.6,8.8,2,0,0,1,28.6,8.3,Cape Cod
W2801,41.8295909,-69.9846351,2018.0,8.0,Summer,26.0,8.6,2,0,0,1,28.0,8.1,Cape Cod
W2801,41.8295909,-69.9846351,2018.0,8.0,Summer,25.5,8.3,2,0,0,1,27.5,7.800000000000001,Cape Cod
W2801,41.8295909,-69.9846351,2018.0,8.0,Summer,24.8,6.6,2,0,0,1,26.8,6.1,Cape Cod
W2801,41.8295909,-69.9846351,2018.0,8.0,Summer,23.8,3.3,3,1,0,1,25.8,2.8,Cape Cod
W2810,41.703389,-69.986116,2018.0,8.0,Summer,26.9,8.0,2,0,0,1,28.9,7.5,Cape Cod
W2810,41.703389,-69.986116,2018.0,8.0,Summer,26.8,8.1,2,0,0,1,28.8,7.6,Cape Cod
W2810,41.703389,-69.986116,2018.0,8.0,Summer,26.8,8.2,2,0,0,1,28.8,7.699999999999999,Cape Cod
W2810,41.703389,-69.986116,2018.0,8.0,Summer,25.9,8.4,2,0,0,1,27.9,7.9,Cape Cod
W2810,41.703389,-69.986116,2018.0,8.0,Summer,25.3,8.3,2,0,0,1,27.3,7.800000000000001,Cape Cod
W2810,41.703389,-69.986116,2018.0,8.0,Summer,23.3,3.6,3,1,0,1,25.3,3.1,Cape Cod
W2810,41.703389,-69.986116,2018.0,8.0,Summer,18.1,1.8,3,1,0,1,20.1,1.3,Cape Cod
W2810,41.703389,-69.986116,2018.0,8.0,Summer,14.6,0.4,3,1,0,1,16.6,0.0,Cape Cod
W2791,41.75446,-70.79039,2018.0,9.0,Fall,27.0,7.9,1,0,0,1,29.0,7.4,Buzzards Bay
W2791,41.75446,-70.79039,2018.0,9.0,Fall,27.0,7.9,1,0,0,1,29.0,7.4,Buzzards Bay
W2791,41.75446,-70.79039,2018.0,9.0,Fall,27.0,7.6,1,0,0,1,29.0,7.1,Buzzards Bay
W2791,41.75446,-70.79039,2018.0,9.0,Fall,26.8,7.7,1,0,0,1,28.8,7.2,Buzzards Bay
W2791,41.75446,-70.79039,2018.0,9.0,Fall,26.2,7.1,1,0,0,1,28.2,6.6,Buzzards Bay
W2791,41.75446,-70.79039,2018.0,9.0,Fall,25.6,5.7,1,0,0,1,27.6,5.2,Buzzards Bay
W2791,41.75446,-70.79039,2018.0,9.0,Fall,23.6,1.0,2,1,0,1,25.6,0.5,Buzzards Bay
W2791,41.75446,-70.79039,2018.0,9.0,Fall,19.2,0.4,2,1,0,1,21.2,0.0,Buzzards Bay
W2775,41.671546,-71.126475,2018.0,9.0,Fall,26.8,8.9,1,0,0,1,28.8,8.4,Mount Hope Bay (Shore)
W2775,41.671546,-71.126475,2018.0,9.0,Fall,26.6,8.8,1,0,0,1,28.6,8.3,Mount Hope Bay (Shore)
W2775,41.671546,-71.126475,2018.0,9.0,Fall,26.5,8.6,1,0,0,1,28.5,8.1,Mount Hope Bay (Shore)
W2775,41.671546,-71.126475,2018.0,9.0,Fall,26.4,8.4,1,0,0,1,28.4,7.9,Mount Hope Bay (Shore)
W2775,41.671546,-71.126475,2018.0,9.0,Fall,25.8,7.3,1,0,0,1,27.8,6.8,Mount Hope Bay (Shore)
W2775,41.671546,-71.126475,2018.0,9.0,Fall,25.7,6.5,1,0,0,1,27.7,6.0,Mount Hope Bay (Shore)
W2775,41.671546,-71.126475,2018.0,9.0,Fall,25.6,6.0,1,0,0,1,27.6,5.5,Mount Hope Bay (Shore)
W2798,41.620352,-70.56532,2018.0,9.0,Fall,22.8,8.5,1,0,0,1,24.8,8.0,Cape Cod
W2798,41.620352,-70.56532,2018.0,9.0,Fall,22.8,8.5,1,0,0,1,24.8,8.0,Cape Cod
W2798,41.620352,-70.56532,2018.0,9.0,Fall,22.8,8.4,1,0,0,1,24.8,7.9,Cape Cod
W2798,41.620352,-70.56532,2018.0,9.0,Fall,22.7,8.3,1,0,0,1,24.7,7.800000000000001,Cape Cod
W2798,41.620352,-70.56532,2018.0,9.0,Fall,22.7,8.1,1,0,0,1,24.7,7.6,Cape Cod
W2798,41.620352,-70.56532,2018.0,9.0,Fall,22.5,7.7,1,0,0,1,24.5,7.2,Cape Cod
W2798,41.620352,-70.56532,2018.0,9.0,Fall,21.9,6.0,1,0,0,1,23.9,5.5,Cape Cod
W1308,41.65691189,-70.48391147,2018.0,9.0,Fall,23.2,8.5,1,0,0,1,25.2,8.0,Cape Cod
W1308,41.65691189,-70.48391147,2018.0,9.0,Fall,23.2,8.5,1,0,0,1,25.2,8.0,Cape Cod
W1308,41.65691189,-70.48391147,2018.0,9.0,Fall,23.2,8.5,1,0,0,1,25.2,8.0,Cape Cod
W1308,41.65691189,-70.48391147,2018.0,9.0,Fall,23.2,8.6,1,0,0,1,25.2,8.1,Cape Cod
W1308,41.65691189,-70.48391147,2018.0,9.0,Fall,23.1,8.5,1,0,0,1,25.1,8.0,Cape Cod
W1308,41.65691189,-70.48391147,2018.0,9.0,Fall,23.1,8.5,1,0,0,1,25.1,8.0,Cape Cod
W1308,41.65691189,-70.48391147,2018.0,9.0,Fall,23.0,8.2,1,0,0,1,25.0,7.699999999999999,Cape Cod
W1308,41.65691189,-70.48391147,2018.0,9.0,Fall,22.9,7.5,1,0,0,1,24.9,7.0,Cape Cod
W1308,41.65691189,-70.48391147,2018.0,9.0,Fall,22.8,7.3,1,0,0,1,24.8,6.8,Cape Cod
W1308,41.65691189,-70.48391147,2018.0,9.0,Fall,22.3,6.2,1,0,0,1,24.3,5.7,Cape Cod
W2789,41.804909,-70.611966,2018.0,9.0,Fall,23.8,8.4,1,0,0,1,25.8,7.9,Buzzards Bay
W2789,41.804909,-70.611966,2018.0,9.0,Fall,23.8,8.4,1,0,0,1,25.8,7.9,Buzzards Bay
W2789,41.804909,-70.611966,2018.0,9.0,Fall,23.8,8.4,1,0,0,1,25.8,7.9,Buzzards Bay
W2789,41.804909,-70.611966,2018.0,9.0,Fall,23.8,8.4,1,0,0,1,25.8,7.9,Buzzards Bay
W2789,41.804909,-70.611966,2018.0,9.0,Fall,23.8,8.3,1,0,0,1,25.8,7.800000000000001,Buzzards Bay
W2789,41.804909,-70.611966,2018.0,9.0,Fall,22.4,3.3,2,1,0,1,24.4,2.8,Buzzards Bay
W2789,41.804909,-70.611966,2018.0,9.0,Fall,21.6,0.3,2,1,0,1,23.6,0.0,Buzzards Bay
W2953,41.76842431,-70.72293943,2018.0,9.0,Fall,21.0,2.9,2,1,0,1,23.0,2.4,Buzzards Bay
W2953,41.76842431,-70.72293943,2018.0,9.0,Fall,20.5,1.6,2,1,0,1,22.5,1.1,Buzzards Bay
W2803,41.671685,-70.193271,2018.0,9.0,Fall,23.6,8.2,1,0,0,1,25.6,7.699999999999999,Cape Cod
W2803,41.671685,-70.193271,2018.0,9.0,Fall,23.6,8.2,1,0,0,1,25.6,7.699999999999999,Cape Cod
W2803,41.671685,-70.193271,2018.0,9.0,Fall,23.5,8.0,1,0,0,1,25.5,7.5,Cape Cod
W2803,41.671685,-70.193271,2018.0,9.0,Fall,23.4,7.7,1,0,0,1,25.4,7.2,Cape Cod
W2803,41.671685,-70.193271,2018.0,9.0,Fall,22.9,7.3,1,0,0,1,24.9,6.8,Cape Cod
W2803,41.671685,-70.193271,2018.0,9.0,Fall,22.3,5.6,1,0,0,1,24.3,5.1,Cape Cod
W2803,41.671685,-70.193271,2018.0,9.0,Fall,20.6,1.1,2,1,0,1,22.6,0.6000000000000001,Cape Cod
W2812,41.7024219,-70.1327421,2018.0,9.0,Fall,23.8,7.8,1,0,0,1,25.8,7.3,Cape Cod
W2812,41.7024219,-70.1327421,2018.0,9.0,Fall,23.8,7.8,1,0,0,1,25.8,7.3,Cape Cod
W2812,41.7024219,-70.1327421,2018.0,9.0,Fall,23.8,7.8,1,0,0,1,25.8,7.3,Cape Cod
W2812,41.7024219,-70.1327421,2018.0,9.0,Fall,23.8,7.8,1,0,0,1,25.8,7.3,Cape Cod
W2812,41.7024219,-70.1327421,2018.0,9.0,Fall,23.8,7.8,1,0,0,1,25.8,7.3,Cape Cod
W2812,41.7024219,-70.1327421,2018.0,9.0,Fall,23.8,7.8,1,0,0,1,25.8,7.3,Cape Cod
W2812,41.7024219,-70.1327421,2018.0,9.0,Fall,23.8,7.5,1,0,0,1,25.8,7.0,Cape Cod
W2812,41.7024219,-70.1327421,2018.0,9.0,Fall,23.7,6.4,1,0,0,1,25.7,5.9,Cape Cod
W2812,41.7024219,-70.1327421,2018.0,9.0,Fall,23.3,1.2,2,1,0,1,25.3,0.7,Cape Cod
W2773,41.7254646,-70.0397423,2018.0,9.0,Fall,21.6,6.0,1,0,0,1,23.6,5.5,Cape Cod
W2773,41.7254646,-70.0397423,2018.0,9.0,Fall,21.6,6.0,1,0,0,1,23.6,5.5,Cape Cod
W2773,41.7254646,-70.0397423,2018.0,9.0,Fall,21.6,6.0,1,0,0,1,23.6,5.5,Cape Cod
W2773,41.7254646,-70.0397423,2018.0,9.0,Fall,21.6,5.9,1,0,0,1,23.6,5.4,Cape Cod
W1237,41.71377641,-70.09062853,2018.0,9.0,Fall,22.3,7.6,1,0,0,1,24.3,7.1,Cape Cod
W1237,41.71377641,-70.09062853,2018.0,9.0,Fall,22.3,7.6,1,0,0,1,24.3,7.1,Cape Cod
W1237,41.71377641,-70.09062853,2018.0,9.0,Fall,22.3,7.6,1,0,0,1,24.3,7.1,Cape Cod
W1237,41.71377641,-70.09062853,2018.0,9.0,Fall,22.3,7.6,1,0,0,1,24.3,7.1,Cape Cod
W1237,41.71377641,-70.09062853,2018.0,9.0,Fall,22.3,7.6,1,0,0,1,24.3,7.1,Cape Cod
W1237,41.71377641,-70.09062853,2018.0,9.0,Fall,22.3,7.6,1,0,0,1,24.3,7.1,Cape Cod
W1237,41.71377641,-70.09062853,2018.0,9.0,Fall,22.2,7.5,1,0,0,1,24.2,7.0,Cape Cod
W1237,41.71377641,-70.09062853,2018.0,9.0,Fall,22.2,7.4,1,0,0,1,24.2,6.9,Cape Cod
W1237,41.71377641,-70.09062853,2018.0,9.0,Fall,22.1,7.5,1,0,0,1,24.1,7.0,Cape Cod
W1092,41.90533067,-70.55598017,2018.0,9.0,Fall,19.6,8.4,1,0,0,1,21.6,7.9,South Coastal
W1092,41.90533067,-70.55598017,2018.0,9.0,Fall,19.6,8.4,1,0,0,1,21.6,7.9,South Coastal
W1092,41.90533067,-70.55598017,2018.0,9.0,Fall,19.6,8.4,1,0,0,1,21.6,7.9,South Coastal
W1092,41.90533067,-70.55598017,2018.0,9.0,Fall,19.6,8.4,1,0,0,1,21.6,7.9,South Coastal
W1092,41.90533067,-70.55598017,2018.0,9.0,Fall,19.6,8.4,1,0,0,1,21.6,7.9,South Coastal
W1092,41.90533067,-70.55598017,2018.0,9.0,Fall,19.5,8.3,1,0,0,1,21.5,7.800000000000001,South Coastal
W1092,41.90533067,-70.55598017,2018.0,9.0,Fall,19.5,8.3,1,0,0,1,21.5,7.800000000000001,South Coastal
W1092,41.90533067,-70.55598017,2018.0,9.0,Fall,18.9,7.1,1,0,0,1,20.9,6.6,South Coastal
W2783,41.9207192,-70.6654059,2018.0,9.0,Fall,18.6,5.4,1,0,0,1,20.6,4.9,South Coastal
W2783,41.9207192,-70.6654059,2018.0,9.0,Fall,18.4,4.9,2,1,0,1,20.4,4.4,South Coastal
W2783,41.9207192,-70.6654059,2018.0,9.0,Fall,18.5,5.3,1,0,0,1,20.5,4.8,South Coastal
W2783,41.9207192,-70.6654059,2018.0,9.0,Fall,18.4,4.8,2,1,0,1,20.4,4.3,South Coastal
W2783,41.9207192,-70.6654059,2018.0,9.0,Fall,18.4,4.9,2,1,0,1,20.4,4.4,South Coastal
W2783,41.9207192,-70.6654059,2018.0,9.0,Fall,18.3,4.8,2,1,0,1,20.3,4.3,South Coastal
W2808,41.671039,-70.393715,2018.0,9.0,Fall,19.9,8.3,1,0,0,1,21.9,7.800000000000001,Cape Cod
W2808,41.671039,-70.393715,2018.0,9.0,Fall,19.9,8.3,1,0,0,1,21.9,7.800000000000001,Cape Cod
W2808,41.671039,-70.393715,2018.0,9.0,Fall,19.8,8.2,1,0,0,1,21.8,7.699999999999999,Cape Cod
W2808,41.671039,-70.393715,2018.0,9.0,Fall,19.8,8.2,1,0,0,1,21.8,7.699999999999999,Cape Cod
W2808,41.671039,-70.393715,2018.0,9.0,Fall,19.8,8.1,1,0,0,1,21.8,7.6,Cape Cod
W2808,41.671039,-70.393715,2018.0,9.0,Fall,19.3,6.4,1,0,0,1,21.3,5.9,Cape Cod
W2805,41.6671004,-70.4441491,2018.0,9.0,Fall,20.3,8.5,1,0,0,1,22.3,8.0,Cape Cod
W2805,41.6671004,-70.4441491,2018.0,9.0,Fall,20.2,8.4,1,0,0,1,22.2,7.9,Cape Cod
W2805,41.6671004,-70.4441491,2018.0,9.0,Fall,20.1,8.5,1,0,0,1,22.1,8.0,Cape Cod
W2805,41.6671004,-70.4441491,2018.0,9.0,Fall,20.1,8.4,1,0,0,1,22.1,7.9,Cape Cod
W2805,41.6671004,-70.4441491,2018.0,9.0,Fall,20.1,8.4,1,0,0,1,22.1,7.9,Cape Cod
W2805,41.6671004,-70.4441491,2018.0,9.0,Fall,20.0,8.1,1,0,0,1,22.0,7.6,Cape Cod
W2787,41.811935,-70.5766951,2018.0,9.0,Fall,20.6,8.4,1,0,0,1,22.6,7.9,South Coastal
W2787,41.811935,-70.5766951,2018.0,9.0,Fall,20.6,8.3,1,0,0,1,22.6,7.800000000000001,South Coastal
W2787,41.811935,-70.5766951,2018.0,9.0,Fall,20.5,8.3,1,0,0,1,22.5,7.800000000000001,South Coastal
W2787,41.811935,-70.5766951,2018.0,9.0,Fall,20.5,8.3,1,0,0,1,22.5,7.800000000000001,South Coastal
W2787,41.811935,-70.5766951,2018.0,9.0,Fall,20.5,8.4,1,0,0,1,22.5,7.9,South Coastal
W2787,41.811935,-70.5766951,2018.0,9.0,Fall,20.0,7.8,1,0,0,1,22.0,7.3,South Coastal
W2787,41.811935,-70.5766951,2018.0,9.0,Fall,19.6,6.8,1,0,0,1,21.6,6.3,South Coastal
W2787,41.811935,-70.5766951,2018.0,9.0,Fall,18.6,1.4,2,1,0,1,20.6,0.8999999999999999,South Coastal
W2796,41.852937,-70.614673,2018.0,9.0,Fall,19.6,9.9,1,0,0,1,21.6,9.4,Buzzards Bay
W2796,41.852937,-70.614673,2018.0,9.0,Fall,19.6,9.9,1,0,0,1,21.6,9.4,Buzzards Bay
W2796,41.852937,-70.614673,2018.0,9.0,Fall,19.6,9.7,1,0,0,1,21.6,9.2,Buzzards Bay
W2796,41.852937,-70.614673,2018.0,9.0,Fall,19.6,9.7,1,0,0,1,21.6,9.2,Buzzards Bay
W2796,41.852937,-70.614673,2018.0,9.0,Fall,19.6,9.6,1,0,0,1,21.6,9.1,Buzzards Bay
W2796,41.852937,-70.614673,2018.0,9.0,Fall,19.5,9.5,1,0,0,1,21.5,9.0,Buzzards Bay
W2796,41.852937,-70.614673,2018.0,9.0,Fall,19.5,9.2,1,0,0,1,21.5,8.7,Buzzards Bay
W2796,41.852937,-70.614673,2018.0,9.0,Fall,19.4,9.0,1,0,0,1,21.4,8.5,Buzzards Bay
W2220,42.03481475,-72.16158627,2017.0,12.0,Winter,1.0,13.2,1,0,0,1,3.0,12.7,Quinebaug
W0678,42.39432391,-72.04921345,2017.0,12.0,Winter,2.4,12.5,1,0,0,1,4.4,12.0,Chicopee
W2218,42.46470593,-72.38454489,2017.0,12.0,Winter,0.3,13.3,1,0,0,1,2.3,12.8,Chicopee
W0926,42.00459582,-70.84525352,2018.0,7.0,Summer,27.5,8.2,2,0,0,1,29.5,7.699999999999999,Taunton
W0926,42.00459582,-70.84525352,2018.0,7.0,Summer,27.5,8.2,2,0,0,1,29.5,7.699999999999999,Taunton
W0926,42.00459582,-70.84525352,2018.0,7.0,Summer,27.4,8.2,2,0,0,1,29.4,7.699999999999999,Taunton
W0926,42.00459582,-70.84525352,2018.0,7.0,Summer,27.3,8.2,2,0,0,1,29.3,7.699999999999999,Taunton
W0926,42.00459582,-70.84525352,2018.0,7.0,Summer,27.1,8.1,2,0,0,1,29.1,7.6,Taunton
W0926,42.00459582,-70.84525352,2018.0,7.0,Summer,27.0,7.8,2,0,0,1,29.0,7.3,Taunton
W0930,42.00146724,-70.83678103,2018.0,7.0,Summer,27.8,8.2,2,0,0,1,29.8,7.699999999999999,Taunton
W0930,42.00146724,-70.83678103,2018.0,7.0,Summer,27.6,8.2,2,0,0,1,29.6,7.699999999999999,Taunton
W0930,42.00146724,-70.83678103,2018.0,7.0,Summer,27.5,8.1,2,0,0,1,29.5,7.6,Taunton
W0930,42.00146724,-70.83678103,2018.0,7.0,Summer,27.4,8.0,2,0,0,1,29.4,7.5,Taunton
W0930,42.00146724,-70.83678103,2018.0,7.0,Summer,26.9,6.8,2,0,0,1,28.9,6.3,Taunton
W0930,42.00146724,-70.83678103,2018.0,7.0,Summer,26.2,5.4,2,0,0,1,28.2,4.9,Taunton
W0926,42.00459582,-70.84525352,2018.0,8.0,Summer,26.9,7.7,2,0,0,1,28.9,7.2,Taunton
W0926,42.00459582,-70.84525352,2018.0,8.0,Summer,26.6,7.7,2,0,0,1,28.6,7.2,Taunton
W0926,42.00459582,-70.84525352,2018.0,8.0,Summer,26.3,7.5,2,0,0,1,28.3,7.0,Taunton
W0926,42.00459582,-70.84525352,2018.0,8.0,Summer,26.2,7.6,2,0,0,1,28.2,7.1,Taunton
W0926,42.00459582,-70.84525352,2018.0,8.0,Summer,26.2,7.5,2,0,0,1,28.2,7.0,Taunton
W0926,42.00459582,-70.84525352,2018.0,8.0,Summer,26.1,6.6,2,0,0,1,28.1,6.1,Taunton
W0930,42.00146724,-70.83678103,2018.0,8.0,Summer,27.2,7.6,2,0,0,1,29.2,7.1,Taunton
W0930,42.00146724,-70.83678103,2018.0,8.0,Summer,26.6,7.6,2,0,0,1,28.6,7.1,Taunton
W0930,42.00146724,-70.83678103,2018.0,8.0,Summer,26.5,7.2,2,0,0,1,28.5,6.7,Taunton
W0930,42.00146724,-70.83678103,2018.0,8.0,Summer,26.3,6.5,2,0,0,1,28.3,6.0,Taunton
W0930,42.00146724,-70.83678103,2018.0,8.0,Summer,26.0,5.3,2,0,0,1,28.0,4.8,Taunton
W0930,42.00146724,-70.83678103,2018.0,8.0,Summer,25.9,4.7,4,1,1,1,27.9,4.2,Taunton
W0926,42.00459582,-70.84525352,2018.0,9.0,Fall,22.2,8.4,1,0,0,1,24.2,7.9,Taunton
W0926,42.00459582,-70.84525352,2018.0,9.0,Fall,22.2,8.4,1,0,0,1,24.2,7.9,Taunton
W0926,42.00459582,-70.84525352,2018.0,9.0,Fall,22.2,8.4,1,0,0,1,24.2,7.9,Taunton
W0926,42.00459582,-70.84525352,2018.0,9.0,Fall,22.2,8.3,1,0,0,1,24.2,7.800000000000001,Taunton
W0926,42.00459582,-70.84525352,2018.0,9.0,Fall,22.2,8.3,1,0,0,1,24.2,7.800000000000001,Taunton
W0926,42.00459582,-70.84525352,2018.0,9.0,Fall,21.7,6.7,1,0,0,1,23.7,6.2,Taunton
W0930,42.00146724,-70.83678103,2018.0,9.0,Fall,22.6,9.0,1,0,0,1,24.6,8.5,Taunton
W0930,42.00146724,-70.83678103,2018.0,9.0,Fall,22.6,9.0,1,0,0,1,24.6,8.5,Taunton
W0930,42.00146724,-70.83678103,2018.0,9.0,Fall,22.5,8.9,1,0,0,1,24.5,8.4,Taunton
W0930,42.00146724,-70.83678103,2018.0,9.0,Fall,22.4,8.7,1,0,0,1,24.4,8.2,Taunton
W0930,42.00146724,-70.83678103,2018.0,9.0,Fall,21.7,6.0,1,0,0,1,23.7,5.5,Taunton
W0930,42.00146724,-70.83678103,2018.0,9.0,Fall,21.4,6.1,1,0,0,1,23.4,5.6,Taunton
W0603,42.52346976,-71.6880925,2017.0,6.0,Summer,16.7,9.6,2,0,0,1,18.7,9.1,Nashua
W0603,42.52346976,-71.6880925,2017.0,6.0,Summer,16.7,9.5,2,0,0,1,18.7,9.0,Nashua
W0603,42.52346976,-71.6880925,2017.0,6.0,Summer,16.7,9.5,2,0,0,1,18.7,9.0,Nashua
W0603,42.52346976,-71.6880925,2017.0,6.0,Summer,11.8,8.4,2,0,0,1,13.8,7.9,Nashua
W0603,42.52346976,-71.6880925,2017.0,6.0,Summer,9.3,8.4,2,0,0,1,11.3,7.9,Nashua
W0603,42.52346976,-71.6880925,2017.0,6.0,Summer,7.3,8.8,2,0,0,1,9.3,8.3,Nashua
W0603,42.52346976,-71.6880925,2017.0,6.0,Summer,6.2,7.8,2,0,0,1,8.2,7.3,Nashua
W0603,42.52346976,-71.6880925,2017.0,6.0,Summer,5.9,8.3,2,0,0,1,7.9,7.800000000000001,Nashua
W0603,42.52346976,-71.6880925,2017.0,6.0,Summer,5.5,8.4,2,0,0,1,7.5,7.9,Nashua
W0603,42.52346976,-71.6880925,2017.0,6.0,Summer,5.4,6.9,2,0,0,1,7.4,6.4,Nashua
W0603,42.52346976,-71.6880925,2017.0,6.0,Summer,5.3,5.4,2,0,0,1,7.3,4.9,Nashua
W0603,42.52346976,-71.6880925,2017.0,6.0,Summer,5.2,3.1,3,1,0,1,7.2,2.6,Nashua
W2688,42.5375642,-71.6046167,2017.0,6.0,Summer,16.4,11.1,2,0,0,1,18.4,10.6,Nashua
W2688,42.5375642,-71.6046167,2017.0,6.0,Summer,15.8,10.1,2,0,0,1,17.8,9.6,Nashua
W2688,42.5375642,-71.6046167,2017.0,6.0,Summer,15.5,8.5,2,0,0,1,17.5,8.0,Nashua
W2684,42.5663185,-71.388142,2017.0,6.0,Summer,15.4,7.7,2,0,0,1,17.4,7.2,Concord (SuAsCo)
W2684,42.5663185,-71.388142,2017.0,6.0,Summer,15.3,7.6,2,0,0,1,17.3,7.1,Concord (SuAsCo)
W2684,42.5663185,-71.388142,2017.0,6.0,Summer,15.3,7.6,2,0,0,1,17.3,7.1,Concord (SuAsCo)
W2684,42.5663185,-71.388142,2017.0,6.0,Summer,14.7,6.5,2,0,0,1,16.7,6.0,Concord (SuAsCo)
W2684,42.5663185,-71.388142,2017.0,6.0,Summer,13.7,5.0,2,0,0,1,15.7,4.5,Concord (SuAsCo)
W2674,42.6167752,-71.42794,2017.0,6.0,Summer,17.6,9.5,2,0,0,1,19.6,9.0,Merrimack
W2674,42.6167752,-71.42794,2017.0,6.0,Summer,17.4,9.6,2,0,0,1,19.4,9.1,Merrimack
W2674,42.6167752,-71.42794,2017.0,6.0,Summer,16.9,9.4,2,0,0,1,18.9,8.9,Merrimack
W2674,42.6167752,-71.42794,2017.0,6.0,Summer,16.8,9.5,2,0,0,1,18.8,9.0,Merrimack
W2674,42.6167752,-71.42794,2017.0,6.0,Summer,16.7,9.5,2,0,0,1,18.7,9.0,Merrimack
W2674,42.6167752,-71.42794,2017.0,6.0,Summer,16.6,9.2,2,0,0,1,18.6,8.7,Merrimack
W2674,42.6167752,-71.42794,2017.0,6.0,Summer,14.0,7.2,2,0,0,1,16.0,6.7,Merrimack
W2097,42.19218292,-71.09296807,2017.0,6.0,Summer,19.6,9.4,2,0,0,1,21.6,8.9,Neponset
W2097,42.19218292,-71.09296807,2017.0,6.0,Summer,19.1,9.5,2,0,0,1,21.1,9.0,Neponset
W2097,42.19218292,-71.09296807,2017.0,6.0,Summer,17.3,9.4,2,0,0,1,19.3,8.9,Neponset
W2097,42.19218292,-71.09296807,2017.0,6.0,Summer,16.8,9.5,2,0,0,1,18.8,9.0,Neponset
W0970,42.06605001,-71.3520429,2017.0,6.0,Summer,17.7,9.5,2,0,0,1,19.7,9.0,Charles
W0970,42.06605001,-71.3520429,2017.0,6.0,Summer,17.2,9.4,2,0,0,1,19.2,8.9,Charles
W0970,42.06605001,-71.3520429,2017.0,6.0,Summer,17.1,9.3,2,0,0,1,19.1,8.8,Charles
W0970,42.06605001,-71.3520429,2017.0,6.0,Summer,16.7,9.2,2,0,0,1,18.7,8.7,Charles
W0970,42.06605001,-71.3520429,2017.0,6.0,Summer,16.0,8.7,2,0,0,1,18.0,8.2,Charles
W0970,42.06605001,-71.3520429,2017.0,6.0,Summer,14.3,6.7,2,0,0,1,16.3,6.2,Charles
W0970,42.06605001,-71.3520429,2017.0,6.0,Summer,13.2,5.8,2,0,0,1,15.2,5.3,Charles
W0970,42.06605001,-71.3520429,2017.0,6.0,Summer,11.2,4.4,3,1,0,1,13.2,3.9000000000000004,Charles
W0970,42.06605001,-71.3520429,2017.0,6.0,Summer,9.4,1.3,3,1,0,1,11.4,0.8,Charles
W2672,42.39611,-71.4949986,2017.0,6.0,Summer,23.3,9.5,2,0,0,1,25.3,9.0,Concord (SuAsCo)
W2672,42.39611,-71.4949986,2017.0,6.0,Summer,22.8,9.7,2,0,0,1,24.8,9.2,Concord (SuAsCo)
W2672,42.39611,-71.4949986,2017.0,6.0,Summer,21.1,10.2,2,0,0,1,23.1,9.7,Concord (SuAsCo)
W2672,42.39611,-71.4949986,2017.0,6.0,Summer,19.2,10.2,2,0,0,1,21.2,9.7,Concord (SuAsCo)
W2672,42.39611,-71.4949986,2017.0,6.0,Summer,15.7,9.8,2,0,0,1,17.7,9.3,Concord (SuAsCo)
W2672,42.39611,-71.4949986,2017.0,6.0,Summer,13.3,6.8,2,0,0,1,15.3,6.3,Concord (SuAsCo)
W2717,42.3167909,-71.6184564,2017.0,6.0,Summer,26.0,9.1,2,0,0,1,28.0,8.6,Concord (SuAsCo)
W2717,42.3167909,-71.6184564,2017.0,6.0,Summer,20.9,13.6,2,0,0,1,22.9,13.1,Concord (SuAsCo)
W2717,42.3167909,-71.6184564,2017.0,6.0,Summer,16.1,6.5,2,0,0,1,18.1,6.0,Concord (SuAsCo)
W2690,42.3059341,-71.6172087,2017.0,6.0,Summer,27.1,9.1,2,0,0,1,29.1,8.6,Concord (SuAsCo)
W2690,42.3059341,-71.6172087,2017.0,6.0,Summer,22.9,10.1,2,0,0,1,24.9,9.6,Concord (SuAsCo)
W2690,42.3059341,-71.6172087,2017.0,6.0,Summer,19.8,9.6,2,0,0,1,21.8,9.1,Concord (SuAsCo)
W2690,42.3059341,-71.6172087,2017.0,6.0,Summer,18.3,8.5,2,0,0,1,20.3,8.0,Concord (SuAsCo)
W2690,42.3059341,-71.6172087,2017.0,6.0,Summer,16.7,4.2,3,1,0,1,18.7,3.7,Concord (SuAsCo)
W2690,42.3059341,-71.6172087,2017.0,6.0,Summer,15.5,1.8,3,1,0,1,17.5,1.3,Concord (SuAsCo)
W2690,42.3059341,-71.6172087,2017.0,6.0,Summer,14.2,4.1,3,1,0,1,16.2,3.5999999999999996,Concord (SuAsCo)
W2690,42.3059341,-71.6172087,2017.0,6.0,Summer,12.9,2.4,3,1,0,1,14.9,1.9,Concord (SuAsCo)
W2690,42.3059341,-71.6172087,2017.0,6.0,Summer,12.2,0.6,3,1,0,1,14.2,0.09999999999999998,Concord (SuAsCo)
W2701,42.495176,-71.0050255,2017.0,6.0,Summer,24.8,8.9,2,0,0,1,26.8,8.4,North Coastal
W2701,42.495176,-71.0050255,2017.0,6.0,Summer,24.4,8.8,2,0,0,1,26.4,8.3,North Coastal
W2701,42.495176,-71.0050255,2017.0,6.0,Summer,20.5,9.4,2,0,0,1,22.5,8.9,North Coastal
W2701,42.495176,-71.0050255,2017.0,6.0,Summer,17.5,8.8,2,0,0,1,19.5,8.3,North Coastal
W2701,42.495176,-71.0050255,2017.0,6.0,Summer,16.0,8.0,2,0,0,1,18.0,7.5,North Coastal
W2701,42.495176,-71.0050255,2017.0,6.0,Summer,14.4,6.8,2,0,0,1,16.4,6.3,North Coastal
W2701,42.495176,-71.0050255,2017.0,6.0,Summer,12.6,6.3,2,0,0,1,14.6,5.8,North Coastal
W2701,42.495176,-71.0050255,2017.0,6.0,Summer,10.9,5.2,2,0,0,1,12.9,4.7,North Coastal
W2701,42.495176,-71.0050255,2017.0,6.0,Summer,9.8,2.7,3,1,0,1,11.8,2.2,North Coastal
W2701,42.495176,-71.0050255,2017.0,6.0,Summer,9.4,0.5,3,1,0,1,11.4,0.0,North Coastal
W2715,42.6889889,-71.0370628,2017.0,6.0,Summer,25.6,8.7,2,0,0,1,27.6,8.2,Ipswich
W2715,42.6889889,-71.0370628,2017.0,6.0,Summer,23.2,9.3,2,0,0,1,25.2,8.8,Ipswich
W2715,42.6889889,-71.0370628,2017.0,6.0,Summer,17.6,10.3,2,0,0,1,19.6,9.8,Ipswich
W2715,42.6889889,-71.0370628,2017.0,6.0,Summer,15.6,7.1,2,0,0,1,17.6,6.6,Ipswich
W2715,42.6889889,-71.0370628,2017.0,6.0,Summer,12.5,4.4,3,1,0,1,14.5,3.9000000000000004,Ipswich
W2715,42.6889889,-71.0370628,2017.0,6.0,Summer,9.9,2.6,3,1,0,1,11.9,2.1,Ipswich
W2699,42.3766553,-71.7695512,2017.0,6.0,Summer,24.4,8.1,2,0,0,1,26.4,7.6,Nashua
W2699,42.3766553,-71.7695512,2017.0,6.0,Summer,23.9,9.1,2,0,0,1,25.9,8.6,Nashua
W2699,42.3766553,-71.7695512,2017.0,6.0,Summer,20.8,13.8,2,0,0,1,22.8,13.3,Nashua
W2699,42.3766553,-71.7695512,2017.0,6.0,Summer,17.4,14.4,2,0,0,1,19.4,13.9,Nashua
W2699,42.3766553,-71.7695512,2017.0,6.0,Summer,14.8,13.7,2,0,0,1,16.8,13.2,Nashua
W2699,42.3766553,-71.7695512,2017.0,6.0,Summer,13.4,2.7,3,1,0,1,15.4,2.2,Nashua
W2666,42.2585509,-71.8916635,2017.0,6.0,Summer,24.9,8.2,2,0,0,1,26.9,7.699999999999999,Blackstone
W2666,42.2585509,-71.8916635,2017.0,6.0,Summer,22.7,8.6,2,0,0,1,24.7,8.1,Blackstone
W2666,42.2585509,-71.8916635,2017.0,6.0,Summer,21.8,7.8,2,0,0,1,23.8,7.3,Blackstone
W2666,42.2585509,-71.8916635,2017.0,6.0,Summer,19.2,8.0,2,0,0,1,21.2,7.5,Blackstone
W2666,42.2585509,-71.8916635,2017.0,6.0,Summer,17.5,9.6,2,0,0,1,19.5,9.1,Blackstone
W2666,42.2585509,-71.8916635,2017.0,6.0,Summer,16.1,10.8,2,0,0,1,18.1,10.3,Blackstone
W2712,42.6487901,-71.8434475,2017.0,6.0,Summer,22.7,8.5,2,0,0,1,24.7,8.0,Nashua
W2712,42.6487901,-71.8434475,2017.0,6.0,Summer,22.7,8.5,2,0,0,1,24.7,8.0,Nashua
W2712,42.6487901,-71.8434475,2017.0,6.0,Summer,22.6,8.5,2,0,0,1,24.6,8.0,Nashua
W2712,42.6487901,-71.8434475,2017.0,6.0,Summer,20.3,9.0,2,0,0,1,22.3,8.5,Nashua
W2712,42.6487901,-71.8434475,2017.0,6.0,Summer,16.1,8.3,2,0,0,1,18.1,7.800000000000001,Nashua
W2712,42.6487901,-71.8434475,2017.0,6.0,Summer,14.7,5.1,2,0,0,1,16.7,4.6,Nashua
W2696,42.6613996,-71.8825117,2017.0,6.0,Summer,23.9,8.5,2,0,0,1,25.9,8.0,Merrimack
W2696,42.6613996,-71.8825117,2017.0,6.0,Summer,23.6,8.5,2,0,0,1,25.6,8.0,Merrimack
W2696,42.6613996,-71.8825117,2017.0,6.0,Summer,23.6,8.5,2,0,0,1,25.6,8.0,Merrimack
W2696,42.6613996,-71.8825117,2017.0,6.0,Summer,23.5,8.5,2,0,0,1,25.5,8.0,Merrimack
W2696,42.6613996,-71.8825117,2017.0,6.0,Summer,23.4,8.4,2,0,0,1,25.4,7.9,Merrimack
W2694,42.1145632,-71.7422755,2017.0,6.0,Summer,23.8,8.0,2,0,0,1,25.8,7.5,Blackstone
W2694,42.1145632,-71.7422755,2017.0,6.0,Summer,23.8,8.0,2,0,0,1,25.8,7.5,Blackstone
W2694,42.1145632,-71.7422755,2017.0,6.0,Summer,23.7,8.0,2,0,0,1,25.7,7.5,Blackstone
W2694,42.1145632,-71.7422755,2017.0,6.0,Summer,23.6,7.8,2,0,0,1,25.6,7.3,Blackstone
W2694,42.1145632,-71.7422755,2017.0,6.0,Summer,23.0,9.0,2,0,0,1,25.0,8.5,Blackstone
W2694,42.1145632,-71.7422755,2017.0,6.0,Summer,21.8,10.4,2,0,0,1,23.8,9.9,Blackstone
W2694,42.1145632,-71.7422755,2017.0,6.0,Summer,21.5,10.1,2,0,0,1,23.5,9.6,Blackstone
W2676,42.0475462,-71.7682111,2017.0,6.0,Summer,24.2,7.5,2,0,0,1,26.2,7.0,Blackstone
W2676,42.0475462,-71.7682111,2017.0,6.0,Summer,23.2,7.4,2,0,0,1,25.2,6.9,Blackstone
W2676,42.0475462,-71.7682111,2017.0,6.0,Summer,23.1,7.3,2,0,0,1,25.1,6.8,Blackstone
W2676,42.0475462,-71.7682111,2017.0,6.0,Summer,22.0,5.5,2,0,0,1,24.0,5.0,Blackstone
W2676,42.0475462,-71.7682111,2017.0,6.0,Summer,17.6,2.0,3,1,0,1,19.6,1.5,Blackstone
W2686,42.4942145,-71.7835053,2017.0,6.0,Summer,23.8,8.1,2,0,0,1,25.8,7.6,Nashua
W2686,42.4942145,-71.7835053,2017.0,6.0,Summer,23.8,8.1,2,0,0,1,25.8,7.6,Nashua
W2686,42.4942145,-71.7835053,2017.0,6.0,Summer,23.7,8.1,2,0,0,1,25.7,7.6,Nashua
W2686,42.4942145,-71.7835053,2017.0,6.0,Summer,19.6,8.8,2,0,0,1,21.6,8.3,Nashua
W2686,42.4942145,-71.7835053,2017.0,6.0,Summer,15.3,7.9,2,0,0,1,17.3,7.4,Nashua
W2686,42.4942145,-71.7835053,2017.0,6.0,Summer,13.0,6.0,2,0,0,1,15.0,5.5,Nashua
W2686,42.4942145,-71.7835053,2017.0,6.0,Summer,11.3,3.3,3,1,0,1,13.3,2.8,Nashua
W2692,42.5083102,-71.8811837,2017.0,6.0,Summer,23.3,8.0,2,0,0,1,25.3,7.5,Nashua
W2692,42.5083102,-71.8811837,2017.0,6.0,Summer,23.3,7.9,2,0,0,1,25.3,7.4,Nashua
W2692,42.5083102,-71.8811837,2017.0,6.0,Summer,23.3,7.8,2,0,0,1,25.3,7.3,Nashua
W2692,42.5083102,-71.8811837,2017.0,6.0,Summer,23.1,7.4,2,0,0,1,25.1,6.9,Nashua
W2692,42.5083102,-71.8811837,2017.0,6.0,Summer,17.8,7.8,2,0,0,1,19.8,7.3,Nashua
W2692,42.5083102,-71.8811837,2017.0,6.0,Summer,15.3,7.7,2,0,0,1,17.3,7.2,Nashua
W2692,42.5083102,-71.8811837,2017.0,6.0,Summer,13.6,4.2,3,1,0,1,15.6,3.7,Nashua
W2692,42.5083102,-71.8811837,2017.0,6.0,Summer,12.7,0.2,3,1,0,1,14.7,0.0,Nashua
W2708,42.5168034,-71.8554472,2017.0,6.0,Summer,23.8,7.1,2,0,0,1,25.8,6.6,Nashua
W2708,42.5168034,-71.8554472,2017.0,6.0,Summer,23.7,7.2,2,0,0,1,25.7,6.7,Nashua
W2708,42.5168034,-71.8554472,2017.0,6.0,Summer,23.4,7.7,2,0,0,1,25.4,7.2,Nashua
W2708,42.5168034,-71.8554472,2017.0,6.0,Summer,19.4,9.1,2,0,0,1,21.4,8.6,Nashua
W2708,42.5168034,-71.8554472,2017.0,6.0,Summer,17.6,5.8,2,0,0,1,19.6,5.3,Nashua
W2704,42.4446923,-71.1158183,2017.0,6.0,Summer,23.8,8.2,2,0,0,1,25.8,7.699999999999999,Mystic
W2704,42.4446923,-71.1158183,2017.0,6.0,Summer,23.8,8.3,2,0,0,1,25.8,7.800000000000001,Mystic
W2704,42.4446923,-71.1158183,2017.0,6.0,Summer,23.7,8.2,2,0,0,1,25.7,7.699999999999999,Mystic
W2704,42.4446923,-71.1158183,2017.0,6.0,Summer,22.8,8.4,2,0,0,1,24.8,7.9,Mystic
W2704,42.4446923,-71.1158183,2017.0,6.0,Summer,18.5,9.3,2,0,0,1,20.5,8.8,Mystic
W2704,42.4446923,-71.1158183,2017.0,6.0,Summer,15.0,9.8,2,0,0,1,17.0,9.3,Mystic
W2704,42.4446923,-71.1158183,2017.0,6.0,Summer,11.8,10.5,2,0,0,1,13.8,10.0,Mystic
W2704,42.4446923,-71.1158183,2017.0,6.0,Summer,10.3,8.7,2,0,0,1,12.3,8.2,Mystic
W2704,42.4446923,-71.1158183,2017.0,6.0,Summer,9.4,8.4,2,0,0,1,11.4,7.9,Mystic
W2704,42.4446923,-71.1158183,2017.0,6.0,Summer,8.7,6.2,2,0,0,1,10.7,5.7,Mystic
W2704,42.4446923,-71.1158183,2017.0,6.0,Summer,8.4,4.4,3,1,0,1,10.4,3.9000000000000004,Mystic
W2704,42.4446923,-71.1158183,2017.0,6.0,Summer,8.2,0.3,3,1,0,1,10.2,0.0,Mystic
W2710,42.6074803,-71.1097834,2017.0,6.0,Summer,24.7,7.1,2,0,0,1,26.7,6.6,Ipswich
W2710,42.6074803,-71.1097834,2017.0,6.0,Summer,24.1,6.7,2,0,0,1,26.1,6.2,Ipswich
W2710,42.6074803,-71.1097834,2017.0,6.0,Summer,23.9,6.4,2,0,0,1,25.9,5.9,Ipswich
W2710,42.6074803,-71.1097834,2017.0,6.0,Summer,23.6,5.9,2,0,0,1,25.6,5.4,Ipswich
W2710,42.6074803,-71.1097834,2017.0,6.0,Summer,22.0,2.7,3,1,0,1,24.0,2.2,Ipswich
W2678,42.7986363,-71.1439465,2017.0,7.0,Summer,26.1,8.4,2,0,0,1,28.1,7.9,Merrimack
W2678,42.7986363,-71.1439465,2017.0,7.0,Summer,26.0,8.3,2,0,0,1,28.0,7.800000000000001,Merrimack
W2678,42.7986363,-71.1439465,2017.0,7.0,Summer,26.0,8.3,2,0,0,1,28.0,7.800000000000001,Merrimack
W2678,42.7986363,-71.1439465,2017.0,7.0,Summer,25.8,8.2,2,0,0,1,27.8,7.699999999999999,Merrimack
W2678,42.7986363,-71.1439465,2017.0,7.0,Summer,21.7,7.2,2,0,0,1,23.7,6.7,Merrimack
W2678,42.7986363,-71.1439465,2017.0,7.0,Summer,16.3,4.4,3,1,0,1,18.3,3.9000000000000004,Merrimack
W2678,42.7986363,-71.1439465,2017.0,7.0,Summer,12.0,6.0,2,0,0,1,14.0,5.5,Merrimack
W2678,42.7986363,-71.1439465,2017.0,7.0,Summer,8.4,5.2,2,0,0,1,10.4,4.7,Merrimack
W2678,42.7986363,-71.1439465,2017.0,7.0,Summer,7.0,4.1,3,1,0,1,9.0,3.5999999999999996,Merrimack
W2678,42.7986363,-71.1439465,2017.0,7.0,Summer,6.6,3.4,3,1,0,1,8.6,2.9,Merrimack
W2678,42.7986363,-71.1439465,2017.0,7.0,Summer,6.3,4.0,3,1,0,1,8.3,3.5,Merrimack
W2678,42.7986363,-71.1439465,2017.0,7.0,Summer,6.0,4.4,3,1,0,1,8.0,3.9000000000000004,Merrimack
W2678,42.7986363,-71.1439465,2017.0,7.0,Summer,5.9,4.4,3,1,0,1,7.9,3.9000000000000004,Merrimack
W2678,42.7986363,-71.1439465,2017.0,7.0,Summer,5.8,3.5,3,1,0,1,7.8,3.0,Merrimack
W2678,42.7986363,-71.1439465,2017.0,7.0,Summer,5.8,2.2,3,1,0,1,7.8,1.7000000000000002,Merrimack
W2678,42.7986363,-71.1439465,2017.0,7.0,Summer,5.8,0.6,3,1,0,1,7.8,0.09999999999999998,Merrimack
W2680,42.7989549,-70.9325918,2017.0,7.0,Summer,27.6,9.3,2,0,0,1,29.6,8.8,Merrimack
W2680,42.7989549,-70.9325918,2017.0,7.0,Summer,26.9,9.5,2,0,0,1,28.9,9.0,Merrimack
W2680,42.7989549,-70.9325918,2017.0,7.0,Summer,26.0,9.2,2,0,0,1,28.0,8.7,Merrimack
W2682,42.3019466,-71.5128697,2017.0,7.0,Summer,25.6,8.3,2,0,0,1,27.6,7.800000000000001,Concord (SuAsCo)
W2682,42.3019466,-71.5128697,2017.0,7.0,Summer,25.6,8.3,2,0,0,1,27.6,7.800000000000001,Concord (SuAsCo)
W2682,42.3019466,-71.5128697,2017.0,7.0,Summer,25.6,8.4,2,0,0,1,27.6,7.9,Concord (SuAsCo)
W2682,42.3019466,-71.5128697,2017.0,7.0,Summer,23.2,7.1,2,0,0,1,25.2,6.6,Concord (SuAsCo)
W2682,42.3019466,-71.5128697,2017.0,7.0,Summer,19.5,5.8,2,0,0,1,21.5,5.3,Concord (SuAsCo)
W2682,42.3019466,-71.5128697,2017.0,7.0,Summer,17.5,4.7,3,1,0,1,19.5,4.2,Concord (SuAsCo)
W2682,42.3019466,-71.5128697,2017.0,7.0,Summer,16.4,4.1,3,1,0,1,18.4,3.5999999999999996,Concord (SuAsCo)
W2682,42.3019466,-71.5128697,2017.0,7.0,Summer,15.6,3.9,3,1,0,1,17.6,3.4,Concord (SuAsCo)
W2682,42.3019466,-71.5128697,2017.0,7.0,Summer,14.5,4.1,3,1,0,1,16.5,3.5999999999999996,Concord (SuAsCo)
W2682,42.3019466,-71.5128697,2017.0,7.0,Summer,14.0,4.4,3,1,0,1,16.0,3.9000000000000004,Concord (SuAsCo)
W2682,42.3019466,-71.5128697,2017.0,7.0,Summer,13.6,2.6,3,1,0,1,15.6,2.1,Concord (SuAsCo)
W2682,42.3019466,-71.5128697,2017.0,7.0,Summer,13.2,5.1,2,0,0,1,15.2,4.6,Concord (SuAsCo)
W2682,42.3019466,-71.5128697,2017.0,7.0,Summer,12.8,4.4,3,1,0,1,14.8,3.9000000000000004,Concord (SuAsCo)
W2682,42.3019466,-71.5128697,2017.0,7.0,Summer,12.6,4.5,3,1,0,1,14.6,4.0,Concord (SuAsCo)
W2682,42.3019466,-71.5128697,2017.0,7.0,Summer,12.4,3.7,3,1,0,1,14.4,3.2,Concord (SuAsCo)
W2682,42.3019466,-71.5128697,2017.0,7.0,Summer,12.3,3.4,3,1,0,1,14.3,2.9,Concord (SuAsCo)
W2668,42.2865424,-71.412718,2017.0,7.0,Summer,25.7,7.0,2,0,0,1,27.7,6.5,Concord (SuAsCo)
W2668,42.2865424,-71.412718,2017.0,7.0,Summer,25.6,6.9,2,0,0,1,27.6,6.4,Concord (SuAsCo)
W2670,42.4102831,-71.2674529,2017.0,7.0,Summer,25.5,8.1,1,0,0,0,27.5,7.6,Charles
W2670,42.4102831,-71.2674529,2017.0,7.0,Summer,25.5,8.1,1,0,0,0,27.5,7.6,Charles
W2670,42.4102831,-71.2674529,2017.0,7.0,Summer,25.5,8.0,1,0,0,0,27.5,7.5,Charles
W2670,42.4102831,-71.2674529,2017.0,7.0,Summer,25.4,8.0,1,0,0,0,27.4,7.5,Charles
W2670,42.4102831,-71.2674529,2017.0,7.0,Summer,24.1,6.5,1,0,0,0,26.1,6.0,Charles
W2670,42.4102831,-71.2674529,2017.0,7.0,Summer,17.9,1.2,2,1,0,0,19.9,0.7,Charles
W2706,42.4607823,-71.4322555,2017.0,7.0,Summer,25.0,8.2,1,0,0,0,27.0,7.699999999999999,Concord (SuAsCo)
W2706,42.4607823,-71.4322555,2017.0,7.0,Summer,25.0,8.2,1,0,0,0,27.0,7.699999999999999,Concord (SuAsCo)
W2706,42.4607823,-71.4322555,2017.0,7.0,Summer,22.1,5.7,1,0,0,0,24.1,5.2,Concord (SuAsCo)
W0603,42.52346976,-71.6880925,2017.0,7.0,Summer,26.2,8.9,2,0,0,1,28.2,8.4,Nashua
W0603,42.52346976,-71.6880925,2017.0,7.0,Summer,26.0,9.0,2,0,0,1,28.0,8.5,Nashua
W0603,42.52346976,-71.6880925,2017.0,7.0,Summer,24.0,8.8,2,0,0,1,26.0,8.3,Nashua
W0603,42.52346976,-71.6880925,2017.0,7.0,Summer,12.1,6.2,2,0,0,1,14.1,5.7,Nashua
W0603,42.52346976,-71.6880925,2017.0,7.0,Summer,9.2,5.5,2,0,0,1,11.2,5.0,Nashua
W0603,42.52346976,-71.6880925,2017.0,7.0,Summer,7.3,4.7,3,1,0,1,9.3,4.2,Nashua
W0603,42.52346976,-71.6880925,2017.0,7.0,Summer,6.5,5.2,2,0,0,1,8.5,4.7,Nashua
W0603,42.52346976,-71.6880925,2017.0,7.0,Summer,6.0,6.1,2,0,0,1,8.0,5.6,Nashua
W0603,42.52346976,-71.6880925,2017.0,7.0,Summer,5.7,5.4,2,0,0,1,7.7,4.9,Nashua
W0603,42.52346976,-71.6880925,2017.0,7.0,Summer,5.5,0.2,3,1,0,1,7.5,0.0,Nashua
W0603,42.52346976,-71.6880925,2017.0,7.0,Summer,5.4,0.7,3,1,0,1,7.4,0.19999999999999996,Nashua
W2688,42.5375642,-71.6046167,2017.0,7.0,Summer,26.0,6.7,2,0,0,1,28.0,6.2,Nashua
W2688,42.5375642,-71.6046167,2017.0,7.0,Summer,24.9,5.3,2,0,0,1,26.9,4.8,Nashua
W2688,42.5375642,-71.6046167,2017.0,7.0,Summer,23.9,2.7,3,1,0,1,25.9,2.2,Nashua
W2684,42.5663185,-71.388142,2017.0,7.0,Summer,27.1,8.6,1,0,0,0,29.1,8.1,Concord (SuAsCo)
W2684,42.5663185,-71.388142,2017.0,7.0,Summer,24.5,4.9,2,1,0,0,26.5,4.4,Concord (SuAsCo)
W2674,42.6167752,-71.42794,2017.0,7.0,Summer,26.7,9.4,1,0,0,0,28.7,8.9,Merrimack
W2674,42.6167752,-71.42794,2017.0,7.0,Summer,26.0,9.5,1,0,0,0,28.0,9.0,Merrimack
W2674,42.6167752,-71.42794,2017.0,7.0,Summer,24.7,9.1,1,0,0,0,26.7,8.6,Merrimack
W2674,42.6167752,-71.42794,2017.0,7.0,Summer,23.5,7.3,1,0,0,0,25.5,6.8,Merrimack
W2674,42.6167752,-71.42794,2017.0,7.0,Summer,18.6,2.9,2,1,0,0,20.6,2.4,Merrimack
W2097,42.19218292,-71.09296807,2017.0,7.0,Summer,27.9,8.2,2,0,0,1,29.9,7.699999999999999,Neponset
W2097,42.19218292,-71.09296807,2017.0,7.0,Summer,27.6,8.2,2,0,0,1,29.6,7.699999999999999,Neponset
W2097,42.19218292,-71.09296807,2017.0,7.0,Summer,26.0,9.1,2,0,0,1,28.0,8.6,Neponset
W2097,42.19218292,-71.09296807,2017.0,7.0,Summer,25.5,9.2,2,0,0,1,27.5,8.7,Neponset
W0970,42.06605001,-71.3520429,2017.0,7.0,Summer,28.2,9.8,2,0,0,1,30.2,9.3,Charles
W0970,42.06605001,-71.3520429,2017.0,7.0,Summer,27.6,10.3,2,0,0,1,29.6,9.8,Charles
W0970,42.06605001,-71.3520429,2017.0,7.0,Summer,25.1,11.1,2,0,0,1,27.1,10.6,Charles
W0970,42.06605001,-71.3520429,2017.0,7.0,Summer,23.2,6.8,2,0,0,1,25.2,6.3,Charles
W0970,42.06605001,-71.3520429,2017.0,7.0,Summer,20.5,3.5,3,1,0,1,22.5,3.0,Charles
W0970,42.06605001,-71.3520429,2017.0,7.0,Summer,16.2,0.3,3,1,0,1,18.2,0.0,Charles
W2672,42.39611,-71.4949986,2017.0,7.0,Summer,24.8,7.9,2,0,0,1,26.8,7.4,Concord (SuAsCo)
W2672,42.39611,-71.4949986,2017.0,7.0,Summer,24.8,7.9,2,0,0,1,26.8,7.4,Concord (SuAsCo)
W2672,42.39611,-71.4949986,2017.0,7.0,Summer,24.8,7.9,2,0,0,1,26.8,7.4,Concord (SuAsCo)
W2672,42.39611,-71.4949986,2017.0,7.0,Summer,24.8,7.8,2,0,0,1,26.8,7.3,Concord (SuAsCo)
W2672,42.39611,-71.4949986,2017.0,7.0,Summer,22.5,2.4,3,1,0,1,24.5,1.9,Concord (SuAsCo)
W2672,42.39611,-71.4949986,2017.0,7.0,Summer,17.5,0.3,3,1,0,1,19.5,0.0,Concord (SuAsCo)
W2717,42.3167909,-71.6184564,2017.0,7.0,Summer,21.4,3.8,3,1,0,1,23.4,3.3,Concord (SuAsCo)
W2717,42.3167909,-71.6184564,2017.0,7.0,Summer,21.4,3.5,3,1,0,1,23.4,3.0,Concord (SuAsCo)
W2690,42.3059341,-71.6172087,2017.0,7.0,Summer,22.6,5.0,2,0,0,1,24.6,4.5,Concord (SuAsCo)
W2690,42.3059341,-71.6172087,2017.0,7.0,Summer,22.6,5.1,2,0,0,1,24.6,4.6,Concord (SuAsCo)
W2690,42.3059341,-71.6172087,2017.0,7.0,Summer,22.5,5.1,2,0,0,1,24.5,4.6,Concord (SuAsCo)
W2690,42.3059341,-71.6172087,2017.0,7.0,Summer,22.5,5.1,2,0,0,1,24.5,4.6,Concord (SuAsCo)
W2690,42.3059341,-71.6172087,2017.0,7.0,Summer,21.8,0.2,3,1,0,1,23.8,0.0,Concord (SuAsCo)
W2701,42.495176,-71.0050255,2017.0,7.0,Summer,23.5,7.6,2,0,0,1,25.5,7.1,North Coastal
W2701,42.495176,-71.0050255,2017.0,7.0,Summer,23.5,7.7,2,0,0,1,25.5,7.2,North Coastal
W2701,42.495176,-71.0050255,2017.0,7.0,Summer,23.2,7.5,2,0,0,1,25.2,7.0,North Coastal
W2701,42.495176,-71.0050255,2017.0,7.0,Summer,21.5,3.2,3,1,0,1,23.5,2.7,North Coastal
W2701,42.495176,-71.0050255,2017.0,7.0,Summer,16.6,2.8,3,1,0,1,18.6,2.3,North Coastal
W2701,42.495176,-71.0050255,2017.0,7.0,Summer,13.7,2.4,3,1,0,1,15.7,1.9,North Coastal
W2701,42.495176,-71.0050255,2017.0,7.0,Summer,11.8,2.1,3,1,0,1,13.8,1.6,North Coastal
W2715,42.6889889,-71.0370628,2017.0,7.0,Summer,23.5,8.4,2,0,0,1,25.5,7.9,Ipswich
W2715,42.6889889,-71.0370628,2017.0,7.0,Summer,23.3,8.4,2,0,0,1,25.3,7.9,Ipswich
W2715,42.6889889,-71.0370628,2017.0,7.0,Summer,23.2,8.4,2,0,0,1,25.2,7.9,Ipswich
W2699,42.3766553,-71.7695512,2017.0,8.0,Summer,24.1,10.7,2,0,0,1,26.1,10.2,Nashua
W2699,42.3766553,-71.7695512,2017.0,8.0,Summer,24.1,10.6,2,0,0,1,26.1,10.1,Nashua
W2699,42.3766553,-71.7695512,2017.0,8.0,Summer,23.8,11.5,2,0,0,1,25.8,11.0,Nashua
W2699,42.3766553,-71.7695512,2017.0,8.0,Summer,23.6,10.6,2,0,0,1,25.6,10.1,Nashua
W2699,42.3766553,-71.7695512,2017.0,8.0,Summer,23.2,10.4,2,0,0,1,25.2,9.9,Nashua
W2699,42.3766553,-71.7695512,2017.0,8.0,Summer,22.1,12.3,2,0,0,1,24.1,11.8,Nashua
W2699,42.3766553,-71.7695512,2017.0,8.0,Summer,20.7,13.8,2,0,0,1,22.7,13.3,Nashua
W2699,42.3766553,-71.7695512,2017.0,8.0,Summer,19.7,11.5,2,0,0,1,21.7,11.0,Nashua
W2666,42.2585509,-71.8916635,2017.0,8.0,Summer,24.4,8.3,2,0,0,1,26.4,7.800000000000001,Blackstone
W2666,42.2585509,-71.8916635,2017.0,8.0,Summer,23.5,8.2,2,0,0,1,25.5,7.699999999999999,Blackstone
W2666,42.2585509,-71.8916635,2017.0,8.0,Summer,22.5,8.0,2,0,0,1,24.5,7.5,Blackstone
W2666,42.2585509,-71.8916635,2017.0,8.0,Summer,21.4,6.0,2,0,0,1,23.4,5.5,Blackstone
W2666,42.2585509,-71.8916635,2017.0,8.0,Summer,20.2,1.3,3,1,0,1,22.2,0.8,Blackstone
W2712,42.6487901,-71.8434475,2017.0,8.0,Summer,24.4,8.2,2,0,0,1,26.4,7.699999999999999,Nashua
W2712,42.6487901,-71.8434475,2017.0,8.0,Summer,23.8,8.4,2,0,0,1,25.8,7.9,Nashua
W2712,42.6487901,-71.8434475,2017.0,8.0,Summer,22.9,8.4,2,0,0,1,24.9,7.9,Nashua
W2712,42.6487901,-71.8434475,2017.0,8.0,Summer,22.5,8.3,2,0,0,1,24.5,7.800000000000001,Nashua
W2712,42.6487901,-71.8434475,2017.0,8.0,Summer,22.0,8.1,2,0,0,1,24.0,7.6,Nashua
W2712,42.6487901,-71.8434475,2017.0,8.0,Summer,19.9,3.4,3,1,0,1,21.9,2.9,Nashua
W2712,42.6487901,-71.8434475,2017.0,8.0,Summer,17.6,2.0,3,1,0,1,19.6,1.5,Nashua
W2696,42.6613996,-71.8825117,2017.0,8.0,Summer,25.7,8.5,2,0,0,1,27.7,8.0,Merrimack
W2696,42.6613996,-71.8825117,2017.0,8.0,Summer,25.4,8.5,2,0,0,1,27.4,8.0,Merrimack
W2696,42.6613996,-71.8825117,2017.0,8.0,Summer,25.0,8.5,2,0,0,1,27.0,8.0,Merrimack
W2696,42.6613996,-71.8825117,2017.0,8.0,Summer,22.7,8.7,2,0,0,1,24.7,8.2,Merrimack
W2696,42.6613996,-71.8825117,2017.0,8.0,Summer,22.1,8.6,2,0,0,1,24.1,8.1,Merrimack
W2694,42.1145632,-71.7422755,2017.0,8.0,Summer,24.7,8.1,2,0,0,1,26.7,7.6,Blackstone
W2694,42.1145632,-71.7422755,2017.0,8.0,Summer,24.7,8.1,2,0,0,1,26.7,7.6,Blackstone
W2694,42.1145632,-71.7422755,2017.0,8.0,Summer,24.7,8.1,2,0,0,1,26.7,7.6,Blackstone
W2694,42.1145632,-71.7422755,2017.0,8.0,Summer,24.4,8.4,2,0,0,1,26.4,7.9,Blackstone
W2694,42.1145632,-71.7422755,2017.0,8.0,Summer,24.1,8.7,2,0,0,1,26.1,8.2,Blackstone
W2694,42.1145632,-71.7422755,2017.0,8.0,Summer,24.0,8.6,2,0,0,1,26.0,8.1,Blackstone
W2694,42.1145632,-71.7422755,2017.0,8.0,Summer,23.8,6.5,2,0,0,1,25.8,6.0,Blackstone
W2676,42.0475462,-71.7682111,2017.0,8.0,Summer,24.8,7.9,2,0,0,1,26.8,7.4,Blackstone
W2676,42.0475462,-71.7682111,2017.0,8.0,Summer,23.6,7.3,2,0,0,1,25.6,6.8,Blackstone
W2676,42.0475462,-71.7682111,2017.0,8.0,Summer,21.1,4.4,3,1,0,1,23.1,3.9000000000000004,Blackstone
W2676,42.0475462,-71.7682111,2017.0,8.0,Summer,20.5,4.4,3,1,0,1,22.5,3.9000000000000004,Blackstone
W2676,42.0475462,-71.7682111,2017.0,8.0,Summer,19.8,2.9,3,1,0,1,21.8,2.4,Blackstone
W2676,42.0475462,-71.7682111,2017.0,8.0,Summer,19.6,2.2,3,1,0,1,21.6,1.7000000000000002,Blackstone
W2686,42.4942145,-71.7835053,2017.0,8.0,Summer,23.1,8.2,2,0,0,1,25.1,7.699999999999999,Nashua
W2686,42.4942145,-71.7835053,2017.0,8.0,Summer,23.1,8.2,2,0,0,1,25.1,7.699999999999999,Nashua
W2686,42.4942145,-71.7835053,2017.0,8.0,Summer,23.0,8.2,2,0,0,1,25.0,7.699999999999999,Nashua
W2686,42.4942145,-71.7835053,2017.0,8.0,Summer,23.0,8.2,2,0,0,1,25.0,7.699999999999999,Nashua
W2686,42.4942145,-71.7835053,2017.0,8.0,Summer,22.9,8.0,2,0,0,1,24.9,7.5,Nashua
W2686,42.4942145,-71.7835053,2017.0,8.0,Summer,19.6,7.8,2,0,0,1,21.6,7.3,Nashua
W2686,42.4942145,-71.7835053,2017.0,8.0,Summer,15.3,5.8,2,0,0,1,17.3,5.3,Nashua
W2686,42.4942145,-71.7835053,2017.0,8.0,Summer,13.4,4.3,3,1,0,1,15.4,3.8,Nashua
W2692,42.5083102,-71.8811837,2017.0,8.0,Summer,22.6,7.7,2,0,0,1,24.6,7.2,Nashua
W2692,42.5083102,-71.8811837,2017.0,8.0,Summer,22.6,7.7,2,0,0,1,24.6,7.2,Nashua
W2692,42.5083102,-71.8811837,2017.0,8.0,Summer,22.6,7.7,2,0,0,1,24.6,7.2,Nashua
W2692,42.5083102,-71.8811837,2017.0,8.0,Summer,22.6,7.7,2,0,0,1,24.6,7.2,Nashua
W2692,42.5083102,-71.8811837,2017.0,8.0,Summer,22.6,7.7,2,0,0,1,24.6,7.2,Nashua
W2692,42.5083102,-71.8811837,2017.0,8.0,Summer,22.4,7.3,2,0,0,1,24.4,6.8,Nashua
W2692,42.5083102,-71.8811837,2017.0,8.0,Summer,18.4,1.9,3,1,0,1,20.4,1.4,Nashua
W2708,42.5168034,-71.8554472,2017.0,8.0,Summer,22.3,6.4,2,0,0,1,24.3,5.9,Nashua
W2708,42.5168034,-71.8554472,2017.0,8.0,Summer,22.2,6.5,2,0,0,1,24.2,6.0,Nashua
W2708,42.5168034,-71.8554472,2017.0,8.0,Summer,22.1,6.2,2,0,0,1,24.1,5.7,Nashua
W2708,42.5168034,-71.8554472,2017.0,8.0,Summer,22.1,6.4,2,0,0,1,24.1,5.9,Nashua
W2708,42.5168034,-71.8554472,2017.0,8.0,Summer,21.7,3.6,3,1,0,1,23.7,3.1,Nashua
W2704,42.4446923,-71.1158183,2017.0,8.0,Summer,24.1,8.3,2,0,0,1,26.1,7.800000000000001,Mystic
W2704,42.4446923,-71.1158183,2017.0,8.0,Summer,24.0,8.3,2,0,0,1,26.0,7.800000000000001,Mystic
W2704,42.4446923,-71.1158183,2017.0,8.0,Summer,23.9,8.4,2,0,0,1,25.9,7.9,Mystic
W2704,42.4446923,-71.1158183,2017.0,8.0,Summer,23.7,8.4,2,0,0,1,25.7,7.9,Mystic
W2704,42.4446923,-71.1158183,2017.0,8.0,Summer,22.9,8.5,2,0,0,1,24.9,8.0,Mystic
W2704,42.4446923,-71.1158183,2017.0,8.0,Summer,16.6,10.1,2,0,0,1,18.6,9.6,Mystic
W2704,42.4446923,-71.1158183,2017.0,8.0,Summer,12.7,8.3,2,0,0,1,14.7,7.800000000000001,Mystic
W2704,42.4446923,-71.1158183,2017.0,8.0,Summer,11.0,7.4,2,0,0,1,13.0,6.9,Mystic
W2704,42.4446923,-71.1158183,2017.0,8.0,Summer,9.9,3.9,3,1,0,1,11.9,3.4,Mystic
W2704,42.4446923,-71.1158183,2017.0,8.0,Summer,9.2,0.7,3,1,0,1,11.2,0.19999999999999996,Mystic
W2710,42.6074803,-71.1097834,2017.0,8.0,Summer,25.2,6.6,2,0,0,1,27.2,6.1,Ipswich
W2710,42.6074803,-71.1097834,2017.0,8.0,Summer,24.7,6.4,2,0,0,1,26.7,5.9,Ipswich
W2710,42.6074803,-71.1097834,2017.0,8.0,Summer,24.1,5.9,2,0,0,1,26.1,5.4,Ipswich
W2710,42.6074803,-71.1097834,2017.0,8.0,Summer,23.7,5.0,2,0,0,1,25.7,4.5,Ipswich
W2710,42.6074803,-71.1097834,2017.0,8.0,Summer,23.2,2.5,3,1,0,1,25.2,2.0,Ipswich
W2678,42.7986363,-71.1439465,2017.0,8.0,Summer,25.5,8.4,2,0,0,1,27.5,7.9,Merrimack
W2678,42.7986363,-71.1439465,2017.0,8.0,Summer,25.5,8.4,2,0,0,1,27.5,7.9,Merrimack
W2678,42.7986363,-71.1439465,2017.0,8.0,Summer,25.5,8.4,2,0,0,1,27.5,7.9,Merrimack
W2678,42.7986363,-71.1439465,2017.0,8.0,Summer,25.5,8.3,2,0,0,1,27.5,7.800000000000001,Merrimack
W2678,42.7986363,-71.1439465,2017.0,8.0,Summer,24.8,7.6,2,0,0,1,26.8,7.1,Merrimack
W2678,42.7986363,-71.1439465,2017.0,8.0,Summer,22.6,2.9,3,1,0,1,24.6,2.4,Merrimack
W2678,42.7986363,-71.1439465,2017.0,8.0,Summer,12.6,3.0,3,1,0,1,14.6,2.5,Merrimack
W2678,42.7986363,-71.1439465,2017.0,8.0,Summer,6.6,0.4,3,1,0,1,8.6,0.0,Merrimack
W2678,42.7986363,-71.1439465,2017.0,8.0,Summer,6.3,0.4,3,1,0,1,8.3,0.0,Merrimack
W2680,42.7989549,-70.9325918,2017.0,8.0,Summer,25.4,10.3,2,0,0,1,27.4,9.8,Merrimack
W2680,42.7989549,-70.9325918,2017.0,8.0,Summer,25.0,10.0,2,0,0,1,27.0,9.5,Merrimack
W2682,42.3019466,-71.5128697,2017.0,8.0,Summer,24.7,8.6,1,0,0,0,26.7,8.1,Concord (SuAsCo)
W2682,42.3019466,-71.5128697,2017.0,8.0,Summer,24.7,8.6,1,0,0,0,26.7,8.1,Concord (SuAsCo)
W2682,42.3019466,-71.5128697,2017.0,8.0,Summer,24.7,8.6,1,0,0,0,26.7,8.1,Concord (SuAsCo)
W2682,42.3019466,-71.5128697,2017.0,8.0,Summer,24.6,8.6,1,0,0,0,26.6,8.1,Concord (SuAsCo)
W2682,42.3019466,-71.5128697,2017.0,8.0,Summer,24.6,8.6,1,0,0,0,26.6,8.1,Concord (SuAsCo)
W2682,42.3019466,-71.5128697,2017.0,8.0,Summer,24.6,8.6,1,0,0,0,26.6,8.1,Concord (SuAsCo)
W2682,42.3019466,-71.5128697,2017.0,8.0,Summer,22.2,1.8,2,1,0,0,24.2,1.3,Concord (SuAsCo)
W2682,42.3019466,-71.5128697,2017.0,8.0,Summer,15.0,1.4,2,1,0,0,17.0,0.8999999999999999,Concord (SuAsCo)
W2682,42.3019466,-71.5128697,2017.0,8.0,Summer,14.2,1.2,2,1,0,0,16.2,0.7,Concord (SuAsCo)
W2682,42.3019466,-71.5128697,2017.0,8.0,Summer,13.6,1.1,2,1,0,0,15.6,0.6000000000000001,Concord (SuAsCo)
W2682,42.3019466,-71.5128697,2017.0,8.0,Summer,13.1,1.2,2,1,0,0,15.1,0.7,Concord (SuAsCo)
W2682,42.3019466,-71.5128697,2017.0,8.0,Summer,12.9,0.5,2,1,0,0,14.9,0.0,Concord (SuAsCo)
W2668,42.2865424,-71.412718,2017.0,8.0,Summer,25.8,7.3,2,0,0,1,27.8,6.8,Concord (SuAsCo)
W2668,42.2865424,-71.412718,2017.0,8.0,Summer,25.6,7.3,2,0,0,1,27.6,6.8,Concord (SuAsCo)
W2668,42.2865424,-71.412718,2017.0,8.0,Summer,23.9,3.0,3,1,0,1,25.9,2.5,Concord (SuAsCo)
W2668,42.2865424,-71.412718,2017.0,8.0,Summer,21.7,1.9,3,1,0,1,23.7,1.4,Concord (SuAsCo)
W2668,42.2865424,-71.412718,2017.0,8.0,Summer,24.4,5.9,2,0,0,1,26.4,5.4,Concord (SuAsCo)
W2670,42.4102831,-71.2674529,2017.0,8.0,Summer,24.8,8.5,2,0,0,1,26.8,8.0,Charles
W2670,42.4102831,-71.2674529,2017.0,8.0,Summer,24.8,8.5,2,0,0,1,26.8,8.0,Charles
W2670,42.4102831,-71.2674529,2017.0,8.0,Summer,24.7,8.4,2,0,0,1,26.7,7.9,Charles
W2670,42.4102831,-71.2674529,2017.0,8.0,Summer,24.6,8.4,2,0,0,1,26.6,7.9,Charles
W2670,42.4102831,-71.2674529,2017.0,8.0,Summer,24.5,8.3,2,0,0,1,26.5,7.800000000000001,Charles
W2706,42.4607823,-71.4322555,2017.0,8.0,Summer,23.9,9.7,2,0,0,1,25.9,9.2,Concord (SuAsCo)
W2706,42.4607823,-71.4322555,2017.0,8.0,Summer,23.5,8.3,2,0,0,1,25.5,7.800000000000001,Concord (SuAsCo)
W2706,42.4607823,-71.4322555,2017.0,8.0,Summer,22.4,1.2,3,1,0,1,24.4,0.7,Concord (SuAsCo)
W0603,42.52346976,-71.6880925,2017.0,8.0,Summer,25.2,8.6,2,0,0,1,27.2,8.1,Nashua
W0603,42.52346976,-71.6880925,2017.0,8.0,Summer,25.1,8.6,2,0,0,1,27.1,8.1,Nashua
W0603,42.52346976,-71.6880925,2017.0,8.0,Summer,24.9,8.5,2,0,0,1,26.9,8.0,Nashua
W0603,42.52346976,-71.6880925,2017.0,8.0,Summer,22.9,11.1,2,0,0,1,24.9,10.6,Nashua
W0603,42.52346976,-71.6880925,2017.0,8.0,Summer,15.8,5.5,2,0,0,1,17.8,5.0,Nashua
W0603,42.52346976,-71.6880925,2017.0,8.0,Summer,10.9,3.3,3,1,0,1,12.9,2.8,Nashua
W0603,42.52346976,-71.6880925,2017.0,8.0,Summer,8.3,3.1,3,1,0,1,10.3,2.6,Nashua
W0603,42.52346976,-71.6880925,2017.0,8.0,Summer,7.3,3.2,3,1,0,1,9.3,2.7,Nashua
W0603,42.52346976,-71.6880925,2017.0,8.0,Summer,6.5,3.3,3,1,0,1,8.5,2.8,Nashua
W2688,42.5375642,-71.6046167,2017.0,8.0,Summer,25.9,6.8,2,0,0,1,27.9,6.3,Nashua
W2688,42.5375642,-71.6046167,2017.0,8.0,Summer,25.2,4.3,4,1,1,1,27.2,3.8,Nashua
W2688,42.5375642,-71.6046167,2017.0,8.0,Summer,24.9,1.9,3,1,0,1,26.9,1.4,Nashua
W2684,42.5663185,-71.388142,2017.0,8.0,Summer,25.2,8.1,2,0,0,1,27.2,7.6,Concord (SuAsCo)
W2684,42.5663185,-71.388142,2017.0,8.0,Summer,25.2,8.0,2,0,0,1,27.2,7.5,Concord (SuAsCo)
W2684,42.5663185,-71.388142,2017.0,8.0,Summer,24.4,0.5,3,1,0,1,26.4,0.0,Concord (SuAsCo)
W2674,42.6167752,-71.42794,2017.0,8.0,Summer,25.6,8.9,2,0,0,1,27.6,8.4,Merrimack
W2674,42.6167752,-71.42794,2017.0,8.0,Summer,25.5,9.0,2,0,0,1,27.5,8.5,Merrimack
W2674,42.6167752,-71.42794,2017.0,8.0,Summer,25.3,9.0,2,0,0,1,27.3,8.5,Merrimack
W2674,42.6167752,-71.42794,2017.0,8.0,Summer,25.3,8.8,2,0,0,1,27.3,8.3,Merrimack
W2674,42.6167752,-71.42794,2017.0,8.0,Summer,23.7,4.7,3,1,0,1,25.7,4.2,Merrimack
W2674,42.6167752,-71.42794,2017.0,8.0,Summer,20.1,1.1,3,1,0,1,22.1,0.6000000000000001,Merrimack
W2097,42.19218292,-71.09296807,2017.0,8.0,Summer,22.9,8.2,2,0,0,1,24.9,7.699999999999999,Neponset
W2097,42.19218292,-71.09296807,2017.0,8.0,Summer,22.9,8.2,2,0,0,1,24.9,7.699999999999999,Neponset
W2097,42.19218292,-71.09296807,2017.0,8.0,Summer,22.9,8.3,2,0,0,1,24.9,7.800000000000001,Neponset
W0970,42.06605001,-71.3520429,2017.0,8.0,Summer,23.4,8.1,2,0,0,1,25.4,7.6,Charles
W0970,42.06605001,-71.3520429,2017.0,8.0,Summer,23.4,8.1,2,0,0,1,25.4,7.6,Charles
W0970,42.06605001,-71.3520429,2017.0,8.0,Summer,23.4,8.1,2,0,0,1,25.4,7.6,Charles
W0970,42.06605001,-71.3520429,2017.0,8.0,Summer,23.4,8.1,2,0,0,1,25.4,7.6,Charles
W0970,42.06605001,-71.3520429,2017.0,8.0,Summer,23.4,8.1,2,0,0,1,25.4,7.6,Charles
W2712,42.6487901,-71.8434475,2017.0,8.0,Summer,21.8,7.4,2,0,0,1,23.8,6.9,Nashua
W2712,42.6487901,-71.8434475,2017.0,8.0,Summer,21.8,7.3,2,0,0,1,23.8,6.8,Nashua
W2712,42.6487901,-71.8434475,2017.0,8.0,Summer,21.8,7.3,2,0,0,1,23.8,6.8,Nashua
W2712,42.6487901,-71.8434475,2017.0,8.0,Summer,21.7,7.4,2,0,0,1,23.7,6.9,Nashua
W2712,42.6487901,-71.8434475,2017.0,8.0,Summer,21.7,7.6,2,0,0,1,23.7,7.1,Nashua
W2712,42.6487901,-71.8434475,2017.0,8.0,Summer,21.6,7.5,2,0,0,1,23.6,7.0,Nashua
W2696,42.6613996,-71.8825117,2017.0,8.0,Summer,21.3,7.7,2,0,0,1,23.3,7.2,Merrimack
W2696,42.6613996,-71.8825117,2017.0,8.0,Summer,21.0,7.5,2,0,0,1,23.0,7.0,Merrimack
W2696,42.6613996,-71.8825117,2017.0,8.0,Summer,20.9,7.5,2,0,0,1,22.9,7.0,Merrimack
W2696,42.6613996,-71.8825117,2017.0,8.0,Summer,20.9,7.6,2,0,0,1,22.9,7.1,Merrimack
W2696,42.6613996,-71.8825117,2017.0,8.0,Summer,20.8,7.7,2,0,0,1,22.8,7.2,Merrimack
W2701,42.495176,-71.0050255,2017.0,8.0,Summer,22.5,8.2,2,0,0,1,24.5,7.699999999999999,North Coastal
W2701,42.495176,-71.0050255,2017.0,8.0,Summer,22.4,8.2,2,0,0,1,24.4,7.699999999999999,North Coastal
W2701,42.495176,-71.0050255,2017.0,8.0,Summer,22.2,8.2,2,0,0,1,24.2,7.699999999999999,North Coastal
W2701,42.495176,-71.0050255,2017.0,8.0,Summer,22.0,8.0,2,0,0,1,24.0,7.5,North Coastal
W2715,42.6889889,-71.0370628,2017.0,8.0,Summer,22.9,8.2,2,0,0,1,24.9,7.699999999999999,Ipswich
W2715,42.6889889,-71.0370628,2017.0,8.0,Summer,22.8,8.2,2,0,0,1,24.8,7.699999999999999,Ipswich
W2715,42.6889889,-71.0370628,2017.0,8.0,Summer,22.8,8.2,2,0,0,1,24.8,7.699999999999999,Ipswich
W2715,42.6889889,-71.0370628,2017.0,8.0,Summer,22.3,8.0,2,0,0,1,24.3,7.5,Ipswich
W2672,42.39611,-71.4949986,2017.0,9.0,Fall,21.6,7.7,0,0,0,0,23.6,7.2,Concord (SuAsCo)
W2672,42.39611,-71.4949986,2017.0,9.0,Fall,21.6,7.7,0,0,0,0,23.6,7.2,Concord (SuAsCo)
W2672,42.39611,-71.4949986,2017.0,9.0,Fall,21.6,7.7,0,0,0,0,23.6,7.2,Concord (SuAsCo)
W2672,42.39611,-71.4949986,2017.0,9.0,Fall,21.5,7.4,0,0,0,0,23.5,6.9,Concord (SuAsCo)
W2672,42.39611,-71.4949986,2017.0,9.0,Fall,21.1,5.3,0,0,0,0,23.1,4.8,Concord (SuAsCo)
W2717,42.3167909,-71.6184564,2017.0,9.0,Fall,20.9,7.8,0,0,0,0,22.9,7.3,Concord (SuAsCo)
W2717,42.3167909,-71.6184564,2017.0,9.0,Fall,20.8,7.7,0,0,0,0,22.8,7.2,Concord (SuAsCo)
W2717,42.3167909,-71.6184564,2017.0,9.0,Fall,19.4,1.4,1,1,0,0,21.4,0.8999999999999999,Concord (SuAsCo)
W2717,42.3167909,-71.6184564,2017.0,9.0,Fall,19.0,0.5,1,1,0,0,21.0,0.0,Concord (SuAsCo)
W2690,42.3059341,-71.6172087,2017.0,9.0,Fall,21.3,7.3,0,0,0,0,23.3,6.8,Concord (SuAsCo)
W2690,42.3059341,-71.6172087,2017.0,9.0,Fall,21.2,7.2,0,0,0,0,23.2,6.7,Concord (SuAsCo)
W2690,42.3059341,-71.6172087,2017.0,9.0,Fall,19.4,3.4,1,1,0,0,21.4,2.9,Concord (SuAsCo)
W2690,42.3059341,-71.6172087,2017.0,9.0,Fall,19.2,1.8,1,1,0,0,21.2,1.3,Concord (SuAsCo)
W2699,42.3766553,-71.7695512,2017.0,9.0,Fall,20.2,9.4,1,0,0,1,22.2,8.9,Nashua
W2699,42.3766553,-71.7695512,2017.0,9.0,Fall,20.2,9.6,1,0,0,1,22.2,9.1,Nashua
W2699,42.3766553,-71.7695512,2017.0,9.0,Fall,20.2,9.6,1,0,0,1,22.2,9.1,Nashua
W2699,42.3766553,-71.7695512,2017.0,9.0,Fall,20.2,9.6,1,0,0,1,22.2,9.1,Nashua
W2699,42.3766553,-71.7695512,2017.0,9.0,Fall,20.1,9.6,1,0,0,1,22.1,9.1,Nashua
W2699,42.3766553,-71.7695512,2017.0,9.0,Fall,20.2,9.6,1,0,0,1,22.2,9.1,Nashua
W2699,42.3766553,-71.7695512,2017.0,9.0,Fall,20.2,9.6,1,0,0,1,22.2,9.1,Nashua
W2666,42.2585509,-71.8916635,2017.0,9.0,Fall,19.5,8.8,1,0,0,1,21.5,8.3,Blackstone
W2666,42.2585509,-71.8916635,2017.0,9.0,Fall,18.9,8.7,1,0,0,1,20.9,8.2,Blackstone
W2666,42.2585509,-71.8916635,2017.0,9.0,Fall,18.4,8.9,1,0,0,1,20.4,8.4,Blackstone
W2666,42.2585509,-71.8916635,2017.0,9.0,Fall,18.0,8.0,1,0,0,1,20.0,7.5,Blackstone
W2666,42.2585509,-71.8916635,2017.0,9.0,Fall,18.0,7.8,1,0,0,1,20.0,7.3,Blackstone
W2694,42.1145632,-71.7422755,2017.0,9.0,Fall,20.9,7.8,1,0,0,1,22.9,7.3,Blackstone
W2694,42.1145632,-71.7422755,2017.0,9.0,Fall,20.9,7.8,1,0,0,1,22.9,7.3,Blackstone
W2694,42.1145632,-71.7422755,2017.0,9.0,Fall,20.9,7.9,1,0,0,1,22.9,7.4,Blackstone
W2694,42.1145632,-71.7422755,2017.0,9.0,Fall,20.8,7.9,1,0,0,1,22.8,7.4,Blackstone
W2694,42.1145632,-71.7422755,2017.0,9.0,Fall,20.8,7.9,1,0,0,1,22.8,7.4,Blackstone
W2694,42.1145632,-71.7422755,2017.0,9.0,Fall,20.8,7.9,1,0,0,1,22.8,7.4,Blackstone
W2694,42.1145632,-71.7422755,2017.0,9.0,Fall,20.6,3.6,2,1,0,1,22.6,3.1,Blackstone
W2676,42.0475462,-71.7682111,2017.0,9.0,Fall,21.0,8.4,1,0,0,1,23.0,7.9,Blackstone
W2676,42.0475462,-71.7682111,2017.0,9.0,Fall,20.7,8.4,1,0,0,1,22.7,7.9,Blackstone
W2676,42.0475462,-71.7682111,2017.0,9.0,Fall,20.2,8.4,1,0,0,1,22.2,7.9,Blackstone
W2676,42.0475462,-71.7682111,2017.0,9.0,Fall,20.1,8.4,1,0,0,1,22.1,7.9,Blackstone
W2676,42.0475462,-71.7682111,2017.0,9.0,Fall,19.8,7.5,1,0,0,1,21.8,7.0,Blackstone
W2676,42.0475462,-71.7682111,2017.0,9.0,Fall,19.6,6.9,1,0,0,1,21.6,6.4,Blackstone
W2704,42.4446923,-71.1158183,2017.0,9.0,Fall,21.4,8.8,1,0,0,1,23.4,8.3,Mystic
W2704,42.4446923,-71.1158183,2017.0,9.0,Fall,21.3,8.8,1,0,0,1,23.3,8.3,Mystic
W2704,42.4446923,-71.1158183,2017.0,9.0,Fall,21.1,8.8,1,0,0,1,23.1,8.3,Mystic
W2704,42.4446923,-71.1158183,2017.0,9.0,Fall,20.9,8.8,1,0,0,1,22.9,8.3,Mystic
W2704,42.4446923,-71.1158183,2017.0,9.0,Fall,20.8,8.8,1,0,0,1,22.8,8.3,Mystic
W2704,42.4446923,-71.1158183,2017.0,9.0,Fall,20.6,8.6,1,0,0,1,22.6,8.1,Mystic
W2704,42.4446923,-71.1158183,2017.0,9.0,Fall,15.9,7.4,1,0,0,1,17.9,6.9,Mystic
W2704,42.4446923,-71.1158183,2017.0,9.0,Fall,12.9,6.1,1,0,0,1,14.9,5.6,Mystic
W2704,42.4446923,-71.1158183,2017.0,9.0,Fall,11.3,2.8,2,1,0,1,13.3,2.3,Mystic
W2710,42.6074803,-71.1097834,2017.0,9.0,Fall,22.8,7.9,1,0,0,1,24.8,7.4,Ipswich
W2710,42.6074803,-71.1097834,2017.0,9.0,Fall,22.4,7.4,1,0,0,1,24.4,6.9,Ipswich
W2710,42.6074803,-71.1097834,2017.0,9.0,Fall,21.5,7.5,1,0,0,1,23.5,7.0,Ipswich
W2710,42.6074803,-71.1097834,2017.0,9.0,Fall,21.2,7.1,1,0,0,1,23.2,6.6,Ipswich
W2710,42.6074803,-71.1097834,2017.0,9.0,Fall,20.8,3.8,2,1,0,1,22.8,3.3,Ipswich
W2686,42.4942145,-71.7835053,2017.0,9.0,Fall,21.9,8.5,1,0,0,1,23.9,8.0,Nashua
W2686,42.4942145,-71.7835053,2017.0,9.0,Fall,21.9,8.5,1,0,0,1,23.9,8.0,Nashua
W2686,42.4942145,-71.7835053,2017.0,9.0,Fall,21.4,8.9,1,0,0,1,23.4,8.4,Nashua
W2686,42.4942145,-71.7835053,2017.0,9.0,Fall,21.1,8.8,1,0,0,1,23.1,8.3,Nashua
W2686,42.4942145,-71.7835053,2017.0,9.0,Fall,20.6,8.8,1,0,0,1,22.6,8.3,Nashua
W2686,42.4942145,-71.7835053,2017.0,9.0,Fall,20.1,8.7,1,0,0,1,22.1,8.2,Nashua
W2686,42.4942145,-71.7835053,2017.0,9.0,Fall,19.5,8.5,1,0,0,1,21.5,8.0,Nashua
W2686,42.4942145,-71.7835053,2017.0,9.0,Fall,16.9,3.8,2,1,0,1,18.9,3.3,Nashua
W2692,42.5083102,-71.8811837,2017.0,9.0,Fall,21.9,8.4,1,0,0,1,23.9,7.9,Nashua
W2692,42.5083102,-71.8811837,2017.0,9.0,Fall,21.9,8.5,1,0,0,1,23.9,8.0,Nashua
W2692,42.5083102,-71.8811837,2017.0,9.0,Fall,21.9,8.4,1,0,0,1,23.9,7.9,Nashua
W2692,42.5083102,-71.8811837,2017.0,9.0,Fall,21.0,8.1,1,0,0,1,23.0,7.6,Nashua
W2692,42.5083102,-71.8811837,2017.0,9.0,Fall,20.6,8.5,1,0,0,1,22.6,8.0,Nashua
W2692,42.5083102,-71.8811837,2017.0,9.0,Fall,20.0,7.9,1,0,0,1,22.0,7.4,Nashua
W2692,42.5083102,-71.8811837,2017.0,9.0,Fall,19.4,4.2,2,1,0,1,21.4,3.7,Nashua
W2692,42.5083102,-71.8811837,2017.0,9.0,Fall,19.0,2.0,2,1,0,1,21.0,1.5,Nashua
W2708,42.5168034,-71.8554472,2017.0,9.0,Fall,21.8,7.3,1,0,0,1,23.8,6.8,Nashua
W2708,42.5168034,-71.8554472,2017.0,9.0,Fall,21.8,7.2,1,0,0,1,23.8,6.7,Nashua
W2708,42.5168034,-71.8554472,2017.0,9.0,Fall,21.5,7.6,1,0,0,1,23.5,7.1,Nashua
W2708,42.5168034,-71.8554472,2017.0,9.0,Fall,20.5,6.8,1,0,0,1,22.5,6.3,Nashua
W2708,42.5168034,-71.8554472,2017.0,9.0,Fall,19.9,3.0,2,1,0,1,21.9,2.5,Nashua
W2678,42.7986363,-71.1439465,2017.0,9.0,Fall,21.5,8.6,1,0,0,1,23.5,8.1,Merrimack
W2678,42.7986363,-71.1439465,2017.0,9.0,Fall,21.5,8.6,1,0,0,1,23.5,8.1,Merrimack
W2678,42.7986363,-71.1439465,2017.0,9.0,Fall,21.5,8.6,1,0,0,1,23.5,8.1,Merrimack
W2678,42.7986363,-71.1439465,2017.0,9.0,Fall,21.5,8.6,1,0,0,1,23.5,8.1,Merrimack
W2678,42.7986363,-71.1439465,2017.0,9.0,Fall,21.0,8.1,1,0,0,1,23.0,7.6,Merrimack
W2678,42.7986363,-71.1439465,2017.0,9.0,Fall,18.6,6.0,1,0,0,1,20.6,5.5,Merrimack
W2680,42.7989549,-70.9325918,2017.0,9.0,Fall,20.8,7.6,1,0,0,1,22.8,7.1,Merrimack
W2680,42.7989549,-70.9325918,2017.0,9.0,Fall,20.8,7.6,1,0,0,1,22.8,7.1,Merrimack
W2680,42.7989549,-70.9325918,2017.0,9.0,Fall,20.8,7.5,1,0,0,1,22.8,7.0,Merrimack
W2680,42.7989549,-70.9325918,2017.0,9.0,Fall,20.8,7.6,1,0,0,1,22.8,7.1,Merrimack
W2682,42.3019466,-71.5128697,2017.0,9.0,Fall,22.4,8.4,1,0,0,1,24.4,7.9,Concord (SuAsCo)
W2682,42.3019466,-71.5128697,2017.0,9.0,Fall,22.1,8.4,1,0,0,1,24.1,7.9,Concord (SuAsCo)
W2682,42.3019466,-71.5128697,2017.0,9.0,Fall,21.1,8.2,1,0,0,1,23.1,7.699999999999999,Concord (SuAsCo)
W2682,42.3019466,-71.5128697,2017.0,9.0,Fall,20.9,8.1,1,0,0,1,22.9,7.6,Concord (SuAsCo)
W2682,42.3019466,-71.5128697,2017.0,9.0,Fall,20.6,7.4,1,0,0,1,22.6,6.9,Concord (SuAsCo)
W2682,42.3019466,-71.5128697,2017.0,9.0,Fall,20.5,7.2,1,0,0,1,22.5,6.7,Concord (SuAsCo)
W2682,42.3019466,-71.5128697,2017.0,9.0,Fall,20.2,6.2,1,0,0,1,22.2,5.7,Concord (SuAsCo)
W2668,42.2865424,-71.412718,2017.0,9.0,Fall,24.0,8.7,1,0,0,1,26.0,8.2,Concord (SuAsCo)
W2668,42.2865424,-71.412718,2017.0,9.0,Fall,22.1,7.8,1,0,0,1,24.1,7.3,Concord (SuAsCo)
W2668,42.2865424,-71.412718,2017.0,9.0,Fall,19.8,5.6,1,0,0,1,21.8,5.1,Concord (SuAsCo)
W2668,42.2865424,-71.412718,2017.0,9.0,Fall,19.5,6.4,1,0,0,1,21.5,5.9,Concord (SuAsCo)
W2668,42.2865424,-71.412718,2017.0,9.0,Fall,19.1,3.7,2,1,0,1,21.1,3.2,Concord (SuAsCo)
W2668,42.2865424,-71.412718,2017.0,9.0,Fall,18.9,2.8,2,1,0,1,20.9,2.3,Concord (SuAsCo)
W2670,42.4102831,-71.2674529,2017.0,9.0,Fall,22.5,8.8,0,0,0,0,24.5,8.3,Charles
W2670,42.4102831,-71.2674529,2017.0,9.0,Fall,22.5,8.8,0,0,0,0,24.5,8.3,Charles
W2670,42.4102831,-71.2674529,2017.0,9.0,Fall,22.3,8.3,0,0,0,0,24.3,7.800000000000001,Charles
W2670,42.4102831,-71.2674529,2017.0,9.0,Fall,20.5,7.6,0,0,0,0,22.5,7.1,Charles
W2670,42.4102831,-71.2674529,2017.0,9.0,Fall,20.0,6.2,0,0,0,0,22.0,5.7,Charles
W2670,42.4102831,-71.2674529,2017.0,9.0,Fall,19.7,5.2,0,0,0,0,21.7,4.7,Charles
W2706,42.4607823,-71.4322555,2017.0,9.0,Fall,24.0,6.5,1,0,0,1,26.0,6.0,Concord (SuAsCo)
W2252,42.24776313,-73.28034588,2017.0,6.0,Summer,19.4,8.4,2,0,0,1,21.4,7.9,Housatonic
W2291,42.38648751,-73.25940756,2017.0,6.0,Summer,19.2,8.6,2,0,0,1,21.2,8.1,Housatonic
W2719,42.32285317,-72.92619955,2017.0,6.0,Summer,20.8,9.0,2,0,0,1,22.8,8.5,Westfield
W1458,42.25418274,-72.94869942,2017.0,6.0,Summer,15.3,9.8,2,0,0,1,17.3,9.3,Westfield
W2720,42.0385568,-72.94065317,2017.0,6.0,Summer,19.9,8.8,2,0,0,1,21.9,8.3,Farmington
W2721,42.04200482,-72.91837725,2017.0,6.0,Summer,18.1,9.1,2,0,0,1,20.1,8.6,Farmington
W1989,42.27962685,-72.58673039,2017.0,6.0,Summer,15.0,10.3,2,0,0,1,17.0,9.8,Connecticut
W2298,42.62731387,-73.22431951,2017.0,6.0,Summer,12.9,10.0,2,0,0,1,14.9,9.5,Hoosic
W2222,42.63256876,-72.97439535,2017.0,6.0,Summer,16.4,9.5,2,0,0,1,18.4,9.0,Deerfield
W2722,42.72088383,-72.59477377,2017.0,6.0,Summer,16.4,9.5,2,0,0,1,18.4,9.0,Connecticut
W0293,42.58708857,-72.35718789,2017.0,6.0,Summer,15.6,9.7,2,0,0,1,17.6,9.2,Millers
W2218,42.46470593,-72.38454489,2017.0,6.0,Summer,18.9,8.6,2,0,0,1,20.9,8.1,Chicopee
W2252,42.24776313,-73.28034588,2017.0,7.0,Summer,19.9,8.3,2,0,0,1,21.9,7.800000000000001,Housatonic
W2291,42.38648751,-73.25940756,2017.0,7.0,Summer,19.4,8.6,2,0,0,1,21.4,8.1,Housatonic
W2719,42.32285317,-72.92619955,2017.0,7.0,Summer,20.2,9.2,2,0,0,1,22.2,8.7,Westfield
W1458,42.25418274,-72.94869942,2017.0,7.0,Summer,17.1,9.4,2,0,0,1,19.1,8.9,Westfield
W2720,42.0385568,-72.94065317,2017.0,7.0,Summer,20.6,8.8,2,0,0,1,22.6,8.3,Farmington
W2721,42.04200482,-72.91837725,2017.0,7.0,Summer,19.0,9.0,2,0,0,1,21.0,8.5,Farmington
W1989,42.27962685,-72.58673039,2017.0,7.0,Summer,15.8,9.6,2,0,0,1,17.8,9.1,Connecticut
W2298,42.62731387,-73.22431951,2017.0,7.0,Summer,15.0,9.7,2,0,0,1,17.0,9.2,Hoosic
W2222,42.63256876,-72.97439535,2017.0,7.0,Summer,17.5,9.3,2,0,0,1,19.5,8.8,Deerfield
W2722,42.72088383,-72.59477377,2017.0,7.0,Summer,17.0,9.4,2,0,0,1,19.0,8.9,Connecticut
W0293,42.58708857,-72.35718789,2017.0,7.0,Summer,15.7,9.7,2,0,0,1,17.7,9.2,Millers
W2218,42.46470593,-72.38454489,2017.0,7.0,Summer,20.0,8.4,2,0,0,1,22.0,7.9,Chicopee
W2252,42.24776313,-73.28034588,2017.0,8.0,Summer,14.5,9.4,2,0,0,1,16.5,8.9,Housatonic
W2291,42.38648751,-73.25940756,2017.0,8.0,Summer,16.0,9.2,2,0,0,1,18.0,8.7,Housatonic
W2719,42.32285317,-72.92619955,2017.0,8.0,Summer,20.8,9.0,2,0,0,1,22.8,8.5,Westfield
W1458,42.25418274,-72.94869942,2017.0,8.0,Summer,15.4,9.7,2,0,0,1,17.4,9.2,Westfield
W2720,42.0385568,-72.94065317,2017.0,8.0,Summer,18.9,9.0,2,0,0,1,20.9,8.5,Farmington
W2721,42.04200482,-72.91837725,2017.0,8.0,Summer,17.7,9.3,2,0,0,1,19.7,8.8,Farmington
W1989,42.27962685,-72.58673039,2017.0,8.0,Summer,20.2,8.0,2,0,0,1,22.2,7.5,Connecticut
W2298,42.62731387,-73.22431951,2017.0,8.0,Summer,17.4,9.1,2,0,0,1,19.4,8.6,Hoosic
W2222,42.63256876,-72.97439535,2017.0,8.0,Summer,18.6,9.1,2,0,0,1,20.6,8.6,Deerfield
W2722,42.72088383,-72.59477377,2017.0,8.0,Summer,19.1,8.8,2,0,0,1,21.1,8.3,Connecticut
W0293,42.58708857,-72.35718789,2017.0,8.0,Summer,19.0,9.0,2,0,0,1,21.0,8.5,Millers
W2218,42.46470593,-72.38454489,2017.0,8.0,Summer,22.2,7.8,2,0,0,1,24.2,7.3,Chicopee
W2252,42.24776313,-73.28034588,2017.0,9.0,Fall,17.0,8.4,1,0,0,1,19.0,7.9,Housatonic
W2291,42.38648751,-73.25940756,2017.0,9.0,Fall,18.6,8.5,1,0,0,1,20.6,8.0,Housatonic
W2719,42.32285317,-72.92619955,2017.0,9.0,Fall,19.5,9.2,1,0,0,1,21.5,8.7,Westfield
W1458,42.25418274,-72.94869942,2017.0,9.0,Fall,16.8,9.1,1,0,0,1,18.8,8.6,Westfield
W2720,42.0385568,-72.94065317,2017.0,9.0,Fall,18.8,9.0,1,0,0,1,20.8,8.5,Farmington
W2721,42.04200482,-72.91837725,2017.0,9.0,Fall,18.1,9.0,1,0,0,1,20.1,8.5,Farmington
W1989,42.27962685,-72.58673039,2017.0,9.0,Fall,18.5,7.9,1,0,0,1,20.5,7.4,Connecticut
W2298,42.62731387,-73.22431951,2017.0,9.0,Fall,18.0,8.8,1,0,0,1,20.0,8.3,Hoosic
W2222,42.63256876,-72.97439535,2017.0,9.0,Fall,18.2,9.0,1,0,0,1,20.2,8.5,Deerfield
W2722,42.72088383,-72.59477377,2017.0,9.0,Fall,18.3,8.4,1,0,0,1,20.3,7.9,Connecticut
W0293,42.58708857,-72.35718789,2017.0,9.0,Fall,18.6,8.8,1,0,0,1,20.6,8.3,Millers
W2218,42.46470593,-72.38454489,2017.0,9.0,Fall,20.5,7.9,1,0,0,1,22.5,7.4,Chicopee
W2723,42.17440807,-72.90639061,2017.0,5.0,Spring,9.2,10.6,1,0,0,1,11.2,10.1,Westfield
W2724,42.17006824,-72.8968609,2017.0,5.0,Spring,8.9,11.2,1,0,0,1,10.9,10.7,Westfield
W2725,42.1666955,-72.8810188,2017.0,5.0,Spring,8.5,11.4,1,0,0,1,10.5,10.9,Westfield
W2726,42.16429788,-72.84705857,2017.0,5.0,Spring,8.0,11.7,1,0,0,1,10.0,11.2,Westfield
W0244,42.16599233,-72.83056299,2017.0,5.0,Spring,8.4,11.8,1,0,0,1,10.4,11.3,Westfield
W0533,42.085924,-71.25668829,2017.0,12.0,Winter,3.5,12.2,1,0,0,1,5.5,11.7,Neponset
W0543,42.17269436,-71.2049852,2017.0,12.0,Winter,2.7,12.8,1,0,0,1,4.7,12.3,Neponset
W0549,42.16852193,-71.16788696,2017.0,12.0,Winter,3.8,11.4,1,0,0,1,5.8,10.9,Neponset
W0564,42.19696522,-71.15515153,2017.0,12.0,Winter,3.1,11.2,1,0,0,1,5.1,10.7,Neponset
W0568,42.20923111,-71.14595217,2017.0,12.0,Winter,3.7,11.0,1,0,0,1,5.7,10.5,Neponset
W0565,42.18896192,-71.14424053,2017.0,12.0,Winter,4.7,9.9,1,0,0,1,6.7,9.4,Neponset
W0566,42.20323377,-71.13501796,2017.0,12.0,Winter,3.1,11.2,1,0,0,1,5.1,10.7,Neponset
W2772,42.23453213,-71.12261455,2017.0,12.0,Winter,3.2,11.4,1,0,0,1,5.2,10.9,Neponset
W2748,42.3324757,-73.08289073,2017.0,10.0,Fall,14.3,10.0,1,0,0,1,16.3,9.5,Westfield
W2749,42.277704,-72.981323,2017.0,10.0,Fall,15.2,10.0,1,0,0,1,17.2,9.5,Westfield
W1459,42.30603984,-72.90670538,2017.0,10.0,Fall,15.0,9.6,1,0,0,1,17.0,9.1,Westfield
W2750,42.35308915,-72.92865942,2017.0,10.0,Fall,14.0,9.3,1,0,0,1,16.0,8.8,Westfield
W0220,42.27084268,-72.86666034,2017.0,10.0,Fall,16.8,10.0,1,0,0,1,18.8,9.5,Westfield
W2744,42.23095925,-72.87390013,2017.0,10.0,Fall,17.7,10.0,1,0,0,1,19.7,9.5,Westfield
W2765,42.18433187,-72.87142394,2017.0,10.0,Fall,15.2,9.9,1,0,0,1,17.2,9.4,Westfield
W2768,42.21003083,-73.0950755,2017.0,10.0,Fall,13.9,9.8,1,0,0,1,15.9,9.3,Farmington
W0198,42.15688759,-73.07352832,2017.0,10.0,Fall,13.8,10.0,1,0,0,1,15.8,9.5,Farmington
W0201,42.07885841,-73.0731024,2017.0,10.0,Fall,13.9,10.4,1,0,0,1,15.9,9.9,Farmington
W2766,42.22619242,-72.85646293,2017.0,10.0,Fall,13.2,10.3,1,0,0,1,15.2,9.8,Westfield
W2752,42.20567158,-72.81139374,2017.0,10.0,Fall,12.7,9.1,1,0,0,1,14.7,8.6,Westfield
W2753,42.14856865,-72.79318461,2017.0,10.0,Fall,15.9,10.6,1,0,0,1,17.9,10.1,Westfield
W2754,42.13783821,-72.78458658,2017.0,10.0,Fall,15.4,5.8,1,0,0,1,17.4,5.3,Westfield
W2751,42.10235702,-72.77246658,2017.0,10.0,Fall,14.0,8.5,1,0,0,1,16.0,8.0,Westfield
W2624,42.45860912,-72.13100007,2016.0,6.0,Summer,24.0,7.2,2,0,0,1,26.0,6.7,Chicopee
W2624,42.45860912,-72.13100007,2016.0,6.0,Summer,23.8,7.1,2,0,0,1,25.8,6.6,Chicopee
W2624,42.45860912,-72.13100007,2016.0,6.0,Summer,23.2,6.9,2,0,0,1,25.2,6.4,Chicopee
W2624,42.45860912,-72.13100007,2016.0,6.0,Summer,21.2,5.6,2,0,0,1,23.2,5.1,Chicopee
W2624,42.45860912,-72.13100007,2016.0,6.0,Summer,18.3,2.2,3,1,0,1,20.3,1.7000000000000002,Chicopee
W2631,42.35064193,-71.99240896,2016.0,6.0,Summer,22.9,8.7,2,0,0,1,24.9,8.2,Chicopee
W2631,42.35064193,-71.99240896,2016.0,6.0,Summer,22.3,8.7,2,0,0,1,24.3,8.2,Chicopee
W2631,42.35064193,-71.99240896,2016.0,6.0,Summer,21.6,9.0,2,0,0,1,23.6,8.5,Chicopee
W2631,42.35064193,-71.99240896,2016.0,6.0,Summer,18.9,10.0,2,0,0,1,20.9,9.5,Chicopee
W2631,42.35064193,-71.99240896,2016.0,6.0,Summer,17.4,10.5,2,0,0,1,19.4,10.0,Chicopee
W2631,42.35064193,-71.99240896,2016.0,6.0,Summer,16.8,10.6,2,0,0,1,18.8,10.1,Chicopee
W2631,42.35064193,-71.99240896,2016.0,6.0,Summer,16.6,10.3,2,0,0,1,18.6,9.8,Chicopee
W2629,42.53538777,-72.11401537,2016.0,6.0,Summer,22.2,9.0,2,0,0,1,24.2,8.5,Chicopee
W2629,42.53538777,-72.11401537,2016.0,6.0,Summer,22.1,8.9,2,0,0,1,24.1,8.4,Chicopee
W2629,42.53538777,-72.11401537,2016.0,6.0,Summer,21.9,8.9,2,0,0,1,23.9,8.4,Chicopee
W2629,42.53538777,-72.11401537,2016.0,6.0,Summer,19.7,10.0,2,0,0,1,21.7,9.5,Chicopee
W2629,42.53538777,-72.11401537,2016.0,6.0,Summer,17.5,9.8,2,0,0,1,19.5,9.3,Chicopee
W2629,42.53538777,-72.11401537,2016.0,6.0,Summer,15.7,8.1,2,0,0,1,17.7,7.6,Chicopee
W2629,42.53538777,-72.11401537,2016.0,6.0,Summer,14.6,4.6,3,1,0,1,16.6,4.1,Chicopee
W2629,42.53538777,-72.11401537,2016.0,6.0,Summer,14.4,2.4,3,1,0,1,16.4,1.9,Chicopee
W2636,42.54862493,-71.97261742,2016.0,6.0,Summer,24.2,7.1,2,0,0,1,26.2,6.6,Millers
W2636,42.54862493,-71.97261742,2016.0,6.0,Summer,23.7,7.1,2,0,0,1,25.7,6.6,Millers
W2637,42.05025716,-72.24662045,2016.0,6.0,Summer,23.9,6.6,2,0,0,1,25.9,6.1,Chicopee
W2637,42.05025716,-72.24662045,2016.0,6.0,Summer,20.7,5.2,2,0,0,1,22.7,4.7,Chicopee
W2637,42.05025716,-72.24662045,2016.0,6.0,Summer,18.0,5.6,2,0,0,1,20.0,5.1,Chicopee
W2619,42.05296096,-72.15851801,2016.0,6.0,Summer,23.6,8.0,2,0,0,1,25.6,7.5,Quinebaug
W2619,42.05296096,-72.15851801,2016.0,6.0,Summer,23.5,8.0,2,0,0,1,25.5,7.5,Quinebaug
W2619,42.05296096,-72.15851801,2016.0,6.0,Summer,23.1,7.8,2,0,0,1,25.1,7.3,Quinebaug
W2619,42.05296096,-72.15851801,2016.0,6.0,Summer,23.0,7.5,2,0,0,1,25.0,7.0,Quinebaug
W2619,42.05296096,-72.15851801,2016.0,6.0,Summer,22.6,7.4,2,0,0,1,24.6,6.9,Quinebaug
W2619,42.05296096,-72.15851801,2016.0,6.0,Summer,22.1,6.5,2,0,0,1,24.1,6.0,Quinebaug
W2619,42.05296096,-72.15851801,2016.0,6.0,Summer,18.5,5.8,2,0,0,1,20.5,5.3,Quinebaug
W2619,42.05296096,-72.15851801,2016.0,6.0,Summer,17.1,4.9,3,1,0,1,19.1,4.4,Quinebaug
W2619,42.05296096,-72.15851801,2016.0,6.0,Summer,15.6,3.2,3,1,0,1,17.6,2.7,Quinebaug
W2640,42.245392,-71.91672999,2016.0,6.0,Summer,23.4,8.3,2,0,0,1,25.4,7.800000000000001,French
W2640,42.245392,-71.91672999,2016.0,6.0,Summer,23.3,8.4,2,0,0,1,25.3,7.9,French
W2640,42.245392,-71.91672999,2016.0,6.0,Summer,23.1,8.4,2,0,0,1,25.1,7.9,French
W2640,42.245392,-71.91672999,2016.0,6.0,Summer,22.9,8.8,2,0,0,1,24.9,8.3,French
W2640,42.245392,-71.91672999,2016.0,6.0,Summer,22.5,8.9,2,0,0,1,24.5,8.4,French
W2640,42.245392,-71.91672999,2016.0,6.0,Summer,21.3,9.2,2,0,0,1,23.3,8.7,French
W2625,42.1169928,-71.90951431,2016.0,6.0,Summer,23.6,8.3,2,0,0,1,25.6,7.800000000000001,French
W2625,42.1169928,-71.90951431,2016.0,6.0,Summer,23.2,8.2,2,0,0,1,25.2,7.699999999999999,French
W2625,42.1169928,-71.90951431,2016.0,6.0,Summer,18.5,8.1,2,0,0,1,20.5,7.6,French
W2625,42.1169928,-71.90951431,2016.0,6.0,Summer,15.4,5.5,2,0,0,1,17.4,5.0,French
W1295,42.05363901,-71.84807799,2016.0,7.0,Summer,26.4,8.1,2,0,0,1,28.4,7.6,French
W1295,42.05363901,-71.84807799,2016.0,7.0,Summer,26.3,8.1,2,0,0,1,28.3,7.6,French
W1295,42.05363901,-71.84807799,2016.0,7.0,Summer,26.2,8.1,2,0,0,1,28.2,7.6,French
W1295,42.05363901,-71.84807799,2016.0,7.0,Summer,25.6,8.2,2,0,0,1,27.6,7.699999999999999,French
W1295,42.05363901,-71.84807799,2016.0,7.0,Summer,25.2,8.0,2,0,0,1,27.2,7.5,French
W1295,42.05363901,-71.84807799,2016.0,7.0,Summer,24.7,7.6,2,0,0,1,26.7,7.1,French
W1295,42.05363901,-71.84807799,2016.0,7.0,Summer,20.6,5.9,2,0,0,1,22.6,5.4,French
W1295,42.05363901,-71.84807799,2016.0,7.0,Summer,18.7,2.4,3,1,0,1,20.7,1.9,French
W1295,42.05363901,-71.84807799,2016.0,7.0,Summer,16.7,1.0,3,1,0,1,18.7,0.5,French
W1295,42.05363901,-71.84807799,2016.0,7.0,Summer,15.7,0.5,3,1,0,1,17.7,0.0,French
W1295,42.05363901,-71.84807799,2016.0,7.0,Summer,14.6,0.4,3,1,0,1,16.6,0.0,French
W2627,42.12009007,-72.13122415,2016.0,6.0,Summer,21.4,8.5,2,0,0,1,23.4,8.0,Quinebaug
W2627,42.12009007,-72.13122415,2016.0,6.0,Summer,21.4,8.5,2,0,0,1,23.4,8.0,Quinebaug
W2627,42.12009007,-72.13122415,2016.0,6.0,Summer,21.4,8.5,2,0,0,1,23.4,8.0,Quinebaug
W2627,42.12009007,-72.13122415,2016.0,6.0,Summer,19.3,9.8,2,0,0,1,21.3,9.3,Quinebaug
W2627,42.12009007,-72.13122415,2016.0,6.0,Summer,14.0,6.5,2,0,0,1,16.0,6.0,Quinebaug
W2627,42.12009007,-72.13122415,2016.0,6.0,Summer,11.8,0.2,3,1,0,1,13.8,0.0,Quinebaug
W1005,42.17302268,-72.07108074,2016.0,7.0,Summer,25.2,8.5,2,0,0,1,27.2,8.0,Chicopee
W1005,42.17302268,-72.07108074,2016.0,7.0,Summer,25.0,8.4,2,0,0,1,27.0,7.9,Chicopee
W1005,42.17302268,-72.07108074,2016.0,7.0,Summer,24.8,8.4,2,0,0,1,26.8,7.9,Chicopee
W1005,42.17302268,-72.07108074,2016.0,7.0,Summer,24.2,8.4,2,0,0,1,26.2,7.9,Chicopee
W1005,42.17302268,-72.07108074,2016.0,7.0,Summer,22.8,9.0,2,0,0,1,24.8,8.5,Chicopee
W1005,42.17302268,-72.07108074,2016.0,7.0,Summer,17.7,10.8,2,0,0,1,19.7,10.3,Chicopee
W1005,42.17302268,-72.07108074,2016.0,7.0,Summer,14.3,10.8,2,0,0,1,16.3,10.3,Chicopee
W1005,42.17302268,-72.07108074,2016.0,7.0,Summer,12.2,10.6,2,0,0,1,14.2,10.1,Chicopee
W1005,42.17302268,-72.07108074,2016.0,7.0,Summer,10.8,8.8,2,0,0,1,12.8,8.3,Chicopee
W1005,42.17302268,-72.07108074,2016.0,7.0,Summer,9.7,7.2,2,0,0,1,11.7,6.7,Chicopee
W1005,42.17302268,-72.07108074,2016.0,7.0,Summer,9.0,5.0,2,0,0,1,11.0,4.5,Chicopee
W1005,42.17302268,-72.07108074,2016.0,7.0,Summer,8.6,4.0,3,1,0,1,10.6,3.5,Chicopee
W1005,42.17302268,-72.07108074,2016.0,7.0,Summer,8.3,3.7,3,1,0,1,10.3,3.2,Chicopee
W1005,42.17302268,-72.07108074,2016.0,7.0,Summer,8.2,3.2,3,1,0,1,10.2,2.7,Chicopee
W1005,42.17302268,-72.07108074,2016.0,7.0,Summer,8.0,2.8,3,1,0,1,10.0,2.3,Chicopee
W1005,42.17302268,-72.07108074,2016.0,7.0,Summer,7.9,2.3,3,1,0,1,9.9,1.7999999999999998,Chicopee
W1005,42.17302268,-72.07108074,2016.0,7.0,Summer,7.8,1.7,3,1,0,1,9.8,1.2,Chicopee
W1005,42.17302268,-72.07108074,2016.0,7.0,Summer,7.8,0.8,3,1,0,1,9.8,0.30000000000000004,Chicopee
W2635,42.636926,-72.24684588,2016.0,6.0,Summer,19.8,8.2,2,0,0,1,21.8,7.699999999999999,Millers
W2635,42.636926,-72.24684588,2016.0,6.0,Summer,19.4,8.2,2,0,0,1,21.4,7.699999999999999,Millers
W2635,42.636926,-72.24684588,2016.0,6.0,Summer,19.3,8.2,2,0,0,1,21.3,7.699999999999999,Millers
W2635,42.636926,-72.24684588,2016.0,6.0,Summer,19.1,8.1,2,0,0,1,21.1,7.6,Millers
W2635,42.636926,-72.24684588,2016.0,6.0,Summer,19.0,8.0,2,0,0,1,21.0,7.5,Millers
W2635,42.636926,-72.24684588,2016.0,6.0,Summer,18.9,8.0,2,0,0,1,20.9,7.5,Millers
W2623,42.72687692,-71.98870188,2016.0,6.0,Summer,17.8,8.8,2,0,0,1,19.8,8.3,Millers
W2623,42.72687692,-71.98870188,2016.0,6.0,Summer,17.8,8.8,2,0,0,1,19.8,8.3,Millers
W2623,42.72687692,-71.98870188,2016.0,6.0,Summer,17.8,8.8,2,0,0,1,19.8,8.3,Millers
W2623,42.72687692,-71.98870188,2016.0,6.0,Summer,17.7,8.8,2,0,0,1,19.7,8.3,Millers
W2623,42.72687692,-71.98870188,2016.0,6.0,Summer,17.4,8.6,2,0,0,1,19.4,8.1,Millers
W2623,42.72687692,-71.98870188,2016.0,6.0,Summer,14.9,5.5,2,0,0,1,16.9,5.0,Millers
W2623,42.72687692,-71.98870188,2016.0,6.0,Summer,13.2,3.7,3,1,0,1,15.2,3.2,Millers
W2623,42.72687692,-71.98870188,2016.0,6.0,Summer,12.4,1.1,3,1,0,1,14.4,0.6000000000000001,Millers
W2639,42.46965247,-72.66562458,2016.0,6.0,Summer,20.3,9.1,2,0,0,1,22.3,8.6,Connecticut
W2639,42.46965247,-72.66562458,2016.0,6.0,Summer,20.3,9.1,2,0,0,1,22.3,8.6,Connecticut
W2639,42.46965247,-72.66562458,2016.0,6.0,Summer,19.6,9.2,2,0,0,1,21.6,8.7,Connecticut
W2639,42.46965247,-72.66562458,2016.0,6.0,Summer,18.7,9.1,2,0,0,1,20.7,8.6,Connecticut
W2639,42.46965247,-72.66562458,2016.0,6.0,Summer,16.6,9.4,2,0,0,1,18.6,8.9,Connecticut
W2639,42.46965247,-72.66562458,2016.0,6.0,Summer,13.8,10.0,2,0,0,1,15.8,9.5,Connecticut
W2639,42.46965247,-72.66562458,2016.0,6.0,Summer,12.8,9.8,2,0,0,1,14.8,9.3,Connecticut
W2639,42.46965247,-72.66562458,2016.0,6.0,Summer,12.0,9.5,2,0,0,1,14.0,9.0,Connecticut
W2639,42.46965247,-72.66562458,2016.0,6.0,Summer,11.7,9.0,2,0,0,1,13.7,8.5,Connecticut
W2639,42.46965247,-72.66562458,2016.0,6.0,Summer,10.7,8.3,2,0,0,1,12.7,7.800000000000001,Connecticut
W2639,42.46965247,-72.66562458,2016.0,6.0,Summer,9.7,6.8,2,0,0,1,11.7,6.3,Connecticut
W2620,42.42484642,-72.48672107,2016.0,6.0,Summer,20.5,9.0,2,0,0,1,22.5,8.5,Connecticut
W2620,42.42484642,-72.48672107,2016.0,6.0,Summer,20.0,9.0,2,0,0,1,22.0,8.5,Connecticut
W2620,42.42484642,-72.48672107,2016.0,6.0,Summer,19.5,9.1,2,0,0,1,21.5,8.6,Connecticut
W2620,42.42484642,-72.48672107,2016.0,6.0,Summer,18.5,9.5,2,0,0,1,20.5,9.0,Connecticut
W2620,42.42484642,-72.48672107,2016.0,6.0,Summer,14.3,10.5,2,0,0,1,16.3,10.0,Connecticut
W2620,42.42484642,-72.48672107,2016.0,6.0,Summer,11.9,6.3,2,0,0,1,13.9,5.8,Connecticut
W2620,42.42484642,-72.48672107,2016.0,6.0,Summer,10.9,2.9,3,1,0,1,12.9,2.4,Connecticut
W2620,42.42484642,-72.48672107,2016.0,6.0,Summer,10.5,0.8,3,1,0,1,12.5,0.30000000000000004,Connecticut
W2626,42.4122105,-72.83425736,2016.0,6.0,Summer,21.6,8.3,1,0,0,0,23.6,7.800000000000001,Westfield
W2626,42.4122105,-72.83425736,2016.0,6.0,Summer,20.3,8.4,1,0,0,0,22.3,7.9,Westfield
W2626,42.4122105,-72.83425736,2016.0,6.0,Summer,18.9,7.7,1,0,0,0,20.9,7.2,Westfield
W2626,42.4122105,-72.83425736,2016.0,6.0,Summer,17.6,7.0,1,0,0,0,19.6,6.5,Westfield
W2634,42.55110325,-72.94258179,2016.0,6.0,Summer,23.0,8.8,2,0,0,1,25.0,8.3,Deerfield
W2634,42.55110325,-72.94258179,2016.0,6.0,Summer,20.6,9.1,2,0,0,1,22.6,8.6,Deerfield
W2634,42.55110325,-72.94258179,2016.0,6.0,Summer,20.0,9.6,2,0,0,1,22.0,9.1,Deerfield
W2642,42.31250093,-72.42809583,2016.0,6.0,Summer,25.4,8.7,2,0,0,1,27.4,8.2,Connecticut
W2642,42.31250093,-72.42809583,2016.0,6.0,Summer,25.2,8.7,2,0,0,1,27.2,8.2,Connecticut
W2642,42.31250093,-72.42809583,2016.0,6.0,Summer,25.1,8.7,2,0,0,1,27.1,8.2,Connecticut
W2642,42.31250093,-72.42809583,2016.0,6.0,Summer,25.1,8.7,2,0,0,1,27.1,8.2,Connecticut
W2642,42.31250093,-72.42809583,2016.0,6.0,Summer,25.1,8.8,2,0,0,1,27.1,8.3,Connecticut
W2642,42.31250093,-72.42809583,2016.0,6.0,Summer,25.0,8.7,2,0,0,1,27.0,8.2,Connecticut
W2633,42.3121799,-72.23904354,2016.0,6.0,Summer,25.8,8.4,2,0,0,1,27.8,7.9,Chicopee
W2633,42.3121799,-72.23904354,2016.0,6.0,Summer,25.6,8.4,2,0,0,1,27.6,7.9,Chicopee
W2633,42.3121799,-72.23904354,2016.0,6.0,Summer,22.7,7.7,2,0,0,1,24.7,7.2,Chicopee
W2633,42.3121799,-72.23904354,2016.0,6.0,Summer,20.6,7.8,2,0,0,1,22.6,7.3,Chicopee
W2633,42.3121799,-72.23904354,2016.0,6.0,Summer,16.5,0.8,3,1,0,1,18.5,0.30000000000000004,Chicopee
W1751,42.18432523,-72.69383159,2016.0,6.0,Summer,25.0,9.6,2,0,0,1,27.0,9.1,Westfield
W1751,42.18432523,-72.69383159,2016.0,6.0,Summer,25.0,9.6,2,0,0,1,27.0,9.1,Westfield
W1751,42.18432523,-72.69383159,2016.0,6.0,Summer,25.0,9.6,2,0,0,1,27.0,9.1,Westfield
W1751,42.18432523,-72.69383159,2016.0,6.0,Summer,25.0,9.6,2,0,0,1,27.0,9.1,Westfield
W1751,42.18432523,-72.69383159,2016.0,6.0,Summer,22.1,11.4,2,0,0,1,24.1,10.9,Westfield
W1751,42.18432523,-72.69383159,2016.0,6.0,Summer,19.0,12.5,2,0,0,1,21.0,12.0,Westfield
W1751,42.18432523,-72.69383159,2016.0,6.0,Summer,16.0,6.5,2,0,0,1,18.0,6.0,Westfield
W1751,42.18432523,-72.69383159,2016.0,6.0,Summer,14.3,0.3,3,1,0,1,16.3,0.0,Westfield
W0925,42.0147182,-72.76361682,2016.0,6.0,Summer,24.7,10.2,2,0,0,1,26.7,9.7,Westfield
W0925,42.0147182,-72.76361682,2016.0,6.0,Summer,24.6,10.1,2,0,0,1,26.6,9.6,Westfield
W0925,42.0147182,-72.76361682,2016.0,6.0,Summer,24.4,10.2,2,0,0,1,26.4,9.7,Westfield
W0925,42.0147182,-72.76361682,2016.0,6.0,Summer,24.1,10.3,2,0,0,1,26.1,9.8,Westfield
W0925,42.0147182,-72.76361682,2016.0,6.0,Summer,20.5,10.0,2,0,0,1,22.5,9.5,Westfield
W0925,42.0147182,-72.76361682,2016.0,6.0,Summer,17.0,0.6,3,1,0,1,19.0,0.09999999999999998,Westfield
W0923,42.02715395,-72.75717252,2016.0,6.0,Summer,24.6,10.2,2,0,0,1,26.6,9.7,Westfield
W0923,42.02715395,-72.75717252,2016.0,6.0,Summer,24.5,10.4,2,0,0,1,26.5,9.9,Westfield
W0923,42.02715395,-72.75717252,2016.0,6.0,Summer,24.4,10.3,2,0,0,1,26.4,9.8,Westfield
W0923,42.02715395,-72.75717252,2016.0,6.0,Summer,23.5,10.6,2,0,0,1,25.5,10.1,Westfield
W0923,42.02715395,-72.75717252,2016.0,6.0,Summer,20.3,10.5,2,0,0,1,22.3,10.0,Westfield
W0923,42.02715395,-72.75717252,2016.0,6.0,Summer,16.6,6.1,2,0,0,1,18.6,5.6,Westfield
W0923,42.02715395,-72.75717252,2016.0,6.0,Summer,13.8,0.5,3,1,0,1,15.8,0.0,Westfield
W2641,42.26464411,-72.66845786,2016.0,6.0,Summer,21.4,11.7,1,0,0,0,23.4,11.2,Connecticut
W2641,42.26464411,-72.66845786,2016.0,6.0,Summer,21.3,11.6,1,0,0,0,23.3,11.1,Connecticut
W2641,42.26464411,-72.66845786,2016.0,6.0,Summer,19.8,13.3,1,0,0,0,21.8,12.8,Connecticut
W2641,42.26464411,-72.66845786,2016.0,6.0,Summer,18.2,13.5,1,0,0,0,20.2,13.0,Connecticut
W2641,42.26464411,-72.66845786,2016.0,6.0,Summer,17.0,10.9,1,0,0,0,19.0,10.4,Connecticut
W2641,42.26464411,-72.66845786,2016.0,6.0,Summer,16.0,3.4,2,1,0,0,18.0,2.9,Connecticut
W1068,42.30619738,-72.43188682,2016.0,6.0,Summer,24.9,8.5,2,0,0,1,26.9,8.0,Connecticut
W1068,42.30619738,-72.43188682,2016.0,6.0,Summer,24.6,8.5,2,0,0,1,26.6,8.0,Connecticut
W1068,42.30619738,-72.43188682,2016.0,6.0,Summer,24.0,8.5,2,0,0,1,26.0,8.0,Connecticut
W1068,42.30619738,-72.43188682,2016.0,6.0,Summer,23.8,8.2,2,0,0,1,25.8,7.699999999999999,Connecticut
W1068,42.30619738,-72.43188682,2016.0,6.0,Summer,22.6,7.6,2,0,0,1,24.6,7.1,Connecticut
W1068,42.30619738,-72.43188682,2016.0,6.0,Summer,20.4,4.7,3,1,0,1,22.4,4.2,Connecticut
W1068,42.30619738,-72.43188682,2016.0,6.0,Summer,18.9,1.6,3,1,0,1,20.9,1.1,Connecticut
W2727,42.38254588,-73.16168233,2016.0,6.0,Summer,22.6,8.4,2,0,0,1,24.6,7.9,Housatonic
W2727,42.38254588,-73.16168233,2016.0,6.0,Summer,22.6,8.4,2,0,0,1,24.6,7.9,Housatonic
W2727,42.38254588,-73.16168233,2016.0,6.0,Summer,22.4,8.3,2,0,0,1,24.4,7.800000000000001,Housatonic
W2727,42.38254588,-73.16168233,2016.0,6.0,Summer,22.2,8.4,2,0,0,1,24.2,7.9,Housatonic
W2727,42.38254588,-73.16168233,2016.0,6.0,Summer,19.4,9.0,2,0,0,1,21.4,8.5,Housatonic
W2727,42.38254588,-73.16168233,2016.0,6.0,Summer,17.6,8.5,2,0,0,1,19.6,8.0,Housatonic
W2727,42.38254588,-73.16168233,2016.0,6.0,Summer,17.3,8.1,2,0,0,1,19.3,7.6,Housatonic
W2630,42.32791673,-73.36695718,2016.0,6.0,Summer,24.7,8.5,2,0,0,1,26.7,8.0,Housatonic
W2630,42.32791673,-73.36695718,2016.0,6.0,Summer,24.6,8.5,2,0,0,1,26.6,8.0,Housatonic
W2630,42.32791673,-73.36695718,2016.0,6.0,Summer,24.3,8.5,2,0,0,1,26.3,8.0,Housatonic
W2630,42.32791673,-73.36695718,2016.0,6.0,Summer,24.2,4.2,3,1,0,1,26.2,3.7,Housatonic
W2622,42.31238075,-73.13334482,2016.0,6.0,Summer,22.9,7.5,2,0,0,1,24.9,7.0,Westfield
W2622,42.31238075,-73.13334482,2016.0,6.0,Summer,22.9,7.4,2,0,0,1,24.9,6.9,Westfield
W2622,42.31238075,-73.13334482,2016.0,6.0,Summer,22.8,7.1,2,0,0,1,24.8,6.6,Westfield
W2621,42.25157365,-73.06217159,2016.0,6.0,Summer,24.4,8.6,2,0,0,1,26.4,8.1,Westfield
W2621,42.25157365,-73.06217159,2016.0,6.0,Summer,23.8,8.7,2,0,0,1,25.8,8.2,Westfield
W2621,42.25157365,-73.06217159,2016.0,6.0,Summer,23.6,8.6,2,0,0,1,25.6,8.1,Westfield
W2621,42.25157365,-73.06217159,2016.0,6.0,Summer,20.8,8.6,2,0,0,1,22.8,8.1,Westfield
W2632,42.68633588,-73.09319174,2016.0,6.0,Summer,24.4,8.5,2,0,0,1,26.4,8.0,Hoosic
W2632,42.68633588,-73.09319174,2016.0,6.0,Summer,24.3,8.5,2,0,0,1,26.3,8.0,Hoosic
W2632,42.68633588,-73.09319174,2016.0,6.0,Summer,24.1,8.4,2,0,0,1,26.1,7.9,Hoosic
W2632,42.68633588,-73.09319174,2016.0,6.0,Summer,21.8,8.9,2,0,0,1,23.8,8.4,Hoosic
W2632,42.68633588,-73.09319174,2016.0,6.0,Summer,19.7,4.0,3,1,0,1,21.7,3.5,Hoosic
W2628,42.16259277,-73.11804242,2016.0,6.0,Summer,24.9,8.6,2,0,0,1,26.9,8.1,Farmington
W2628,42.16259277,-73.11804242,2016.0,6.0,Summer,24.8,8.6,2,0,0,1,26.8,8.1,Farmington
W2628,42.16259277,-73.11804242,2016.0,6.0,Summer,24.3,8.5,2,0,0,1,26.3,8.0,Farmington
W2628,42.16259277,-73.11804242,2016.0,6.0,Summer,22.9,8.8,2,0,0,1,24.9,8.3,Farmington
W2628,42.16259277,-73.11804242,2016.0,6.0,Summer,20.7,9.2,2,0,0,1,22.7,8.7,Farmington
W2628,42.16259277,-73.11804242,2016.0,6.0,Summer,18.0,4.6,3,1,0,1,20.0,4.1,Farmington
W2628,42.16259277,-73.11804242,2016.0,6.0,Summer,16.8,1.9,3,1,0,1,18.8,1.4,Farmington
W0347,42.18359566,-73.04390073,2016.0,6.0,Summer,24.1,8.4,2,0,0,1,26.1,7.9,Farmington
W0347,42.18359566,-73.04390073,2016.0,6.0,Summer,24.0,8.4,2,0,0,1,26.0,7.9,Farmington
W0347,42.18359566,-73.04390073,2016.0,6.0,Summer,24.0,8.4,2,0,0,1,26.0,7.9,Farmington
W0347,42.18359566,-73.04390073,2016.0,6.0,Summer,23.3,8.1,2,0,0,1,25.3,7.6,Farmington
W0347,42.18359566,-73.04390073,2016.0,6.0,Summer,20.9,7.5,2,0,0,1,22.9,7.0,Farmington
W0347,42.18359566,-73.04390073,2016.0,6.0,Summer,18.9,7.0,2,0,0,1,20.9,6.5,Farmington
W0347,42.18359566,-73.04390073,2016.0,6.0,Summer,17.4,2.0,3,1,0,1,19.4,1.5,Farmington
W2624,42.45860912,-72.13100007,2016.0,7.0,Summer,22.0,6.5,2,0,0,1,24.0,6.0,Chicopee
W2624,42.45860912,-72.13100007,2016.0,7.0,Summer,22.0,6.5,2,0,0,1,24.0,6.0,Chicopee
W2624,42.45860912,-72.13100007,2016.0,7.0,Summer,21.9,6.5,2,0,0,1,23.9,6.0,Chicopee
W2624,42.45860912,-72.13100007,2016.0,7.0,Summer,21.8,6.3,2,0,0,1,23.8,5.8,Chicopee
W2624,42.45860912,-72.13100007,2016.0,7.0,Summer,21.8,6.3,2,0,0,1,23.8,5.8,Chicopee
W2631,42.35064193,-71.99240896,2016.0,7.0,Summer,24.3,7.9,2,0,0,1,26.3,7.4,Chicopee
W2631,42.35064193,-71.99240896,2016.0,7.0,Summer,23.6,7.9,2,0,0,1,25.6,7.4,Chicopee
W2631,42.35064193,-71.99240896,2016.0,7.0,Summer,23.5,7.8,2,0,0,1,25.5,7.3,Chicopee
W2631,42.35064193,-71.99240896,2016.0,7.0,Summer,23.4,7.6,2,0,0,1,25.4,7.1,Chicopee
W2631,42.35064193,-71.99240896,2016.0,7.0,Summer,23.3,7.4,2,0,0,1,25.3,6.9,Chicopee
W2631,42.35064193,-71.99240896,2016.0,7.0,Summer,22.8,5.0,2,0,0,1,24.8,4.5,Chicopee
W2629,42.53538777,-72.11401537,2016.0,7.0,Summer,24.2,8.2,2,0,0,1,26.2,7.699999999999999,Chicopee
W2629,42.53538777,-72.11401537,2016.0,7.0,Summer,23.7,8.3,2,0,0,1,25.7,7.800000000000001,Chicopee
W2629,42.53538777,-72.11401537,2016.0,7.0,Summer,23.4,8.3,2,0,0,1,25.4,7.800000000000001,Chicopee
W2629,42.53538777,-72.11401537,2016.0,7.0,Summer,23.2,8.2,2,0,0,1,25.2,7.699999999999999,Chicopee
W2629,42.53538777,-72.11401537,2016.0,7.0,Summer,23.1,7.8,2,0,0,1,25.1,7.3,Chicopee
W2629,42.53538777,-72.11401537,2016.0,7.0,Summer,22.1,4.6,3,1,0,1,24.1,4.1,Chicopee
W2629,42.53538777,-72.11401537,2016.0,7.0,Summer,22.6,6.5,2,0,0,1,24.6,6.0,Chicopee
W2636,42.54862493,-71.97261742,2016.0,7.0,Summer,25.4,7.8,1,0,0,0,27.4,7.3,Millers
W2636,42.54862493,-71.97261742,2016.0,7.0,Summer,25.0,7.7,1,0,0,0,27.0,7.2,Millers
W2636,42.54862493,-71.97261742,2016.0,7.0,Summer,23.5,6.5,1,0,0,0,25.5,6.0,Millers
W2635,42.636926,-72.24684588,2016.0,7.0,Summer,25.2,8.1,2,0,0,1,27.2,7.6,Millers
W2635,42.636926,-72.24684588,2016.0,7.0,Summer,24.5,7.7,2,0,0,1,26.5,7.2,Millers
W2635,42.636926,-72.24684588,2016.0,7.0,Summer,24.0,7.1,2,0,0,1,26.0,6.6,Millers
W2635,42.636926,-72.24684588,2016.0,7.0,Summer,23.4,6.4,2,0,0,1,25.4,5.9,Millers
W2635,42.636926,-72.24684588,2016.0,7.0,Summer,23.0,5.5,2,0,0,1,25.0,5.0,Millers
W2635,42.636926,-72.24684588,2016.0,7.0,Summer,22.5,2.7,3,1,0,1,24.5,2.2,Millers
W2623,42.72687692,-71.98870188,2016.0,7.0,Summer,24.2,7.8,2,0,0,1,26.2,7.3,Millers
W2623,42.72687692,-71.98870188,2016.0,7.0,Summer,24.2,7.8,2,0,0,1,26.2,7.3,Millers
W2623,42.72687692,-71.98870188,2016.0,7.0,Summer,24.1,7.9,2,0,0,1,26.1,7.4,Millers
W2623,42.72687692,-71.98870188,2016.0,7.0,Summer,24.1,7.8,2,0,0,1,26.1,7.3,Millers
W2623,42.72687692,-71.98870188,2016.0,7.0,Summer,19.9,4.3,3,1,0,1,21.9,3.8,Millers
W2637,42.05025716,-72.24662045,2016.0,7.0,Summer,25.8,7.6,2,0,0,1,27.8,7.1,Chicopee
W2637,42.05025716,-72.24662045,2016.0,7.0,Summer,24.8,7.1,2,0,0,1,26.8,6.6,Chicopee
W2637,42.05025716,-72.24662045,2016.0,7.0,Summer,21.3,2.0,3,1,0,1,23.3,1.5,Chicopee
W2619,42.05296096,-72.15851801,2016.0,7.0,Summer,26.9,8.1,2,0,0,1,28.9,7.6,Quinebaug
W2619,42.05296096,-72.15851801,2016.0,7.0,Summer,26.9,8.1,2,0,0,1,28.9,7.6,Quinebaug
W2619,42.05296096,-72.15851801,2016.0,7.0,Summer,26.8,8.0,2,0,0,1,28.8,7.5,Quinebaug
W2619,42.05296096,-72.15851801,2016.0,7.0,Summer,24.3,5.7,2,0,0,1,26.3,5.2,Quinebaug
W2619,42.05296096,-72.15851801,2016.0,7.0,Summer,22.4,2.2,3,1,0,1,24.4,1.7000000000000002,Quinebaug
W2641,42.26464411,-72.66845786,2016.0,7.0,Summer,23.3,12.3,2,0,0,1,25.3,11.8,Connecticut
W2641,42.26464411,-72.66845786,2016.0,7.0,Summer,22.9,12.3,2,0,0,1,24.9,11.8,Connecticut
W2641,42.26464411,-72.66845786,2016.0,7.0,Summer,21.6,8.6,2,0,0,1,23.6,8.1,Connecticut
W2641,42.26464411,-72.66845786,2016.0,7.0,Summer,19.9,8.7,2,0,0,1,21.9,8.2,Connecticut
W2641,42.26464411,-72.66845786,2016.0,7.0,Summer,18.8,0.5,3,1,0,1,20.8,0.0,Connecticut
W1068,42.30619738,-72.43188682,2016.0,7.0,Summer,27.3,7.7,2,0,0,1,29.3,7.2,Connecticut
W1068,42.30619738,-72.43188682,2016.0,7.0,Summer,26.8,7.9,2,0,0,1,28.8,7.4,Connecticut
W1068,42.30619738,-72.43188682,2016.0,7.0,Summer,26.5,7.6,2,0,0,1,28.5,7.1,Connecticut
W1068,42.30619738,-72.43188682,2016.0,7.0,Summer,26.3,7.5,2,0,0,1,28.3,7.0,Connecticut
W1068,42.30619738,-72.43188682,2016.0,7.0,Summer,25.9,7.0,2,0,0,1,27.9,6.5,Connecticut
W1068,42.30619738,-72.43188682,2016.0,7.0,Summer,25.0,4.1,3,1,0,1,27.0,3.5999999999999996,Connecticut
W1068,42.30619738,-72.43188682,2016.0,7.0,Summer,22.1,0.4,3,1,0,1,24.1,0.0,Connecticut
W2626,42.4122105,-72.83425736,2016.0,7.0,Summer,24.2,7.5,2,0,0,1,26.2,7.0,Westfield
W2626,42.4122105,-72.83425736,2016.0,7.0,Summer,24.1,7.5,2,0,0,1,26.1,7.0,Westfield
W2626,42.4122105,-72.83425736,2016.0,7.0,Summer,23.6,7.2,2,0,0,1,25.6,6.7,Westfield
W2626,42.4122105,-72.83425736,2016.0,7.0,Summer,22.3,0.5,3,1,0,1,24.3,0.0,Westfield
W2634,42.55110325,-72.94258179,2016.0,7.0,Summer,25.2,7.9,2,0,0,1,27.2,7.4,Deerfield
W2634,42.55110325,-72.94258179,2016.0,7.0,Summer,25.0,7.9,2,0,0,1,27.0,7.4,Deerfield
W2634,42.55110325,-72.94258179,2016.0,7.0,Summer,24.5,8.2,2,0,0,1,26.5,7.699999999999999,Deerfield
W2639,42.46965247,-72.66562458,2016.0,7.0,Summer,27.0,8.3,2,0,0,1,29.0,7.800000000000001,Connecticut
W2639,42.46965247,-72.66562458,2016.0,7.0,Summer,27.0,8.3,2,0,0,1,29.0,7.800000000000001,Connecticut
W2639,42.46965247,-72.66562458,2016.0,7.0,Summer,27.0,8.3,2,0,0,1,29.0,7.800000000000001,Connecticut
W2639,42.46965247,-72.66562458,2016.0,7.0,Summer,26.9,8.4,2,0,0,1,28.9,7.9,Connecticut
W2639,42.46965247,-72.66562458,2016.0,7.0,Summer,25.1,8.4,2,0,0,1,27.1,7.9,Connecticut
W2639,42.46965247,-72.66562458,2016.0,7.0,Summer,22.6,7.7,2,0,0,1,24.6,7.2,Connecticut
W2639,42.46965247,-72.66562458,2016.0,7.0,Summer,20.4,6.6,2,0,0,1,22.4,6.1,Connecticut
W2639,42.46965247,-72.66562458,2016.0,7.0,Summer,17.7,5.4,2,0,0,1,19.7,4.9,Connecticut
W2639,42.46965247,-72.66562458,2016.0,7.0,Summer,15.4,5.7,2,0,0,1,17.4,5.2,Connecticut
W2639,42.46965247,-72.66562458,2016.0,7.0,Summer,13.9,5.8,2,0,0,1,15.9,5.3,Connecticut
W2639,42.46965247,-72.66562458,2016.0,7.0,Summer,13.0,5.8,2,0,0,1,15.0,5.3,Connecticut
W2639,42.46965247,-72.66562458,2016.0,7.0,Summer,10.7,1.3,3,1,0,1,12.7,0.8,Connecticut
W2620,42.42484642,-72.48672107,2016.0,7.0,Summer,28.3,8.3,2,0,0,1,30.3,7.800000000000001,Connecticut
W2620,42.42484642,-72.48672107,2016.0,7.0,Summer,27.7,8.3,2,0,0,1,29.7,7.800000000000001,Connecticut
W2620,42.42484642,-72.48672107,2016.0,7.0,Summer,27.0,8.4,2,0,0,1,29.0,7.9,Connecticut
W2620,42.42484642,-72.48672107,2016.0,7.0,Summer,26.1,8.8,2,0,0,1,28.1,8.3,Connecticut
W2620,42.42484642,-72.48672107,2016.0,7.0,Summer,19.2,7.9,2,0,0,1,21.2,7.4,Connecticut
W2620,42.42484642,-72.48672107,2016.0,7.0,Summer,15.1,2.9,3,1,0,1,17.1,2.4,Connecticut
W2620,42.42484642,-72.48672107,2016.0,7.0,Summer,14.4,1.8,3,1,0,1,16.4,1.3,Connecticut
W2632,42.68633588,-73.09319174,2016.0,7.0,Summer,26.7,9.2,2,0,0,1,28.7,8.7,Hoosic
W2632,42.68633588,-73.09319174,2016.0,7.0,Summer,26.6,9.2,2,0,0,1,28.6,8.7,Hoosic
W2632,42.68633588,-73.09319174,2016.0,7.0,Summer,26.4,9.0,2,0,0,1,28.4,8.5,Hoosic
W2632,42.68633588,-73.09319174,2016.0,7.0,Summer,26.1,7.4,2,0,0,1,28.1,6.9,Hoosic
W2632,42.68633588,-73.09319174,2016.0,7.0,Summer,24.4,0.9,3,1,0,1,26.4,0.4,Hoosic
W2632,42.68633588,-73.09319174,2016.0,7.0,Summer,21.1,0.7,3,1,0,1,23.1,0.19999999999999996,Hoosic
W1751,42.18432523,-72.69383159,2016.0,7.0,Summer,28.3,9.0,2,0,0,1,30.3,8.5,Westfield
W1751,42.18432523,-72.69383159,2016.0,7.0,Summer,28.1,9.1,2,0,0,1,30.1,8.6,Westfield
W1751,42.18432523,-72.69383159,2016.0,7.0,Summer,28.1,8.8,2,0,0,1,30.1,8.3,Westfield
W1751,42.18432523,-72.69383159,2016.0,7.0,Summer,27.7,8.4,2,0,0,1,29.7,7.9,Westfield
W1751,42.18432523,-72.69383159,2016.0,7.0,Summer,24.2,13.6,2,0,0,1,26.2,13.1,Westfield
W1751,42.18432523,-72.69383159,2016.0,7.0,Summer,20.6,3.4,3,1,0,1,22.6,2.9,Westfield
W0925,42.0147182,-72.76361682,2016.0,7.0,Summer,29.0,9.9,2,0,0,1,31.0,9.4,Westfield
W0925,42.0147182,-72.76361682,2016.0,7.0,Summer,28.5,10.0,2,0,0,1,30.5,9.5,Westfield
W0925,42.0147182,-72.76361682,2016.0,7.0,Summer,27.7,9.7,2,0,0,1,29.7,9.2,Westfield
W0925,42.0147182,-72.76361682,2016.0,7.0,Summer,26.6,5.1,2,0,0,1,28.6,4.6,Westfield
W0923,42.02715395,-72.75717252,2016.0,7.0,Summer,29.0,9.3,2,0,0,1,31.0,8.8,Westfield
W0923,42.02715395,-72.75717252,2016.0,7.0,Summer,28.4,9.4,2,0,0,1,30.4,8.9,Westfield
W0923,42.02715395,-72.75717252,2016.0,7.0,Summer,27.9,9.3,2,0,0,1,29.9,8.8,Westfield
W0923,42.02715395,-72.75717252,2016.0,7.0,Summer,27.1,8.3,2,0,0,1,29.1,7.800000000000001,Westfield
W0923,42.02715395,-72.75717252,2016.0,7.0,Summer,24.3,1.3,3,1,0,1,26.3,0.8,Westfield
W2642,42.31250093,-72.42809583,2016.0,8.0,Summer,26.1,7.0,2,0,0,1,28.1,6.5,Connecticut
W2642,42.31250093,-72.42809583,2016.0,8.0,Summer,26.1,7.0,2,0,0,1,28.1,6.5,Connecticut
W2642,42.31250093,-72.42809583,2016.0,8.0,Summer,26.1,7.0,2,0,0,1,28.1,6.5,Connecticut
W2642,42.31250093,-72.42809583,2016.0,8.0,Summer,26.1,7.0,2,0,0,1,28.1,6.5,Connecticut
W2642,42.31250093,-72.42809583,2016.0,8.0,Summer,26.1,7.0,2,0,0,1,28.1,6.5,Connecticut
W2633,42.3121799,-72.23904354,2016.0,8.0,Summer,24.8,6.1,2,0,0,1,26.8,5.6,Chicopee
W2633,42.3121799,-72.23904354,2016.0,8.0,Summer,24.8,6.0,2,0,0,1,26.8,5.5,Chicopee
W2633,42.3121799,-72.23904354,2016.0,8.0,Summer,24.8,5.9,2,0,0,1,26.8,5.4,Chicopee
W2633,42.3121799,-72.23904354,2016.0,8.0,Summer,24.7,5.8,2,0,0,1,26.7,5.3,Chicopee
W2633,42.3121799,-72.23904354,2016.0,8.0,Summer,24.4,4.6,3,1,0,1,26.4,4.1,Chicopee
W2627,42.12009007,-72.13122415,2016.0,8.0,Summer,25.6,8.1,2,0,0,1,27.6,7.6,Quinebaug
W2627,42.12009007,-72.13122415,2016.0,8.0,Summer,25.5,8.0,2,0,0,1,27.5,7.5,Quinebaug
W2627,42.12009007,-72.13122415,2016.0,8.0,Summer,25.4,7.9,2,0,0,1,27.4,7.4,Quinebaug
W2627,42.12009007,-72.13122415,2016.0,8.0,Summer,25.3,7.8,2,0,0,1,27.3,7.3,Quinebaug
W2627,42.12009007,-72.13122415,2016.0,8.0,Summer,21.8,7.6,2,0,0,1,23.8,7.1,Quinebaug
W2627,42.12009007,-72.13122415,2016.0,8.0,Summer,17.5,1.1,3,1,0,1,19.5,0.6000000000000001,Quinebaug
W1005,42.17302268,-72.07108074,2016.0,8.0,Summer,26.5,8.4,2,0,0,1,28.5,7.9,Chicopee
W1005,42.17302268,-72.07108074,2016.0,8.0,Summer,25.9,8.4,2,0,0,1,27.9,7.9,Chicopee
W1005,42.17302268,-72.07108074,2016.0,8.0,Summer,25.8,8.4,2,0,0,1,27.8,7.9,Chicopee
W1005,42.17302268,-72.07108074,2016.0,8.0,Summer,25.6,8.4,2,0,0,1,27.6,7.9,Chicopee
W1005,42.17302268,-72.07108074,2016.0,8.0,Summer,25.5,8.3,2,0,0,1,27.5,7.800000000000001,Chicopee
W1005,42.17302268,-72.07108074,2016.0,8.0,Summer,21.2,9.6,2,0,0,1,23.2,9.1,Chicopee
W1005,42.17302268,-72.07108074,2016.0,8.0,Summer,17.2,10.3,2,0,0,1,19.2,9.8,Chicopee
W1005,42.17302268,-72.07108074,2016.0,8.0,Summer,14.0,9.8,2,0,0,1,16.0,9.3,Chicopee
W1005,42.17302268,-72.07108074,2016.0,8.0,Summer,11.9,8.1,2,0,0,1,13.9,7.6,Chicopee
W1005,42.17302268,-72.07108074,2016.0,8.0,Summer,10.1,5.4,2,0,0,1,12.1,4.9,Chicopee
W1005,42.17302268,-72.07108074,2016.0,8.0,Summer,9.4,4.0,3,1,0,1,11.4,3.5,Chicopee
W1005,42.17302268,-72.07108074,2016.0,8.0,Summer,9.0,2.4,3,1,0,1,11.0,1.9,Chicopee
W1005,42.17302268,-72.07108074,2016.0,8.0,Summer,8.4,1.5,3,1,0,1,10.4,1.0,Chicopee
W1005,42.17302268,-72.07108074,2016.0,8.0,Summer,8.2,1.0,3,1,0,1,10.2,0.5,Chicopee
W1005,42.17302268,-72.07108074,2016.0,8.0,Summer,8.1,0.4,3,1,0,1,10.1,0.0,Chicopee
W1005,42.17302268,-72.07108074,2016.0,8.0,Summer,8.0,0.3,3,1,0,1,10.0,0.0,Chicopee
W2640,42.245392,-71.91672999,2016.0,8.0,Summer,24.0,7.4,2,0,0,1,26.0,6.9,French
W2640,42.245392,-71.91672999,2016.0,8.0,Summer,23.9,7.5,2,0,0,1,25.9,7.0,French
W2640,42.245392,-71.91672999,2016.0,8.0,Summer,23.9,7.5,2,0,0,1,25.9,7.0,French
W2640,42.245392,-71.91672999,2016.0,8.0,Summer,23.8,7.3,2,0,0,1,25.8,6.8,French
W2640,42.245392,-71.91672999,2016.0,8.0,Summer,23.6,7.0,2,0,0,1,25.6,6.5,French
W2640,42.245392,-71.91672999,2016.0,8.0,Summer,23.6,6.7,2,0,0,1,25.6,6.2,French
W2625,42.1169928,-71.90951431,2016.0,8.0,Summer,26.0,7.3,2,0,0,1,28.0,6.8,French
W2625,42.1169928,-71.90951431,2016.0,8.0,Summer,25.4,7.1,2,0,0,1,27.4,6.6,French
W2625,42.1169928,-71.90951431,2016.0,8.0,Summer,25.0,5.8,2,0,0,1,27.0,5.3,French
W2625,42.1169928,-71.90951431,2016.0,8.0,Summer,24.8,5.0,2,0,0,1,26.8,4.5,French
W1295,42.05363901,-71.84807799,2016.0,8.0,Summer,26.2,7.1,2,0,0,1,28.2,6.6,French
W1295,42.05363901,-71.84807799,2016.0,8.0,Summer,26.0,7.1,2,0,0,1,28.0,6.6,French
W1295,42.05363901,-71.84807799,2016.0,8.0,Summer,26.0,7.2,2,0,0,1,28.0,6.7,French
W1295,42.05363901,-71.84807799,2016.0,8.0,Summer,25.9,7.1,2,0,0,1,27.9,6.6,French
W1295,42.05363901,-71.84807799,2016.0,8.0,Summer,25.8,7.0,2,0,0,1,27.8,6.5,French
W1295,42.05363901,-71.84807799,2016.0,8.0,Summer,25.7,6.9,2,0,0,1,27.7,6.4,French
W1295,42.05363901,-71.84807799,2016.0,8.0,Summer,25.4,6.9,2,0,0,1,27.4,6.4,French
W2638,42.38136667,-73.16073334,2016.0,8.0,Summer,24.2,8.1,2,0,0,1,26.2,7.6,Housatonic
W2638,42.38136667,-73.16073334,2016.0,8.0,Summer,24.0,8.0,2,0,0,1,26.0,7.5,Housatonic
W2638,42.38136667,-73.16073334,2016.0,8.0,Summer,24.0,8.0,2,0,0,1,26.0,7.5,Housatonic
W2638,42.38136667,-73.16073334,2016.0,8.0,Summer,23.7,7.8,2,0,0,1,25.7,7.3,Housatonic
W2638,42.38136667,-73.16073334,2016.0,8.0,Summer,23.2,7.5,2,0,0,1,25.2,7.0,Housatonic
W2638,42.38136667,-73.16073334,2016.0,8.0,Summer,20.9,7.1,2,0,0,1,22.9,6.6,Housatonic
W2638,42.38136667,-73.16073334,2016.0,8.0,Summer,16.6,4.5,3,1,0,1,18.6,4.0,Housatonic
W2638,42.38136667,-73.16073334,2016.0,8.0,Summer,13.2,3.6,3,1,0,1,15.2,3.1,Housatonic
W2630,42.32791673,-73.36695718,2016.0,8.0,Summer,24.6,7.9,2,0,0,1,26.6,7.4,Housatonic
W2630,42.32791673,-73.36695718,2016.0,8.0,Summer,24.2,6.7,2,0,0,1,26.2,6.2,Housatonic
W2630,42.32791673,-73.36695718,2016.0,8.0,Summer,24.1,7.1,2,0,0,1,26.1,6.6,Housatonic
W2630,42.32791673,-73.36695718,2016.0,8.0,Summer,24.0,7.5,2,0,0,1,26.0,7.0,Housatonic
W2622,42.31238075,-73.13334482,2016.0,8.0,Summer,23.9,7.5,2,0,0,1,25.9,7.0,Westfield
W2622,42.31238075,-73.13334482,2016.0,8.0,Summer,23.9,7.5,2,0,0,1,25.9,7.0,Westfield
W2622,42.31238075,-73.13334482,2016.0,8.0,Summer,23.9,7.5,2,0,0,1,25.9,7.0,Westfield
W2622,42.31238075,-73.13334482,2016.0,8.0,Summer,23.8,7.5,2,0,0,1,25.8,7.0,Westfield
W2622,42.31238075,-73.13334482,2016.0,8.0,Summer,23.3,5.5,2,0,0,1,25.3,5.0,Westfield
W2622,42.31238075,-73.13334482,2016.0,8.0,Summer,22.7,4.0,3,1,0,1,24.7,3.5,Westfield
W2621,42.25157365,-73.06217159,2016.0,8.0,Summer,24.8,8.1,2,0,0,1,26.8,7.6,Westfield
W2621,42.25157365,-73.06217159,2016.0,8.0,Summer,24.8,8.1,2,0,0,1,26.8,7.6,Westfield
W2621,42.25157365,-73.06217159,2016.0,8.0,Summer,24.8,7.9,2,0,0,1,26.8,7.4,Westfield
W2621,42.25157365,-73.06217159,2016.0,8.0,Summer,24.7,7.7,2,0,0,1,26.7,7.2,Westfield
W2621,42.25157365,-73.06217159,2016.0,8.0,Summer,24.4,6.2,2,0,0,1,26.4,5.7,Westfield
W2621,42.25157365,-73.06217159,2016.0,8.0,Summer,23.4,1.3,3,1,0,1,25.4,0.8,Westfield
W2628,42.16259277,-73.11804242,2016.0,8.0,Summer,25.1,8.7,2,0,0,1,27.1,8.2,Farmington
W2628,42.16259277,-73.11804242,2016.0,8.0,Summer,25.0,8.7,2,0,0,1,27.0,8.2,Farmington
W2628,42.16259277,-73.11804242,2016.0,8.0,Summer,24.9,8.7,2,0,0,1,26.9,8.2,Farmington
W2628,42.16259277,-73.11804242,2016.0,8.0,Summer,24.6,8.6,2,0,0,1,26.6,8.1,Farmington
W2628,42.16259277,-73.11804242,2016.0,8.0,Summer,23.3,5.3,2,0,0,1,25.3,4.8,Farmington
W2628,42.16259277,-73.11804242,2016.0,8.0,Summer,22.5,2.2,3,1,0,1,24.5,1.7000000000000002,Farmington
W2628,42.16259277,-73.11804242,2016.0,8.0,Summer,21.2,0.6,3,1,0,1,23.2,0.09999999999999998,Farmington
W0347,42.18359566,-73.04390073,2016.0,8.0,Summer,26.2,7.9,2,0,0,1,28.2,7.4,Farmington
W0347,42.18359566,-73.04390073,2016.0,8.0,Summer,25.7,7.9,2,0,0,1,27.7,7.4,Farmington
W0347,42.18359566,-73.04390073,2016.0,8.0,Summer,25.4,7.9,2,0,0,1,27.4,7.4,Farmington
W0347,42.18359566,-73.04390073,2016.0,8.0,Summer,25.1,7.9,2,0,0,1,27.1,7.4,Farmington
W0347,42.18359566,-73.04390073,2016.0,8.0,Summer,25.0,7.7,2,0,0,1,27.0,7.2,Farmington
W0347,42.18359566,-73.04390073,2016.0,8.0,Summer,24.5,5.2,2,0,0,1,26.5,4.7,Farmington
W0347,42.18359566,-73.04390073,2016.0,8.0,Summer,22.8,1.5,3,1,0,1,24.8,1.0,Farmington
W0604,42.49250849,-71.5969091,2016.0,7.0,Summer,26.7,8.2,2,0,0,1,28.7,7.699999999999999,Nashua
W0604,42.49250849,-71.5969091,2016.0,7.0,Summer,26.7,8.2,2,0,0,1,28.7,7.699999999999999,Nashua
W0604,42.49250849,-71.5969091,2016.0,7.0,Summer,26.1,8.0,2,0,0,1,28.1,7.5,Nashua
W0604,42.49250849,-71.5969091,2016.0,7.0,Summer,25.7,7.8,2,0,0,1,27.7,7.3,Nashua
W0604,42.49250849,-71.5969091,2016.0,7.0,Summer,24.1,6.7,2,0,0,1,26.1,6.2,Nashua
W0604,42.49250849,-71.5969091,2016.0,7.0,Summer,18.5,1.8,3,1,0,1,20.5,1.3,Nashua
W2624,42.45860912,-72.13100007,2016.0,8.0,Summer,23.6,6.5,2,0,0,1,25.6,6.0,Chicopee
W2624,42.45860912,-72.13100007,2016.0,8.0,Summer,23.6,6.5,2,0,0,1,25.6,6.0,Chicopee
W2624,42.45860912,-72.13100007,2016.0,8.0,Summer,23.6,6.5,2,0,0,1,25.6,6.0,Chicopee
W2624,42.45860912,-72.13100007,2016.0,8.0,Summer,23.4,6.2,2,0,0,1,25.4,5.7,Chicopee
W2631,42.35064193,-71.99240896,2016.0,8.0,Summer,26.2,7.4,2,0,0,1,28.2,6.9,Chicopee
W2631,42.35064193,-71.99240896,2016.0,8.0,Summer,25.8,7.2,2,0,0,1,27.8,6.7,Chicopee
W2631,42.35064193,-71.99240896,2016.0,8.0,Summer,25.7,7.2,2,0,0,1,27.7,6.7,Chicopee
W2631,42.35064193,-71.99240896,2016.0,8.0,Summer,25.6,7.1,2,0,0,1,27.6,6.6,Chicopee
W2631,42.35064193,-71.99240896,2016.0,8.0,Summer,25.4,6.9,2,0,0,1,27.4,6.4,Chicopee
W2631,42.35064193,-71.99240896,2016.0,8.0,Summer,25.2,6.8,2,0,0,1,27.2,6.3,Chicopee
W2629,42.53538777,-72.11401537,2016.0,8.0,Summer,24.8,7.4,2,0,0,1,26.8,6.9,Chicopee
W2629,42.53538777,-72.11401537,2016.0,8.0,Summer,24.7,7.3,2,0,0,1,26.7,6.8,Chicopee
W2629,42.53538777,-72.11401537,2016.0,8.0,Summer,24.6,7.3,2,0,0,1,26.6,6.8,Chicopee
W2629,42.53538777,-72.11401537,2016.0,8.0,Summer,24.6,7.3,2,0,0,1,26.6,6.8,Chicopee
W2629,42.53538777,-72.11401537,2016.0,8.0,Summer,24.5,7.3,2,0,0,1,26.5,6.8,Chicopee
W2629,42.53538777,-72.11401537,2016.0,8.0,Summer,24.4,6.9,2,0,0,1,26.4,6.4,Chicopee
W2629,42.53538777,-72.11401537,2016.0,8.0,Summer,24.4,6.3,2,0,0,1,26.4,5.8,Chicopee
W2636,42.54862493,-71.97261742,2016.0,8.0,Summer,24.2,7.1,2,0,0,1,26.2,6.6,Millers
W2636,42.54862493,-71.97261742,2016.0,8.0,Summer,23.5,7.0,2,0,0,1,25.5,6.5,Millers
W2636,42.54862493,-71.97261742,2016.0,8.0,Summer,23.2,7.1,2,0,0,1,25.2,6.6,Millers
W2635,42.636926,-72.24684588,2016.0,8.0,Summer,24.4,6.9,2,0,0,1,26.4,6.4,Millers
W2635,42.636926,-72.24684588,2016.0,8.0,Summer,24.2,6.8,2,0,0,1,26.2,6.3,Millers
W2635,42.636926,-72.24684588,2016.0,8.0,Summer,24.1,6.6,2,0,0,1,26.1,6.1,Millers
W2635,42.636926,-72.24684588,2016.0,8.0,Summer,23.8,6.0,2,0,0,1,25.8,5.5,Millers
W2635,42.636926,-72.24684588,2016.0,8.0,Summer,23.5,5.1,2,0,0,1,25.5,4.6,Millers
W2623,42.72687692,-71.98870188,2016.0,8.0,Summer,25.1,7.6,2,0,0,1,27.1,7.1,Millers
W2623,42.72687692,-71.98870188,2016.0,8.0,Summer,25.1,7.5,2,0,0,1,27.1,7.0,Millers
W2623,42.72687692,-71.98870188,2016.0,8.0,Summer,25.1,7.5,2,0,0,1,27.1,7.0,Millers
W2623,42.72687692,-71.98870188,2016.0,8.0,Summer,25.1,7.5,2,0,0,1,27.1,7.0,Millers
W2623,42.72687692,-71.98870188,2016.0,8.0,Summer,25.0,7.4,2,0,0,1,27.0,6.9,Millers
W2623,42.72687692,-71.98870188,2016.0,8.0,Summer,22.7,1.1,3,1,0,1,24.7,0.6000000000000001,Millers
W2637,42.05025716,-72.24662045,2016.0,8.0,Summer,24.5,6.9,2,0,0,1,26.5,6.4,Chicopee
W2637,42.05025716,-72.24662045,2016.0,8.0,Summer,24.4,6.8,2,0,0,1,26.4,6.3,Chicopee
W2619,42.05296096,-72.15851801,2016.0,8.0,Summer,26.5,7.8,2,0,0,1,28.5,7.3,Quinebaug
W2619,42.05296096,-72.15851801,2016.0,8.0,Summer,25.9,7.8,2,0,0,1,27.9,7.3,Quinebaug
W2619,42.05296096,-72.15851801,2016.0,8.0,Summer,25.7,7.7,2,0,0,1,27.7,7.2,Quinebaug
W2619,42.05296096,-72.15851801,2016.0,8.0,Summer,25.6,7.5,2,0,0,1,27.6,7.0,Quinebaug
W2619,42.05296096,-72.15851801,2016.0,8.0,Summer,25.4,6.8,2,0,0,1,27.4,6.3,Quinebaug
W2619,42.05296096,-72.15851801,2016.0,8.0,Summer,24.0,0.2,3,1,0,1,26.0,0.0,Quinebaug
W2639,42.46965247,-72.66562458,2016.0,8.0,Summer,25.6,7.8,2,0,0,1,27.6,7.3,Connecticut
W2639,42.46965247,-72.66562458,2016.0,8.0,Summer,25.6,7.8,2,0,0,1,27.6,7.3,Connecticut
W2639,42.46965247,-72.66562458,2016.0,8.0,Summer,25.6,7.8,2,0,0,1,27.6,7.3,Connecticut
W2639,42.46965247,-72.66562458,2016.0,8.0,Summer,25.6,7.8,2,0,0,1,27.6,7.3,Connecticut
W2639,42.46965247,-72.66562458,2016.0,8.0,Summer,25.4,6.8,2,0,0,1,27.4,6.3,Connecticut
W2639,42.46965247,-72.66562458,2016.0,8.0,Summer,25.0,5.5,2,0,0,1,27.0,5.0,Connecticut
W2639,42.46965247,-72.66562458,2016.0,8.0,Summer,24.0,2.7,3,1,0,1,26.0,2.2,Connecticut
W2620,42.42484642,-72.48672107,2016.0,8.0,Summer,26.0,7.8,2,0,0,1,28.0,7.3,Connecticut
W2620,42.42484642,-72.48672107,2016.0,8.0,Summer,26.0,7.8,2,0,0,1,28.0,7.3,Connecticut
W2620,42.42484642,-72.48672107,2016.0,8.0,Summer,26.0,7.8,2,0,0,1,28.0,7.3,Connecticut
W2620,42.42484642,-72.48672107,2016.0,8.0,Summer,25.8,7.4,2,0,0,1,27.8,6.9,Connecticut
W2620,42.42484642,-72.48672107,2016.0,8.0,Summer,24.6,3.1,3,1,0,1,26.6,2.6,Connecticut
W2620,42.42484642,-72.48672107,2016.0,8.0,Summer,26.0,7.8,2,0,0,1,28.0,7.3,Connecticut
W2620,42.42484642,-72.48672107,2016.0,8.0,Summer,26.0,7.8,2,0,0,1,28.0,7.3,Connecticut
W2626,42.4122105,-72.83425736,2016.0,9.0,Fall,23.6,7.2,1,0,0,1,25.6,6.7,Westfield
W2626,42.4122105,-72.83425736,2016.0,9.0,Fall,23.7,7.1,1,0,0,1,25.7,6.6,Westfield
W2626,42.4122105,-72.83425736,2016.0,9.0,Fall,23.6,7.2,1,0,0,1,25.6,6.7,Westfield
W2626,42.4122105,-72.83425736,2016.0,9.0,Fall,23.6,6.9,1,0,0,1,25.6,6.4,Westfield
W2634,42.55110325,-72.94258179,2016.0,9.0,Fall,23.7,7.4,1,0,0,1,25.7,6.9,Deerfield
W2634,42.55110325,-72.94258179,2016.0,9.0,Fall,23.5,7.4,1,0,0,1,25.5,6.9,Deerfield
W2634,42.55110325,-72.94258179,2016.0,9.0,Fall,23.5,7.4,1,0,0,1,25.5,6.9,Deerfield
W2632,42.68633588,-73.09319174,2016.0,9.0,Fall,23.7,7.2,0,0,0,0,25.7,6.7,Hoosic
W2632,42.68633588,-73.09319174,2016.0,9.0,Fall,23.5,7.3,0,0,0,0,25.5,6.8,Hoosic
W2632,42.68633588,-73.09319174,2016.0,9.0,Fall,23.5,7.2,0,0,0,0,25.5,6.7,Hoosic
W2632,42.68633588,-73.09319174,2016.0,9.0,Fall,23.4,7.2,0,0,0,0,25.4,6.7,Hoosic
W2640,42.245392,-71.91672999,2016.0,9.0,Fall,21.4,7.7,1,0,0,1,23.4,7.2,French
W2640,42.245392,-71.91672999,2016.0,9.0,Fall,21.3,7.7,1,0,0,1,23.3,7.2,French
W2640,42.245392,-71.91672999,2016.0,9.0,Fall,21.3,7.7,1,0,0,1,23.3,7.2,French
W2640,42.245392,-71.91672999,2016.0,9.0,Fall,21.2,7.6,1,0,0,1,23.2,7.1,French
W2640,42.245392,-71.91672999,2016.0,9.0,Fall,21.2,7.6,1,0,0,1,23.2,7.1,French
W2640,42.245392,-71.91672999,2016.0,9.0,Fall,21.1,7.4,1,0,0,1,23.1,6.9,French
W2625,42.1169928,-71.90951431,2016.0,9.0,Fall,22.4,7.1,1,0,0,1,24.4,6.6,French
W2625,42.1169928,-71.90951431,2016.0,9.0,Fall,22.3,6.8,1,0,0,1,24.3,6.3,French
W2625,42.1169928,-71.90951431,2016.0,9.0,Fall,22.2,6.7,1,0,0,1,24.2,6.2,French
W2625,42.1169928,-71.90951431,2016.0,9.0,Fall,22.2,6.7,1,0,0,1,24.2,6.2,French
W2625,42.1169928,-71.90951431,2016.0,9.0,Fall,22.2,6.6,1,0,0,1,24.2,6.1,French
W2625,42.1169928,-71.90951431,2016.0,9.0,Fall,22.2,6.2,1,0,0,1,24.2,5.7,French
W2625,42.1169928,-71.90951431,2016.0,9.0,Fall,22.0,5.4,1,0,0,1,24.0,4.9,French
W2625,42.1169928,-71.90951431,2016.0,9.0,Fall,21.7,1.8,2,1,0,1,23.7,1.3,French
W1295,42.05363901,-71.84807799,2016.0,9.0,Fall,22.8,7.7,1,0,0,1,24.8,7.2,French
W1295,42.05363901,-71.84807799,2016.0,9.0,Fall,22.8,7.7,1,0,0,1,24.8,7.2,French
W1295,42.05363901,-71.84807799,2016.0,9.0,Fall,22.8,7.7,1,0,0,1,24.8,7.2,French
W1295,42.05363901,-71.84807799,2016.0,9.0,Fall,22.8,7.6,1,0,0,1,24.8,7.1,French
W1295,42.05363901,-71.84807799,2016.0,9.0,Fall,22.8,7.6,1,0,0,1,24.8,7.1,French
W1295,42.05363901,-71.84807799,2016.0,9.0,Fall,22.7,7.6,1,0,0,1,24.7,7.1,French
W1295,42.05363901,-71.84807799,2016.0,9.0,Fall,22.7,7.5,1,0,0,1,24.7,7.0,French
W1295,42.05363901,-71.84807799,2016.0,9.0,Fall,22.7,7.5,1,0,0,1,24.7,7.0,French
W2627,42.12009007,-72.13122415,2016.0,9.0,Fall,23.0,7.9,1,0,0,1,25.0,7.4,Quinebaug
W2627,42.12009007,-72.13122415,2016.0,9.0,Fall,22.7,7.9,1,0,0,1,24.7,7.4,Quinebaug
W2627,42.12009007,-72.13122415,2016.0,9.0,Fall,22.7,7.8,1,0,0,1,24.7,7.3,Quinebaug
W2627,42.12009007,-72.13122415,2016.0,9.0,Fall,22.6,7.7,1,0,0,1,24.6,7.2,Quinebaug
W2627,42.12009007,-72.13122415,2016.0,9.0,Fall,22.3,6.6,1,0,0,1,24.3,6.1,Quinebaug
W2627,42.12009007,-72.13122415,2016.0,9.0,Fall,18.1,1.1,2,1,0,1,20.1,0.6000000000000001,Quinebaug
W1005,42.17302268,-72.07108074,2016.0,9.0,Fall,23.7,8.6,0,0,0,0,25.7,8.1,Chicopee
W1005,42.17302268,-72.07108074,2016.0,9.0,Fall,23.2,8.7,0,0,0,0,25.2,8.2,Chicopee
W1005,42.17302268,-72.07108074,2016.0,9.0,Fall,23.1,8.6,0,0,0,0,25.1,8.1,Chicopee
W1005,42.17302268,-72.07108074,2016.0,9.0,Fall,23.1,8.6,0,0,0,0,25.1,8.1,Chicopee
W1005,42.17302268,-72.07108074,2016.0,9.0,Fall,23.0,8.6,0,0,0,0,25.0,8.1,Chicopee
W1005,42.17302268,-72.07108074,2016.0,9.0,Fall,22.9,8.4,0,0,0,0,24.9,7.9,Chicopee
W1005,42.17302268,-72.07108074,2016.0,9.0,Fall,21.0,7.5,0,0,0,0,23.0,7.0,Chicopee
W1005,42.17302268,-72.07108074,2016.0,9.0,Fall,15.7,6.2,0,0,0,0,17.7,5.7,Chicopee
W1005,42.17302268,-72.07108074,2016.0,9.0,Fall,12.7,4.7,1,1,0,0,14.7,4.2,Chicopee
W1005,42.17302268,-72.07108074,2016.0,9.0,Fall,11.4,4.0,1,1,0,0,13.4,3.5,Chicopee
W1005,42.17302268,-72.07108074,2016.0,9.0,Fall,10.0,1.4,1,1,0,0,12.0,0.8999999999999999,Chicopee
W2642,42.31250093,-72.42809583,2016.0,9.0,Fall,24.0,7.7,1,0,0,1,26.0,7.2,Connecticut
W2642,42.31250093,-72.42809583,2016.0,9.0,Fall,23.9,7.7,1,0,0,1,25.9,7.2,Connecticut
W2642,42.31250093,-72.42809583,2016.0,9.0,Fall,23.8,7.7,1,0,0,1,25.8,7.2,Connecticut
W2642,42.31250093,-72.42809583,2016.0,9.0,Fall,23.8,7.6,1,0,0,1,25.8,7.1,Connecticut
W2633,42.3121799,-72.23904354,2016.0,9.0,Fall,23.0,8.1,1,0,0,1,25.0,7.6,Chicopee
W2633,42.3121799,-72.23904354,2016.0,9.0,Fall,22.3,7.8,1,0,0,1,24.3,7.3,Chicopee
W2633,42.3121799,-72.23904354,2016.0,9.0,Fall,21.7,4.4,2,1,0,1,23.7,3.9000000000000004,Chicopee
W1751,42.18432523,-72.69383159,2016.0,9.0,Fall,24.9,9.3,1,0,0,1,26.9,8.8,Westfield
W1751,42.18432523,-72.69383159,2016.0,9.0,Fall,24.6,9.4,1,0,0,1,26.6,8.9,Westfield
W1751,42.18432523,-72.69383159,2016.0,9.0,Fall,24.1,9.5,1,0,0,1,26.1,9.0,Westfield
W1751,42.18432523,-72.69383159,2016.0,9.0,Fall,24.0,9.4,1,0,0,1,26.0,8.9,Westfield
W1751,42.18432523,-72.69383159,2016.0,9.0,Fall,23.7,8.1,1,0,0,1,25.7,7.6,Westfield
W1751,42.18432523,-72.69383159,2016.0,9.0,Fall,22.2,2.3,2,1,0,1,24.2,1.7999999999999998,Westfield
W0925,42.0147182,-72.76361682,2016.0,9.0,Fall,23.9,7.8,1,0,0,1,25.9,7.3,Westfield
W0925,42.0147182,-72.76361682,2016.0,9.0,Fall,23.7,7.4,1,0,0,1,25.7,6.9,Westfield
W0925,42.0147182,-72.76361682,2016.0,9.0,Fall,23.6,7.3,1,0,0,1,25.6,6.8,Westfield
W0925,42.0147182,-72.76361682,2016.0,9.0,Fall,23.6,6.3,1,0,0,1,25.6,5.8,Westfield
W0925,42.0147182,-72.76361682,2016.0,9.0,Fall,23.4,3.1,2,1,0,1,25.4,2.6,Westfield
W0923,42.02715395,-72.75717252,2016.0,9.0,Fall,24.2,8.6,1,0,0,1,26.2,8.1,Westfield
W0923,42.02715395,-72.75717252,2016.0,9.0,Fall,23.9,8.4,1,0,0,1,25.9,7.9,Westfield
W0923,42.02715395,-72.75717252,2016.0,9.0,Fall,23.8,8.4,1,0,0,1,25.8,7.9,Westfield
W0923,42.02715395,-72.75717252,2016.0,9.0,Fall,23.8,8.3,1,0,0,1,25.8,7.800000000000001,Westfield
W0923,42.02715395,-72.75717252,2016.0,9.0,Fall,23.4,6.5,1,0,0,1,25.4,6.0,Westfield
W0923,42.02715395,-72.75717252,2016.0,9.0,Fall,22.6,3.6,2,1,0,1,24.6,3.1,Westfield
W2641,42.26464411,-72.66845786,2016.0,9.0,Fall,19.9,10.3,1,0,0,1,21.9,9.8,Connecticut
W2641,42.26464411,-72.66845786,2016.0,9.0,Fall,19.8,9.8,1,0,0,1,21.8,9.3,Connecticut
W1068,42.30619738,-72.43188682,2016.0,9.0,Fall,23.7,7.8,1,0,0,1,25.7,7.3,Connecticut
W1068,42.30619738,-72.43188682,2016.0,9.0,Fall,23.5,7.9,1,0,0,1,25.5,7.4,Connecticut
W1068,42.30619738,-72.43188682,2016.0,9.0,Fall,23.3,7.8,1,0,0,1,25.3,7.3,Connecticut
W1068,42.30619738,-72.43188682,2016.0,9.0,Fall,23.2,7.8,1,0,0,1,25.2,7.3,Connecticut
W1068,42.30619738,-72.43188682,2016.0,9.0,Fall,23.0,7.7,1,0,0,1,25.0,7.2,Connecticut
W1068,42.30619738,-72.43188682,2016.0,9.0,Fall,23.0,7.6,1,0,0,1,25.0,7.1,Connecticut
W1068,42.30619738,-72.43188682,2016.0,9.0,Fall,22.6,7.0,1,0,0,1,24.6,6.5,Connecticut
W2638,42.38136667,-73.16073334,2016.0,9.0,Fall,21.0,8.5,1,0,0,1,23.0,8.0,Housatonic
W2638,42.38136667,-73.16073334,2016.0,9.0,Fall,20.9,8.5,1,0,0,1,22.9,8.0,Housatonic
W2638,42.38136667,-73.16073334,2016.0,9.0,Fall,20.8,8.3,1,0,0,1,22.8,7.800000000000001,Housatonic
W2638,42.38136667,-73.16073334,2016.0,9.0,Fall,20.8,8.2,1,0,0,1,22.8,7.699999999999999,Housatonic
W2638,42.38136667,-73.16073334,2016.0,9.0,Fall,20.7,8.0,1,0,0,1,22.7,7.5,Housatonic
W2638,42.38136667,-73.16073334,2016.0,9.0,Fall,20.6,7.6,1,0,0,1,22.6,7.1,Housatonic
W2638,42.38136667,-73.16073334,2016.0,9.0,Fall,20.5,7.3,1,0,0,1,22.5,6.8,Housatonic
W2630,42.32791673,-73.36695718,2016.0,9.0,Fall,21.6,6.9,1,0,0,1,23.6,6.4,Housatonic
W2630,42.32791673,-73.36695718,2016.0,9.0,Fall,20.5,4.8,2,1,0,1,22.5,4.3,Housatonic
W2630,42.32791673,-73.36695718,2016.0,9.0,Fall,20.4,4.1,2,1,0,1,22.4,3.5999999999999996,Housatonic
W2622,42.31238075,-73.13334482,2016.0,9.0,Fall,21.0,8.0,1,0,0,1,23.0,7.5,Westfield
W2622,42.31238075,-73.13334482,2016.0,9.0,Fall,20.8,8.0,1,0,0,1,22.8,7.5,Westfield
W2622,42.31238075,-73.13334482,2016.0,9.0,Fall,20.6,7.9,1,0,0,1,22.6,7.4,Westfield
W2622,42.31238075,-73.13334482,2016.0,9.0,Fall,20.5,6.3,1,0,0,1,22.5,5.8,Westfield
W2622,42.31238075,-73.13334482,2016.0,9.0,Fall,20.3,5.5,1,0,0,1,22.3,5.0,Westfield
W2621,42.25157365,-73.06217159,2016.0,9.0,Fall,21.3,8.1,1,0,0,1,23.3,7.6,Westfield
W2621,42.25157365,-73.06217159,2016.0,9.0,Fall,21.2,8.1,1,0,0,1,23.2,7.6,Westfield
W2621,42.25157365,-73.06217159,2016.0,9.0,Fall,21.1,8.0,1,0,0,1,23.1,7.5,Westfield
W2621,42.25157365,-73.06217159,2016.0,9.0,Fall,21.1,8.0,1,0,0,1,23.1,7.5,Westfield
W2621,42.25157365,-73.06217159,2016.0,9.0,Fall,21.0,7.8,1,0,0,1,23.0,7.3,Westfield
W2621,42.25157365,-73.06217159,2016.0,9.0,Fall,20.9,7.2,1,0,0,1,22.9,6.7,Westfield
W2621,42.25157365,-73.06217159,2016.0,9.0,Fall,20.7,5.5,1,0,0,1,22.7,5.0,Westfield
W2628,42.16259277,-73.11804242,2016.0,9.0,Fall,21.3,9.6,1,0,0,1,23.3,9.1,Farmington
W2628,42.16259277,-73.11804242,2016.0,9.0,Fall,20.9,9.6,1,0,0,1,22.9,9.1,Farmington
W2628,42.16259277,-73.11804242,2016.0,9.0,Fall,20.8,9.4,1,0,0,1,22.8,8.9,Farmington
W2628,42.16259277,-73.11804242,2016.0,9.0,Fall,20.7,8.5,1,0,0,1,22.7,8.0,Farmington
W2628,42.16259277,-73.11804242,2016.0,9.0,Fall,20.5,6.6,1,0,0,1,22.5,6.1,Farmington
W2628,42.16259277,-73.11804242,2016.0,9.0,Fall,20.5,6.6,1,0,0,1,22.5,6.1,Farmington
W2628,42.16259277,-73.11804242,2016.0,9.0,Fall,20.2,1.1,2,1,0,1,22.2,0.6000000000000001,Farmington
W0347,42.18359566,-73.04390073,2016.0,9.0,Fall,22.1,8.2,1,0,0,1,24.1,7.699999999999999,Farmington
W0347,42.18359566,-73.04390073,2016.0,9.0,Fall,21.8,8.1,1,0,0,1,23.8,7.6,Farmington
W0347,42.18359566,-73.04390073,2016.0,9.0,Fall,21.8,8.0,1,0,0,1,23.8,7.5,Farmington
W0347,42.18359566,-73.04390073,2016.0,9.0,Fall,21.7,8.0,1,0,0,1,23.7,7.5,Farmington
W0347,42.18359566,-73.04390073,2016.0,9.0,Fall,21.7,7.7,1,0,0,1,23.7,7.2,Farmington
W0347,42.18359566,-73.04390073,2016.0,9.0,Fall,21.6,7.1,1,0,0,1,23.6,6.6,Farmington
W0347,42.18359566,-73.04390073,2016.0,9.0,Fall,21.2,3.9,2,1,0,1,23.2,3.4,Farmington
W0604,42.49250849,-71.5969091,2016.0,8.0,Summer,25.9,7.7,2,0,0,1,27.9,7.2,Nashua
W0604,42.49250849,-71.5969091,2016.0,8.0,Summer,25.9,7.8,2,0,0,1,27.9,7.3,Nashua
W0604,42.49250849,-71.5969091,2016.0,8.0,Summer,25.8,7.7,2,0,0,1,27.8,7.2,Nashua
W0604,42.49250849,-71.5969091,2016.0,8.0,Summer,25.7,7.7,2,0,0,1,27.7,7.2,Nashua
W0604,42.49250849,-71.5969091,2016.0,8.0,Summer,25.7,7.6,2,0,0,1,27.7,7.1,Nashua
W0604,42.49250849,-71.5969091,2016.0,8.0,Summer,25.1,5.8,2,0,0,1,27.1,5.3,Nashua
W0604,42.49250849,-71.5969091,2016.0,8.0,Summer,18.9,4.4,3,1,0,1,20.9,3.9000000000000004,Nashua
W0604,42.49250849,-71.5969091,2016.0,9.0,Fall,20.0,8.3,1,0,0,1,22.0,7.800000000000001,Nashua
W0604,42.49250849,-71.5969091,2016.0,9.0,Fall,20.0,8.4,1,0,0,1,22.0,7.9,Nashua
W0604,42.49250849,-71.5969091,2016.0,9.0,Fall,20.0,8.4,1,0,0,1,22.0,7.9,Nashua
W0604,42.49250849,-71.5969091,2016.0,9.0,Fall,19.9,8.4,1,0,0,1,21.9,7.9,Nashua
W0604,42.49250849,-71.5969091,2016.0,9.0,Fall,19.9,8.3,1,0,0,1,21.9,7.800000000000001,Nashua
W0604,42.49250849,-71.5969091,2016.0,9.0,Fall,19.6,8.1,1,0,0,1,21.6,7.6,Nashua
W0604,42.49250849,-71.5969091,2016.0,9.0,Fall,19.4,7.8,1,0,0,1,21.4,7.3,Nashua
W2410,42.664623,-71.753811,2016.0,6.0,Summer,17.4,8.2,2,0,0,1,19.4,7.699999999999999,Nashua
W2540,42.700651,-71.487647,2016.0,6.0,Summer,21.3,1.5,3,1,0,1,23.3,1.0,Merrimack
W2543,42.733424,-70.904624,2016.0,6.0,Summer,21.1,7.7,2,0,0,1,23.1,7.2,Parker
W2542,42.618394,-71.021129,2016.0,6.0,Summer,21.2,3.2,3,1,0,1,23.2,2.7,Ipswich
W2541,42.444418,-71.551697,2016.0,6.0,Summer,21.3,6.9,2,0,0,1,23.3,6.4,Concord (SuAsCo)
W2544,42.398058,-71.658249,2016.0,6.0,Summer,20.1,8.3,2,0,0,1,22.1,7.800000000000001,Concord (SuAsCo)
W2226,42.38381603,-71.83775116,2016.0,6.0,Summer,17.3,8.7,2,0,0,1,19.3,8.2,Nashua
W2411,41.562812,-71.133855,2016.0,6.0,Summer,17.3,7.5,2,0,0,1,19.3,7.0,Buzzards Bay
W0344,41.63266048,-71.06038287,2016.0,6.0,Summer,17.0,8.9,2,0,0,1,19.0,8.4,Buzzards Bay
W2466,41.77254787,-71.08494839,2016.0,6.0,Summer,17.9,8.7,1,0,0,0,19.9,8.2,Taunton
W2284,42.04638466,-71.6301536,2016.0,6.0,Summer,21.1,7.4,2,0,0,1,23.1,6.9,Blackstone
W2413,42.00792,-71.70506,2016.0,6.0,Summer,21.2,7.6,2,0,0,1,23.2,7.1,Blackstone
W1864,42.16171173,-72.26845965,2016.0,6.0,Summer,18.5,9.0,2,0,0,1,20.5,8.5,Chicopee
W2410,42.664623,-71.753811,2016.0,7.0,Summer,17.0,8.1,2,0,0,1,19.0,7.6,Nashua
W2540,42.700651,-71.487647,2016.0,7.0,Summer,22.4,1.7,3,1,0,1,24.4,1.2,Merrimack
W2543,42.733424,-70.904624,2016.0,7.0,Summer,21.8,2.3,3,1,0,1,23.8,1.7999999999999998,Parker
W2542,42.618394,-71.021129,2016.0,7.0,Summer,18.4,0.6,3,1,0,1,20.4,0.09999999999999998,Ipswich
W2544,42.398058,-71.658249,2016.0,7.0,Summer,20.4,8.1,2,0,0,1,22.4,7.6,Concord (SuAsCo)
W2226,42.38381603,-71.83775116,2016.0,7.0,Summer,19.2,8.1,2,0,0,1,21.2,7.6,Nashua
W0344,41.63266048,-71.06038287,2016.0,7.0,Summer,22.0,7.5,2,0,0,1,24.0,7.0,Buzzards Bay
W2466,41.77254787,-71.08494839,2016.0,7.0,Summer,21.4,8.2,1,0,0,0,23.4,7.699999999999999,Taunton
W2284,42.04638466,-71.6301536,2016.0,7.0,Summer,25.0,7.8,2,0,0,1,27.0,7.3,Blackstone
W2413,42.00792,-71.70506,2016.0,7.0,Summer,23.5,7.2,2,0,0,1,25.5,6.7,Blackstone
W1864,42.16171173,-72.26845965,2016.0,7.0,Summer,21.3,8.7,2,0,0,1,23.3,8.2,Chicopee
W2410,42.664623,-71.753811,2016.0,8.0,Summer,17.1,8.2,2,0,0,1,19.1,7.699999999999999,Nashua
W2540,42.700651,-71.487647,2016.0,8.0,Summer,19.2,4.6,3,1,0,1,21.2,4.1,Merrimack
W2543,42.733424,-70.904624,2016.0,8.0,Summer,21.1,2.8,3,1,0,1,23.1,2.3,Parker
W2542,42.618394,-71.021129,2016.0,8.0,Summer,19.2,1.7,3,1,0,1,21.2,1.2,Ipswich
W2541,42.444418,-71.551697,2016.0,8.0,Summer,23.8,7.3,2,0,0,1,25.8,6.8,Concord (SuAsCo)
W2544,42.398058,-71.658249,2016.0,8.0,Summer,21.5,7.9,2,0,0,1,23.5,7.4,Concord (SuAsCo)
W2226,42.38381603,-71.83775116,2016.0,8.0,Summer,19.8,7.8,2,0,0,1,21.8,7.3,Nashua
W0344,41.63266048,-71.06038287,2016.0,8.0,Summer,19.8,9.0,2,0,0,1,21.8,8.5,Buzzards Bay
W2466,41.77254787,-71.08494839,2016.0,8.0,Summer,19.9,7.6,1,0,0,0,21.9,7.1,Taunton
W2284,42.04638466,-71.6301536,2016.0,8.0,Summer,22.6,8.2,2,0,0,1,24.6,7.699999999999999,Blackstone
W2413,42.00792,-71.70506,2016.0,8.0,Summer,20.5,8.3,2,0,0,1,22.5,7.800000000000001,Blackstone
W1864,42.16171173,-72.26845965,2016.0,8.0,Summer,17.9,9.2,2,0,0,1,19.9,8.7,Chicopee
W2410,42.664623,-71.753811,2016.0,9.0,Fall,13.5,9.2,1,0,0,1,15.5,8.7,Nashua
W2540,42.700651,-71.487647,2016.0,9.0,Fall,13.4,2.4,2,1,0,1,15.4,1.9,Merrimack
W2543,42.733424,-70.904624,2016.0,9.0,Fall,15.0,5.1,1,0,0,1,17.0,4.6,Parker
W2541,42.444418,-71.551697,2016.0,9.0,Fall,16.4,8.6,1,0,0,1,18.4,8.1,Concord (SuAsCo)
W2544,42.398058,-71.658249,2016.0,9.0,Fall,15.8,9.3,1,0,0,1,17.8,8.8,Concord (SuAsCo)
W2226,42.38381603,-71.83775116,2016.0,9.0,Fall,14.8,9.1,1,0,0,1,16.8,8.6,Nashua
W2411,41.562812,-71.133855,2016.0,9.0,Fall,15.6,5.3,1,0,0,1,17.6,4.8,Buzzards Bay
W0344,41.63266048,-71.06038287,2016.0,9.0,Fall,15.2,9.8,1,0,0,1,17.2,9.3,Buzzards Bay
W2466,41.77254787,-71.08494839,2016.0,9.0,Fall,14.6,9.6,0,0,0,0,16.6,9.1,Taunton
W2284,42.04638466,-71.6301536,2016.0,9.0,Fall,15.5,9.8,1,0,0,1,17.5,9.3,Blackstone
W2413,42.00792,-71.70506,2016.0,9.0,Fall,14.1,9.9,1,0,0,1,16.1,9.4,Blackstone
W1864,42.16171173,-72.26845965,2016.0,9.0,Fall,13.7,10.3,1,0,0,1,15.7,9.8,Chicopee
W2547,42.56231539,-71.33630595,2016.0,4.0,Spring,7.6,11.6,1,0,0,1,9.6,11.1,Concord (SuAsCo)
W1488,42.57826214,-71.33253012,2016.0,4.0,Spring,12.8,10.5,1,0,0,1,14.8,10.0,Concord (SuAsCo)
W2548,42.61458152,-71.32256374,2016.0,4.0,Spring,11.0,10.6,1,0,0,1,13.0,10.1,Concord (SuAsCo)
W1489,42.63380122,-71.30119731,2016.0,4.0,Spring,12.1,11.4,1,0,0,1,14.1,10.9,Concord (SuAsCo)
W2549,42.63381819,-71.30053328,2016.0,4.0,Spring,13.8,10.3,1,0,0,1,15.8,9.8,Concord (SuAsCo)
W2227,42.63595037,-71.30148697,2016.0,4.0,Spring,13.9,10.5,1,0,0,1,15.9,10.0,Concord (SuAsCo)
W2547,42.56231539,-71.33630595,2016.0,6.0,Summer,14.5,8.7,2,0,0,1,16.5,8.2,Concord (SuAsCo)
W1488,42.57826214,-71.33253012,2016.0,6.0,Summer,22.2,8.1,2,0,0,1,24.2,7.6,Concord (SuAsCo)
W2548,42.61458152,-71.32256374,2016.0,6.0,Summer,18.8,5.5,2,0,0,1,20.8,5.0,Concord (SuAsCo)
W1489,42.63380122,-71.30119731,2016.0,6.0,Summer,20.8,6.6,2,0,0,1,22.8,6.1,Concord (SuAsCo)
W2549,42.63381819,-71.30053328,2016.0,6.0,Summer,24.3,7.2,2,0,0,1,26.3,6.7,Concord (SuAsCo)
W2227,42.63595037,-71.30148697,2016.0,6.0,Summer,23.8,7.3,2,0,0,1,25.8,6.8,Concord (SuAsCo)
W2547,42.56231539,-71.33630595,2016.0,8.0,Summer,16.8,8.2,2,0,0,1,18.8,7.699999999999999,Concord (SuAsCo)
W1488,42.57826214,-71.33253012,2016.0,8.0,Summer,20.4,2.7,3,1,0,1,22.4,2.2,Concord (SuAsCo)
W2548,42.61458152,-71.32256374,2016.0,8.0,Summer,19.6,6.3,2,0,0,1,21.6,5.8,Concord (SuAsCo)
W1489,42.63380122,-71.30119731,2016.0,8.0,Summer,21.5,8.4,2,0,0,1,23.5,7.9,Concord (SuAsCo)
W2549,42.63381819,-71.30053328,2016.0,8.0,Summer,25.8,7.9,2,0,0,1,27.8,7.4,Concord (SuAsCo)
W2227,42.63595037,-71.30148697,2016.0,8.0,Summer,29.4,11.0,2,0,0,1,31.4,10.5,Concord (SuAsCo)
W2547,42.56231539,-71.33630595,2016.0,9.0,Fall,17.6,7.9,1,0,0,1,19.6,7.4,Concord (SuAsCo)
W1488,42.57826214,-71.33253012,2016.0,9.0,Fall,19.5,1.5,2,1,0,1,21.5,1.0,Concord (SuAsCo)
W2548,42.61458152,-71.32256374,2016.0,9.0,Fall,18.7,4.2,2,1,0,1,20.7,3.7,Concord (SuAsCo)
W1489,42.63380122,-71.30119731,2016.0,9.0,Fall,20.1,8.0,1,0,0,1,22.1,7.5,Concord (SuAsCo)
W2549,42.63381819,-71.30053328,2016.0,9.0,Fall,22.1,8.4,1,0,0,1,24.1,7.9,Concord (SuAsCo)
W2227,42.63595037,-71.30148697,2016.0,9.0,Fall,23.2,9.1,1,0,0,1,25.2,8.6,Concord (SuAsCo)
W2514,42.3049376,-71.2338344,2015.0,7.0,Summer,16.9,7.6,2,0,0,1,18.9,7.1,Charles
W2518,42.3900984,-71.1967182,2015.0,7.0,Summer,22.8,8.1,2,0,0,1,24.8,7.6,Charles
W2535,42.494062,-71.2559826,2015.0,7.0,Summer,23.6,6.8,2,0,0,1,25.6,6.3,Shawsheen
W2522,42.5017852,-71.2407158,2015.0,7.0,Summer,22.3,0.8,3,1,0,1,24.3,0.30000000000000004,Shawsheen
W2519,42.4958058,-71.0387409,2015.0,7.0,Summer,24.8,4.1,3,1,0,1,26.8,3.5999999999999996,North Coastal
W2515,42.5790278,-70.9915364,2015.0,7.0,Summer,26.2,2.3,4,1,1,1,28.2,1.7999999999999998,Ipswich
W2526,42.5718288,-71.0962545,2015.0,7.0,Summer,25.4,4.0,4,1,1,1,27.4,3.5,Ipswich
W2538,42.6521945,-71.1509714,2015.0,8.0,Summer,24.1,6.4,2,0,0,1,26.1,5.9,Shawsheen
W2506,42.616929,-70.9964121,2015.0,8.0,Summer,25.3,4.0,4,1,1,1,27.3,3.5,Ipswich
W2521,42.6339232,-70.9747374,2015.0,8.0,Summer,22.0,4.9,3,1,0,1,24.0,4.4,Ipswich
W2517,42.7350352,-70.9427296,2015.0,8.0,Summer,15.3,9.4,2,0,0,1,17.3,8.9,Parker
W2512,42.8659286,-70.9615914,2015.0,8.0,Summer,24.7,3.6,3,1,0,1,26.7,3.1,Merrimack
W2532,42.8261109,-70.9840121,2015.0,8.0,Summer,25.6,8.6,2,0,0,1,27.6,8.1,Merrimack
W2523,42.6971169,-71.1439954,2015.0,8.0,Summer,24.7,7.7,2,0,0,1,26.7,7.2,Shawsheen
W2529,42.6297304,-71.5061583,2015.0,8.0,Summer,21.7,3.7,3,1,0,1,23.7,3.2,Merrimack
W2534,42.5975906,-71.4475714,2015.0,8.0,Summer,22.0,0.5,3,1,0,1,24.0,0.0,Merrimack
W2539,42.6091843,-71.411679,2015.0,8.0,Summer,21.8,8.2,2,0,0,1,23.8,7.699999999999999,Merrimack
W2516,42.6253944,-71.3890868,2015.0,8.0,Summer,22.1,7.8,2,0,0,1,24.1,7.3,Merrimack
W2507,42.5943564,-71.3406697,2015.0,8.0,Summer,21.6,3.7,3,1,0,1,23.6,3.2,Concord (SuAsCo)
W2510,42.6718435,-71.3444481,2015.0,8.0,Summer,22.8,7.8,2,0,0,1,24.8,7.3,Merrimack
W2533,42.6681776,-71.3263353,2015.0,8.0,Summer,24.1,7.8,2,0,0,1,26.1,7.3,Merrimack
W2509,42.1049813,-71.4584048,2015.0,8.0,Summer,21.7,4.5,3,1,0,1,23.7,4.0,Charles
W2530,42.1217687,-71.3654398,2015.0,8.0,Summer,20.9,2.3,3,1,0,1,22.9,1.7999999999999998,Charles
W2537,42.1870159,-71.3758224,2015.0,8.0,Summer,21.1,3.8,3,1,0,1,23.1,3.3,Charles
W2508,42.2247791,-71.4776709,2015.0,8.0,Summer,21.8,5.0,2,0,0,1,23.8,4.5,Concord (SuAsCo)
W2513,42.2532139,-71.56727,2015.0,8.0,Summer,20.4,0.6,3,1,0,1,22.4,0.09999999999999998,Concord (SuAsCo)
W2536,42.3193238,-71.3955834,2015.0,8.0,Summer,23.8,8.7,2,0,0,1,25.8,8.2,Concord (SuAsCo)
W2528,42.2910744,-71.6885308,2015.0,8.0,Summer,17.7,8.6,2,0,0,1,19.7,8.1,Concord (SuAsCo)
W2531,42.2871321,-71.6512886,2015.0,8.0,Summer,20.6,6.9,2,0,0,1,22.6,6.4,Concord (SuAsCo)
W2520,42.347696,-71.5179405,2015.0,8.0,Summer,17.5,1.7,3,1,0,1,19.5,1.2,Concord (SuAsCo)
W2511,42.4276412,-71.4854492,2015.0,8.0,Summer,20.6,4.8,3,1,0,1,22.6,4.3,Concord (SuAsCo)
W2525,42.4356962,-71.5704097,2015.0,8.0,Summer,19.4,7.1,2,0,0,1,21.4,6.6,Concord (SuAsCo)
W2524,42.4768312,-71.5654205,2015.0,8.0,Summer,17.8,4.1,3,1,0,1,19.8,3.5999999999999996,Concord (SuAsCo)
W2527,42.5267785,-71.4134214,2015.0,8.0,Summer,19.3,3.3,3,1,0,1,21.3,2.8,Concord (SuAsCo)
W2514,42.3049376,-71.2338344,2015.0,8.0,Summer,16.0,9.1,2,0,0,1,18.0,8.6,Charles
W2518,42.3900984,-71.1967182,2015.0,8.0,Summer,19.8,8.7,2,0,0,1,21.8,8.2,Charles
W2522,42.5017852,-71.2407158,2015.0,8.0,Summer,22.0,0.7,3,1,0,1,24.0,0.19999999999999996,Shawsheen
W2519,42.4958058,-71.0387409,2015.0,8.0,Summer,23.2,4.7,3,1,0,1,25.2,4.2,North Coastal
W2515,42.5790278,-70.9915364,2015.0,8.0,Summer,23.6,1.6,3,1,0,1,25.6,1.1,Ipswich
W2526,42.5718288,-71.0962545,2015.0,8.0,Summer,23.4,4.5,3,1,0,1,25.4,4.0,Ipswich
W2538,42.6521945,-71.1509714,2015.0,9.0,Fall,22.1,7.1,1,0,0,1,24.1,6.6,Shawsheen
W2506,42.616929,-70.9964121,2015.0,9.0,Fall,23.6,5.2,1,0,0,1,25.6,4.7,Ipswich
W2521,42.6339232,-70.9747374,2015.0,9.0,Fall,20.4,4.8,2,1,0,1,22.4,4.3,Ipswich
W2517,42.7350352,-70.9427296,2015.0,9.0,Fall,15.0,9.6,1,0,0,1,17.0,9.1,Parker
W2512,42.8659286,-70.9615914,2015.0,9.0,Fall,22.9,3.8,2,1,0,1,24.9,3.3,Merrimack
W2532,42.8261109,-70.9840121,2015.0,9.0,Fall,26.3,9.9,1,0,0,1,28.3,9.4,Merrimack
W2523,42.6971169,-71.1439954,2015.0,9.0,Fall,23.3,8.1,1,0,0,1,25.3,7.6,Shawsheen
W2529,42.6297304,-71.5061583,2015.0,9.0,Fall,21.6,3.8,2,1,0,1,23.6,3.3,Merrimack
W2539,42.6091843,-71.411679,2015.0,9.0,Fall,20.8,8.1,1,0,0,1,22.8,7.6,Merrimack
W2516,42.6253944,-71.3890868,2015.0,9.0,Fall,21.7,8.0,1,0,0,1,23.7,7.5,Merrimack
W2507,42.5943564,-71.3406697,2015.0,9.0,Fall,20.0,2.9,2,1,0,1,22.0,2.4,Concord (SuAsCo)
W2510,42.6718435,-71.3444481,2015.0,9.0,Fall,22.2,7.1,1,0,0,1,24.2,6.6,Merrimack
W2533,42.6681776,-71.3263353,2015.0,9.0,Fall,23.9,8.1,1,0,0,1,25.9,7.6,Merrimack
W2509,42.1049813,-71.4584048,2015.0,9.0,Fall,22.4,3.9,2,1,0,1,24.4,3.4,Charles
W2530,42.1217687,-71.3654398,2015.0,9.0,Fall,20.9,1.8,2,1,0,1,22.9,1.3,Charles
W2537,42.1870159,-71.3758224,2015.0,9.0,Fall,21.9,3.1,2,1,0,1,23.9,2.6,Charles
W2508,42.2247791,-71.4776709,2015.0,9.0,Fall,21.3,2.7,2,1,0,1,23.3,2.2,Concord (SuAsCo)
W2513,42.2532139,-71.56727,2015.0,9.0,Fall,22.1,1.6,2,1,0,1,24.1,1.1,Concord (SuAsCo)
W2536,42.3193238,-71.3955834,2015.0,9.0,Fall,25.7,8.4,1,0,0,1,27.7,7.9,Concord (SuAsCo)
W2528,42.2910744,-71.6885308,2015.0,9.0,Fall,20.3,8.1,1,0,0,1,22.3,7.6,Concord (SuAsCo)
W2531,42.2871321,-71.6512886,2015.0,9.0,Fall,22.3,6.3,1,0,0,1,24.3,5.8,Concord (SuAsCo)
W2520,42.347696,-71.5179405,2015.0,9.0,Fall,24.3,5.2,1,0,0,1,26.3,4.7,Concord (SuAsCo)
W2511,42.4276412,-71.4854492,2015.0,9.0,Fall,21.4,3.3,2,1,0,1,23.4,2.8,Concord (SuAsCo)
W2525,42.4356962,-71.5704097,2015.0,9.0,Fall,23.0,6.5,1,0,0,1,25.0,6.0,Concord (SuAsCo)
W2514,42.3049376,-71.2338344,2015.0,9.0,Fall,14.3,8.5,1,0,0,1,16.3,8.0,Charles
W2518,42.3900984,-71.1967182,2015.0,9.0,Fall,18.7,9.2,1,0,0,1,20.7,8.7,Charles
W2522,42.5017852,-71.2407158,2015.0,9.0,Fall,17.0,0.4,2,1,0,1,19.0,0.0,Shawsheen
W2519,42.4958058,-71.0387409,2015.0,9.0,Fall,16.6,6.7,1,0,0,1,18.6,6.2,North Coastal
W2515,42.5790278,-70.9915364,2015.0,9.0,Fall,17.8,2.5,2,1,0,1,19.8,2.0,Ipswich
W2526,42.5718288,-71.0962545,2015.0,9.0,Fall,15.5,6.5,1,0,0,1,17.5,6.0,Ipswich
W2538,42.6521945,-71.1509714,2015.0,9.0,Fall,17.3,8.2,1,0,0,1,19.3,7.699999999999999,Shawsheen
W2506,42.616929,-70.9964121,2015.0,9.0,Fall,17.0,4.4,2,1,0,1,19.0,3.9000000000000004,Ipswich
W2521,42.6339232,-70.9747374,2015.0,9.0,Fall,14.5,6.2,1,0,0,1,16.5,5.7,Ipswich
W2517,42.7350352,-70.9427296,2015.0,9.0,Fall,12.5,10.1,1,0,0,1,14.5,9.6,Parker
W2512,42.8659286,-70.9615914,2015.0,9.0,Fall,17.2,3.7,2,1,0,1,19.2,3.2,Merrimack
W2532,42.8261109,-70.9840121,2015.0,9.0,Fall,19.6,9.8,1,0,0,1,21.6,9.3,Merrimack
W2523,42.6971169,-71.1439954,2015.0,9.0,Fall,17.6,9.0,1,0,0,1,19.6,8.5,Shawsheen
W2529,42.6297304,-71.5061583,2015.0,9.0,Fall,15.5,5.1,1,0,0,1,17.5,4.6,Merrimack
W2539,42.6091843,-71.411679,2015.0,9.0,Fall,18.0,9.1,1,0,0,1,20.0,8.6,Merrimack
W2516,42.6253944,-71.3890868,2015.0,9.0,Fall,18.1,9.6,1,0,0,1,20.1,9.1,Merrimack
W2507,42.5943564,-71.3406697,2015.0,9.0,Fall,17.2,5.0,1,0,0,1,19.2,4.5,Concord (SuAsCo)
W2510,42.6718435,-71.3444481,2015.0,9.0,Fall,18.1,8.2,1,0,0,1,20.1,7.699999999999999,Merrimack
W2533,42.6681776,-71.3263353,2015.0,9.0,Fall,19.7,9.4,1,0,0,1,21.7,8.9,Merrimack
W2509,42.1049813,-71.4584048,2015.0,10.0,Fall,11.3,8.0,1,0,0,1,13.3,7.5,Charles
W2530,42.1217687,-71.3654398,2015.0,10.0,Fall,10.2,5.1,1,0,0,1,12.2,4.6,Charles
W2537,42.1870159,-71.3758224,2015.0,10.0,Fall,11.2,5.8,1,0,0,1,13.2,5.3,Charles
W2508,42.2247791,-71.4776709,2015.0,10.0,Fall,11.0,7.2,1,0,0,1,13.0,6.7,Concord (SuAsCo)
W2513,42.2532139,-71.56727,2015.0,10.0,Fall,11.3,3.3,2,1,0,1,13.3,2.8,Concord (SuAsCo)
W2536,42.3193238,-71.3955834,2015.0,10.0,Fall,17.2,9.4,1,0,0,1,19.2,8.9,Concord (SuAsCo)
W2528,42.2910744,-71.6885308,2015.0,10.0,Fall,16.7,8.4,1,0,0,1,18.7,7.9,Concord (SuAsCo)
W2531,42.2871321,-71.6512886,2015.0,10.0,Fall,17.7,7.1,1,0,0,1,19.7,6.6,Concord (SuAsCo)
W2520,42.347696,-71.5179405,2015.0,10.0,Fall,15.0,7.0,1,0,0,1,17.0,6.5,Concord (SuAsCo)
W2511,42.4276412,-71.4854492,2015.0,10.0,Fall,16.4,5.5,1,0,0,1,18.4,5.0,Concord (SuAsCo)
W2525,42.4356962,-71.5704097,2015.0,10.0,Fall,16.0,7.2,1,0,0,1,18.0,6.7,Concord (SuAsCo)
W2527,42.5267785,-71.4134214,2015.0,10.0,Fall,16.5,6.4,1,0,0,1,18.5,5.9,Concord (SuAsCo)
W2286,42.70347188,-72.95887989,2015.0,6.0,Summer,13.1,10.0,2,0,0,1,15.1,9.5,Deerfield
W2222,42.63256876,-72.97439535,2015.0,6.0,Summer,14.5,9.8,2,0,0,1,16.5,9.3,Deerfield
W2414,42.71500304,-72.66972243,2015.0,6.0,Summer,15.0,9.8,2,0,0,1,17.0,9.3,Deerfield
W2282,42.71492884,-72.6693994,2015.0,6.0,Summer,14.9,9.7,2,0,0,1,16.9,9.2,Deerfield
W2287,42.69539254,-72.22718449,2015.0,6.0,Summer,16.1,7.9,2,0,0,1,18.1,7.4,Millers
W2280,42.10614,-73.48299,2015.0,6.0,Summer,13.6,10.0,2,0,0,1,15.6,9.5,Bashbish
W2252,42.24776313,-73.28034588,2015.0,6.0,Summer,17.7,9.0,2,0,0,1,19.7,8.5,Housatonic
W2291,42.38648751,-73.25940756,2015.0,6.0,Summer,18.6,8.8,2,0,0,1,20.6,8.3,Housatonic
W2283,42.32000999,-73.02774999,2015.0,6.0,Summer,17.1,9.3,2,0,0,1,19.1,8.8,Westfield
W1458,42.25418274,-72.94869942,2015.0,6.0,Summer,14.8,9.9,2,0,0,1,16.8,9.4,Westfield
W2545,42.34376837,-72.95334229,2015.0,6.0,Summer,14.8,10.0,2,0,0,1,16.8,9.5,Westfield
W1362,42.4841721,-72.7542118,2015.0,6.0,Summer,15.0,9.6,2,0,0,1,17.0,9.1,Deerfield
W0293,42.58708857,-72.35718789,2015.0,6.0,Summer,14.8,9.9,2,0,0,1,16.8,9.4,Millers
W2218,42.46470593,-72.38454489,2015.0,6.0,Summer,17.4,9.0,2,0,0,1,19.4,8.5,Chicopee
W1864,42.16171173,-72.26845965,2015.0,6.0,Summer,16.4,9.6,2,0,0,1,18.4,9.1,Chicopee
W2410,42.664623,-71.753811,2015.0,6.0,Summer,19.2,8.1,2,0,0,1,21.2,7.6,Nashua
W2540,42.700651,-71.487647,2015.0,6.0,Summer,22.7,3.0,3,1,0,1,24.7,2.5,Merrimack
W2543,42.733424,-70.904624,2015.0,6.0,Summer,21.1,6.5,2,0,0,1,23.1,6.0,Parker
W2542,42.618394,-71.021129,2015.0,6.0,Summer,21.7,4.3,3,1,0,1,23.7,3.8,Ipswich
W2541,42.444418,-71.551697,2015.0,6.0,Summer,20.6,7.0,2,0,0,1,22.6,6.5,Concord (SuAsCo)
W2544,42.398058,-71.658249,2015.0,6.0,Summer,21.0,8.4,2,0,0,1,23.0,7.9,Concord (SuAsCo)
W2226,42.38381603,-71.83775116,2015.0,6.0,Summer,20.4,8.5,2,0,0,1,22.4,8.0,Nashua
W2411,41.562812,-71.133855,2015.0,6.0,Summer,20.2,7.2,2,0,0,1,22.2,6.7,Buzzards Bay
W0344,41.63266048,-71.06038287,2015.0,6.0,Summer,19.8,8.4,2,0,0,1,21.8,7.9,Buzzards Bay
W2466,41.77254787,-71.08494839,2015.0,6.0,Summer,19.1,8.5,2,0,0,1,21.1,8.0,Taunton
W2284,42.04638466,-71.6301536,2015.0,6.0,Summer,21.6,8.4,2,0,0,1,23.6,7.9,Blackstone
W2413,42.00792,-71.70506,2015.0,6.0,Summer,20.1,8.6,2,0,0,1,22.1,8.1,Blackstone
W2220,42.03481475,-72.16158627,2015.0,6.0,Summer,21.5,8.5,2,0,0,1,23.5,8.0,Quinebaug
W2286,42.70347188,-72.95887989,2015.0,7.0,Summer,17.2,9.1,2,0,0,1,19.2,8.6,Deerfield
W2222,42.63256876,-72.97439535,2015.0,7.0,Summer,20.5,8.6,2,0,0,1,22.5,8.1,Deerfield
W2414,42.71500304,-72.66972243,2015.0,7.0,Summer,22.9,8.8,2,0,0,1,24.9,8.3,Deerfield
W2282,42.71492884,-72.6693994,2015.0,7.0,Summer,19.9,8.7,2,0,0,1,21.9,8.2,Deerfield
W2287,42.69539254,-72.22718449,2015.0,7.0,Summer,23.4,6.7,2,0,0,1,25.4,6.2,Millers
W2280,42.10614,-73.48299,2015.0,7.0,Summer,15.6,9.4,2,0,0,1,17.6,8.9,Bashbish
W2252,42.24776313,-73.28034588,2015.0,7.0,Summer,18.6,8.6,2,0,0,1,20.6,8.1,Housatonic
W2291,42.38648751,-73.25940756,2015.0,7.0,Summer,19.8,8.5,2,0,0,1,21.8,8.0,Housatonic
W2283,42.32000999,-73.02774999,2015.0,7.0,Summer,19.1,8.8,2,0,0,1,21.1,8.3,Westfield
W1458,42.25418274,-72.94869942,2015.0,7.0,Summer,16.6,9.4,2,0,0,1,18.6,8.9,Westfield
W2545,42.34376837,-72.95334229,2015.0,7.0,Summer,17.0,9.6,2,0,0,1,19.0,9.1,Westfield
W1362,42.4841721,-72.7542118,2015.0,7.0,Summer,16.9,9.2,2,0,0,1,18.9,8.7,Deerfield
W0293,42.58708857,-72.35718789,2015.0,7.0,Summer,17.7,9.2,2,0,0,1,19.7,8.7,Millers
W2218,42.46470593,-72.38454489,2015.0,7.0,Summer,21.5,8.2,2,0,0,1,23.5,7.699999999999999,Chicopee
W1864,42.16171173,-72.26845965,2015.0,7.0,Summer,19.1,9.0,2,0,0,1,21.1,8.5,Chicopee
W2410,42.664623,-71.753811,2015.0,7.0,Summer,18.3,8.2,2,0,0,1,20.3,7.699999999999999,Nashua
W2540,42.700651,-71.487647,2015.0,7.0,Summer,22.1,2.2,3,1,0,1,24.1,1.7000000000000002,Merrimack
W2543,42.733424,-70.904624,2015.0,7.0,Summer,21.8,4.8,3,1,0,1,23.8,4.3,Parker
W2542,42.618394,-71.021129,2015.0,7.0,Summer,24.5,4.0,3,1,0,1,26.5,3.5,Ipswich
W2541,42.444418,-71.551697,2015.0,7.0,Summer,23.7,7.2,2,0,0,1,25.7,6.7,Concord (SuAsCo)
W2544,42.398058,-71.658249,2015.0,7.0,Summer,26.1,7.4,2,0,0,1,28.1,6.9,Concord (SuAsCo)
W2226,42.38381603,-71.83775116,2015.0,7.0,Summer,22.0,8.0,2,0,0,1,24.0,7.5,Nashua
W2411,41.562812,-71.133855,2015.0,7.0,Summer,20.3,7.8,2,0,0,1,22.3,7.3,Buzzards Bay
W0344,41.63266048,-71.06038287,2015.0,7.0,Summer,19.8,8.5,2,0,0,1,21.8,8.0,Buzzards Bay
W2466,41.77254787,-71.08494839,2015.0,7.0,Summer,19.4,8.6,2,0,0,1,21.4,8.1,Taunton
W2284,42.04638466,-71.6301536,2015.0,7.0,Summer,23.1,8.1,2,0,0,1,25.1,7.6,Blackstone
W2413,42.00792,-71.70506,2015.0,7.0,Summer,23.1,8.0,2,0,0,1,25.1,7.5,Blackstone
W2220,42.03481475,-72.16158627,2015.0,7.0,Summer,21.6,7.1,2,0,0,1,23.6,6.6,Quinebaug
W2286,42.70347188,-72.95887989,2015.0,8.0,Summer,17.7,9.2,2,0,0,1,19.7,8.7,Deerfield
W2222,42.63256876,-72.97439535,2015.0,8.0,Summer,19.5,8.9,2,0,0,1,21.5,8.4,Deerfield
W2414,42.71500304,-72.66972243,2015.0,8.0,Summer,23.6,8.9,2,0,0,1,25.6,8.4,Deerfield
W2282,42.71492884,-72.6693994,2015.0,8.0,Summer,20.0,8.9,2,0,0,1,22.0,8.4,Deerfield
W2287,42.69539254,-72.22718449,2015.0,8.0,Summer,23.8,7.1,2,0,0,1,25.8,6.6,Millers
W2280,42.10614,-73.48299,2015.0,8.0,Summer,17.7,9.1,2,0,0,1,19.7,8.6,Bashbish
W2252,42.24776313,-73.28034588,2015.0,8.0,Summer,21.5,8.1,2,0,0,1,23.5,7.6,Housatonic
W2291,42.38648751,-73.25940756,2015.0,8.0,Summer,20.5,8.4,2,0,0,1,22.5,7.9,Housatonic
W2283,42.32000999,-73.02774999,2015.0,8.0,Summer,20.5,8.7,2,0,0,1,22.5,8.2,Westfield
W2545,42.34376837,-72.95334229,2015.0,8.0,Summer,20.5,9.3,2,0,0,1,22.5,8.8,Westfield
W1362,42.4841721,-72.7542118,2015.0,8.0,Summer,19.8,8.8,2,0,0,1,21.8,8.3,Deerfield
W0293,42.58708857,-72.35718789,2015.0,8.0,Summer,19.6,8.9,2,0,0,1,21.6,8.4,Millers
W2218,42.46470593,-72.38454489,2015.0,8.0,Summer,22.7,8.2,2,0,0,1,24.7,7.699999999999999,Chicopee
W1864,42.16171173,-72.26845965,2015.0,8.0,Summer,21.0,8.8,2,0,0,1,23.0,8.3,Chicopee
W2410,42.664623,-71.753811,2015.0,8.0,Summer,18.8,7.8,2,0,0,1,20.8,7.3,Nashua
W2543,42.733424,-70.904624,2015.0,8.0,Summer,22.0,5.0,2,0,0,1,24.0,4.5,Parker
W2542,42.618394,-71.021129,2015.0,8.0,Summer,21.8,2.5,3,1,0,1,23.8,2.0,Ipswich
W2541,42.444418,-71.551697,2015.0,8.0,Summer,24.7,7.2,2,0,0,1,26.7,6.7,Concord (SuAsCo)
W2544,42.398058,-71.658249,2015.0,8.0,Summer,24.5,7.6,2,0,0,1,26.5,7.1,Concord (SuAsCo)
W2226,42.38381603,-71.83775116,2015.0,8.0,Summer,21.1,8.1,2,0,0,1,23.1,7.6,Nashua
W2411,41.562812,-71.133855,2015.0,8.0,Summer,22.6,7.6,2,0,0,1,24.6,7.1,Buzzards Bay
W0344,41.63266048,-71.06038287,2015.0,8.0,Summer,22.0,8.2,2,0,0,1,24.0,7.699999999999999,Buzzards Bay
W2466,41.77254787,-71.08494839,2015.0,8.0,Summer,21.7,8.3,2,0,0,1,23.7,7.800000000000001,Taunton
W2284,42.04638466,-71.6301536,2015.0,8.0,Summer,22.5,8.2,2,0,0,1,24.5,7.699999999999999,Blackstone
W2413,42.00792,-71.70506,2015.0,8.0,Summer,22.4,8.0,2,0,0,1,24.4,7.5,Blackstone
W2220,42.03481475,-72.16158627,2015.0,8.0,Summer,20.5,8.2,2,0,0,1,22.5,7.699999999999999,Quinebaug
W2286,42.70347188,-72.95887989,2015.0,9.0,Fall,18.2,9.0,1,0,0,1,20.2,8.5,Deerfield
W2222,42.63256876,-72.97439535,2015.0,9.0,Fall,19.1,9.0,1,0,0,1,21.1,8.5,Deerfield
W2414,42.71500304,-72.66972243,2015.0,9.0,Fall,20.7,9.0,1,0,0,1,22.7,8.5,Deerfield
W2282,42.71492884,-72.6693994,2015.0,9.0,Fall,18.9,9.0,1,0,0,1,20.9,8.5,Deerfield
W2287,42.69539254,-72.22718449,2015.0,9.0,Fall,21.2,6.9,1,0,0,1,23.2,6.4,Millers
W2280,42.10614,-73.48299,2015.0,9.0,Fall,13.7,9.9,1,0,0,1,15.7,9.4,Bashbish
W2252,42.24776313,-73.28034588,2015.0,9.0,Fall,16.0,9.3,1,0,0,1,18.0,8.8,Housatonic
W2291,42.38648751,-73.25940756,2015.0,9.0,Fall,16.4,9.3,1,0,0,1,18.4,8.8,Housatonic
W2283,42.32000999,-73.02774999,2015.0,9.0,Fall,16.0,9.5,1,0,0,1,18.0,9.0,Westfield
W1458,42.25418274,-72.94869942,2015.0,9.0,Fall,15.2,9.8,1,0,0,1,17.2,9.3,Westfield
W2545,42.34376837,-72.95334229,2015.0,9.0,Fall,14.3,10.4,1,0,0,1,16.3,9.9,Westfield
W1362,42.4841721,-72.7542118,2015.0,9.0,Fall,15.5,9.7,1,0,0,1,17.5,9.2,Deerfield
W0293,42.58708857,-72.35718789,2015.0,9.0,Fall,15.1,9.9,1,0,0,1,17.1,9.4,Millers
W2218,42.46470593,-72.38454489,2015.0,9.0,Fall,17.8,9.0,1,0,0,1,19.8,8.5,Chicopee
W1864,42.16171173,-72.26845965,2015.0,9.0,Fall,16.8,9.6,1,0,0,1,18.8,9.1,Chicopee
W2410,42.664623,-71.753811,2015.0,9.0,Fall,16.7,8.4,1,0,0,1,18.7,7.9,Nashua
W2540,42.700651,-71.487647,2015.0,9.0,Fall,17.3,1.3,2,1,0,1,19.3,0.8,Merrimack
W2543,42.733424,-70.904624,2015.0,9.0,Fall,19.2,4.1,2,1,0,1,21.2,3.5999999999999996,Parker
W2542,42.618394,-71.021129,2015.0,9.0,Fall,18.7,2.6,2,1,0,1,20.7,2.1,Ipswich
W2541,42.444418,-71.551697,2015.0,9.0,Fall,21.5,8.0,1,0,0,1,23.5,7.5,Concord (SuAsCo)
W2544,42.398058,-71.658249,2015.0,9.0,Fall,21.8,8.0,1,0,0,1,23.8,7.5,Concord (SuAsCo)
W2226,42.38381603,-71.83775116,2015.0,9.0,Fall,18.7,8.5,1,0,0,1,20.7,8.0,Nashua
W2411,41.562812,-71.133855,2015.0,9.0,Fall,16.2,9.0,1,0,0,1,18.2,8.5,Buzzards Bay
W0344,41.63266048,-71.06038287,2015.0,9.0,Fall,15.8,9.7,1,0,0,1,17.8,9.2,Buzzards Bay
W2466,41.77254787,-71.08494839,2015.0,9.0,Fall,15.3,9.8,1,0,0,1,17.3,9.3,Taunton
W2284,42.04638466,-71.6301536,2015.0,9.0,Fall,15.9,9.6,1,0,0,1,17.9,9.1,Blackstone
W2413,42.00792,-71.70506,2015.0,9.0,Fall,15.9,9.6,1,0,0,1,17.9,9.1,Blackstone
W2220,42.03481475,-72.16158627,2015.0,9.0,Fall,14.6,9.3,1,0,0,1,16.6,8.8,Quinebaug
W0926,42.00459582,-70.84525352,2015.0,5.0,Spring,16.6,10.1,1,0,0,1,18.6,9.6,Taunton
W0926,42.00459582,-70.84525352,2015.0,5.0,Spring,16.4,10.0,1,0,0,1,18.4,9.5,Taunton
W0926,42.00459582,-70.84525352,2015.0,5.0,Spring,16.4,10.0,1,0,0,1,18.4,9.5,Taunton
W0926,42.00459582,-70.84525352,2015.0,5.0,Spring,15.0,8.1,1,0,0,1,17.0,7.6,Taunton
W0930,42.00146724,-70.83678103,2015.0,5.0,Spring,17.5,9.8,0,0,0,0,19.5,9.3,Taunton
W0930,42.00146724,-70.83678103,2015.0,5.0,Spring,16.8,9.9,0,0,0,0,18.8,9.4,Taunton
W0930,42.00146724,-70.83678103,2015.0,5.0,Spring,15.2,9.4,0,0,0,0,17.2,8.9,Taunton
W2173,42.02988442,-70.85262833,2015.0,5.0,Spring,18.5,10.0,0,0,0,0,20.5,9.5,Taunton
W2173,42.02988442,-70.85262833,2015.0,5.0,Spring,17.3,9.2,0,0,0,0,19.3,8.7,Taunton
W2173,42.02988442,-70.85262833,2015.0,5.0,Spring,14.8,4.8,1,1,0,0,16.8,4.3,Taunton
W1086,42.02849624,-70.82611145,2015.0,5.0,Spring,16.9,10.6,1,0,0,1,18.9,10.1,Taunton
W1086,42.02849624,-70.82611145,2015.0,5.0,Spring,16.6,10.5,1,0,0,1,18.6,10.0,Taunton
W1086,42.02849624,-70.82611145,2015.0,5.0,Spring,16.3,10.8,1,0,0,1,18.3,10.3,Taunton
W1086,42.02849624,-70.82611145,2015.0,5.0,Spring,14.4,10.6,1,0,0,1,16.4,10.1,Taunton
W1086,42.02849624,-70.82611145,2015.0,5.0,Spring,11.8,7.8,1,0,0,1,13.8,7.3,Taunton
W1086,42.02849624,-70.82611145,2015.0,5.0,Spring,11.5,7.1,1,0,0,1,13.5,6.6,Taunton
W1086,42.02849624,-70.82611145,2015.0,5.0,Spring,11.4,6.5,1,0,0,1,13.4,6.0,Taunton
W1086,42.02849624,-70.82611145,2015.0,5.0,Spring,11.3,6.2,1,0,0,1,13.3,5.7,Taunton
W0926,42.00459582,-70.84525352,2015.0,6.0,Summer,21.2,9.4,2,0,0,1,23.2,8.9,Taunton
W0926,42.00459582,-70.84525352,2015.0,6.0,Summer,21.2,9.4,2,0,0,1,23.2,8.9,Taunton
W0926,42.00459582,-70.84525352,2015.0,6.0,Summer,20.9,9.4,2,0,0,1,22.9,8.9,Taunton
W0926,42.00459582,-70.84525352,2015.0,6.0,Summer,20.4,8.8,2,0,0,1,22.4,8.3,Taunton
W0930,42.00146724,-70.83678103,2015.0,6.0,Summer,21.6,8.6,2,0,0,1,23.6,8.1,Taunton
W0930,42.00146724,-70.83678103,2015.0,6.0,Summer,21.4,8.5,2,0,0,1,23.4,8.0,Taunton
W0930,42.00146724,-70.83678103,2015.0,6.0,Summer,20.8,8.2,2,0,0,1,22.8,7.699999999999999,Taunton
W1086,42.02849624,-70.82611145,2015.0,6.0,Summer,20.8,9.2,1,0,0,0,22.8,8.7,Taunton
W1086,42.02849624,-70.82611145,2015.0,6.0,Summer,20.6,9.3,1,0,0,0,22.6,8.8,Taunton
W1086,42.02849624,-70.82611145,2015.0,6.0,Summer,20.1,9.2,1,0,0,0,22.1,8.7,Taunton
W1086,42.02849624,-70.82611145,2015.0,6.0,Summer,19.8,8.6,1,0,0,0,21.8,8.1,Taunton
W1086,42.02849624,-70.82611145,2015.0,6.0,Summer,19.2,7.8,1,0,0,0,21.2,7.3,Taunton
W2173,42.02988442,-70.85262833,2015.0,6.0,Summer,21.3,9.4,2,0,0,1,23.3,8.9,Taunton
W2173,42.02988442,-70.85262833,2015.0,6.0,Summer,19.8,8.4,2,0,0,1,21.8,7.9,Taunton
W1086,42.02849624,-70.82611145,2015.0,7.0,Summer,25.9,8.6,2,0,0,1,27.9,8.1,Taunton
W1086,42.02849624,-70.82611145,2015.0,7.0,Summer,25.8,8.4,2,0,0,1,27.8,7.9,Taunton
W1086,42.02849624,-70.82611145,2015.0,7.0,Summer,22.8,5.6,2,0,0,1,24.8,5.1,Taunton
W2173,42.02988442,-70.85262833,2015.0,7.0,Summer,26.8,9.2,1,0,0,0,28.8,8.7,Taunton
W0926,42.00459582,-70.84525352,2015.0,8.0,Summer,24.7,8.3,1,0,0,0,26.7,7.800000000000001,Taunton
W0926,42.00459582,-70.84525352,2015.0,8.0,Summer,23.9,7.5,1,0,0,0,25.9,7.0,Taunton
W0926,42.00459582,-70.84525352,2015.0,8.0,Summer,23.9,7.4,1,0,0,0,25.9,6.9,Taunton
W0926,42.00459582,-70.84525352,2015.0,8.0,Summer,23.9,7.2,1,0,0,0,25.9,6.7,Taunton
W0926,42.00459582,-70.84525352,2015.0,8.0,Summer,23.8,7.0,1,0,0,0,25.8,6.5,Taunton
W0926,42.00459582,-70.84525352,2015.0,8.0,Summer,23.8,6.9,1,0,0,0,25.8,6.4,Taunton
W0930,42.00146724,-70.83678103,2015.0,8.0,Summer,25.5,7.6,1,0,0,0,27.5,7.1,Taunton
W0930,42.00146724,-70.83678103,2015.0,8.0,Summer,24.5,7.7,1,0,0,0,26.5,7.2,Taunton
W0930,42.00146724,-70.83678103,2015.0,8.0,Summer,24.3,7.6,1,0,0,0,26.3,7.1,Taunton
W0930,42.00146724,-70.83678103,2015.0,8.0,Summer,24.2,7.5,1,0,0,0,26.2,7.0,Taunton
W0930,42.00146724,-70.83678103,2015.0,8.0,Summer,24.2,7.5,1,0,0,0,26.2,7.0,Taunton
W1086,42.02849624,-70.82611145,2015.0,8.0,Summer,25.7,9.0,1,0,0,0,27.7,8.5,Taunton
W1086,42.02849624,-70.82611145,2015.0,8.0,Summer,25.6,9.0,1,0,0,0,27.6,8.5,Taunton
W1086,42.02849624,-70.82611145,2015.0,8.0,Summer,25.0,8.4,1,0,0,0,27.0,7.9,Taunton
W1086,42.02849624,-70.82611145,2015.0,8.0,Summer,24.6,7.9,1,0,0,0,26.6,7.4,Taunton
W1086,42.02849624,-70.82611145,2015.0,8.0,Summer,24.5,6.8,1,0,0,0,26.5,6.3,Taunton
W1086,42.02849624,-70.82611145,2015.0,8.0,Summer,23.5,1.0,2,1,0,0,25.5,0.5,Taunton
W2173,42.02988442,-70.85262833,2015.0,8.0,Summer,25.1,9.4,1,0,0,0,27.1,8.9,Taunton
W2173,42.02988442,-70.85262833,2015.0,8.0,Summer,23.7,4.8,2,1,0,0,25.7,4.3,Taunton
W2173,42.02988442,-70.85262833,2015.0,8.0,Summer,23.2,2.4,2,1,0,0,25.2,1.9,Taunton
W0926,42.00459582,-70.84525352,2015.0,9.0,Fall,25.7,9.4,1,0,0,1,27.7,8.9,Taunton
W0926,42.00459582,-70.84525352,2015.0,9.0,Fall,25.6,9.4,1,0,0,1,27.6,8.9,Taunton
W0926,42.00459582,-70.84525352,2015.0,9.0,Fall,24.0,4.4,2,1,0,1,26.0,3.9000000000000004,Taunton
W0930,42.00146724,-70.83678103,2015.0,9.0,Fall,26.4,8.2,1,0,0,1,28.4,7.699999999999999,Taunton
W0930,42.00146724,-70.83678103,2015.0,9.0,Fall,26.2,8.1,1,0,0,1,28.2,7.6,Taunton
W0930,42.00146724,-70.83678103,2015.0,9.0,Fall,26.2,8.1,1,0,0,1,28.2,7.6,Taunton
W1086,42.02849624,-70.82611145,2015.0,9.0,Fall,22.8,7.7,0,0,0,0,24.8,7.2,Taunton
W1086,42.02849624,-70.82611145,2015.0,9.0,Fall,22.8,7.7,0,0,0,0,24.8,7.2,Taunton
W1086,42.02849624,-70.82611145,2015.0,9.0,Fall,22.7,7.8,0,0,0,0,24.7,7.3,Taunton
W1086,42.02849624,-70.82611145,2015.0,9.0,Fall,22.5,7.2,0,0,0,0,24.5,6.7,Taunton
W1086,42.02849624,-70.82611145,2015.0,9.0,Fall,22.3,4.8,1,1,0,0,24.3,4.3,Taunton
W2173,42.02988442,-70.85262833,2015.0,9.0,Fall,22.4,8.6,1,0,0,1,24.4,8.1,Taunton
W2547,42.56231539,-71.33630595,2015.0,10.0,Fall,9.6,10.5,1,0,0,1,11.6,10.0,Concord (SuAsCo)
W2547,42.56231539,-71.33630595,2015.0,11.0,Fall,8.0,10.6,1,0,0,1,10.0,10.1,Concord (SuAsCo)
W1488,42.57826214,-71.33253012,2015.0,10.0,Fall,12.5,9.5,1,0,0,1,14.5,9.0,Concord (SuAsCo)
W1488,42.57826214,-71.33253012,2015.0,11.0,Fall,10.3,10.3,1,0,0,1,12.3,9.8,Concord (SuAsCo)
W2548,42.61458152,-71.32256374,2015.0,10.0,Fall,14.4,8.8,1,0,0,1,16.4,8.3,Concord (SuAsCo)
W2548,42.61458152,-71.32256374,2015.0,11.0,Fall,10.8,7.3,1,0,0,1,12.8,6.8,Concord (SuAsCo)
W1489,42.63380122,-71.30119731,2015.0,10.0,Fall,13.7,9.7,1,0,0,1,15.7,9.2,Concord (SuAsCo)
W1489,42.63380122,-71.30119731,2015.0,11.0,Fall,11.6,9.8,1,0,0,1,13.6,9.3,Concord (SuAsCo)
W2549,42.63381819,-71.30053328,2015.0,10.0,Fall,15.2,9.4,1,0,0,1,17.2,8.9,Concord (SuAsCo)
W2549,42.63381819,-71.30053328,2015.0,11.0,Fall,11.7,9.8,1,0,0,1,13.7,9.3,Concord (SuAsCo)
W2227,42.63595037,-71.30148697,2015.0,10.0,Fall,15.4,9.3,1,0,0,1,17.4,8.8,Concord (SuAsCo)
W2227,42.63595037,-71.30148697,2015.0,11.0,Fall,11.7,9.8,1,0,0,1,13.7,9.3,Concord (SuAsCo)
W2547,42.56231539,-71.33630595,2015.0,12.0,Winter,5.9,11.5,1,0,0,1,7.9,11.0,Concord (SuAsCo)
W1488,42.57826214,-71.33253012,2015.0,12.0,Winter,4.4,12.0,1,0,0,1,6.4,11.5,Concord (SuAsCo)
W2548,42.61458152,-71.32256374,2015.0,12.0,Winter,5.3,10.0,1,0,0,1,7.3,9.5,Concord (SuAsCo)
W1489,42.63380122,-71.30119731,2015.0,12.0,Winter,5.6,11.6,1,0,0,1,7.6,11.1,Concord (SuAsCo)
W2549,42.63381819,-71.30053328,2015.0,12.0,Winter,5.6,11.9,1,0,0,1,7.6,11.4,Concord (SuAsCo)
W2227,42.63595037,-71.30148697,2015.0,12.0,Winter,5.7,11.8,1,0,0,1,7.7,11.3,Concord (SuAsCo)
W2457,42.05933009,-72.27160475,2014.0,7.0,Summer,20.7,8.8,2,0,0,1,22.7,8.3,Chicopee
W2350,42.09324205,-72.31183457,2014.0,7.0,Summer,20.3,9.0,2,0,0,1,22.3,8.5,Chicopee
W1880,42.04351371,-72.45647808,2014.0,7.0,Summer,18.9,8.9,2,0,0,1,20.9,8.4,Connecticut
W2290,42.04079295,-72.48489555,2014.0,7.0,Summer,18.1,8.7,2,0,0,1,20.1,8.2,Connecticut
W2081,42.07983422,-72.56556396,2014.0,7.0,Summer,20.3,7.2,2,0,0,1,22.3,6.7,Connecticut
W2458,42.0373016,-72.69990551,2014.0,7.0,Summer,17.6,8.4,2,0,0,1,19.6,7.9,Connecticut
W1778,42.62272904,-72.54970791,2014.0,7.0,Summer,15.1,10.1,2,0,0,1,17.1,9.6,Connecticut
W1883,42.50677372,-72.5270761,2014.0,7.0,Summer,21.7,8.3,2,0,0,1,23.7,7.800000000000001,Connecticut
W2461,42.47653586,-72.51860357,2014.0,7.0,Summer,15.6,9.4,2,0,0,1,17.6,8.9,Connecticut
W1828,42.40886407,-71.98179294,2014.0,7.0,Summer,18.1,8.7,2,0,0,1,20.1,8.2,Chicopee
W1717,42.34007232,-72.15953425,2014.0,7.0,Summer,21.9,8.7,2,0,0,1,23.9,8.2,Chicopee
W1892,42.36091839,-72.23011415,2014.0,7.0,Summer,18.2,7.1,2,0,0,1,20.2,6.6,Chicopee
W2164,42.2354613,-72.27899479,2014.0,7.0,Summer,21.0,8.9,2,0,0,1,23.0,8.4,Chicopee
W1900,42.25040334,-72.42653878,2014.0,7.0,Summer,15.7,8.0,2,0,0,1,17.7,7.5,Chicopee
W2041,42.27317372,-71.9749944,2014.0,8.0,Summer,25.2,7.4,2,0,0,1,27.2,6.9,Chicopee
W2455,42.2526325,-72.05643235,2014.0,8.0,Summer,17.3,8.2,2,0,0,1,19.3,7.699999999999999,Chicopee
W2166,42.26215141,-72.10659989,2014.0,8.0,Summer,19.2,8.4,2,0,0,1,21.2,7.9,Chicopee
W2165,42.22337829,-72.17965076,2014.0,8.0,Summer,23.6,6.3,2,0,0,1,25.6,5.8,Chicopee
W1754,42.21273236,-72.22875627,2014.0,8.0,Summer,24.5,8.2,2,0,0,1,26.5,7.699999999999999,Chicopee
W2279,42.55506751,-72.55825658,2014.0,8.0,Summer,17.1,9.3,2,0,0,1,19.1,8.8,Connecticut
W1579,42.45655696,-72.63699267,2014.0,8.0,Summer,20.2,8.0,2,0,0,1,22.2,7.5,Connecticut
W2083,42.42257737,-72.76956339,2014.0,8.0,Summer,17.9,9.2,2,0,0,1,19.9,8.7,Connecticut
W2163,42.28135393,-72.72939605,2014.0,8.0,Summer,19.4,9.6,2,0,0,1,21.4,9.1,Connecticut
W1887,42.2636059,-72.70605094,2014.0,8.0,Summer,19.7,8.6,2,0,0,1,21.7,8.1,Connecticut
W2454,42.33802189,-72.55536786,2014.0,8.0,Summer,19.1,8.2,2,0,0,1,21.1,7.699999999999999,Connecticut
W1989,42.27962685,-72.58673039,2014.0,8.0,Summer,20.2,9.9,2,0,0,1,22.2,9.4,Connecticut
W2463,42.27003392,-72.594205,2014.0,8.0,Summer,23.6,8.8,2,0,0,1,25.6,8.3,Connecticut
W2219,42.25020895,-72.65892694,2014.0,8.0,Summer,13.6,9.5,2,0,0,1,15.6,9.0,Connecticut
W2460,42.26076443,-72.81803592,2014.0,8.0,Summer,17.5,8.4,2,0,0,1,19.5,7.9,Connecticut
W2456,42.47216953,-72.25680238,2014.0,8.0,Summer,21.3,6.9,2,0,0,1,23.3,6.4,Chicopee
W1757,42.46999426,-72.32259937,2014.0,8.0,Summer,17.4,9.4,2,0,0,1,19.4,8.9,Chicopee
W2324,42.44207131,-72.36869256,2014.0,8.0,Summer,18.6,8.9,2,0,0,1,20.6,8.4,Chicopee
W2462,42.38732571,-72.37351445,2014.0,8.0,Summer,17.2,9.0,2,0,0,1,19.2,8.5,Chicopee
W1805,42.34968275,-72.431373,2014.0,8.0,Summer,16.0,9.4,2,0,0,1,18.0,8.9,Connecticut
W2457,42.05933009,-72.27160475,2014.0,8.0,Summer,17.2,6.5,2,0,0,1,19.2,6.0,Chicopee
W2350,42.09324205,-72.31183457,2014.0,8.0,Summer,17.2,9.4,2,0,0,1,19.2,8.9,Chicopee
W1880,42.04351371,-72.45647808,2014.0,8.0,Summer,17.2,8.8,2,0,0,1,19.2,8.3,Connecticut
W2290,42.04079295,-72.48489555,2014.0,8.0,Summer,16.4,9.2,2,0,0,1,18.4,8.7,Connecticut
W2081,42.07983422,-72.56556396,2014.0,8.0,Summer,19.2,7.9,2,0,0,1,21.2,7.4,Connecticut
W2458,42.0373016,-72.69990551,2014.0,8.0,Summer,17.5,8.4,2,0,0,1,19.5,7.9,Connecticut
W1778,42.62272904,-72.54970791,2014.0,8.0,Summer,15.5,10.0,2,0,0,1,17.5,9.5,Connecticut
W2453,42.55286755,-72.51950306,2014.0,8.0,Summer,17.0,7.2,2,0,0,1,19.0,6.7,Connecticut
W1883,42.50677372,-72.5270761,2014.0,8.0,Summer,20.6,8.6,2,0,0,1,22.6,8.1,Connecticut
W2461,42.47653586,-72.51860357,2014.0,8.0,Summer,15.2,9.6,2,0,0,1,17.2,9.1,Connecticut
W1828,42.40886407,-71.98179294,2014.0,8.0,Summer,17.6,8.9,2,0,0,1,19.6,8.4,Chicopee
W1717,42.34007232,-72.15953425,2014.0,8.0,Summer,20.8,7.7,2,0,0,1,22.8,7.2,Chicopee
W1892,42.36091839,-72.23011415,2014.0,8.0,Summer,19.6,3.6,3,1,0,1,21.6,3.1,Chicopee
W2164,42.2354613,-72.27899479,2014.0,8.0,Summer,23.1,9.5,2,0,0,1,25.1,9.0,Chicopee
W1900,42.25040334,-72.42653878,2014.0,8.0,Summer,18.7,6.4,2,0,0,1,20.7,5.9,Chicopee
W2041,42.27317372,-71.9749944,2014.0,8.0,Summer,23.7,8.0,2,0,0,1,25.7,7.5,Chicopee
W2459,42.2036239,-72.00426939,2014.0,8.0,Summer,17.6,4.7,3,1,0,1,19.6,4.2,Chicopee
W2455,42.2526325,-72.05643235,2014.0,8.0,Summer,17.5,8.7,2,0,0,1,19.5,8.2,Chicopee
W2166,42.26215141,-72.10659989,2014.0,8.0,Summer,18.6,8.2,2,0,0,1,20.6,7.699999999999999,Chicopee
W2165,42.22337829,-72.17965076,2014.0,8.0,Summer,24.5,6.5,2,0,0,1,26.5,6.0,Chicopee
W1754,42.21273236,-72.22875627,2014.0,8.0,Summer,22.7,8.2,2,0,0,1,24.7,7.699999999999999,Chicopee
W2279,42.55506751,-72.55825658,2014.0,9.0,Fall,18.0,9.1,1,0,0,1,20.0,8.6,Connecticut
W1579,42.45655696,-72.63699267,2014.0,9.0,Fall,20.9,7.6,1,0,0,1,22.9,7.1,Connecticut
W2083,42.42257737,-72.76956339,2014.0,9.0,Fall,18.1,9.2,1,0,0,1,20.1,8.7,Connecticut
W2163,42.28135393,-72.72939605,2014.0,9.0,Fall,20.2,9.7,1,0,0,1,22.2,9.2,Connecticut
W1887,42.2636059,-72.70605094,2014.0,9.0,Fall,20.3,8.4,1,0,0,1,22.3,7.9,Connecticut
W2454,42.33802189,-72.55536786,2014.0,9.0,Fall,20.1,7.0,1,0,0,1,22.1,6.5,Connecticut
W1989,42.27962685,-72.58673039,2014.0,9.0,Fall,19.0,7.5,1,0,0,1,21.0,7.0,Connecticut
W2463,42.27003392,-72.594205,2014.0,9.0,Fall,23.4,7.3,1,0,0,1,25.4,6.8,Connecticut
W2219,42.25020895,-72.65892694,2014.0,9.0,Fall,15.1,9.2,1,0,0,1,17.1,8.7,Connecticut
W2460,42.26076443,-72.81803592,2014.0,9.0,Fall,19.5,8.1,1,0,0,1,21.5,7.6,Connecticut
W2456,42.47216953,-72.25680238,2014.0,9.0,Fall,19.7,7.1,1,0,0,1,21.7,6.6,Chicopee
W1757,42.46999426,-72.32259937,2014.0,9.0,Fall,16.9,9.5,1,0,0,1,18.9,9.0,Chicopee
W2324,42.44207131,-72.36869256,2014.0,9.0,Fall,17.9,9.1,1,0,0,1,19.9,8.6,Chicopee
W2462,42.38732571,-72.37351445,2014.0,9.0,Fall,17.2,9.2,1,0,0,1,19.2,8.7,Chicopee
W1805,42.34968275,-72.431373,2014.0,9.0,Fall,17.1,9.2,1,0,0,1,19.1,8.7,Connecticut
W2457,42.05933009,-72.27160475,2014.0,9.0,Fall,12.0,7.2,1,0,0,1,14.0,6.7,Chicopee
W2350,42.09324205,-72.31183457,2014.0,9.0,Fall,12.1,10.4,1,0,0,1,14.1,9.9,Chicopee
W1880,42.04351371,-72.45647808,2014.0,9.0,Fall,13.0,9.9,1,0,0,1,15.0,9.4,Connecticut
W2290,42.04079295,-72.48489555,2014.0,9.0,Fall,12.9,10.4,1,0,0,1,14.9,9.9,Connecticut
W2081,42.07983422,-72.56556396,2014.0,9.0,Fall,15.8,8.2,1,0,0,1,17.8,7.699999999999999,Connecticut
W2458,42.0373016,-72.69990551,2014.0,9.0,Fall,13.8,9.1,1,0,0,1,15.8,8.6,Connecticut
W1778,42.62272904,-72.54970791,2014.0,9.0,Fall,11.5,11.0,1,0,0,1,13.5,10.5,Connecticut
W1883,42.50677372,-72.5270761,2014.0,9.0,Fall,13.6,10.1,1,0,0,1,15.6,9.6,Connecticut
W2461,42.47653586,-72.51860357,2014.0,9.0,Fall,13.0,10.2,1,0,0,1,15.0,9.7,Connecticut
W1828,42.40886407,-71.98179294,2014.0,9.0,Fall,10.2,10.7,1,0,0,1,12.2,10.2,Chicopee
W1717,42.34007232,-72.15953425,2014.0,9.0,Fall,14.1,8.5,1,0,0,1,16.1,8.0,Chicopee
W1892,42.36091839,-72.23011415,2014.0,9.0,Fall,13.8,7.3,1,0,0,1,15.8,6.8,Chicopee
W2164,42.2354613,-72.27899479,2014.0,9.0,Fall,16.2,10.7,1,0,0,1,18.2,10.2,Chicopee
W1900,42.25040334,-72.42653878,2014.0,9.0,Fall,12.7,7.3,1,0,0,1,14.7,6.8,Chicopee
W2041,42.27317372,-71.9749944,2014.0,9.0,Fall,17.0,9.2,1,0,0,1,19.0,8.7,Chicopee
W2459,42.2036239,-72.00426939,2014.0,9.0,Fall,11.8,6.4,1,0,0,1,13.8,5.9,Chicopee
W2166,42.26215141,-72.10659989,2014.0,9.0,Fall,12.4,10.6,1,0,0,1,14.4,10.1,Chicopee
W2165,42.22337829,-72.17965076,2014.0,9.0,Fall,17.0,9.3,1,0,0,1,19.0,8.8,Chicopee
W1754,42.21273236,-72.22875627,2014.0,9.0,Fall,17.0,10.0,1,0,0,1,19.0,9.5,Chicopee
W2279,42.55506751,-72.55825658,2014.0,9.0,Fall,11.7,10.7,1,0,0,1,13.7,10.2,Connecticut
W1579,42.45655696,-72.63699267,2014.0,9.0,Fall,13.5,9.4,1,0,0,1,15.5,8.9,Connecticut
W2083,42.42257737,-72.76956339,2014.0,9.0,Fall,10.9,10.9,1,0,0,1,12.9,10.4,Connecticut
W2163,42.28135393,-72.72939605,2014.0,9.0,Fall,12.5,11.3,1,0,0,1,14.5,10.8,Connecticut
W1887,42.2636059,-72.70605094,2014.0,9.0,Fall,13.3,9.9,1,0,0,1,15.3,9.4,Connecticut
W1989,42.27962685,-72.58673039,2014.0,9.0,Fall,15.1,8.8,1,0,0,1,17.1,8.3,Connecticut
W2463,42.27003392,-72.594205,2014.0,9.0,Fall,17.6,7.4,1,0,0,1,19.6,6.9,Connecticut
W2219,42.25020895,-72.65892694,2014.0,9.0,Fall,12.4,9.3,1,0,0,1,14.4,8.8,Connecticut
W2456,42.47216953,-72.25680238,2014.0,9.0,Fall,16.2,7.4,1,0,0,1,18.2,6.9,Chicopee
W1757,42.46999426,-72.32259937,2014.0,9.0,Fall,14.0,10.2,1,0,0,1,16.0,9.7,Chicopee
W2324,42.44207131,-72.36869256,2014.0,9.0,Fall,14.7,9.7,1,0,0,1,16.7,9.2,Chicopee
W2462,42.38732571,-72.37351445,2014.0,9.0,Fall,13.8,9.9,1,0,0,1,15.8,9.4,Chicopee
W1805,42.34968275,-72.431373,2014.0,9.0,Fall,13.0,10.2,1,0,0,1,15.0,9.7,Connecticut
W1362,42.4841721,-72.7542118,2014.0,6.0,Summer,17.4,9.2,2,0,0,1,19.4,8.7,Deerfield
W2222,42.63256876,-72.97439535,2014.0,6.0,Summer,16.9,9.4,2,0,0,1,18.9,8.9,Deerfield
W2286,42.70347188,-72.95887989,2014.0,6.0,Summer,15.5,9.7,2,0,0,1,17.5,9.2,Deerfield
W2414,42.71500304,-72.66972243,2014.0,6.0,Summer,19.6,9.3,2,0,0,1,21.6,8.8,Deerfield
W2282,42.71492884,-72.6693994,2014.0,6.0,Summer,19.6,9.0,2,0,0,1,21.6,8.5,Deerfield
W2280,42.10614,-73.48299,2014.0,6.0,Summer,14.1,9.9,2,0,0,1,16.1,9.4,Bashbish
W2252,42.24776313,-73.28034588,2014.0,6.0,Summer,19.4,8.6,2,0,0,1,21.4,8.1,Housatonic
W2291,42.38648751,-73.25940756,2014.0,6.0,Summer,19.0,8.8,2,0,0,1,21.0,8.3,Housatonic
W2283,42.32000999,-73.02774999,2014.0,6.0,Summer,17.7,9.2,2,0,0,1,19.7,8.7,Westfield
W1458,42.25418274,-72.94869942,2014.0,6.0,Summer,15.5,9.9,2,0,0,1,17.5,9.4,Westfield
W2411,41.562812,-71.133855,2014.0,6.0,Summer,20.3,7.3,2,0,0,1,22.3,6.8,Buzzards Bay
W0344,41.63266048,-71.06038287,2014.0,6.0,Summer,19.2,8.3,2,0,0,1,21.2,7.800000000000001,Buzzards Bay
W2466,41.77254787,-71.08494839,2014.0,6.0,Summer,18.8,8.6,2,0,0,1,20.8,8.1,Taunton
W2284,42.04638466,-71.6301536,2014.0,6.0,Summer,21.7,8.3,2,0,0,1,23.7,7.800000000000001,Blackstone
W2413,42.00792,-71.70506,2014.0,6.0,Summer,21.9,8.1,2,0,0,1,23.9,7.6,Blackstone
W2220,42.03481475,-72.16158627,2014.0,6.0,Summer,22.3,8.0,2,0,0,1,24.3,7.5,Quinebaug
W0293,42.58708857,-72.35718789,2014.0,6.0,Summer,13.0,10.4,2,0,0,1,15.0,9.9,Millers
W2218,42.46470593,-72.38454489,2014.0,6.0,Summer,14.2,9.6,2,0,0,1,16.2,9.1,Chicopee
W2287,42.69539254,-72.22718449,2014.0,6.0,Summer,16.8,8.2,2,0,0,1,18.8,7.699999999999999,Millers
W2409,42.706137,-71.751964,2014.0,6.0,Summer,17.3,9.4,2,0,0,1,19.3,8.9,Nashua
W2410,42.664623,-71.753811,2014.0,6.0,Summer,18.4,9.0,2,0,0,1,20.4,8.5,Nashua
W2226,42.38381603,-71.83775116,2014.0,6.0,Summer,17.7,9.1,2,0,0,1,19.7,8.6,Nashua
W1362,42.4841721,-72.7542118,2014.0,7.0,Summer,16.7,9.4,2,0,0,1,18.7,8.9,Deerfield
W2222,42.63256876,-72.97439535,2014.0,7.0,Summer,17.9,9.2,2,0,0,1,19.9,8.7,Deerfield
W2286,42.70347188,-72.95887989,2014.0,7.0,Summer,15.7,9.7,2,0,0,1,17.7,9.2,Deerfield
W2414,42.71500304,-72.66972243,2014.0,7.0,Summer,18.6,9.4,2,0,0,1,20.6,8.9,Deerfield
W2282,42.71492884,-72.6693994,2014.0,7.0,Summer,17.9,9.3,2,0,0,1,19.9,8.8,Deerfield
W2280,42.10614,-73.48299,2014.0,7.0,Summer,14.6,9.8,2,0,0,1,16.6,9.3,Bashbish
W2252,42.24776313,-73.28034588,2014.0,7.0,Summer,20.4,8.4,2,0,0,1,22.4,7.9,Housatonic
W2291,42.38648751,-73.25940756,2014.0,7.0,Summer,19.9,8.6,2,0,0,1,21.9,8.1,Housatonic
W2283,42.32000999,-73.02774999,2014.0,7.0,Summer,19.0,8.9,2,0,0,1,21.0,8.4,Westfield
W1458,42.25418274,-72.94869942,2014.0,7.0,Summer,17.3,9.4,2,0,0,1,19.3,8.9,Westfield
W2411,41.562812,-71.133855,2014.0,7.0,Summer,21.5,7.4,2,0,0,1,23.5,6.9,Buzzards Bay
W0344,41.63266048,-71.06038287,2014.0,7.0,Summer,20.8,8.2,2,0,0,1,22.8,7.699999999999999,Buzzards Bay
W2466,41.77254787,-71.08494839,2014.0,7.0,Summer,20.8,8.0,2,0,0,1,22.8,7.5,Taunton
W2284,42.04638466,-71.6301536,2014.0,7.0,Summer,22.2,8.1,2,0,0,1,24.2,7.6,Blackstone
W2413,42.00792,-71.70506,2014.0,7.0,Summer,22.3,8.0,2,0,0,1,24.3,7.5,Blackstone
W2220,42.03481475,-72.16158627,2014.0,7.0,Summer,22.1,8.1,2,0,0,1,24.1,7.6,Quinebaug
W0293,42.58708857,-72.35718789,2014.0,7.0,Summer,18.2,9.1,2,0,0,1,20.2,8.6,Millers
W2218,42.46470593,-72.38454489,2014.0,7.0,Summer,19.2,8.4,2,0,0,1,21.2,7.9,Chicopee
W2287,42.69539254,-72.22718449,2014.0,7.0,Summer,20.5,6.6,2,0,0,1,22.5,6.1,Millers
W2409,42.706137,-71.751964,2014.0,7.0,Summer,21.9,7.0,2,0,0,1,23.9,6.5,Nashua
W2410,42.664623,-71.753811,2014.0,7.0,Summer,22.4,8.0,2,0,0,1,24.4,7.5,Nashua
W2226,42.38381603,-71.83775116,2014.0,7.0,Summer,22.9,8.0,2,0,0,1,24.9,7.5,Nashua
W1362,42.4841721,-72.7542118,2014.0,8.0,Summer,17.1,9.2,2,0,0,1,19.1,8.7,Deerfield
W2222,42.63256876,-72.97439535,2014.0,8.0,Summer,16.6,9.3,2,0,0,1,18.6,8.8,Deerfield
W2286,42.70347188,-72.95887989,2014.0,8.0,Summer,15.8,9.4,2,0,0,1,17.8,8.9,Deerfield
W2414,42.71500304,-72.66972243,2014.0,8.0,Summer,16.8,9.3,2,0,0,1,18.8,8.8,Deerfield
W2280,42.10614,-73.48299,2014.0,8.0,Summer,14.3,9.7,2,0,0,1,16.3,9.2,Bashbish
W2252,42.24776313,-73.28034588,2014.0,8.0,Summer,16.6,9.0,2,0,0,1,18.6,8.5,Housatonic
W2291,42.38648751,-73.25940756,2014.0,8.0,Summer,16.7,9.1,2,0,0,1,18.7,8.6,Housatonic
W2283,42.32000999,-73.02774999,2014.0,8.0,Summer,16.3,9.4,2,0,0,1,18.3,8.9,Westfield
W1458,42.25418274,-72.94869942,2014.0,8.0,Summer,15.2,9.7,2,0,0,1,17.2,9.2,Westfield
W2411,41.562812,-71.133855,2014.0,8.0,Summer,17.3,8.8,2,0,0,1,19.3,8.3,Buzzards Bay
W0344,41.63266048,-71.06038287,2014.0,8.0,Summer,17.0,9.2,2,0,0,1,19.0,8.7,Buzzards Bay
W2466,41.77254787,-71.08494839,2014.0,8.0,Summer,16.7,9.0,2,0,0,1,18.7,8.5,Taunton
W2284,42.04638466,-71.6301536,2014.0,8.0,Summer,19.4,8.8,2,0,0,1,21.4,8.3,Blackstone
W2413,42.00792,-71.70506,2014.0,8.0,Summer,18.7,8.9,2,0,0,1,20.7,8.4,Blackstone
W2220,42.03481475,-72.16158627,2014.0,8.0,Summer,18.6,8.7,2,0,0,1,20.6,8.2,Quinebaug
W0293,42.58708857,-72.35718789,2014.0,8.0,Summer,13.2,10.2,2,0,0,1,15.2,9.7,Millers
W2218,42.46470593,-72.38454489,2014.0,8.0,Summer,14.0,9.6,2,0,0,1,16.0,9.1,Chicopee
W2287,42.69539254,-72.22718449,2014.0,8.0,Summer,15.8,7.7,2,0,0,1,17.8,7.2,Millers
W2409,42.706137,-71.751964,2014.0,8.0,Summer,16.7,9.0,2,0,0,1,18.7,8.5,Nashua
W2410,42.664623,-71.753811,2014.0,8.0,Summer,18.6,9.0,2,0,0,1,20.6,8.5,Nashua
W2226,42.38381603,-71.83775116,2014.0,8.0,Summer,16.8,9.2,2,0,0,1,18.8,8.7,Nashua
W1362,42.4841721,-72.7542118,2014.0,9.0,Fall,13.5,10.0,1,0,0,1,15.5,9.5,Deerfield
W2222,42.63256876,-72.97439535,2014.0,9.0,Fall,14.8,9.9,1,0,0,1,16.8,9.4,Deerfield
W2286,42.70347188,-72.95887989,2014.0,9.0,Fall,14.1,10.0,1,0,0,1,16.1,9.5,Deerfield
W2414,42.71500304,-72.66972243,2014.0,9.0,Fall,16.3,10.0,1,0,0,1,18.3,9.5,Deerfield
W2282,42.71492884,-72.6693994,2014.0,9.0,Fall,13.6,10.1,1,0,0,1,15.6,9.6,Deerfield
W2280,42.10614,-73.48299,2014.0,9.0,Fall,13.9,9.8,1,0,0,1,15.9,9.3,Bashbish
W2252,42.24776313,-73.28034588,2014.0,9.0,Fall,14.8,9.3,1,0,0,1,16.8,8.8,Housatonic
W2291,42.38648751,-73.25940756,2014.0,9.0,Fall,16.2,9.2,1,0,0,1,18.2,8.7,Housatonic
W2283,42.32000999,-73.02774999,2014.0,9.0,Fall,16.2,9.4,1,0,0,1,18.2,8.9,Westfield
W1458,42.25418274,-72.94869942,2014.0,9.0,Fall,15.0,9.9,1,0,0,1,17.0,9.4,Westfield
W0344,41.63266048,-71.06038287,2014.0,9.0,Fall,14.4,10.3,1,0,0,1,16.4,9.8,Buzzards Bay
W2466,41.77254787,-71.08494839,2014.0,9.0,Fall,14.2,9.6,1,0,0,1,16.2,9.1,Taunton
W2284,42.04638466,-71.6301536,2014.0,9.0,Fall,13.7,9.8,1,0,0,1,15.7,9.3,Blackstone
W2413,42.00792,-71.70506,2014.0,9.0,Fall,13.4,9.8,1,0,0,1,15.4,9.3,Blackstone
W2220,42.03481475,-72.16158627,2014.0,9.0,Fall,13.7,9.4,1,0,0,1,15.7,8.9,Quinebaug
W0293,42.58708857,-72.35718789,2014.0,9.0,Fall,14.5,9.8,1,0,0,1,16.5,9.3,Millers
W2218,42.46470593,-72.38454489,2014.0,9.0,Fall,15.8,9.0,1,0,0,1,17.8,8.5,Chicopee
W2287,42.69539254,-72.22718449,2014.0,9.0,Fall,16.1,7.4,1,0,0,1,18.1,6.9,Millers
W2409,42.706137,-71.751964,2014.0,9.0,Fall,16.5,7.4,1,0,0,1,18.5,6.9,Nashua
W2410,42.664623,-71.753811,2014.0,9.0,Fall,16.9,8.8,1,0,0,1,18.9,8.3,Nashua
W2226,42.38381603,-71.83775116,2014.0,9.0,Fall,17.2,8.8,1,0,0,1,19.2,8.3,Nashua
W0762,41.80918339,-70.61753091,2014.0,6.0,Summer,23.9,8.7,1,0,0,0,25.9,8.2,Buzzards Bay
W0762,41.80918339,-70.61753091,2014.0,6.0,Summer,23.9,8.7,1,0,0,0,25.9,8.2,Buzzards Bay
W0762,41.80918339,-70.61753091,2014.0,6.0,Summer,23.9,8.7,1,0,0,0,25.9,8.2,Buzzards Bay
W0762,41.80918339,-70.61753091,2014.0,6.0,Summer,23.9,8.8,1,0,0,0,25.9,8.3,Buzzards Bay
W0754,41.80999411,-70.62755574,2014.0,6.0,Summer,24.5,8.6,2,0,0,1,26.5,8.1,Buzzards Bay
W0754,41.80999411,-70.62755574,2014.0,6.0,Summer,24.5,8.6,2,0,0,1,26.5,8.1,Buzzards Bay
W0754,41.80999411,-70.62755574,2014.0,6.0,Summer,24.4,8.6,2,0,0,1,26.4,8.1,Buzzards Bay
W0926,42.00459582,-70.84525352,2014.0,6.0,Summer,24.4,8.2,1,0,0,0,26.4,7.699999999999999,Taunton
W0926,42.00459582,-70.84525352,2014.0,6.0,Summer,24.1,8.0,1,0,0,0,26.1,7.5,Taunton
W0926,42.00459582,-70.84525352,2014.0,6.0,Summer,23.8,7.5,1,0,0,0,25.8,7.0,Taunton
W0930,42.00146724,-70.83678103,2014.0,6.0,Summer,24.9,8.5,1,0,0,0,26.9,8.0,Taunton
W0930,42.00146724,-70.83678103,2014.0,6.0,Summer,24.0,8.1,1,0,0,0,26.0,7.6,Taunton
W0930,42.00146724,-70.83678103,2014.0,6.0,Summer,23.9,7.9,1,0,0,0,25.9,7.4,Taunton
W0762,41.80918339,-70.61753091,2014.0,7.0,Summer,25.3,7.9,1,0,0,0,27.3,7.4,Buzzards Bay
W0762,41.80918339,-70.61753091,2014.0,7.0,Summer,25.2,8.0,1,0,0,0,27.2,7.5,Buzzards Bay
W0762,41.80918339,-70.61753091,2014.0,7.0,Summer,25.2,8.1,1,0,0,0,27.2,7.6,Buzzards Bay
W0762,41.80918339,-70.61753091,2014.0,7.0,Summer,25.1,8.0,1,0,0,0,27.1,7.5,Buzzards Bay
W0754,41.80999411,-70.62755574,2014.0,7.0,Summer,25.8,8.0,1,0,0,0,27.8,7.5,Buzzards Bay
W0754,41.80999411,-70.62755574,2014.0,7.0,Summer,25.6,8.0,1,0,0,0,27.6,7.5,Buzzards Bay
W0754,41.80999411,-70.62755574,2014.0,7.0,Summer,25.5,8.0,1,0,0,0,27.5,7.5,Buzzards Bay
W0754,41.80999411,-70.62755574,2014.0,7.0,Summer,25.4,8.1,1,0,0,0,27.4,7.6,Buzzards Bay
W0926,42.00459582,-70.84525352,2014.0,7.0,Summer,25.5,7.8,2,0,0,1,27.5,7.3,Taunton
W0926,42.00459582,-70.84525352,2014.0,7.0,Summer,25.0,7.2,2,0,0,1,27.0,6.7,Taunton
W0926,42.00459582,-70.84525352,2014.0,7.0,Summer,24.9,7.1,2,0,0,1,26.9,6.6,Taunton
W0926,42.00459582,-70.84525352,2014.0,7.0,Summer,24.8,5.8,2,0,0,1,26.8,5.3,Taunton
W0930,42.00146724,-70.83678103,2014.0,7.0,Summer,25.8,8.6,1,0,0,0,27.8,8.1,Taunton
W0930,42.00146724,-70.83678103,2014.0,7.0,Summer,25.0,8.3,1,0,0,0,27.0,7.800000000000001,Taunton
W0930,42.00146724,-70.83678103,2014.0,7.0,Summer,25.0,8.4,1,0,0,0,27.0,7.9,Taunton
W0930,42.00146724,-70.83678103,2014.0,7.0,Summer,24.7,7.8,1,0,0,0,26.7,7.3,Taunton
W0762,41.80918339,-70.61753091,2014.0,8.0,Summer,24.3,7.9,2,0,0,1,26.3,7.4,Buzzards Bay
W0762,41.80918339,-70.61753091,2014.0,8.0,Summer,24.2,8.0,2,0,0,1,26.2,7.5,Buzzards Bay
W0762,41.80918339,-70.61753091,2014.0,8.0,Summer,24.0,8.1,2,0,0,1,26.0,7.6,Buzzards Bay
W0762,41.80918339,-70.61753091,2014.0,8.0,Summer,23.9,8.0,2,0,0,1,25.9,7.5,Buzzards Bay
W0754,41.80999411,-70.62755574,2014.0,8.0,Summer,24.9,9.5,2,0,0,1,26.9,9.0,Buzzards Bay
W0754,41.80999411,-70.62755574,2014.0,8.0,Summer,24.7,9.6,2,0,0,1,26.7,9.1,Buzzards Bay
W0754,41.80999411,-70.62755574,2014.0,8.0,Summer,24.3,9.6,2,0,0,1,26.3,9.1,Buzzards Bay
W0754,41.80999411,-70.62755574,2014.0,8.0,Summer,24.0,9.5,2,0,0,1,26.0,9.0,Buzzards Bay
W0926,42.00459582,-70.84525352,2014.0,8.0,Summer,24.0,9.8,2,0,0,1,26.0,9.3,Taunton
W0926,42.00459582,-70.84525352,2014.0,8.0,Summer,23.4,9.2,2,0,0,1,25.4,8.7,Taunton
W0926,42.00459582,-70.84525352,2014.0,8.0,Summer,23.2,8.1,2,0,0,1,25.2,7.6,Taunton
W0926,42.00459582,-70.84525352,2014.0,8.0,Summer,22.8,5.7,2,0,0,1,24.8,5.2,Taunton
W0930,42.00146724,-70.83678103,2014.0,8.0,Summer,24.6,9.1,2,0,0,1,26.6,8.6,Taunton
W0930,42.00146724,-70.83678103,2014.0,8.0,Summer,23.9,9.1,2,0,0,1,25.9,8.6,Taunton
W0930,42.00146724,-70.83678103,2014.0,8.0,Summer,23.4,5.9,2,0,0,1,25.4,5.4,Taunton
W0754,41.80999411,-70.62755574,2014.0,9.0,Fall,22.0,8.2,1,0,0,1,24.0,7.699999999999999,Buzzards Bay
W0754,41.80999411,-70.62755574,2014.0,9.0,Fall,22.0,8.2,1,0,0,1,24.0,7.699999999999999,Buzzards Bay
W0754,41.80999411,-70.62755574,2014.0,9.0,Fall,21.9,8.1,1,0,0,1,23.9,7.6,Buzzards Bay
W0762,41.80918339,-70.61753091,2014.0,9.0,Fall,21.9,8.3,1,0,0,1,23.9,7.800000000000001,Buzzards Bay
W0762,41.80918339,-70.61753091,2014.0,9.0,Fall,21.8,8.5,1,0,0,1,23.8,8.0,Buzzards Bay
W0762,41.80918339,-70.61753091,2014.0,9.0,Fall,21.6,8.3,1,0,0,1,23.6,7.800000000000001,Buzzards Bay
W0762,41.80918339,-70.61753091,2014.0,9.0,Fall,21.5,8.1,1,0,0,1,23.5,7.6,Buzzards Bay
W0926,42.00459582,-70.84525352,2014.0,9.0,Fall,20.3,8.9,0,0,0,0,22.3,8.4,Taunton
W0926,42.00459582,-70.84525352,2014.0,9.0,Fall,19.8,8.0,0,0,0,0,21.8,7.5,Taunton
W0926,42.00459582,-70.84525352,2014.0,9.0,Fall,19.7,7.9,0,0,0,0,21.7,7.4,Taunton
W0930,42.00146724,-70.83678103,2014.0,9.0,Fall,20.6,8.7,1,0,0,1,22.6,8.2,Taunton
W0930,42.00146724,-70.83678103,2014.0,9.0,Fall,20.2,8.2,1,0,0,1,22.2,7.699999999999999,Taunton
W0930,42.00146724,-70.83678103,2014.0,9.0,Fall,20.1,8.0,1,0,0,1,22.1,7.5,Taunton
W2392,41.70289295,-70.10477526,2013.0,7.0,Summer,26.4,6.8,2,0,0,1,28.4,6.3,Cape Cod
W2391,41.64357833,-70.45336867,2013.0,7.0,Summer,29.6,4.8,4,1,1,1,31.6,4.3,Cape Cod
W2374,41.72789933,-70.79814166,2013.0,7.0,Summer,25.0,5.3,2,0,0,1,27.0,4.8,Buzzards Bay
W2388,41.67967123,-70.84082513,2013.0,7.0,Summer,24.8,7.0,2,0,0,1,26.8,6.5,Buzzards Bay
W2397,41.72740826,-70.85635593,2013.0,7.0,Summer,26.5,6.3,2,0,0,1,28.5,5.8,Buzzards Bay
W2382,41.75570188,-70.9831251,2013.0,7.0,Summer,20.4,4.8,3,1,0,1,22.4,4.3,Taunton
W2404,41.63338435,-70.98602228,2013.0,7.0,Summer,22.5,6.4,2,0,0,1,24.5,5.9,Buzzards Bay
W2394,41.64180645,-71.0764565,2013.0,7.0,Summer,19.6,7.6,2,0,0,1,21.6,7.1,Buzzards Bay
W2376,41.74470234,-71.2482622,2013.0,7.0,Summer,20.3,7.6,2,0,0,1,22.3,7.1,Mount Hope Bay (Shore)
W2387,41.7773089,-71.19253246,2013.0,7.0,Summer,20.2,6.1,2,0,0,1,22.2,5.6,Mount Hope Bay (Shore)
W2383,41.80069261,-71.30434109,2013.0,7.0,Summer,22.2,6.4,2,0,0,1,24.2,5.9,Narragansett Bay (Shore)
W2392,41.70289295,-70.10477526,2013.0,8.0,Summer,22.0,7.6,2,0,0,1,24.0,7.1,Cape Cod
W2391,41.64357833,-70.45336867,2013.0,8.0,Summer,21.9,3.4,3,1,0,1,23.9,2.9,Cape Cod
W2374,41.72789933,-70.79814166,2013.0,8.0,Summer,20.5,7.2,2,0,0,1,22.5,6.7,Buzzards Bay
W2388,41.67967123,-70.84082513,2013.0,8.0,Summer,20.0,8.1,2,0,0,1,22.0,7.6,Buzzards Bay
W2397,41.72740826,-70.85635593,2013.0,8.0,Summer,20.9,7.8,2,0,0,1,22.9,7.3,Buzzards Bay
W2382,41.75570188,-70.9831251,2013.0,8.0,Summer,20.2,4.2,3,1,0,1,22.2,3.7,Taunton
W2404,41.63338435,-70.98602228,2013.0,8.0,Summer,20.2,6.5,2,0,0,1,22.2,6.0,Buzzards Bay
W2394,41.64180645,-71.0764565,2013.0,8.0,Summer,19.2,8.2,2,0,0,1,21.2,7.699999999999999,Buzzards Bay
W2376,41.74470234,-71.2482622,2013.0,8.0,Summer,20.4,7.2,2,0,0,1,22.4,6.7,Mount Hope Bay (Shore)
W2387,41.7773089,-71.19253246,2013.0,8.0,Summer,20.0,5.8,2,0,0,1,22.0,5.3,Mount Hope Bay (Shore)
W2383,41.80069261,-71.30434109,2013.0,8.0,Summer,22.9,5.3,2,0,0,1,24.9,4.8,Narragansett Bay (Shore)
W2392,41.70289295,-70.10477526,2013.0,9.0,Fall,20.7,8.0,1,0,0,1,22.7,7.5,Cape Cod
W2391,41.64357833,-70.45336867,2013.0,9.0,Fall,22.3,7.4,1,0,0,1,24.3,6.9,Cape Cod
W2374,41.72789933,-70.79814166,2013.0,9.0,Fall,20.2,6.4,1,0,0,1,22.2,5.9,Buzzards Bay
W2388,41.67967123,-70.84082513,2013.0,9.0,Fall,19.4,8.5,1,0,0,1,21.4,8.0,Buzzards Bay
W2397,41.72740826,-70.85635593,2013.0,9.0,Fall,20.6,8.3,1,0,0,1,22.6,7.800000000000001,Buzzards Bay
W2396,41.8814227,-70.90942651,2013.0,6.0,Summer,18.9,2.6,3,1,0,1,20.9,2.1,Taunton
W2379,41.90743834,-70.97991603,2013.0,6.0,Summer,16.1,6.3,2,0,0,1,18.1,5.8,Taunton
W2400,41.9325177,-71.07757733,2013.0,6.0,Summer,16.4,5.1,2,0,0,1,18.4,4.6,Taunton
W2389,41.9093812,-71.0981243,2013.0,6.0,Summer,20.0,8.0,2,0,0,1,22.0,7.5,Taunton
W2398,41.8647818,-71.22918554,2013.0,6.0,Summer,16.4,8.1,2,0,0,1,18.4,7.6,Narragansett Bay (Shore)
W2380,41.84611359,-71.2625509,2013.0,7.0,Summer,24.6,7.0,2,0,0,1,26.6,6.5,Narragansett Bay (Shore)
W2384,42.01558538,-71.05266156,2013.0,6.0,Summer,23.2,5.6,2,0,0,1,25.2,5.1,Taunton
W2405,41.99746222,-70.95386851,2013.0,6.0,Summer,23.6,5.0,2,0,0,1,25.6,4.5,Taunton
W2375,42.0184717,-70.92252609,2013.0,6.0,Summer,25.0,4.2,3,1,0,1,27.0,3.7,Taunton
W0869,42.04238758,-70.89846196,2013.0,6.0,Summer,24.2,5.4,1,0,0,0,26.2,4.9,Taunton
W2386,42.06811651,-70.91424154,2013.0,6.0,Summer,24.5,3.6,3,1,0,1,26.5,3.1,Taunton
W2406,42.0754278,-71.00963849,2013.0,6.0,Summer,21.8,7.3,2,0,0,1,23.8,6.8,Taunton
W2390,42.49511888,-71.1361368,2013.0,7.0,Summer,23.0,4.3,3,1,0,1,25.0,3.8,Mystic
W2401,42.42130109,-71.16909401,2013.0,7.0,Summer,22.4,8.2,2,0,0,1,24.4,7.699999999999999,Mystic
W2385,42.24343046,-71.09437763,2013.0,7.0,Summer,21.5,3.6,3,1,0,1,23.5,3.1,Neponset
W2399,42.08658274,-70.75694672,2013.0,7.0,Summer,19.8,7.5,2,0,0,1,21.8,7.0,South Coastal
W2403,42.19947614,-70.86206928,2013.0,7.0,Summer,20.9,4.8,3,1,0,1,22.9,4.3,Weymouth & Weir
W2395,42.2422342,-70.85910564,2013.0,7.0,Summer,22.8,5.7,2,0,0,1,24.8,5.2,Weymouth & Weir
W2396,41.8814227,-70.90942651,2013.0,7.0,Summer,26.2,0.7,4,1,1,1,28.2,0.19999999999999996,Taunton
W2379,41.90743834,-70.97991603,2013.0,7.0,Summer,19.7,7.0,2,0,0,1,21.7,6.5,Taunton
W2400,41.9325177,-71.07757733,2013.0,7.0,Summer,25.5,4.4,4,1,1,1,27.5,3.9000000000000004,Taunton
W2372,41.90037801,-71.09399859,2013.0,7.0,Summer,26.8,7.4,2,0,0,1,28.8,6.9,Taunton
W2389,41.9093812,-71.0981243,2013.0,7.0,Summer,27.8,7.3,2,0,0,1,29.8,6.8,Taunton
W2398,41.8647818,-71.22918554,2013.0,7.0,Summer,25.9,6.5,2,0,0,1,27.9,6.0,Narragansett Bay (Shore)
W2380,41.84611359,-71.2625509,2013.0,7.0,Summer,24.5,7.0,2,0,0,1,26.5,6.5,Narragansett Bay (Shore)
W2378,42.08257418,-71.03007602,2013.0,7.0,Summer,22.6,6.5,2,0,0,1,24.6,6.0,Taunton
W2377,42.06112594,-71.2165861,2013.0,7.0,Summer,23.2,5.9,2,0,0,1,25.2,5.4,Taunton
W2402,42.00502696,-71.21344675,2013.0,7.0,Summer,25.4,6.6,2,0,0,1,27.4,6.1,Taunton
W2393,41.98949513,-71.1737167,2013.0,7.0,Summer,20.3,5.9,2,0,0,1,22.3,5.4,Taunton
W2407,41.94945845,-71.17552595,2013.0,7.0,Summer,25.3,6.8,2,0,0,1,27.3,6.3,Taunton
W2373,41.95255141,-71.22476066,2013.0,7.0,Summer,25.0,6.5,2,0,0,1,27.0,6.0,Taunton
W2408,41.83058753,-71.32993703,2013.0,7.0,Summer,23.6,6.0,2,0,0,1,25.6,5.5,Narragansett Bay (Shore)
W2381,41.98836801,-71.03545292,2013.0,7.0,Summer,21.1,1.6,2,1,0,0,23.1,1.1,Taunton
W2384,42.01558538,-71.05266156,2013.0,7.0,Summer,21.9,6.9,2,0,0,1,23.9,6.4,Taunton
W2405,41.99746222,-70.95386851,2013.0,7.0,Summer,23.2,6.9,1,0,0,0,25.2,6.4,Taunton
W2375,42.0184717,-70.92252609,2013.0,7.0,Summer,22.6,6.5,2,0,0,1,24.6,6.0,Taunton
W0869,42.04238758,-70.89846196,2013.0,7.0,Summer,22.3,6.4,1,0,0,0,24.3,5.9,Taunton
W2386,42.06811651,-70.91424154,2013.0,7.0,Summer,21.7,5.3,2,0,0,1,23.7,4.8,Taunton
W2406,42.0754278,-71.00963849,2013.0,7.0,Summer,21.8,7.7,1,0,0,0,23.8,7.2,Taunton
W2390,42.49511888,-71.1361368,2013.0,8.0,Summer,19.0,3.8,2,1,0,0,21.0,3.3,Mystic
W2401,42.42130109,-71.16909401,2013.0,8.0,Summer,17.9,9.0,1,0,0,0,19.9,8.5,Mystic
W2385,42.24343046,-71.09437763,2013.0,8.0,Summer,17.2,7.0,2,0,0,1,19.2,6.5,Neponset
W2399,42.08658274,-70.75694672,2013.0,8.0,Summer,19.4,8.3,1,0,0,0,21.4,7.800000000000001,South Coastal
W2403,42.19947614,-70.86206928,2013.0,8.0,Summer,17.7,7.1,1,0,0,0,19.7,6.6,Weymouth & Weir
W2395,42.2422342,-70.85910564,2013.0,8.0,Summer,19.3,7.9,1,0,0,0,21.3,7.4,Weymouth & Weir
W2396,41.8814227,-70.90942651,2013.0,8.0,Summer,22.3,2.3,3,1,0,1,24.3,1.7999999999999998,Taunton
W2379,41.90743834,-70.97991603,2013.0,8.0,Summer,16.2,8.2,2,0,0,1,18.2,7.699999999999999,Taunton
W2400,41.9325177,-71.07757733,2013.0,8.0,Summer,21.2,5.9,2,0,0,1,23.2,5.4,Taunton
W2372,41.90037801,-71.09399859,2013.0,8.0,Summer,23.5,7.9,2,0,0,1,25.5,7.4,Taunton
W2389,41.9093812,-71.0981243,2013.0,8.0,Summer,23.5,8.0,2,0,0,1,25.5,7.5,Taunton
W2398,41.8647818,-71.22918554,2013.0,8.0,Summer,20.6,7.3,2,0,0,1,22.6,6.8,Narragansett Bay (Shore)
W2380,41.84611359,-71.2625509,2013.0,8.0,Summer,19.4,7.9,2,0,0,1,21.4,7.4,Narragansett Bay (Shore)
W2378,42.08257418,-71.03007602,2013.0,8.0,Summer,20.6,7.1,2,0,0,1,22.6,6.6,Taunton
W2377,42.06112594,-71.2165861,2013.0,8.0,Summer,19.2,8.0,2,0,0,1,21.2,7.5,Taunton
W2402,42.00502696,-71.21344675,2013.0,8.0,Summer,22.4,7.9,2,0,0,1,24.4,7.4,Taunton
W2393,41.98949513,-71.1737167,2013.0,8.0,Summer,18.0,7.1,2,0,0,1,20.0,6.6,Taunton
W2407,41.94945845,-71.17552595,2013.0,8.0,Summer,21.0,9.2,2,0,0,1,23.0,8.7,Taunton
W2373,41.95255141,-71.22476066,2013.0,8.0,Summer,21.8,8.4,2,0,0,1,23.8,7.9,Taunton
W2408,41.83058753,-71.32993703,2013.0,8.0,Summer,21.4,6.8,2,0,0,1,23.4,6.3,Narragansett Bay (Shore)
W2381,41.98836801,-71.03545292,2013.0,8.0,Summer,20.4,2.4,3,1,0,1,22.4,1.9,Taunton
W2384,42.01558538,-71.05266156,2013.0,8.0,Summer,20.2,7.3,2,0,0,1,22.2,6.8,Taunton
W2405,41.99746222,-70.95386851,2013.0,8.0,Summer,21.7,6.6,2,0,0,1,23.7,6.1,Taunton
W2375,42.0184717,-70.92252609,2013.0,8.0,Summer,22.4,5.8,2,0,0,1,24.4,5.3,Taunton
W0869,42.04238758,-70.89846196,2013.0,8.0,Summer,21.2,6.0,2,0,0,1,23.2,5.5,Taunton
W2386,42.06811651,-70.91424154,2013.0,8.0,Summer,20.9,5.6,2,0,0,1,22.9,5.1,Taunton
W2406,42.0754278,-71.00963849,2013.0,8.0,Summer,20.2,7.1,2,0,0,1,22.2,6.6,Taunton
W2390,42.49511888,-71.1361368,2013.0,9.0,Fall,22.4,3.9,2,1,0,1,24.4,3.4,Mystic
W2401,42.42130109,-71.16909401,2013.0,9.0,Fall,21.2,8.4,1,0,0,1,23.2,7.9,Mystic
W2385,42.24343046,-71.09437763,2013.0,9.0,Fall,21.6,5.0,1,0,0,1,23.6,4.5,Neponset
W2399,42.08658274,-70.75694672,2013.0,9.0,Fall,21.0,7.8,0,0,0,0,23.0,7.3,South Coastal
W2403,42.19947614,-70.86206928,2013.0,9.0,Fall,20.4,6.4,0,0,0,0,22.4,5.9,Weymouth & Weir
W2395,42.2422342,-70.85910564,2013.0,9.0,Fall,22.5,6.9,1,0,0,1,24.5,6.4,Weymouth & Weir
W1362,42.4841721,-72.7542118,2013.0,6.0,Summer,12.8,10.5,2,0,0,1,14.8,10.0,Deerfield
W2222,42.63256876,-72.97439535,2013.0,6.0,Summer,12.9,10.6,2,0,0,1,14.9,10.1,Deerfield
W2286,42.70347188,-72.95887989,2013.0,6.0,Summer,12.2,10.7,2,0,0,1,14.2,10.2,Deerfield
W2414,42.71500304,-72.66972243,2013.0,6.0,Summer,16.1,10.3,2,0,0,1,18.1,9.8,Deerfield
W2282,42.71492884,-72.6693994,2013.0,6.0,Summer,15.9,10.0,2,0,0,1,17.9,9.5,Deerfield
W2280,42.10614,-73.48299,2013.0,6.0,Summer,11.7,10.4,2,0,0,1,13.7,9.9,Bashbish
W2291,42.38648751,-73.25940756,2013.0,6.0,Summer,15.5,9.5,2,0,0,1,17.5,9.0,Housatonic
W2283,42.32000999,-73.02774999,2013.0,6.0,Summer,13.7,10.0,2,0,0,1,15.7,9.5,Westfield
W1458,42.25418274,-72.94869942,2013.0,6.0,Summer,11.8,10.7,2,0,0,1,13.8,10.2,Westfield
W2223,42.16782704,-72.94935172,2013.0,6.0,Summer,17.1,9.1,2,0,0,1,19.1,8.6,Westfield
W0293,42.58708857,-72.35718789,2013.0,6.0,Summer,14.7,10.0,2,0,0,1,16.7,9.5,Millers
W2218,42.46470593,-72.38454489,2013.0,6.0,Summer,14.5,9.9,2,0,0,1,16.5,9.4,Chicopee
W2287,42.69539254,-72.22718449,2013.0,6.0,Summer,15.8,8.2,1,0,0,0,17.8,7.699999999999999,Millers
W2409,42.706137,-71.751964,2013.0,6.0,Summer,16.5,9.2,2,0,0,1,18.5,8.7,Nashua
W2410,42.664623,-71.753811,2013.0,6.0,Summer,17.1,9.2,2,0,0,1,19.1,8.7,Nashua
W2226,42.38381603,-71.83775116,2013.0,6.0,Summer,17.1,9.3,2,0,0,1,19.1,8.8,Nashua
W2411,41.562812,-71.133855,2013.0,6.0,Summer,22.5,7.3,2,0,0,1,24.5,6.8,Buzzards Bay
W0344,41.63266048,-71.06038287,2013.0,6.0,Summer,20.9,8.1,2,0,0,1,22.9,7.6,Buzzards Bay
W2412,41.77444,-71.08528,2013.0,6.0,Summer,21.6,8.3,2,0,0,1,23.6,7.800000000000001,Taunton
W2284,42.04638466,-71.6301536,2013.0,6.0,Summer,23.4,8.1,2,0,0,1,25.4,7.6,Blackstone
W2413,42.00792,-71.70506,2013.0,7.0,Summer,21.3,8.4,2,0,0,1,23.3,7.9,Blackstone
W2220,42.03481475,-72.16158627,2013.0,6.0,Summer,22.8,8.2,2,0,0,1,24.8,7.699999999999999,Quinebaug
W2280,42.10614,-73.48299,2013.0,7.0,Summer,17.7,9.2,2,0,0,1,19.7,8.7,Bashbish
W2291,42.38648751,-73.25940756,2013.0,7.0,Summer,21.9,8.2,2,0,0,1,23.9,7.699999999999999,Housatonic
W2283,42.32000999,-73.02774999,2013.0,7.0,Summer,21.8,8.5,2,0,0,1,23.8,8.0,Westfield
W1458,42.25418274,-72.94869942,2013.0,7.0,Summer,19.7,9.1,2,0,0,1,21.7,8.6,Westfield
W2223,42.16782704,-72.94935172,2013.0,7.0,Summer,24.3,8.0,2,0,0,1,26.3,7.5,Westfield
W0293,42.58708857,-72.35718789,2013.0,7.0,Summer,19.8,8.9,2,0,0,1,21.8,8.4,Millers
W2218,42.46470593,-72.38454489,2013.0,7.0,Summer,20.6,8.4,2,0,0,1,22.6,7.9,Chicopee
W2287,42.69539254,-72.22718449,2013.0,7.0,Summer,20.9,6.5,2,0,0,1,22.9,6.0,Millers
W2409,42.706137,-71.751964,2013.0,7.0,Summer,22.4,8.2,2,0,0,1,24.4,7.699999999999999,Nashua
W2410,42.664623,-71.753811,2013.0,7.0,Summer,23.6,7.8,2,0,0,1,25.6,7.3,Nashua
W2226,42.38381603,-71.83775116,2013.0,7.0,Summer,23.0,8.0,2,0,0,1,25.0,7.5,Nashua
W2411,41.562812,-71.133855,2013.0,7.0,Summer,20.8,8.1,2,0,0,1,22.8,7.6,Buzzards Bay
W0344,41.63266048,-71.06038287,2013.0,7.0,Summer,19.9,8.6,2,0,0,1,21.9,8.1,Buzzards Bay
W2412,41.77444,-71.08528,2013.0,7.0,Summer,19.8,8.7,2,0,0,1,21.8,8.2,Taunton
W2284,42.04638466,-71.6301536,2013.0,7.0,Summer,21.6,8.4,2,0,0,1,23.6,7.9,Blackstone
W2220,42.03481475,-72.16158627,2013.0,7.0,Summer,21.4,8.3,2,0,0,1,23.4,7.800000000000001,Quinebaug
W1362,42.4841721,-72.7542118,2013.0,8.0,Summer,15.3,9.8,2,0,0,1,17.3,9.3,Deerfield
W2286,42.70347188,-72.95887989,2013.0,8.0,Summer,15.1,9.8,2,0,0,1,17.1,9.3,Deerfield
W2414,42.71500304,-72.66972243,2013.0,8.0,Summer,21.3,9.2,2,0,0,1,23.3,8.7,Deerfield
W2282,42.71492884,-72.6693994,2013.0,8.0,Summer,18.0,9.3,2,0,0,1,20.0,8.8,Deerfield
W2280,42.10614,-73.48299,2013.0,8.0,Summer,14.5,9.7,2,0,0,1,16.5,9.2,Bashbish
W2291,42.38648751,-73.25940756,2013.0,8.0,Summer,16.6,9.1,2,0,0,1,18.6,8.6,Housatonic
W2283,42.32000999,-73.02774999,2013.0,8.0,Summer,15.4,9.7,2,0,0,1,17.4,9.2,Westfield
W1458,42.25418274,-72.94869942,2013.0,8.0,Summer,15.1,9.8,2,0,0,1,17.1,9.3,Westfield
W2223,42.16782704,-72.94935172,2013.0,8.0,Summer,17.3,9.2,2,0,0,1,19.3,8.7,Westfield
W0293,42.58708857,-72.35718789,2013.0,8.0,Summer,15.6,9.7,2,0,0,1,17.6,9.2,Millers
W2218,42.46470593,-72.38454489,2013.0,8.0,Summer,16.3,9.1,2,0,0,1,18.3,8.6,Chicopee
W2287,42.69539254,-72.22718449,2013.0,8.0,Summer,17.4,7.5,2,0,0,1,19.4,7.0,Millers
W2409,42.706137,-71.751964,2013.0,8.0,Summer,19.6,8.4,2,0,0,1,21.6,7.9,Nashua
W2410,42.664623,-71.753811,2013.0,8.0,Summer,20.5,8.7,2,0,0,1,22.5,8.2,Nashua
W2226,42.38381603,-71.83775116,2013.0,8.0,Summer,20.1,8.6,2,0,0,1,22.1,8.1,Nashua
W1362,42.4841721,-72.7542118,2013.0,9.0,Fall,11.4,10.5,1,0,0,1,13.4,10.0,Deerfield
W2286,42.70347188,-72.95887989,2013.0,9.0,Fall,11.8,10.6,1,0,0,1,13.8,10.1,Deerfield
W2414,42.71500304,-72.66972243,2013.0,9.0,Fall,15.3,10.3,1,0,0,1,17.3,9.8,Deerfield
W2282,42.71492884,-72.6693994,2013.0,9.0,Fall,13.9,10.1,1,0,0,1,15.9,9.6,Deerfield
W2280,42.10614,-73.48299,2013.0,9.0,Fall,12.5,10.2,1,0,0,1,14.5,9.7,Bashbish
W2291,42.38648751,-73.25940756,2013.0,9.0,Fall,14.1,9.6,1,0,0,1,16.1,9.1,Housatonic
W2283,42.32000999,-73.02774999,2013.0,9.0,Fall,14.0,9.9,1,0,0,1,16.0,9.4,Westfield
W1458,42.25418274,-72.94869942,2013.0,9.0,Fall,13.4,10.2,1,0,0,1,15.4,9.7,Westfield
W2223,42.16782704,-72.94935172,2013.0,9.0,Fall,15.0,9.7,1,0,0,1,17.0,9.2,Westfield
W0293,42.58708857,-72.35718789,2013.0,10.0,Fall,12.3,10.5,0,0,0,0,14.3,10.0,Millers
W2218,42.46470593,-72.38454489,2013.0,10.0,Fall,12.9,9.8,1,0,0,1,14.9,9.3,Chicopee
W2287,42.69539254,-72.22718449,2013.0,10.0,Fall,12.6,8.4,1,0,0,1,14.6,7.9,Millers
W2409,42.706137,-71.751964,2013.0,10.0,Fall,14.5,8.1,1,0,0,1,16.5,7.6,Nashua
W2410,42.664623,-71.753811,2013.0,10.0,Fall,14.5,9.3,1,0,0,1,16.5,8.8,Nashua
W2226,42.38381603,-71.83775116,2013.0,10.0,Fall,13.8,9.4,1,0,0,1,15.8,8.9,Nashua
W2411,41.562812,-71.133855,2013.0,9.0,Fall,14.3,9.3,1,0,0,1,16.3,8.8,Buzzards Bay
W0344,41.63266048,-71.06038287,2013.0,9.0,Fall,13.8,9.7,1,0,0,1,15.8,9.2,Buzzards Bay
W2412,41.77444,-71.08528,2013.0,9.0,Fall,13.2,10.2,1,0,0,1,15.2,9.7,Taunton
W2284,42.04638466,-71.6301536,2013.0,9.0,Fall,13.2,10.0,1,0,0,1,15.2,9.5,Blackstone
W2413,42.00792,-71.70506,2013.0,9.0,Fall,13.4,9.8,1,0,0,1,15.4,9.3,Blackstone
W2220,42.03481475,-72.16158627,2013.0,9.0,Fall,12.1,10.2,1,0,0,1,14.1,9.7,Quinebaug
W0762,41.80918339,-70.61753091,2013.0,6.0,Summer,24.9,8.7,1,0,0,0,26.9,8.2,Buzzards Bay
W0762,41.80918339,-70.61753091,2013.0,6.0,Summer,24.7,8.7,1,0,0,0,26.7,8.2,Buzzards Bay
W0762,41.80918339,-70.61753091,2013.0,6.0,Summer,23.7,8.0,1,0,0,0,25.7,7.5,Buzzards Bay
W0762,41.80918339,-70.61753091,2013.0,6.0,Summer,23.4,7.2,1,0,0,0,25.4,6.7,Buzzards Bay
W0754,41.80999411,-70.62755574,2013.0,6.0,Summer,26.1,8.9,1,0,0,0,28.1,8.4,Buzzards Bay
W0754,41.80999411,-70.62755574,2013.0,6.0,Summer,25.5,8.8,1,0,0,0,27.5,8.3,Buzzards Bay
W0754,41.80999411,-70.62755574,2013.0,6.0,Summer,23.5,6.0,1,0,0,0,25.5,5.5,Buzzards Bay
W0926,42.00459582,-70.84525352,2013.0,7.0,Summer,25.2,9.5,1,0,0,0,27.2,9.0,Taunton
W0926,42.00459582,-70.84525352,2013.0,7.0,Summer,25.0,9.1,1,0,0,0,27.0,8.6,Taunton
W0926,42.00459582,-70.84525352,2013.0,7.0,Summer,24.6,7.8,1,0,0,0,26.6,7.3,Taunton
W0930,42.00146724,-70.83678103,2013.0,7.0,Summer,25.6,8.7,2,0,0,1,27.6,8.2,Taunton
W0930,42.00146724,-70.83678103,2013.0,7.0,Summer,24.9,8.5,2,0,0,1,26.9,8.0,Taunton
W0930,42.00146724,-70.83678103,2013.0,7.0,Summer,23.6,4.1,3,1,0,1,25.6,3.5999999999999996,Taunton
W0762,41.80918339,-70.61753091,2013.0,7.0,Summer,26.2,8.6,2,0,0,1,28.2,8.1,Buzzards Bay
W0762,41.80918339,-70.61753091,2013.0,7.0,Summer,25.7,8.4,2,0,0,1,27.7,7.9,Buzzards Bay
W0762,41.80918339,-70.61753091,2013.0,7.0,Summer,25.5,7.9,2,0,0,1,27.5,7.4,Buzzards Bay
W0762,41.80918339,-70.61753091,2013.0,7.0,Summer,24.8,3.3,3,1,0,1,26.8,2.8,Buzzards Bay
W0754,41.80999411,-70.62755574,2013.0,7.0,Summer,26.5,8.8,2,0,0,1,28.5,8.3,Buzzards Bay
W0754,41.80999411,-70.62755574,2013.0,7.0,Summer,26.2,8.8,2,0,0,1,28.2,8.3,Buzzards Bay
W0754,41.80999411,-70.62755574,2013.0,7.0,Summer,25.9,8.4,2,0,0,1,27.9,7.9,Buzzards Bay
W0754,41.80999411,-70.62755574,2013.0,7.0,Summer,25.5,6.4,2,0,0,1,27.5,5.9,Buzzards Bay
W0926,42.00459582,-70.84525352,2013.0,8.0,Summer,24.7,8.2,2,0,0,1,26.7,7.699999999999999,Taunton
W0926,42.00459582,-70.84525352,2013.0,8.0,Summer,24.1,7.8,2,0,0,1,26.1,7.3,Taunton
W0926,42.00459582,-70.84525352,2013.0,8.0,Summer,23.8,6.4,2,0,0,1,25.8,5.9,Taunton
W0926,42.00459582,-70.84525352,2013.0,8.0,Summer,23.0,0.8,3,1,0,1,25.0,0.30000000000000004,Taunton
W0930,42.00146724,-70.83678103,2013.0,8.0,Summer,24.5,8.3,2,0,0,1,26.5,7.800000000000001,Taunton
W0930,42.00146724,-70.83678103,2013.0,8.0,Summer,24.2,7.8,2,0,0,1,26.2,7.3,Taunton
W0930,42.00146724,-70.83678103,2013.0,8.0,Summer,23.7,5.5,2,0,0,1,25.7,5.0,Taunton
W0930,42.00146724,-70.83678103,2013.0,8.0,Summer,22.9,1.1,3,1,0,1,24.9,0.6000000000000001,Taunton
W0690,42.59751119,-72.43783955,2013.0,1.0,Winter,0.0,14.6,1,0,0,1,2.0,14.1,Millers
W0691,42.58812535,-72.04099473,2013.0,1.0,Winter,0.0,12.5,1,0,0,1,2.0,12.0,Millers
W0693,42.68279648,-72.11503734,2013.0,1.0,Winter,0.0,10.8,1,0,0,1,2.0,10.3,Millers
W0695,42.30485304,-71.62845076,2013.0,1.0,Winter,2.1,11.3,1,0,0,1,4.1,10.8,Concord (SuAsCo)
W0696,42.32543468,-71.39736431,2013.0,1.0,Winter,0.8,14.1,1,0,0,1,2.8,13.6,Concord (SuAsCo)
W0697,42.43206352,-71.44974106,2013.0,1.0,Winter,0.6,14.7,1,0,0,1,2.6,14.2,Concord (SuAsCo)
W0698,42.51227518,-71.40458554,2013.0,1.0,Winter,0.3,12.2,1,0,0,1,2.3,11.7,Concord (SuAsCo)
W2227,42.63595037,-71.30148697,2013.0,1.0,Winter,0.3,14.4,1,0,0,1,2.3,13.9,Concord (SuAsCo)
W0680,42.22778189,-71.78735524,2013.0,1.0,Winter,2.9,13.1,1,0,0,1,4.9,12.6,Blackstone
W0689,42.23053792,-71.70809238,2013.0,1.0,Winter,0.3,14.1,1,0,0,1,2.3,13.6,Blackstone
W0767,42.153873,-71.65203977,2013.0,1.0,Winter,4.6,13.1,1,0,0,1,6.6,12.6,Blackstone
W0490,42.26477944,-72.00491606,2013.0,2.0,Winter,0.9,14.6,1,0,0,1,2.9,14.1,Chicopee
W0494,42.39121389,-72.0645552,2013.0,2.0,Winter,0.2,14.6,1,0,0,1,2.2,14.1,Chicopee
W0492,42.23872578,-72.285755,2013.0,2.0,Winter,1.1,14.9,1,0,0,1,3.1,14.4,Chicopee
W0491,42.18142994,-72.26354268,2013.0,2.0,Winter,2.9,14.7,1,0,0,1,4.9,14.2,Chicopee
W0601,42.10956147,-72.11856925,2013.0,2.0,Winter,2.0,14.2,1,0,0,1,4.0,13.7,Quinebaug
W0615,42.11947322,-72.00870444,2013.0,2.0,Winter,1.8,14.6,1,0,0,1,3.8,14.1,Quinebaug
W0600,42.02202663,-71.9543561,2013.0,2.0,Winter,2.0,14.6,1,0,0,1,4.0,14.1,Quinebaug
W0075,42.0246995,-71.88418202,2013.0,2.0,Winter,2.7,14.5,1,0,0,1,4.7,14.0,French
W0690,42.59751119,-72.43783955,2013.0,3.0,Spring,3.1,13.5,1,0,0,1,5.1,13.0,Millers
W0691,42.58812535,-72.04099473,2013.0,3.0,Spring,2.3,12.8,1,0,0,1,4.3,12.3,Millers
W0692,42.62969793,-72.15035652,2013.0,3.0,Spring,2.6,13.1,1,0,0,1,4.6,12.6,Millers
W0693,42.68279648,-72.11503734,2013.0,3.0,Spring,0.4,12.4,1,0,0,1,2.4,11.9,Millers
W0694,42.6723218,-72.09305542,2013.0,3.0,Spring,2.5,13.5,1,0,0,1,4.5,13.0,Millers
W0695,42.30485304,-71.62845076,2013.0,3.0,Spring,1.9,12.8,1,0,0,1,3.9,12.3,Concord (SuAsCo)
W0696,42.32543468,-71.39736431,2013.0,3.0,Spring,2.0,14.0,1,0,0,1,4.0,13.5,Concord (SuAsCo)
W0697,42.43206352,-71.44974106,2013.0,3.0,Spring,1.4,14.1,1,0,0,1,3.4,13.6,Concord (SuAsCo)
W0698,42.51227518,-71.40458554,2013.0,3.0,Spring,0.4,13.1,1,0,0,1,2.4,12.6,Concord (SuAsCo)
W2227,42.63595037,-71.30148697,2013.0,3.0,Spring,2.5,13.7,1,0,0,1,4.5,13.2,Concord (SuAsCo)
W0680,42.22778189,-71.78735524,2013.0,3.0,Spring,5.0,12.9,1,0,0,1,7.0,12.4,Blackstone
W0689,42.23053792,-71.70809238,2013.0,3.0,Spring,5.8,12.8,1,0,0,1,7.8,12.3,Blackstone
W0767,42.153873,-71.65203977,2013.0,3.0,Spring,5.9,12.8,1,0,0,1,7.9,12.3,Blackstone
W0515,42.1003609,-71.60111703,2013.0,3.0,Spring,4.8,12.0,1,0,0,1,6.8,11.5,Blackstone
W0688,42.02298331,-71.57206082,2013.0,3.0,Spring,5.7,12.6,1,0,0,1,7.7,12.1,Blackstone
W0481,42.4951686,-71.72192464,2013.0,4.0,Spring,10.0,11.5,1,0,0,1,12.0,11.0,Nashua
W0483,42.44442786,-71.67186298,2013.0,4.0,Spring,10.8,10.4,1,0,0,1,12.8,9.9,Nashua
W0487,42.62094186,-71.64380951,2013.0,4.0,Spring,9.8,11.4,1,0,0,1,11.8,10.9,Nashua
W0496,42.62647657,-71.59314962,2013.0,4.0,Spring,10.6,11.1,1,0,0,1,12.6,10.6,Nashua
W0485,42.66968673,-71.56776529,2013.0,4.0,Spring,10.1,11.8,1,0,0,1,12.1,11.3,Nashua
W0490,42.26477944,-72.00491606,2013.0,4.0,Spring,9.5,11.8,1,0,0,1,11.5,11.3,Chicopee
W0494,42.39121389,-72.0645552,2013.0,4.0,Spring,10.3,11.6,1,0,0,1,12.3,11.1,Chicopee
W0493,42.26797538,-72.33276108,2013.0,4.0,Spring,5.5,14.0,1,0,0,1,7.5,13.5,Chicopee
W0492,42.23872578,-72.285755,2013.0,4.0,Spring,10.7,11.8,1,0,0,1,12.7,11.3,Chicopee
W0491,42.18142994,-72.26354268,2013.0,4.0,Spring,10.7,12.3,1,0,0,1,12.7,11.8,Chicopee
W0601,42.10956147,-72.11856925,2013.0,4.0,Spring,11.5,11.0,1,0,0,1,13.5,10.5,Quinebaug
W0615,42.11947322,-72.00870444,2013.0,4.0,Spring,8.7,13.4,1,0,0,1,10.7,12.9,Quinebaug
W0600,42.02202663,-71.9543561,2013.0,4.0,Spring,10.5,12.1,1,0,0,1,12.5,11.6,Quinebaug
W0075,42.0246995,-71.88418202,2013.0,4.0,Spring,10.8,11.6,1,0,0,1,12.8,11.1,French
W0602,42.05094532,-71.88507359,2013.0,4.0,Spring,10.7,11.4,1,0,0,1,12.7,10.9,French
W0695,42.30485304,-71.62845076,2013.0,5.0,Spring,16.1,8.1,1,0,0,1,18.1,7.6,Concord (SuAsCo)
W0696,42.32543468,-71.39736431,2013.0,5.0,Spring,18.2,9.7,1,0,0,1,20.2,9.2,Concord (SuAsCo)
W0697,42.43206352,-71.44974106,2013.0,5.0,Spring,18.8,9.7,1,0,0,1,20.8,9.2,Concord (SuAsCo)
W0698,42.51227518,-71.40458554,2013.0,5.0,Spring,16.5,8.6,1,0,0,1,18.5,8.1,Concord (SuAsCo)
W2227,42.63595037,-71.30148697,2013.0,5.0,Spring,18.6,9.5,1,0,0,1,20.6,9.0,Concord (SuAsCo)
W0680,42.22778189,-71.78735524,2013.0,5.0,Spring,19.0,9.1,1,0,0,1,21.0,8.6,Blackstone
W0689,42.23053792,-71.70809238,2013.0,5.0,Spring,21.4,8.2,1,0,0,1,23.4,7.699999999999999,Blackstone
W0767,42.153873,-71.65203977,2013.0,5.0,Spring,19.7,8.6,1,0,0,1,21.7,8.1,Blackstone
W0515,42.1003609,-71.60111703,2013.0,5.0,Spring,20.9,7.8,1,0,0,1,22.9,7.3,Blackstone
W1898,42.02271855,-71.57054135999999,2013.0,5.0,Spring,20.2,8.6,1,0,0,1,22.2,8.1,Blackstone
W0481,42.4951686,-71.72192464,2013.0,5.0,Spring,15.8,8.7,1,0,0,1,17.8,8.2,Nashua
W0483,42.44442786,-71.67186298,2013.0,5.0,Spring,15.7,8.4,1,0,0,1,17.7,7.9,Nashua
W0487,42.62094186,-71.64380951,2013.0,5.0,Spring,16.9,8.5,1,0,0,1,18.9,8.0,Nashua
W0496,42.62647657,-71.59314962,2013.0,5.0,Spring,18.2,7.6,1,0,0,1,20.2,7.1,Nashua
W0485,42.66968673,-71.56776529,2013.0,5.0,Spring,18.5,8.2,1,0,0,1,20.5,7.699999999999999,Nashua
W1898,42.02271855,-71.57054135999999,2013.0,8.0,Summer,21.1,7.4,2,0,0,1,23.1,6.9,Blackstone
W0600,42.02202663,-71.9543561,2013.0,8.0,Summer,21.8,8.6,2,0,0,1,23.8,8.1,Quinebaug
W0695,42.30485304,-71.62845076,2013.0,8.0,Summer,20.8,6.8,2,0,0,1,22.8,6.3,Concord (SuAsCo)
W0696,42.32543468,-71.39736431,2013.0,8.0,Summer,21.7,8.1,2,0,0,1,23.7,7.6,Concord (SuAsCo)
W0697,42.43206352,-71.44974106,2013.0,8.0,Summer,23.5,8.0,2,0,0,1,25.5,7.5,Concord (SuAsCo)
W0698,42.51227518,-71.40458554,2013.0,8.0,Summer,21.0,7.3,2,0,0,1,23.0,6.8,Concord (SuAsCo)
W2227,42.63595037,-71.30148697,2013.0,8.0,Summer,25.0,8.2,2,0,0,1,27.0,7.699999999999999,Concord (SuAsCo)
W1898,42.02271855,-71.57054135999999,2013.0,9.0,Fall,17.0,8.1,1,0,0,1,19.0,7.6,Blackstone
W0600,42.02202663,-71.9543561,2013.0,9.0,Fall,17.4,9.8,1,0,0,1,19.4,9.3,Quinebaug
W0481,42.4951686,-71.72192464,2013.0,9.0,Fall,13.9,9.6,1,0,0,1,15.9,9.1,Nashua
W0483,42.44442786,-71.67186298,2013.0,9.0,Fall,13.2,9.2,1,0,0,1,15.2,8.7,Nashua
W0487,42.62094186,-71.64380951,2013.0,9.0,Fall,14.8,7.8,1,0,0,1,16.8,7.3,Nashua
W0496,42.62647657,-71.59314962,2013.0,9.0,Fall,16.3,8.3,1,0,0,1,18.3,7.800000000000001,Nashua
W0485,42.66968673,-71.56776529,2013.0,9.0,Fall,16.7,10.0,1,0,0,1,18.7,9.5,Nashua
W0695,42.30485304,-71.62845076,2013.0,9.0,Fall,15.0,8.0,1,0,0,1,17.0,7.5,Concord (SuAsCo)
W0696,42.32543468,-71.39736431,2013.0,9.0,Fall,15.4,9.3,1,0,0,1,17.4,8.8,Concord (SuAsCo)
W0697,42.43206352,-71.44974106,2013.0,9.0,Fall,16.5,9.5,1,0,0,1,18.5,9.0,Concord (SuAsCo)
W0698,42.51227518,-71.40458554,2013.0,9.0,Fall,13.2,9.0,1,0,0,1,15.2,8.5,Concord (SuAsCo)
W2227,42.63595037,-71.30148697,2013.0,9.0,Fall,17.6,9.8,1,0,0,1,19.6,9.3,Concord (SuAsCo)
W2268,42.66112647,-73.10381096,2012.0,6.0,Summer,17.5,9.7,2,0,0,1,19.5,9.2,Hoosic
W2261,42.66954163,-73.10371096,2012.0,6.0,Summer,18.2,9.6,2,0,0,1,20.2,9.1,Hoosic
W2265,42.70289803,-73.20019809,2012.0,6.0,Summer,18.8,9.8,2,0,0,1,20.8,9.3,Hoosic
W2256,42.54503215,-73.31275339,2012.0,6.0,Summer,14.4,9.6,2,0,0,1,16.4,9.1,Kinderhook
W2245,42.45191218,-73.30161974,2012.0,6.0,Summer,18.1,8.5,2,0,0,1,20.1,8.0,Housatonic
W2272,42.3572088,-73.35414315,2012.0,6.0,Summer,17.0,9.4,2,0,0,1,19.0,8.9,Housatonic
W2252,42.24776313,-73.28034588,2012.0,6.0,Summer,17.2,9.1,2,0,0,1,19.2,8.6,Housatonic
W2266,42.27211249,-73.27397995,2012.0,6.0,Summer,14.8,9.9,2,0,0,1,16.8,9.4,Housatonic
W2249,42.25259045,-73.21962782,2012.0,6.0,Summer,17.3,9.3,2,0,0,1,19.3,8.8,Housatonic
W2257,42.16952122,-72.9736829,2012.0,6.0,Summer,18.9,8.2,2,0,0,1,20.9,7.699999999999999,Westfield
W2274,42.24539082,-73.11391881,2012.0,6.0,Summer,17.7,8.8,2,0,0,1,19.7,8.3,Farmington
W2259,42.15946034,-73.12792409,2012.0,6.0,Summer,15.6,8.8,2,0,0,1,17.6,8.3,Farmington
W2250,42.04759931,-73.01699669,2012.0,6.0,Summer,15.4,9.3,2,0,0,1,17.4,8.8,Farmington
W2267,42.11380288,-73.23231291,2012.0,6.0,Summer,15.0,9.4,2,0,0,1,17.0,8.9,Housatonic
W2273,42.45247321,-72.87827159,2012.0,6.0,Summer,15.3,10.2,2,0,0,1,17.3,9.7,Westfield
W2262,42.40226973,-72.9795908,2012.0,6.0,Summer,14.0,10.1,2,0,0,1,16.0,9.6,Westfield
W2246,42.40624326,-72.88766468,2012.0,6.0,Summer,13.3,10.5,2,0,0,1,15.3,10.0,Westfield
W2270,42.26068784,-72.878683,2012.0,6.0,Summer,20.0,9.2,2,0,0,1,22.0,8.7,Westfield
W2247,42.23747744,-72.8853956,2012.0,6.0,Summer,17.4,10.4,2,0,0,1,19.4,9.9,Westfield
W2264,42.09976917,-72.80864416,2012.0,6.0,Summer,16.1,10.0,2,0,0,1,18.1,9.5,Westfield
W2243,42.54141177,-72.88420012,2012.0,6.0,Summer,12.3,9.6,2,0,0,1,14.3,9.1,Westfield
W2251,42.63919882,-72.93808435,2012.0,6.0,Summer,17.7,9.2,2,0,0,1,19.7,8.7,Deerfield
W2269,42.55160608,-73.01460875,2012.0,6.0,Summer,14.8,9.3,2,0,0,1,16.8,8.8,Westfield
W2253,42.51152705,-72.80105071,2012.0,6.0,Summer,18.2,8.6,2,0,0,1,20.2,8.1,Deerfield
W2260,42.50830194,-72.69870678,2012.0,6.0,Summer,17.9,9.2,2,0,0,1,19.9,8.7,Deerfield
W2248,42.59824776,-72.61591962,2012.0,7.0,Summer,21.3,8.5,2,0,0,1,23.3,8.0,Deerfield
W2263,42.6732761,-72.61264226,2012.0,7.0,Summer,15.2,9.8,2,0,0,1,17.2,9.3,Deerfield
W2277,42.63908097,-72.72437309,2012.0,7.0,Summer,21.2,10.3,2,0,0,1,23.2,9.8,Deerfield
W2244,42.67416852,-72.73352769,2012.0,7.0,Summer,23.2,8.5,2,0,0,1,25.2,8.0,Deerfield
W2255,42.73205357,-72.71945734,2012.0,7.0,Summer,24.3,8.5,2,0,0,1,26.3,8.0,Deerfield
W2275,42.62826823,-72.64485764,2012.0,7.0,Summer,19.9,9.0,2,0,0,1,21.9,8.5,Deerfield
W2268,42.66112647,-73.10381096,2012.0,7.0,Summer,22.0,9.0,2,0,0,1,24.0,8.5,Hoosic
W2261,42.66954163,-73.10371096,2012.0,7.0,Summer,22.2,9.1,2,0,0,1,24.2,8.6,Hoosic
W2265,42.70289803,-73.20019809,2012.0,7.0,Summer,21.9,9.9,2,0,0,1,23.9,9.4,Hoosic
W2256,42.54503215,-73.31275339,2012.0,7.0,Summer,14.6,9.2,2,0,0,1,16.6,8.7,Kinderhook
W2258,42.47391986,-73.1412082,2012.0,7.0,Summer,25.3,8.9,2,0,0,1,27.3,8.4,Housatonic
W2245,42.45191218,-73.30161974,2012.0,7.0,Summer,25.6,7.2,2,0,0,1,27.6,6.7,Housatonic
W2272,42.3572088,-73.35414315,2012.0,7.0,Summer,20.6,8.5,2,0,0,1,22.6,8.0,Housatonic
W2252,42.24776313,-73.28034588,2012.0,7.0,Summer,19.9,8.2,2,0,0,1,21.9,7.699999999999999,Housatonic
W2266,42.27211249,-73.27397995,2012.0,7.0,Summer,18.7,8.8,2,0,0,1,20.7,8.3,Housatonic
W2249,42.25259045,-73.21962782,2012.0,7.0,Summer,22.0,7.0,2,0,0,1,24.0,6.5,Housatonic
W2273,42.45247321,-72.87827159,2012.0,7.0,Summer,21.6,8.7,2,0,0,1,23.6,8.2,Westfield
W2262,42.40226973,-72.9795908,2012.0,7.0,Summer,18.4,8.9,2,0,0,1,20.4,8.4,Westfield
W2246,42.40624326,-72.88766468,2012.0,7.0,Summer,18.8,9.2,2,0,0,1,20.8,8.7,Westfield
W2271,42.3820888,-72.81255079,2012.0,7.0,Summer,21.5,7.2,2,0,0,1,23.5,6.7,Westfield
W2270,42.26068784,-72.878683,2012.0,7.0,Summer,27.0,8.2,2,0,0,1,29.0,7.699999999999999,Westfield
W2247,42.23747744,-72.8853956,2012.0,7.0,Summer,26.6,8.7,2,0,0,1,28.6,8.2,Westfield
W2264,42.09976917,-72.80864416,2012.0,7.0,Summer,21.8,8.8,2,0,0,1,23.8,8.3,Westfield
W2276,42.08621595,-72.72793165,2012.0,7.0,Summer,21.2,10.2,2,0,0,1,23.2,9.7,Westfield
W2257,42.16952122,-72.9736829,2012.0,7.0,Summer,18.9,8.1,2,0,0,1,20.9,7.6,Westfield
W2274,42.24539082,-73.11391881,2012.0,7.0,Summer,20.4,8.1,2,0,0,1,22.4,7.6,Farmington
W2259,42.15946034,-73.12792409,2012.0,7.0,Summer,18.5,8.3,2,0,0,1,20.5,7.800000000000001,Farmington
W2250,42.04759931,-73.01699669,2012.0,7.0,Summer,18.1,8.7,2,0,0,1,20.1,8.2,Farmington
W2267,42.11380288,-73.23231291,2012.0,7.0,Summer,17.9,9.0,2,0,0,1,19.9,8.5,Housatonic
W2243,42.54141177,-72.88420012,2012.0,7.0,Summer,14.7,9.1,2,0,0,1,16.7,8.6,Westfield
W2251,42.63919882,-72.93808435,2012.0,7.0,Summer,24.4,8.7,2,0,0,1,26.4,8.2,Deerfield
W2269,42.55160608,-73.01460875,2012.0,7.0,Summer,19.9,8.8,2,0,0,1,21.9,8.3,Westfield
W2260,42.50830194,-72.69870678,2012.0,7.0,Summer,23.0,8.7,2,0,0,1,25.0,8.2,Deerfield
W2248,42.59824776,-72.61591962,2012.0,8.0,Summer,20.0,8.9,2,0,0,1,22.0,8.4,Deerfield
W2263,42.6732761,-72.61264226,2012.0,8.0,Summer,16.7,9.4,2,0,0,1,18.7,8.9,Deerfield
W2277,42.63908097,-72.72437309,2012.0,8.0,Summer,23.1,10.4,2,0,0,1,25.1,9.9,Deerfield
W2244,42.67416852,-72.73352769,2012.0,8.0,Summer,22.7,9.0,2,0,0,1,24.7,8.5,Deerfield
W2255,42.73205357,-72.71945734,2012.0,8.0,Summer,23.4,9.0,2,0,0,1,25.4,8.5,Deerfield
W2275,42.62826823,-72.64485764,2012.0,8.0,Summer,20.1,9.1,2,0,0,1,22.1,8.6,Deerfield
W2264,42.09976917,-72.80864416,2012.0,7.0,Summer,20.8,9.1,2,0,0,1,22.8,8.6,Westfield
W2264,42.09976917,-72.80864416,2012.0,7.0,Summer,19.5,8.8,2,0,0,1,21.5,8.3,Westfield
W2268,42.66112647,-73.10381096,2012.0,8.0,Summer,19.2,8.4,2,0,0,1,21.2,7.9,Hoosic
W2261,42.66954163,-73.10371096,2012.0,8.0,Summer,19.4,8.4,2,0,0,1,21.4,7.9,Hoosic
W2265,42.70289803,-73.20019809,2012.0,8.0,Summer,19.7,9.6,2,0,0,1,21.7,9.1,Hoosic
W2256,42.54503215,-73.31275339,2012.0,8.0,Summer,15.5,8.4,2,0,0,1,17.5,7.9,Kinderhook
W2245,42.45191218,-73.30161974,2012.0,8.0,Summer,20.5,7.3,2,0,0,1,22.5,6.8,Housatonic
W2272,42.3572088,-73.35414315,2012.0,8.0,Summer,19.0,8.9,2,0,0,1,21.0,8.4,Housatonic
W2252,42.24776313,-73.28034588,2012.0,8.0,Summer,17.7,8.7,2,0,0,1,19.7,8.2,Housatonic
W2266,42.27211249,-73.27397995,2012.0,8.0,Summer,17.5,9.4,2,0,0,1,19.5,8.9,Housatonic
W2249,42.25259045,-73.21962782,2012.0,8.0,Summer,20.2,8.3,2,0,0,1,22.2,7.800000000000001,Housatonic
W2273,42.45247321,-72.87827159,2012.0,8.0,Summer,18.2,9.7,2,0,0,1,20.2,9.2,Westfield
W2262,42.40226973,-72.9795908,2012.0,8.0,Summer,15.7,9.4,2,0,0,1,17.7,8.9,Westfield
W2271,42.3820888,-72.81255079,2012.0,8.0,Summer,20.5,7.6,2,0,0,1,22.5,7.1,Westfield
W2270,42.26068784,-72.878683,2012.0,8.0,Summer,25.4,8.3,2,0,0,1,27.4,7.800000000000001,Westfield
W2247,42.23747744,-72.8853956,2012.0,8.0,Summer,23.3,9.2,2,0,0,1,25.3,8.7,Westfield
W2264,42.09976917,-72.80864416,2012.0,8.0,Summer,19.3,9.0,2,0,0,1,21.3,8.5,Westfield
W2276,42.08621595,-72.72793165,2012.0,8.0,Summer,18.4,10.0,2,0,0,1,20.4,9.5,Westfield
W2257,42.16952122,-72.9736829,2012.0,8.0,Summer,19.8,8.1,2,0,0,1,21.8,7.6,Westfield
W2274,42.24539082,-73.11391881,2012.0,8.0,Summer,19.1,8.4,2,0,0,1,21.1,7.9,Farmington
W2259,42.15946034,-73.12792409,2012.0,8.0,Summer,17.4,9.0,2,0,0,1,19.4,8.5,Farmington
W2250,42.04759931,-73.01699669,2012.0,8.0,Summer,17.3,8.4,2,0,0,1,19.3,7.9,Farmington
W2267,42.11380288,-73.23231291,2012.0,8.0,Summer,16.4,6.7,2,0,0,1,18.4,6.2,Housatonic
W2243,42.54141177,-72.88420012,2012.0,8.0,Summer,13.6,9.4,2,0,0,1,15.6,8.9,Westfield
W2251,42.63919882,-72.93808435,2012.0,8.0,Summer,22.1,9.2,2,0,0,1,24.1,8.7,Deerfield
W2269,42.55160608,-73.01460875,2012.0,8.0,Summer,18.4,9.0,2,0,0,1,20.4,8.5,Westfield
W2253,42.51152705,-72.80105071,2012.0,8.0,Summer,21.5,8.1,2,0,0,1,23.5,7.6,Deerfield
W2260,42.50830194,-72.69870678,2012.0,8.0,Summer,21.2,9.3,2,0,0,1,23.2,8.8,Deerfield
W2248,42.59824776,-72.61591962,2012.0,9.0,Fall,20.0,8.5,1,0,0,1,22.0,8.0,Deerfield
W2263,42.6732761,-72.61264226,2012.0,9.0,Fall,15.8,9.5,1,0,0,1,17.8,9.0,Deerfield
W2277,42.63908097,-72.72437309,2012.0,9.0,Fall,19.9,10.3,1,0,0,1,21.9,9.8,Deerfield
W2244,42.67416852,-72.73352769,2012.0,9.0,Fall,18.5,9.5,1,0,0,1,20.5,9.0,Deerfield
W2255,42.73205357,-72.71945734,2012.0,9.0,Fall,18.3,9.8,1,0,0,1,20.3,9.3,Deerfield
W2275,42.62826823,-72.64485764,2012.0,9.0,Fall,17.2,9.4,1,0,0,1,19.2,8.9,Deerfield
W0754,41.80999411,-70.62755574,2012.0,6.0,Summer,24.8,8.9,2,0,0,1,26.8,8.4,Buzzards Bay
W0754,41.80999411,-70.62755574,2012.0,6.0,Summer,24.7,9.0,2,0,0,1,26.7,8.5,Buzzards Bay
W0754,41.80999411,-70.62755574,2012.0,6.0,Summer,24.7,8.9,2,0,0,1,26.7,8.4,Buzzards Bay
W0754,41.80999411,-70.62755574,2012.0,6.0,Summer,22.2,0.9,3,1,0,1,24.2,0.4,Buzzards Bay
W0762,41.80918339,-70.61753091,2012.0,6.0,Summer,24.1,9.6,2,0,0,1,26.1,9.1,Buzzards Bay
W0762,41.80918339,-70.61753091,2012.0,6.0,Summer,24.0,9.6,2,0,0,1,26.0,9.1,Buzzards Bay
W0762,41.80918339,-70.61753091,2012.0,6.0,Summer,23.6,9.0,2,0,0,1,25.6,8.5,Buzzards Bay
W0762,41.80918339,-70.61753091,2012.0,6.0,Summer,21.2,2.9,3,1,0,1,23.2,2.4,Buzzards Bay
W0930,42.00146724,-70.83678103,2012.0,6.0,Summer,22.9,8.1,2,0,0,1,24.9,7.6,Taunton
W0930,42.00146724,-70.83678103,2012.0,6.0,Summer,22.3,8.0,2,0,0,1,24.3,7.5,Taunton
W0930,42.00146724,-70.83678103,2012.0,6.0,Summer,21.1,2.7,3,1,0,1,23.1,2.2,Taunton
W0926,42.00459582,-70.84525352,2012.0,6.0,Summer,22.3,7.7,2,0,0,1,24.3,7.2,Taunton
W0926,42.00459582,-70.84525352,2012.0,6.0,Summer,22.5,7.6,2,0,0,1,24.5,7.1,Taunton
W0926,42.00459582,-70.84525352,2012.0,6.0,Summer,22.4,7.6,2,0,0,1,24.4,7.1,Taunton
W0762,41.80918339,-70.61753091,2012.0,7.0,Summer,28.0,10.0,1,0,0,0,30.0,9.5,Buzzards Bay
W0762,41.80918339,-70.61753091,2012.0,7.0,Summer,27.8,9.6,1,0,0,0,29.8,9.1,Buzzards Bay
W0762,41.80918339,-70.61753091,2012.0,7.0,Summer,27.2,6.4,1,0,0,0,29.2,5.9,Buzzards Bay
W0762,41.80918339,-70.61753091,2012.0,7.0,Summer,25.8,1.0,3,1,1,0,27.8,0.5,Buzzards Bay
W0754,41.80999411,-70.62755574,2012.0,7.0,Summer,29.0,8.8,2,0,0,1,31.0,8.3,Buzzards Bay
W0754,41.80999411,-70.62755574,2012.0,7.0,Summer,28.4,8.6,2,0,0,1,30.4,8.1,Buzzards Bay
W0754,41.80999411,-70.62755574,2012.0,7.0,Summer,28.3,8.2,2,0,0,1,30.3,7.699999999999999,Buzzards Bay
W0926,42.00459582,-70.84525352,2012.0,7.0,Summer,25.7,7.5,1,0,0,0,27.7,7.0,Taunton
W0926,42.00459582,-70.84525352,2012.0,7.0,Summer,25.6,7.3,1,0,0,0,27.6,6.8,Taunton
W0926,42.00459582,-70.84525352,2012.0,7.0,Summer,25.4,7.0,1,0,0,0,27.4,6.5,Taunton
W0926,42.00459582,-70.84525352,2012.0,7.0,Summer,25.5,7.1,1,0,0,0,27.5,6.6,Taunton
W0930,42.00146724,-70.83678103,2012.0,7.0,Summer,25.2,7.7,2,0,0,1,27.2,7.2,Taunton
W0930,42.00146724,-70.83678103,2012.0,7.0,Summer,25.1,7.7,2,0,0,1,27.1,7.2,Taunton
W0930,42.00146724,-70.83678103,2012.0,7.0,Summer,25.1,7.6,2,0,0,1,27.1,7.1,Taunton
W0762,41.80918339,-70.61753091,2012.0,8.0,Summer,25.8,10.0,2,0,0,1,27.8,9.5,Buzzards Bay
W0762,41.80918339,-70.61753091,2012.0,8.0,Summer,25.0,7.2,2,0,0,1,27.0,6.7,Buzzards Bay
W0762,41.80918339,-70.61753091,2012.0,8.0,Summer,24.6,2.8,3,1,0,1,26.6,2.3,Buzzards Bay
W0754,41.80999411,-70.62755574,2012.0,8.0,Summer,26.2,9.3,2,0,0,1,28.2,8.8,Buzzards Bay
W0754,41.80999411,-70.62755574,2012.0,8.0,Summer,26.1,9.2,2,0,0,1,28.1,8.7,Buzzards Bay
W0754,41.80999411,-70.62755574,2012.0,8.0,Summer,25.6,7.8,2,0,0,1,27.6,7.3,Buzzards Bay
W0926,42.00459582,-70.84525352,2012.0,8.0,Summer,25.0,8.6,2,0,0,1,27.0,8.1,Taunton
W0926,42.00459582,-70.84525352,2012.0,8.0,Summer,24.9,8.0,2,0,0,1,26.9,7.5,Taunton
W0926,42.00459582,-70.84525352,2012.0,8.0,Summer,24.3,7.8,2,0,0,1,26.3,7.3,Taunton
W0930,42.00146724,-70.83678103,2012.0,8.0,Summer,25.2,7.9,2,0,0,1,27.2,7.4,Taunton
W0930,42.00146724,-70.83678103,2012.0,8.0,Summer,25.0,7.8,2,0,0,1,27.0,7.3,Taunton
W0930,42.00146724,-70.83678103,2012.0,8.0,Summer,24.8,7.4,2,0,0,1,26.8,6.9,Taunton
W0926,42.00459582,-70.84525352,2012.0,9.0,Fall,19.3,8.5,1,0,0,1,21.3,8.0,Taunton
W0926,42.00459582,-70.84525352,2012.0,9.0,Fall,19.2,8.3,1,0,0,1,21.2,7.800000000000001,Taunton
W0926,42.00459582,-70.84525352,2012.0,9.0,Fall,19.2,8.2,1,0,0,1,21.2,7.699999999999999,Taunton
W0930,42.00146724,-70.83678103,2012.0,9.0,Fall,18.8,8.3,0,0,0,0,20.8,7.800000000000001,Taunton
W0930,42.00146724,-70.83678103,2012.0,9.0,Fall,18.7,8.2,0,0,0,0,20.7,7.699999999999999,Taunton
W0930,42.00146724,-70.83678103,2012.0,9.0,Fall,18.5,7.8,0,0,0,0,20.5,7.3,Taunton
W0762,41.80918339,-70.61753091,2012.0,9.0,Fall,20.5,9.6,1,0,0,1,22.5,9.1,Buzzards Bay
W0762,41.80918339,-70.61753091,2012.0,9.0,Fall,20.5,9.5,1,0,0,1,22.5,9.0,Buzzards Bay
W0762,41.80918339,-70.61753091,2012.0,9.0,Fall,20.4,8.7,1,0,0,1,22.4,8.2,Buzzards Bay
W0754,41.80999411,-70.62755574,2012.0,9.0,Fall,20.6,9.7,1,0,0,1,22.6,9.2,Buzzards Bay
W0754,41.80999411,-70.62755574,2012.0,9.0,Fall,20.6,9.6,1,0,0,1,22.6,9.1,Buzzards Bay
W0754,41.80999411,-70.62755574,2012.0,9.0,Fall,20.0,9.0,1,0,0,1,22.0,8.5,Buzzards Bay
W0481,42.4951686,-71.72192464,2012.0,1.0,Winter,2.3,12.8,1,0,0,1,4.3,12.3,Nashua
W0483,42.44442786,-71.67186298,2012.0,1.0,Winter,2.4,12.8,1,0,0,1,4.4,12.3,Nashua
W0487,42.62094186,-71.64380951,2012.0,1.0,Winter,0.9,13.0,1,0,0,1,2.9,12.5,Nashua
W0496,42.62647657,-71.59314962,2012.0,1.0,Winter,1.5,13.2,1,0,0,1,3.5,12.7,Nashua
W0485,42.66968673,-71.56776529,2012.0,1.0,Winter,0.8,13.4,1,0,0,1,2.8,12.9,Nashua
W0601,42.10956147,-72.11856925,2012.0,1.0,Winter,1.5,13.4,1,0,0,1,3.5,12.9,Quinebaug
W0615,42.11947322,-72.00870444,2012.0,1.0,Winter,2.5,13.3,1,0,0,1,4.5,12.8,Quinebaug
W0600,42.02202663,-71.9543561,2012.0,1.0,Winter,1.9,13.5,1,0,0,1,3.9,13.0,Quinebaug
W0075,42.0246995,-71.88418202,2012.0,1.0,Winter,2.8,13.2,1,0,0,1,4.8,12.7,French
W0602,42.05094532,-71.88507359,2012.0,1.0,Winter,2.5,13.0,1,0,0,1,4.5,12.5,French
W0690,42.59751119,-72.43783955,2012.0,2.0,Winter,0.6,14.3,1,0,0,1,2.6,13.8,Millers
W0691,42.58812535,-72.04099473,2012.0,2.0,Winter,1.7,12.9,1,0,0,1,3.7,12.4,Millers
W0692,42.62969793,-72.15035652,2012.0,2.0,Winter,1.6,13.3,1,0,0,1,3.6,12.8,Millers
W0693,42.68279648,-72.11503734,2012.0,2.0,Winter,0.6,12.5,1,0,0,1,2.6,12.0,Millers
W0694,42.6723218,-72.09305542,2012.0,2.0,Winter,2.0,13.1,1,0,0,1,4.0,12.6,Millers
W0695,42.30485304,-71.62845076,2012.0,2.0,Winter,4.7,11.0,1,0,0,1,6.7,10.5,Concord (SuAsCo)
W0696,42.32543468,-71.39736431,2012.0,2.0,Winter,4.0,13.4,1,0,0,1,6.0,12.9,Concord (SuAsCo)
W0697,42.43206352,-71.44974106,2012.0,2.0,Winter,4.3,14.1,1,0,0,1,6.3,13.6,Concord (SuAsCo)
W0698,42.51227518,-71.40458554,2012.0,2.0,Winter,2.8,12.5,1,0,0,1,4.8,12.0,Concord (SuAsCo)
W2227,42.63595037,-71.30148697,2012.0,2.0,Winter,4.4,13.6,1,0,0,1,6.4,13.1,Concord (SuAsCo)
W0680,42.22778189,-71.78735524,2012.0,2.0,Winter,4.4,13.1,1,0,0,1,6.4,12.6,Blackstone
W0689,42.23053792,-71.70809238,2012.0,2.0,Winter,3.9,13.3,1,0,0,1,5.9,12.8,Blackstone
W0767,42.153873,-71.65203977,2012.0,2.0,Winter,5.4,13.1,1,0,0,1,7.4,12.6,Blackstone
W0515,42.1003609,-71.60111703,2012.0,2.0,Winter,3.3,12.6,1,0,0,1,5.3,12.1,Blackstone
W1898,42.02271855,-71.57054135999999,2012.0,2.0,Winter,4.6,13.4,1,0,0,1,6.6,12.9,Blackstone
W0481,42.4951686,-71.72192464,2012.0,3.0,Spring,10.7,10.6,1,0,0,1,12.7,10.1,Nashua
W0483,42.44442786,-71.67186298,2012.0,3.0,Spring,6.3,12.7,1,0,0,1,8.3,12.2,Nashua
W0487,42.62094186,-71.64380951,2012.0,3.0,Spring,10.6,10.9,1,0,0,1,12.6,10.4,Nashua
W0496,42.62647657,-71.59314962,2012.0,3.0,Spring,10.1,11.3,1,0,0,1,12.1,10.8,Nashua
W0485,42.66968673,-71.56776529,2012.0,3.0,Spring,9.7,12.0,1,0,0,1,11.7,11.5,Nashua
W0490,42.26477944,-72.00491606,2012.0,3.0,Spring,4.0,12.9,1,0,0,1,6.0,12.4,Chicopee
W0494,42.39121389,-72.0645552,2012.0,3.0,Spring,7.2,12.8,1,0,0,1,9.2,12.3,Chicopee
W0493,42.26797538,-72.33276108,2012.0,3.0,Spring,5.7,12.6,1,0,0,1,7.7,12.1,Chicopee
W0492,42.23872578,-72.285755,2012.0,3.0,Spring,8.7,11.3,1,0,0,1,10.7,10.8,Chicopee
W0491,42.18142994,-72.26354268,2012.0,3.0,Spring,8.1,12.5,1,0,0,1,10.1,12.0,Chicopee
W0601,42.10956147,-72.11856925,2012.0,3.0,Spring,10.1,11.5,1,0,0,1,12.1,11.0,Quinebaug
W0615,42.11947322,-72.00870444,2012.0,3.0,Spring,6.0,12.7,1,0,0,1,8.0,12.2,Quinebaug
W0600,42.02202663,-71.9543561,2012.0,3.0,Spring,8.4,12.2,1,0,0,1,10.4,11.7,Quinebaug
W0075,42.0246995,-71.88418202,2012.0,3.0,Spring,8.8,12.0,1,0,0,1,10.8,11.5,French
W0602,42.05094532,-71.88507359,2012.0,3.0,Spring,8.9,12.0,1,0,0,1,10.9,11.5,French
W0690,42.59751119,-72.43783955,2012.0,4.0,Spring,8.0,12.4,1,0,0,1,10.0,11.9,Millers
W0691,42.58812535,-72.04099473,2012.0,4.0,Spring,8.2,11.9,1,0,0,1,10.2,11.4,Millers
W0692,42.62969793,-72.15035652,2012.0,4.0,Spring,8.5,11.8,1,0,0,1,10.5,11.3,Millers
W0693,42.68279648,-72.11503734,2012.0,4.0,Spring,7.1,11.2,1,0,0,1,9.1,10.7,Millers
W0694,42.6723218,-72.09305542,2012.0,4.0,Spring,7.6,12.0,1,0,0,1,9.6,11.5,Millers
W0695,42.30485304,-71.62845076,2012.0,4.0,Spring,10.8,8.7,1,0,0,1,12.8,8.2,Concord (SuAsCo)
W0696,42.32543468,-71.39736431,2012.0,4.0,Spring,11.1,11.6,1,0,0,1,13.1,11.1,Concord (SuAsCo)
W0697,42.43206352,-71.44974106,2012.0,4.0,Spring,11.0,12.7,1,0,0,1,13.0,12.2,Concord (SuAsCo)
W0698,42.51227518,-71.40458554,2012.0,4.0,Spring,10.0,11.7,1,0,0,1,12.0,11.2,Concord (SuAsCo)
W2227,42.63595037,-71.30148697,2012.0,4.0,Spring,11.0,12.6,1,0,0,1,13.0,12.1,Concord (SuAsCo)
W0680,42.22778189,-71.78735524,2012.0,4.0,Spring,11.9,10.9,1,0,0,1,13.9,10.4,Blackstone
W0689,42.23053792,-71.70809238,2012.0,4.0,Spring,12.6,10.5,1,0,0,1,14.6,10.0,Blackstone
W0767,42.153873,-71.65203977,2012.0,4.0,Spring,12.1,10.8,1,0,0,1,14.1,10.3,Blackstone
W0515,42.1003609,-71.60111703,2012.0,4.0,Spring,12.1,8.5,1,0,0,1,14.1,8.0,Blackstone
W1898,42.02271855,-71.57054135999999,2012.0,4.0,Spring,12.6,10.4,1,0,0,1,14.6,9.9,Blackstone
W0481,42.4951686,-71.72192464,2012.0,5.0,Spring,16.7,8.7,1,0,0,1,18.7,8.2,Nashua
W0483,42.44442786,-71.67186298,2012.0,5.0,Spring,13.2,10.2,1,0,0,1,15.2,9.7,Nashua
W0487,42.62094186,-71.64380951,2012.0,5.0,Spring,17.2,8.3,1,0,0,1,19.2,7.800000000000001,Nashua
W0496,42.62647657,-71.59314962,2012.0,5.0,Spring,17.8,7.9,1,0,0,1,19.8,7.4,Nashua
W0485,42.66968673,-71.56776529,2012.0,5.0,Spring,18.5,7.8,1,0,0,1,20.5,7.3,Nashua
W0490,42.26477944,-72.00491606,2012.0,5.0,Spring,18.2,8.5,1,0,0,1,20.2,8.0,Chicopee
W0494,42.39121389,-72.0645552,2012.0,5.0,Spring,18.3,9.7,1,0,0,1,20.3,9.2,Chicopee
W0493,42.26797538,-72.33276108,2012.0,5.0,Spring,11.8,11.3,1,0,0,1,13.8,10.8,Chicopee
W0492,42.23872578,-72.285755,2012.0,5.0,Spring,19.3,9.2,1,0,0,1,21.3,8.7,Chicopee
W0491,42.18142994,-72.26354268,2012.0,5.0,Spring,21.0,9.4,1,0,0,1,23.0,8.9,Chicopee
W0601,42.10956147,-72.11856925,2012.0,5.0,Spring,23.7,7.7,1,0,0,1,25.7,7.2,Quinebaug
W0615,42.11947322,-72.00870444,2012.0,5.0,Spring,20.1,8.6,1,0,0,1,22.1,8.1,Quinebaug
W0600,42.02202663,-71.9543561,2012.0,5.0,Spring,23.3,8.6,1,0,0,1,25.3,8.1,Quinebaug
W0075,42.0246995,-71.88418202,2012.0,5.0,Spring,23.4,8.1,1,0,0,1,25.4,7.6,French
W0602,42.05094532,-71.88507359,2012.0,5.0,Spring,23.9,8.0,1,0,0,1,25.9,7.5,French
W0690,42.59751119,-72.43783955,2012.0,6.0,Summer,19.2,8.8,2,0,0,1,21.2,8.3,Millers
W0691,42.58812535,-72.04099473,2012.0,6.0,Summer,18.8,7.9,2,0,0,1,20.8,7.4,Millers
W0692,42.62969793,-72.15035652,2012.0,6.0,Summer,20.0,8.0,2,0,0,1,22.0,7.5,Millers
W0693,42.68279648,-72.11503734,2012.0,6.0,Summer,18.7,6.9,2,0,0,1,20.7,6.4,Millers
W0694,42.6723218,-72.09305542,2012.0,6.0,Summer,19.8,8.1,2,0,0,1,21.8,7.6,Millers
W0695,42.30485304,-71.62845076,2012.0,6.0,Summer,19.0,6.5,2,0,0,1,21.0,6.0,Concord (SuAsCo)
W0696,42.32543468,-71.39736431,2012.0,6.0,Summer,21.0,8.4,2,0,0,1,23.0,7.9,Concord (SuAsCo)
W0697,42.43206352,-71.44974106,2012.0,6.0,Summer,22.3,8.6,2,0,0,1,24.3,8.1,Concord (SuAsCo)
W0698,42.51227518,-71.40458554,2012.0,6.0,Summer,19.6,7.4,2,0,0,1,21.6,6.9,Concord (SuAsCo)
W0680,42.22778189,-71.78735524,2012.0,6.0,Summer,19.6,8.3,2,0,0,1,21.6,7.800000000000001,Blackstone
W0689,42.23053792,-71.70809238,2012.0,6.0,Summer,21.4,7.9,2,0,0,1,23.4,7.4,Blackstone
W0767,42.153873,-71.65203977,2012.0,6.0,Summer,19.8,8.2,2,0,0,1,21.8,7.699999999999999,Blackstone
W0515,42.1003609,-71.60111703,2012.0,6.0,Summer,19.8,5.8,2,0,0,1,21.8,5.3,Blackstone
W1898,42.02271855,-71.57054135999999,2012.0,6.0,Summer,20.2,7.9,2,0,0,1,22.2,7.4,Blackstone
W0481,42.4951686,-71.72192464,2012.0,7.0,Summer,24.4,6.4,2,0,0,1,26.4,5.9,Nashua
W0483,42.44442786,-71.67186298,2012.0,7.0,Summer,18.7,8.9,2,0,0,1,20.7,8.4,Nashua
W0487,42.62094186,-71.64380951,2012.0,7.0,Summer,25.2,5.5,2,0,0,1,27.2,5.0,Nashua
W0485,42.66968673,-71.56776529,2012.0,7.0,Summer,25.9,7.5,2,0,0,1,27.9,7.0,Nashua
W0496,42.62647657,-71.59314962,2012.0,7.0,Summer,24.8,7.5,2,0,0,1,26.8,7.0,Nashua
W0490,42.26477944,-72.00491606,2012.0,7.0,Summer,21.0,8.0,2,0,0,1,23.0,7.5,Chicopee
W0494,42.39121389,-72.0645552,2012.0,7.0,Summer,23.0,8.4,2,0,0,1,25.0,7.9,Chicopee
W0493,42.26797538,-72.33276108,2012.0,7.0,Summer,12.1,12.1,2,0,0,1,14.1,11.6,Chicopee
W0492,42.23872578,-72.285755,2012.0,7.0,Summer,24.6,8.8,2,0,0,1,26.6,8.3,Chicopee
W0491,42.18142994,-72.26354268,2012.0,7.0,Summer,26.1,9.4,2,0,0,1,28.1,8.9,Chicopee
W0601,42.10956147,-72.11856925,2012.0,7.0,Summer,24.0,7.2,2,0,0,1,26.0,6.7,Quinebaug
W0615,42.11947322,-72.00870444,2012.0,7.0,Summer,18.2,9.3,2,0,0,1,20.2,8.8,Quinebaug
W0600,42.02202663,-71.9543561,2012.0,7.0,Summer,22.4,8.5,2,0,0,1,24.4,8.0,Quinebaug
W0075,42.0246995,-71.88418202,2012.0,7.0,Summer,23.0,7.5,2,0,0,1,25.0,7.0,French
W0602,42.05094532,-71.88507359,2012.0,7.0,Summer,23.1,7.9,2,0,0,1,25.1,7.4,French
W0690,42.59751119,-72.43783955,2012.0,8.0,Summer,21.6,8.7,2,0,0,1,23.6,8.2,Millers
W0691,42.58812535,-72.04099473,2012.0,8.0,Summer,20.7,7.5,2,0,0,1,22.7,7.0,Millers
W0692,42.62969793,-72.15035652,2012.0,8.0,Summer,21.8,8.1,2,0,0,1,23.8,7.6,Millers
W0693,42.68279648,-72.11503734,2012.0,8.0,Summer,20.5,5.7,2,0,0,1,22.5,5.2,Millers
W0694,42.6723218,-72.09305542,2012.0,8.0,Summer,21.1,7.8,2,0,0,1,23.1,7.3,Millers
W0695,42.30485304,-71.62845076,2012.0,8.0,Summer,20.5,5.6,2,0,0,1,22.5,5.1,Concord (SuAsCo)
W0696,42.32543468,-71.39736431,2012.0,8.0,Summer,22.6,8.2,2,0,0,1,24.6,7.699999999999999,Concord (SuAsCo)
W0697,42.43206352,-71.44974106,2012.0,8.0,Summer,23.6,8.0,2,0,0,1,25.6,7.5,Concord (SuAsCo)
W0698,42.51227518,-71.40458554,2012.0,8.0,Summer,20.7,6.6,2,0,0,1,22.7,6.1,Concord (SuAsCo)
W2227,42.63595037,-71.30148697,2012.0,8.0,Summer,25.1,9.6,2,0,0,1,27.1,9.1,Concord (SuAsCo)
W0680,42.22778189,-71.78735524,2012.0,8.0,Summer,21.7,7.7,2,0,0,1,23.7,7.2,Blackstone
W0689,42.23053792,-71.70809238,2012.0,8.0,Summer,23.1,7.1,2,0,0,1,25.1,6.6,Blackstone
W0767,42.153873,-71.65203977,2012.0,8.0,Summer,21.6,7.4,2,0,0,1,23.6,6.9,Blackstone
W0515,42.1003609,-71.60111703,2012.0,8.0,Summer,21.8,4.7,3,1,0,1,23.8,4.2,Blackstone
W1898,42.02271855,-71.57054135999999,2012.0,8.0,Summer,22.4,7.8,2,0,0,1,24.4,7.3,Blackstone
W0481,42.4951686,-71.72192464,2012.0,9.0,Fall,19.1,7.9,1,0,0,1,21.1,7.4,Nashua
W0483,42.44442786,-71.67186298,2012.0,9.0,Fall,17.8,7.6,1,0,0,1,19.8,7.1,Nashua
W0487,42.62094186,-71.64380951,2012.0,9.0,Fall,16.5,6.8,1,0,0,1,18.5,6.3,Nashua
W0485,42.66968673,-71.56776529,2012.0,9.0,Fall,18.6,8.0,1,0,0,1,20.6,7.5,Nashua
W0496,42.62647657,-71.59314962,2012.0,9.0,Fall,18.1,7.2,1,0,0,1,20.1,6.7,Nashua
W0490,42.26477944,-72.00491606,2012.0,9.0,Fall,10.9,10.2,1,0,0,1,12.9,9.7,Chicopee
W0494,42.39121389,-72.0645552,2012.0,9.0,Fall,14.1,9.6,1,0,0,1,16.1,9.1,Chicopee
W0493,42.26797538,-72.33276108,2012.0,9.0,Fall,13.1,10.4,1,0,0,1,15.1,9.9,Chicopee
W0492,42.23872578,-72.285755,2012.0,9.0,Fall,14.3,10.7,1,0,0,1,16.3,10.2,Chicopee
W0491,42.18142994,-72.26354268,2012.0,9.0,Fall,15.5,10.8,1,0,0,1,17.5,10.3,Chicopee
W0601,42.10956147,-72.11856925,2012.0,9.0,Fall,18.1,8.8,1,0,0,1,20.1,8.3,Quinebaug
W0615,42.11947322,-72.00870444,2012.0,9.0,Fall,14.2,9.9,1,0,0,1,16.2,9.4,Quinebaug
W0600,42.02202663,-71.9543561,2012.0,9.0,Fall,16.1,9.9,1,0,0,1,18.1,9.4,Quinebaug
W0075,42.0246995,-71.88418202,2012.0,9.0,Fall,16.7,9.1,1,0,0,1,18.7,8.6,French
W0602,42.05094532,-71.88507359,2012.0,9.0,Fall,16.8,9.5,1,0,0,1,18.8,9.0,French
W0690,42.59751119,-72.43783955,2012.0,10.0,Fall,10.5,11.0,1,0,0,1,12.5,10.5,Millers
W0691,42.58812535,-72.04099473,2012.0,10.0,Fall,11.0,9.5,1,0,0,1,13.0,9.0,Millers
W0692,42.62969793,-72.15035652,2012.0,10.0,Fall,10.8,10.3,1,0,0,1,12.8,9.8,Millers
W0693,42.68279648,-72.11503734,2012.0,10.0,Fall,9.4,9.0,1,0,0,1,11.4,8.5,Millers
W0694,42.6723218,-72.09305542,2012.0,10.0,Fall,10.3,10.2,1,0,0,1,12.3,9.7,Millers
W0695,42.30485304,-71.62845076,2012.0,10.0,Fall,14.5,5.8,1,0,0,1,16.5,5.3,Concord (SuAsCo)
W0696,42.32543468,-71.39736431,2012.0,10.0,Fall,13.2,10.2,1,0,0,1,15.2,9.7,Concord (SuAsCo)
W0697,42.43206352,-71.44974106,2012.0,10.0,Fall,12.8,9.8,1,0,0,1,14.8,9.3,Concord (SuAsCo)
W0698,42.51227518,-71.40458554,2012.0,10.0,Fall,11.2,8.6,1,0,0,1,13.2,8.1,Concord (SuAsCo)
W2227,42.63595037,-71.30148697,2012.0,10.0,Fall,13.6,9.6,1,0,0,1,15.6,9.1,Concord (SuAsCo)
W0680,42.22778189,-71.78735524,2012.0,11.0,Fall,7.4,12.2,1,0,0,1,9.4,11.7,Blackstone
W0689,42.23053792,-71.70809238,2012.0,11.0,Fall,6.9,12.4,1,0,0,1,8.9,11.9,Blackstone
W0767,42.153873,-71.65203977,2012.0,11.0,Fall,8.4,12.0,1,0,0,1,10.4,11.5,Blackstone
W0515,42.1003609,-71.60111703,2012.0,11.0,Fall,4.9,10.7,1,0,0,1,6.9,10.2,Blackstone
W1898,42.02271855,-71.57054135999999,2012.0,11.0,Fall,7.6,11.8,1,0,0,1,9.6,11.3,Blackstone
W0481,42.4951686,-71.72192464,2012.0,11.0,Fall,5.8,12.4,1,0,0,1,7.8,11.9,Nashua
W0483,42.44442786,-71.67186298,2012.0,11.0,Fall,7.1,11.2,1,0,0,1,9.1,10.7,Nashua
W0487,42.62094186,-71.64380951,2012.0,11.0,Fall,5.3,11.8,1,0,0,1,7.3,11.3,Nashua
W0485,42.66968673,-71.56776529,2012.0,11.0,Fall,7.3,12.3,1,0,0,1,9.3,11.8,Nashua
W0496,42.62647657,-71.59314962,2012.0,11.0,Fall,6.9,11.3,1,0,0,1,8.9,10.8,Nashua
W0490,42.26477944,-72.00491606,2012.0,11.0,Fall,9.4,11.0,1,0,0,1,11.4,10.5,Chicopee
W0494,42.39121389,-72.0645552,2012.0,11.0,Fall,8.2,12.8,1,0,0,1,10.2,12.3,Chicopee
W0493,42.26797538,-72.33276108,2012.0,11.0,Fall,11.3,10.7,1,0,0,1,13.3,10.2,Chicopee
W0492,42.23872578,-72.285755,2012.0,11.0,Fall,8.4,12.0,1,0,0,1,10.4,11.5,Chicopee
W0491,42.18142994,-72.26354268,2012.0,11.0,Fall,9.4,12.2,1,0,0,1,11.4,11.7,Chicopee
W0601,42.10956147,-72.11856925,2012.0,11.0,Fall,6.9,12.5,1,0,0,1,8.9,12.0,Quinebaug
W0615,42.11947322,-72.00870444,2012.0,11.0,Fall,6.0,13.1,1,0,0,1,8.0,12.6,Quinebaug
W0600,42.02202663,-71.9543561,2012.0,11.0,Fall,7.4,12.6,1,0,0,1,9.4,12.1,Quinebaug
W0075,42.0246995,-71.88418202,2012.0,11.0,Fall,8.0,12.4,1,0,0,1,10.0,11.9,French
W0602,42.05094532,-71.88507359,2012.0,11.0,Fall,7.8,12.1,1,0,0,1,9.8,11.6,French
W2193,42.61497981,-72.40184008,2011.0,6.0,Summer,11.6,10.3,2,0,0,1,13.6,9.8,Millers
W2202,42.58178925,-72.32696346,2011.0,6.0,Summer,11.0,7.8,2,0,0,1,13.0,7.3,Millers
W2197,42.64253866,-72.2573654,2011.0,6.0,Summer,15.0,8.6,2,0,0,1,17.0,8.1,Millers
W2183,42.62531983,-72.19502942,2011.0,6.0,Summer,13.2,9.9,2,0,0,1,15.2,9.4,Millers
W2215,42.65715091,-72.13290955,2011.0,6.0,Summer,18.4,6.5,2,0,0,1,20.4,6.0,Millers
W2177,42.56670939,-71.95196358,2011.0,6.0,Summer,18.6,6.7,2,0,0,1,20.6,6.2,Millers
W2211,42.6674075,-72.00414064,2011.0,6.0,Summer,21.6,6.9,2,0,0,1,23.6,6.4,Millers
W2195,42.67731084,-71.9407684,2011.0,6.0,Summer,22.2,8.0,2,0,0,1,24.2,7.5,Millers
W2209,42.59040888,-71.86334389,2011.0,6.0,Summer,19.4,8.6,2,0,0,1,21.4,8.1,Nashua
W2194,42.58213165,-71.90260492,2011.0,6.0,Summer,22.9,8.0,2,0,0,1,24.9,7.5,Nashua
W2216,42.5334948,-71.90277886,2011.0,6.0,Summer,15.1,6.6,2,0,0,1,17.1,6.1,Nashua
W2190,42.55979904,-71.86605175,2011.0,6.0,Summer,24.2,7.8,2,0,0,1,26.2,7.3,Nashua
W2200,42.57871152,-71.82995728,2011.0,6.0,Summer,23.9,8.4,2,0,0,1,25.9,7.9,Nashua
W2178,42.58657345,-71.8162291,2011.0,6.0,Summer,17.4,9.3,2,0,0,1,19.4,8.8,Nashua
W2180,42.52661784,-71.75691548,2011.0,6.0,Summer,23.8,8.2,2,0,0,1,25.8,7.699999999999999,Nashua
W2186,42.55308278,-71.66947411,2011.0,6.0,Summer,24.6,7.8,2,0,0,1,26.6,7.3,Nashua
W2205,42.53192718,-71.57910918,2011.0,6.0,Summer,24.3,5.6,2,0,0,1,26.3,5.1,Nashua
W2210,41.89640012,-71.33321453,2011.0,6.0,Summer,20.3,7.9,2,0,0,1,22.3,7.4,Ten Mile
W2179,41.91786565,-71.35216051,2011.0,6.0,Summer,16.0,7.9,2,0,0,1,18.0,7.4,Ten Mile
W2192,42.02755221,-71.48301448,2011.0,6.0,Summer,18.0,7.3,2,0,0,1,20.0,6.8,Blackstone
W2207,42.02932229,-71.60542161,2011.0,6.0,Summer,19.8,7.2,2,0,0,1,21.8,6.7,Blackstone
W2182,42.09310671,-71.73709013,2011.0,6.0,Summer,21.3,8.1,2,0,0,1,23.3,7.6,Blackstone
W2188,42.20836571,-71.69757011,2011.0,6.0,Summer,21.6,8.6,2,0,0,1,23.6,8.1,Blackstone
W2203,42.23909491,-71.8258417,2011.0,6.0,Summer,20.4,7.4,2,0,0,1,22.4,6.9,Blackstone
W2208,42.23359373,-71.8557513,2011.0,6.0,Summer,19.0,8.7,2,0,0,1,21.0,8.2,Blackstone
W2185,42.32657968,-71.86537248,2011.0,6.0,Summer,15.8,7.1,2,0,0,1,17.8,6.6,Blackstone
W2212,42.47692289,-71.72378538,2011.0,6.0,Summer,17.8,8.8,2,0,0,1,19.8,8.3,Nashua
W2206,42.13693403,-72.10313327,2011.0,6.0,Summer,16.8,7.8,2,0,0,1,18.8,7.3,Quinebaug
W2198,42.12335485,-72.20669311,2011.0,6.0,Summer,19.2,4.6,3,1,0,1,21.2,4.1,Quinebaug
W2191,42.05772637,-72.18751776,2011.0,6.0,Summer,15.8,9.5,2,0,0,1,17.8,9.0,Quinebaug
W2184,42.04216137,-72.09714696,2011.0,6.0,Summer,18.5,8.6,2,0,0,1,20.5,8.1,Quinebaug
W2214,42.06151141,-72.06454171,2011.0,6.0,Summer,16.6,9.0,2,0,0,1,18.6,8.5,Quinebaug
W2189,42.07674201,-72.02541007,2011.0,6.0,Summer,17.5,9.2,2,0,0,1,19.5,8.7,Quinebaug
W2201,42.16426655,-71.9488559,2011.0,6.0,Summer,18.1,8.7,2,0,0,1,20.1,8.2,French
W2187,42.10454751,-71.92879763,2011.0,6.0,Summer,21.1,8.4,2,0,0,1,23.1,7.9,French
W2213,42.1427144,-71.86184525,2011.0,6.0,Summer,15.6,8.8,2,0,0,1,17.6,8.3,French
W2181,42.20291112,-71.85617251,2011.0,6.0,Summer,20.3,7.5,2,0,0,1,22.3,7.0,Blackstone
W2193,42.61497981,-72.40184008,2011.0,6.0,Summer,14.2,9.5,2,0,0,1,16.2,9.0,Millers
W2202,42.58178925,-72.32696346,2011.0,6.0,Summer,13.2,7.9,2,0,0,1,15.2,7.4,Millers
W2199,42.55623608,-72.23102678,2011.0,6.0,Summer,17.4,8.8,2,0,0,1,19.4,8.3,Millers
W2197,42.64253866,-72.2573654,2011.0,6.0,Summer,20.3,7.6,2,0,0,1,22.3,7.1,Millers
W2183,42.62531983,-72.19502942,2011.0,6.0,Summer,15.9,9.3,2,0,0,1,17.9,8.8,Millers
W2215,42.65715091,-72.13290955,2011.0,6.0,Summer,23.2,5.3,2,0,0,1,25.2,4.8,Millers
W2177,42.56670939,-71.95196358,2011.0,6.0,Summer,23.4,6.3,2,0,0,1,25.4,5.8,Millers
W2211,42.6674075,-72.00414064,2011.0,6.0,Summer,16.5,8.3,2,0,0,1,18.5,7.800000000000001,Millers
W2195,42.67731084,-71.9407684,2011.0,6.0,Summer,18.6,8.7,2,0,0,1,20.6,8.2,Millers
W2209,42.59040888,-71.86334389,2011.0,6.0,Summer,15.6,9.5,2,0,0,1,17.6,9.0,Nashua
W2194,42.58213165,-71.90260492,2011.0,6.0,Summer,18.0,8.9,2,0,0,1,20.0,8.4,Nashua
W2216,42.5334948,-71.90277886,2011.0,6.0,Summer,13.1,6.8,2,0,0,1,15.1,6.3,Nashua
W2190,42.55979904,-71.86605175,2011.0,6.0,Summer,19.3,8.7,2,0,0,1,21.3,8.2,Nashua
W2200,42.57871152,-71.82995728,2011.0,6.0,Summer,18.3,9.4,2,0,0,1,20.3,8.9,Nashua
W2178,42.58657345,-71.8162291,2011.0,6.0,Summer,14.5,9.9,2,0,0,1,16.5,9.4,Nashua
W2180,42.52661784,-71.75691548,2011.0,6.0,Summer,19.6,8.9,2,0,0,1,21.6,8.4,Nashua
W2186,42.55308278,-71.66947411,2011.0,6.0,Summer,21.6,8.3,2,0,0,1,23.6,7.800000000000001,Nashua
W2205,42.53192718,-71.57910918,2011.0,6.0,Summer,20.0,7.2,2,0,0,1,22.0,6.7,Nashua
W2210,41.89640012,-71.33321453,2011.0,6.0,Summer,22.7,7.2,2,0,0,1,24.7,6.7,Ten Mile
W2179,41.91786565,-71.35216051,2011.0,6.0,Summer,16.7,7.5,2,0,0,1,18.7,7.0,Ten Mile
W2192,42.02755221,-71.48301448,2011.0,6.0,Summer,19.2,7.2,2,0,0,1,21.2,6.7,Blackstone
W2207,42.02932229,-71.60542161,2011.0,6.0,Summer,18.9,6.9,2,0,0,1,20.9,6.4,Blackstone
W2182,42.09310671,-71.73709013,2011.0,6.0,Summer,22.3,7.8,2,0,0,1,24.3,7.3,Blackstone
W2188,42.20836571,-71.69757011,2011.0,6.0,Summer,23.8,8.1,2,0,0,1,25.8,7.6,Blackstone
W2203,42.23909491,-71.8258417,2011.0,6.0,Summer,21.4,6.9,2,0,0,1,23.4,6.4,Blackstone
W2208,42.23359373,-71.8557513,2011.0,6.0,Summer,19.5,8.4,2,0,0,1,21.5,7.9,Blackstone
W2185,42.32657968,-71.86537248,2011.0,6.0,Summer,16.2,6.9,2,0,0,1,18.2,6.4,Blackstone
W2212,42.47692289,-71.72378538,2011.0,6.0,Summer,17.9,8.6,2,0,0,1,19.9,8.1,Nashua
W2206,42.13693403,-72.10313327,2011.0,6.0,Summer,19.1,7.9,2,0,0,1,21.1,7.4,Quinebaug
W2198,42.12335485,-72.20669311,2011.0,6.0,Summer,22.0,5.5,2,0,0,1,24.0,5.0,Quinebaug
W2191,42.05772637,-72.18751776,2011.0,6.0,Summer,18.3,9.0,2,0,0,1,20.3,8.5,Quinebaug
W2184,42.04216137,-72.09714696,2011.0,6.0,Summer,22.4,7.9,2,0,0,1,24.4,7.4,Quinebaug
W2214,42.06151141,-72.06454171,2011.0,6.0,Summer,23.4,7.9,2,0,0,1,25.4,7.4,Quinebaug
W2189,42.07674201,-72.02541007,2011.0,6.0,Summer,21.6,8.6,2,0,0,1,23.6,8.1,Quinebaug
W2201,42.16426655,-71.9488559,2011.0,6.0,Summer,23.6,7.8,2,0,0,1,25.6,7.3,French
W2187,42.10454751,-71.92879763,2011.0,6.0,Summer,26.2,7.7,2,0,0,1,28.2,7.2,French
W2213,42.1427144,-71.86184525,2011.0,6.0,Summer,20.6,8.2,2,0,0,1,22.6,7.699999999999999,French
W2181,42.20291112,-71.85617251,2011.0,6.0,Summer,25.2,6.7,2,0,0,1,27.2,6.2,Blackstone
W2193,42.61497981,-72.40184008,2011.0,7.0,Summer,16.0,9.2,2,0,0,1,18.0,8.7,Millers
W2202,42.58178925,-72.32696346,2011.0,7.0,Summer,14.8,8.3,2,0,0,1,16.8,7.800000000000001,Millers
W2199,42.55623608,-72.23102678,2011.0,7.0,Summer,19.0,8.5,2,0,0,1,21.0,8.0,Millers
W2197,42.64253866,-72.2573654,2011.0,7.0,Summer,20.7,7.0,2,0,0,1,22.7,6.5,Millers
W2183,42.62531983,-72.19502942,2011.0,7.0,Summer,18.2,8.8,2,0,0,1,20.2,8.3,Millers
W2215,42.65715091,-72.13290955,2011.0,7.0,Summer,23.9,4.6,3,1,0,1,25.9,4.1,Millers
W2177,42.56670939,-71.95196358,2011.0,7.0,Summer,21.6,6.6,2,0,0,1,23.6,6.1,Millers
W2211,42.6674075,-72.00414064,2011.0,7.0,Summer,20.8,5.7,2,0,0,1,22.8,5.2,Millers
W2195,42.67731084,-71.9407684,2011.0,7.0,Summer,20.8,7.8,2,0,0,1,22.8,7.3,Millers
W2209,42.59040888,-71.86334389,2011.0,7.0,Summer,22.4,8.5,2,0,0,1,24.4,8.0,Nashua
W2194,42.58213165,-71.90260492,2011.0,7.0,Summer,20.2,8.5,2,0,0,1,22.2,8.0,Nashua
W2190,42.55979904,-71.86605175,2011.0,7.0,Summer,22.5,8.1,2,0,0,1,24.5,7.6,Nashua
W2200,42.57871152,-71.82995728,2011.0,7.0,Summer,23.7,8.6,2,0,0,1,25.7,8.1,Nashua
W2180,42.52661784,-71.75691548,2011.0,7.0,Summer,21.3,8.5,2,0,0,1,23.3,8.0,Nashua
W2212,42.47692289,-71.72378538,2011.0,7.0,Summer,20.5,8.6,2,0,0,1,22.5,8.1,Nashua
W2186,42.55308278,-71.66947411,2011.0,7.0,Summer,25.3,8.0,2,0,0,1,27.3,7.5,Nashua
W2205,42.53192718,-71.57910918,2011.0,7.0,Summer,24.0,6.3,2,0,0,1,26.0,5.8,Nashua
W2210,41.89640012,-71.33321453,2011.0,7.0,Summer,26.7,6.5,2,0,0,1,28.7,6.0,Ten Mile
W2179,41.91786565,-71.35216051,2011.0,7.0,Summer,22.7,7.1,2,0,0,1,24.7,6.6,Ten Mile
W2192,42.02755221,-71.48301448,2011.0,7.0,Summer,24.6,6.2,2,0,0,1,26.6,5.7,Blackstone
W2207,42.02932229,-71.60542161,2011.0,7.0,Summer,16.5,7.1,2,0,0,1,18.5,6.6,Blackstone
W2182,42.09310671,-71.73709013,2011.0,7.0,Summer,30.2,9.0,2,0,0,1,32.2,8.5,Blackstone
W2188,42.20836571,-71.69757011,2011.0,7.0,Summer,31.3,6.6,2,0,0,1,33.3,6.1,Blackstone
W2203,42.23909491,-71.8258417,2011.0,7.0,Summer,28.8,8.1,2,0,0,1,30.8,7.6,Blackstone
W2208,42.23359373,-71.8557513,2011.0,7.0,Summer,26.1,7.6,2,0,0,1,28.1,7.1,Blackstone
W2185,42.32657968,-71.86537248,2011.0,7.0,Summer,22.1,6.6,2,0,0,1,24.1,6.1,Blackstone
W2206,42.13693403,-72.10313327,2011.0,7.0,Summer,19.5,7.6,2,0,0,1,21.5,7.1,Quinebaug
W2198,42.12335485,-72.20669311,2011.0,7.0,Summer,21.9,4.9,3,1,0,1,23.9,4.4,Quinebaug
W2191,42.05772637,-72.18751776,2011.0,7.0,Summer,19.8,8.6,2,0,0,1,21.8,8.1,Quinebaug
W2184,42.04216137,-72.09714696,2011.0,7.0,Summer,21.7,8.2,2,0,0,1,23.7,7.699999999999999,Quinebaug
W2214,42.06151141,-72.06454171,2011.0,7.0,Summer,19.6,8.4,2,0,0,1,21.6,7.9,Quinebaug
W2189,42.07674201,-72.02541007,2011.0,7.0,Summer,20.0,8.9,2,0,0,1,22.0,8.4,Quinebaug
W2201,42.16426655,-71.9488559,2011.0,7.0,Summer,21.3,7.8,2,0,0,1,23.3,7.3,French
W2187,42.10454751,-71.92879763,2011.0,7.0,Summer,25.0,6.8,2,0,0,1,27.0,6.3,French
W2213,42.1427144,-71.86184525,2011.0,7.0,Summer,20.7,8.3,2,0,0,1,22.7,7.800000000000001,French
W2181,42.20291112,-71.85617251,2011.0,7.0,Summer,22.1,7.5,2,0,0,1,24.1,7.0,Blackstone
W2193,42.61497981,-72.40184008,2011.0,7.0,Summer,17.0,8.6,2,0,0,1,19.0,8.1,Millers
W2202,42.58178925,-72.32696346,2011.0,7.0,Summer,15.1,7.5,2,0,0,1,17.1,7.0,Millers
W2199,42.55623608,-72.23102678,2011.0,7.0,Summer,20.2,8.2,2,0,0,1,22.2,7.699999999999999,Millers
W2197,42.64253866,-72.2573654,2011.0,7.0,Summer,21.8,6.7,2,0,0,1,23.8,6.2,Millers
W2183,42.62531983,-72.19502942,2011.0,7.0,Summer,19.1,8.5,2,0,0,1,21.1,8.0,Millers
W2215,42.65715091,-72.13290955,2011.0,7.0,Summer,25.0,4.1,3,1,0,1,27.0,3.5999999999999996,Millers
W2177,42.56670939,-71.95196358,2011.0,7.0,Summer,23.2,6.3,2,0,0,1,25.2,5.8,Millers
W2211,42.6674075,-72.00414064,2011.0,7.0,Summer,21.6,4.5,3,1,0,1,23.6,4.0,Millers
W2195,42.67731084,-71.9407684,2011.0,7.0,Summer,20.9,7.6,2,0,0,1,22.9,7.1,Millers
W2209,42.59040888,-71.86334389,2011.0,7.0,Summer,22.6,8.3,2,0,0,1,24.6,7.800000000000001,Nashua
W2194,42.58213165,-71.90260492,2011.0,7.0,Summer,21.4,8.4,2,0,0,1,23.4,7.9,Nashua
W2190,42.55979904,-71.86605175,2011.0,7.0,Summer,23.2,7.9,2,0,0,1,25.2,7.4,Nashua
W2200,42.57871152,-71.82995728,2011.0,7.0,Summer,26.1,8.2,2,0,0,1,28.1,7.699999999999999,Nashua
W2180,42.52661784,-71.75691548,2011.0,7.0,Summer,25.8,7.8,2,0,0,1,27.8,7.3,Nashua
W2212,42.47692289,-71.72378538,2011.0,7.0,Summer,21.8,8.4,2,0,0,1,23.8,7.9,Nashua
W2186,42.55308278,-71.66947411,2011.0,7.0,Summer,25.6,7.6,2,0,0,1,27.6,7.1,Nashua
W2205,42.53192718,-71.57910918,2011.0,7.0,Summer,24.9,6.5,2,0,0,1,26.9,6.0,Nashua
W2210,41.89640012,-71.33321453,2011.0,7.0,Summer,22.8,7.5,2,0,0,1,24.8,7.0,Ten Mile
W2179,41.91786565,-71.35216051,2011.0,7.0,Summer,19.4,7.5,2,0,0,1,21.4,7.0,Ten Mile
W2192,42.02755221,-71.48301448,2011.0,7.0,Summer,20.1,7.2,2,0,0,1,22.1,6.7,Blackstone
W2207,42.02932229,-71.60542161,2011.0,7.0,Summer,21.9,7.2,2,0,0,1,23.9,6.7,Blackstone
W2182,42.09310671,-71.73709013,2011.0,7.0,Summer,26.9,10.5,2,0,0,1,28.9,10.0,Blackstone
W2188,42.20836571,-71.69757011,2011.0,7.0,Summer,27.1,6.6,2,0,0,1,29.1,6.1,Blackstone
W2203,42.23909491,-71.8258417,2011.0,7.0,Summer,25.3,7.5,2,0,0,1,27.3,7.0,Blackstone
W2208,42.23359373,-71.8557513,2011.0,7.0,Summer,20.9,8.6,2,0,0,1,22.9,8.1,Blackstone
W2185,42.32657968,-71.86537248,2011.0,7.0,Summer,18.6,7.4,2,0,0,1,20.6,6.9,Blackstone
W2206,42.13693403,-72.10313327,2011.0,8.0,Summer,17.9,7.9,2,0,0,1,19.9,7.4,Quinebaug
W2198,42.12335485,-72.20669311,2011.0,8.0,Summer,19.8,4.6,3,1,0,1,21.8,4.1,Quinebaug
W2191,42.05772637,-72.18751776,2011.0,8.0,Summer,18.4,8.8,2,0,0,1,20.4,8.3,Quinebaug
W2184,42.04216137,-72.09714696,2011.0,8.0,Summer,20.9,8.4,2,0,0,1,22.9,7.9,Quinebaug
W2214,42.06151141,-72.06454171,2011.0,8.0,Summer,18.5,8.1,2,0,0,1,20.5,7.6,Quinebaug
W2189,42.07674201,-72.02541007,2011.0,8.0,Summer,21.4,9.4,2,0,0,1,23.4,8.9,Quinebaug
W2201,42.16426655,-71.9488559,2011.0,8.0,Summer,21.2,8.1,2,0,0,1,23.2,7.6,French
W2187,42.10454751,-71.92879763,2011.0,8.0,Summer,22.5,5.9,2,0,0,1,24.5,5.4,French
W2213,42.1427144,-71.86184525,2011.0,8.0,Summer,21.9,8.5,2,0,0,1,23.9,8.0,French
W2181,42.20291112,-71.85617251,2011.0,8.0,Summer,22.5,7.6,2,0,0,1,24.5,7.1,Blackstone
W2203,42.23909491,-71.8258417,2011.0,7.0,Summer,28.8,8.0,2,0,0,1,30.8,7.5,Blackstone
W2203,42.23909491,-71.8258417,2011.0,8.0,Summer,23.2,9.5,2,0,0,1,25.2,9.0,Blackstone
W2193,42.61497981,-72.40184008,2011.0,8.0,Summer,17.0,8.8,2,0,0,1,19.0,8.3,Millers
W2202,42.58178925,-72.32696346,2011.0,8.0,Summer,15.4,7.0,2,0,0,1,17.4,6.5,Millers
W2199,42.55623608,-72.23102678,2011.0,8.0,Summer,18.9,8.5,2,0,0,1,20.9,8.0,Millers
W2197,42.64253866,-72.2573654,2011.0,8.0,Summer,19.4,7.1,2,0,0,1,21.4,6.6,Millers
W2183,42.62531983,-72.19502942,2011.0,8.0,Summer,18.1,8.4,2,0,0,1,20.1,7.9,Millers
W2215,42.65715091,-72.13290955,2011.0,8.0,Summer,21.7,3.3,3,1,0,1,23.7,2.8,Millers
W2177,42.56670939,-71.95196358,2011.0,8.0,Summer,21.1,6.7,2,0,0,1,23.1,6.2,Millers
W2211,42.6674075,-72.00414064,2011.0,8.0,Summer,19.8,7.0,2,0,0,1,21.8,6.5,Millers
W2195,42.67731084,-71.9407684,2011.0,8.0,Summer,20.6,8.1,2,0,0,1,22.6,7.6,Millers
W2209,42.59040888,-71.86334389,2011.0,8.0,Summer,19.1,8.9,2,0,0,1,21.1,8.4,Nashua
W2194,42.58213165,-71.90260492,2011.0,8.0,Summer,20.5,8.4,2,0,0,1,22.5,7.9,Nashua
W2190,42.55979904,-71.86605175,2011.0,8.0,Summer,22.2,8.4,2,0,0,1,24.2,7.9,Nashua
W2200,42.57871152,-71.82995728,2011.0,8.0,Summer,22.1,9.2,2,0,0,1,24.1,8.7,Nashua
W2180,42.52661784,-71.75691548,2011.0,8.0,Summer,19.7,8.8,2,0,0,1,21.7,8.3,Nashua
W2212,42.47692289,-71.72378538,2011.0,8.0,Summer,20.0,8.7,2,0,0,1,22.0,8.2,Nashua
W2186,42.55308278,-71.66947411,2011.0,8.0,Summer,25.6,7.8,2,0,0,1,27.6,7.3,Nashua
W2205,42.53192718,-71.57910918,2011.0,8.0,Summer,22.0,5.9,2,0,0,1,24.0,5.4,Nashua
W2210,41.89640012,-71.33321453,2011.0,8.0,Summer,22.7,7.7,2,0,0,1,24.7,7.2,Ten Mile
W2179,41.91786565,-71.35216051,2011.0,8.0,Summer,22.0,7.1,2,0,0,1,24.0,6.6,Ten Mile
W2192,42.02755221,-71.48301448,2011.0,8.0,Summer,21.1,7.4,2,0,0,1,23.1,6.9,Blackstone
W2207,42.02932229,-71.60542161,2011.0,8.0,Summer,21.8,7.5,2,0,0,1,23.8,7.0,Blackstone
W2182,42.09310671,-71.73709013,2011.0,8.0,Summer,25.1,8.0,2,0,0,1,27.1,7.5,Blackstone
W2188,42.20836571,-71.69757011,2011.0,8.0,Summer,24.5,7.7,2,0,0,1,26.5,7.2,Blackstone
W2203,42.23909491,-71.8258417,2011.0,8.0,Summer,24.8,8.2,2,0,0,1,26.8,7.699999999999999,Blackstone
W2208,42.23359373,-71.8557513,2011.0,8.0,Summer,23.2,8.1,2,0,0,1,25.2,7.6,Blackstone
W2206,42.13693403,-72.10313327,2011.0,9.0,Fall,17.1,8.3,1,0,0,1,19.1,7.800000000000001,Quinebaug
W2191,42.05772637,-72.18751776,2011.0,9.0,Fall,16.2,9.6,1,0,0,1,18.2,9.1,Quinebaug
W2184,42.04216137,-72.09714696,2011.0,9.0,Fall,20.2,8.4,1,0,0,1,22.2,7.9,Quinebaug
W2214,42.06151141,-72.06454171,2011.0,9.0,Fall,18.9,8.8,1,0,0,1,20.9,8.3,Quinebaug
W2189,42.07674201,-72.02541007,2011.0,9.0,Fall,20.0,8.8,1,0,0,1,22.0,8.3,Quinebaug
W2201,42.16426655,-71.9488559,2011.0,9.0,Fall,21.3,8.4,1,0,0,1,23.3,7.9,French
W2187,42.10454751,-71.92879763,2011.0,9.0,Fall,22.4,7.0,1,0,0,1,24.4,6.5,French
W2213,42.1427144,-71.86184525,2011.0,9.0,Fall,19.4,8.5,1,0,0,1,21.4,8.0,French
W2181,42.20291112,-71.85617251,2011.0,9.0,Fall,22.6,7.3,1,0,0,1,24.6,6.8,Blackstone
W2193,42.61497981,-72.40184008,2011.0,8.0,Summer,18.1,8.7,2,0,0,1,20.1,8.2,Millers
W2202,42.58178925,-72.32696346,2011.0,8.0,Summer,15.4,7.2,2,0,0,1,17.4,6.7,Millers
W2199,42.55623608,-72.23102678,2011.0,8.0,Summer,19.8,8.5,2,0,0,1,21.8,8.0,Millers
W2197,42.64253866,-72.2573654,2011.0,8.0,Summer,20.7,6.9,2,0,0,1,22.7,6.4,Millers
W2183,42.62531983,-72.19502942,2011.0,8.0,Summer,18.9,8.4,2,0,0,1,20.9,7.9,Millers
W2215,42.65715091,-72.13290955,2011.0,8.0,Summer,23.2,4.6,3,1,0,1,25.2,4.1,Millers
W2177,42.56670939,-71.95196358,2011.0,8.0,Summer,23.9,6.8,2,0,0,1,25.9,6.3,Millers
W2211,42.6674075,-72.00414064,2011.0,8.0,Summer,18.1,7.7,2,0,0,1,20.1,7.2,Millers
W2195,42.67731084,-71.9407684,2011.0,8.0,Summer,20.4,8.4,2,0,0,1,22.4,7.9,Millers
W2209,42.59040888,-71.86334389,2011.0,8.0,Summer,18.3,9.1,2,0,0,1,20.3,8.6,Nashua
W2194,42.58213165,-71.90260492,2011.0,8.0,Summer,20.7,8.5,2,0,0,1,22.7,8.0,Nashua
W2190,42.55979904,-71.86605175,2011.0,8.0,Summer,21.9,8.4,2,0,0,1,23.9,7.9,Nashua
W2200,42.57871152,-71.82995728,2011.0,8.0,Summer,20.1,9.1,2,0,0,1,22.1,8.6,Nashua
W2180,42.52661784,-71.75691548,2011.0,8.0,Summer,21.1,8.8,2,0,0,1,23.1,8.3,Nashua
W2212,42.47692289,-71.72378538,2011.0,8.0,Summer,20.2,8.7,2,0,0,1,22.2,8.2,Nashua
W2186,42.55308278,-71.66947411,2011.0,8.0,Summer,25.5,8.1,2,0,0,1,27.5,7.6,Nashua
W2205,42.53192718,-71.57910918,2011.0,8.0,Summer,20.5,6.1,2,0,0,1,22.5,5.6,Nashua
W2210,41.89640012,-71.33321453,2011.0,8.0,Summer,21.3,7.9,2,0,0,1,23.3,7.4,Ten Mile
W2179,41.91786565,-71.35216051,2011.0,8.0,Summer,19.4,7.5,2,0,0,1,21.4,7.0,Ten Mile
W2192,42.02755221,-71.48301448,2011.0,8.0,Summer,18.2,7.9,2,0,0,1,20.2,7.4,Blackstone
W2207,42.02932229,-71.60542161,2011.0,8.0,Summer,18.4,7.4,2,0,0,1,20.4,6.9,Blackstone
W2182,42.09310671,-71.73709013,2011.0,8.0,Summer,24.4,8.0,2,0,0,1,26.4,7.5,Blackstone
W2188,42.20836571,-71.69757011,2011.0,8.0,Summer,23.6,7.8,2,0,0,1,25.6,7.3,Blackstone
W2203,42.23909491,-71.8258417,2011.0,8.0,Summer,23.2,9.4,2,0,0,1,25.2,8.9,Blackstone
W2208,42.23359373,-71.8557513,2011.0,8.0,Summer,19.6,8.7,2,0,0,1,21.6,8.2,Blackstone
W2185,42.32657968,-71.86537248,2011.0,8.0,Summer,17.6,4.4,3,1,0,1,19.6,3.9000000000000004,Blackstone
W2206,42.13693403,-72.10313327,2011.0,9.0,Fall,17.5,7.0,1,0,0,1,19.5,6.5,Quinebaug
W2191,42.05772637,-72.18751776,2011.0,9.0,Fall,16.0,9.7,1,0,0,1,18.0,9.2,Quinebaug
W2184,42.04216137,-72.09714696,2011.0,9.0,Fall,18.9,8.5,1,0,0,1,20.9,8.0,Quinebaug
W2214,42.06151141,-72.06454171,2011.0,9.0,Fall,18.8,8.9,1,0,0,1,20.8,8.4,Quinebaug
W2189,42.07674201,-72.02541007,2011.0,9.0,Fall,18.0,9.1,1,0,0,1,20.0,8.6,Quinebaug
W2201,42.16426655,-71.9488559,2011.0,9.0,Fall,18.5,8.8,1,0,0,1,20.5,8.3,French
W2187,42.10454751,-71.92879763,2011.0,9.0,Fall,21.6,7.6,1,0,0,1,23.6,7.1,French
W2213,42.1427144,-71.86184525,2011.0,9.0,Fall,16.8,8.5,1,0,0,1,18.8,8.0,French
W2181,42.20291112,-71.85617251,2011.0,9.0,Fall,20.5,7.5,1,0,0,1,22.5,7.0,Blackstone
W2218,42.46470593,-72.38454489,2011.0,8.0,Summer,17.1,9.0,2,0,0,1,19.1,8.5,Chicopee
W0293,42.58708857,-72.35718789,2011.0,8.0,Summer,16.5,9.4,2,0,0,1,18.5,8.9,Millers
W1458,42.25418274,-72.94869942,2011.0,8.0,Summer,16.3,9.6,2,0,0,1,18.3,9.1,Westfield
W2223,42.16782704,-72.94935172,2011.0,8.0,Summer,16.8,9.3,2,0,0,1,18.8,8.8,Westfield
W2225,42.0627483,-72.40559074,2011.0,8.0,Summer,17.8,7.7,2,0,0,1,19.8,7.2,Connecticut
W1458,42.25418274,-72.94869942,2011.0,8.0,Summer,16.2,9.5,2,0,0,1,18.2,9.0,Westfield
W2223,42.16782704,-72.94935172,2011.0,8.0,Summer,18.1,9.1,2,0,0,1,20.1,8.6,Westfield
W2225,42.0627483,-72.40559074,2011.0,8.0,Summer,21.1,8.4,2,0,0,1,23.1,7.9,Connecticut
W0762,41.80918339,-70.61753091,2011.0,6.0,Summer,20.2,7.6,1,0,0,0,22.2,7.1,Buzzards Bay
W0762,41.80918339,-70.61753091,2011.0,6.0,Summer,20.2,7.7,1,0,0,0,22.2,7.2,Buzzards Bay
W0762,41.80918339,-70.61753091,2011.0,6.0,Summer,20.2,7.7,1,0,0,0,22.2,7.2,Buzzards Bay
W0754,41.80999411,-70.62755574,2011.0,6.0,Summer,20.7,7.9,1,0,0,0,22.7,7.4,Buzzards Bay
W0754,41.80999411,-70.62755574,2011.0,6.0,Summer,20.6,7.8,1,0,0,0,22.6,7.3,Buzzards Bay
W0754,41.80999411,-70.62755574,2011.0,6.0,Summer,20.6,7.7,1,0,0,0,22.6,7.2,Buzzards Bay
W0926,42.00459582,-70.84525352,2011.0,7.0,Summer,27.8,9.2,2,0,0,1,29.8,8.7,Taunton
W0926,42.00459582,-70.84525352,2011.0,7.0,Summer,27.7,9.2,2,0,0,1,29.7,8.7,Taunton
W0926,42.00459582,-70.84525352,2011.0,7.0,Summer,27.0,6.2,2,0,0,1,29.0,5.7,Taunton
W0930,42.00146724,-70.83678103,2011.0,7.0,Summer,28.1,8.6,1,0,0,0,30.1,8.1,Taunton
W0930,42.00146724,-70.83678103,2011.0,7.0,Summer,26.9,6.8,1,0,0,0,28.9,6.3,Taunton
W0930,42.00146724,-70.83678103,2011.0,7.0,Summer,26.0,4.6,3,1,1,0,28.0,4.1,Taunton
W0762,41.80918339,-70.61753091,2011.0,8.0,Summer,23.6,7.2,1,0,0,0,25.6,6.7,Buzzards Bay
W0762,41.80918339,-70.61753091,2011.0,8.0,Summer,23.6,6.9,1,0,0,0,25.6,6.4,Buzzards Bay
W0762,41.80918339,-70.61753091,2011.0,8.0,Summer,23.6,6.4,1,0,0,0,25.6,5.9,Buzzards Bay
W0762,41.80918339,-70.61753091,2011.0,8.0,Summer,23.5,5.8,1,0,0,0,25.5,5.3,Buzzards Bay
W0754,41.80999411,-70.62755574,2011.0,8.0,Summer,24.3,8.2,1,0,0,0,26.3,7.699999999999999,Buzzards Bay
W0754,41.80999411,-70.62755574,2011.0,8.0,Summer,24.1,8.0,1,0,0,0,26.1,7.5,Buzzards Bay
W0754,41.80999411,-70.62755574,2011.0,8.0,Summer,24.1,7.8,1,0,0,0,26.1,7.3,Buzzards Bay
W0754,41.80999411,-70.62755574,2011.0,8.0,Summer,24.0,7.4,1,0,0,0,26.0,6.9,Buzzards Bay
W0926,42.00459582,-70.84525352,2011.0,8.0,Summer,22.8,8.1,2,0,0,1,24.8,7.6,Taunton
W0926,42.00459582,-70.84525352,2011.0,8.0,Summer,22.7,7.3,2,0,0,1,24.7,6.8,Taunton
W0926,42.00459582,-70.84525352,2011.0,8.0,Summer,22.6,6.9,2,0,0,1,24.6,6.4,Taunton
W0926,42.00459582,-70.84525352,2011.0,8.0,Summer,22.5,7.2,2,0,0,1,24.5,6.7,Taunton
W0930,42.00146724,-70.83678103,2011.0,8.0,Summer,22.9,6.6,2,0,0,1,24.9,6.1,Taunton
W0930,42.00146724,-70.83678103,2011.0,8.0,Summer,22.7,5.9,2,0,0,1,24.7,5.4,Taunton
W0930,42.00146724,-70.83678103,2011.0,8.0,Summer,22.6,5.5,2,0,0,1,24.6,5.0,Taunton
W0690,42.59751119,-72.43783955,2011.0,1.0,Winter,0.0,15.0,1,0,0,1,2.0,14.5,Millers
W0691,42.58812535,-72.04099473,2011.0,1.0,Winter,0.0,12.5,1,0,0,1,2.0,12.0,Millers
W0693,42.68279648,-72.11503734,2011.0,1.0,Winter,0.0,11.2,1,0,0,1,2.0,10.7,Millers
W0695,42.30485304,-71.62845076,2011.0,1.0,Winter,3.1,11.9,1,0,0,1,5.1,11.4,Concord (SuAsCo)
W0696,42.32543468,-71.39736431,2011.0,1.0,Winter,0.6,14.7,1,0,0,1,2.6,14.2,Concord (SuAsCo)
W0697,42.43206352,-71.44974106,2011.0,1.0,Winter,0.3,14.8,1,0,0,1,2.3,14.3,Concord (SuAsCo)
W0698,42.51227518,-71.40458554,2011.0,1.0,Winter,0.1,12.1,1,0,0,1,2.1,11.6,Concord (SuAsCo)
W0481,42.4951686,-71.72192464,2011.0,3.0,Spring,1.1,15.1,1,0,0,1,3.1,14.6,Nashua
W0483,42.44442786,-71.67186298,2011.0,3.0,Spring,2.0,0.3,2,1,0,1,4.0,0.0,Nashua
W0487,42.62094186,-71.64380951,2011.0,3.0,Spring,0.4,14.7,1,0,0,1,2.4,14.2,Nashua
W0485,42.66968673,-71.56776529,2011.0,3.0,Spring,0.1,15.5,1,0,0,1,2.1,15.0,Nashua
W0490,42.26477944,-72.00491606,2011.0,3.0,Spring,2.8,13.2,1,0,0,1,4.8,12.7,Chicopee
W0494,42.39121389,-72.0645552,2011.0,3.0,Spring,2.5,14.2,1,0,0,1,4.5,13.7,Chicopee
W0493,42.26797538,-72.33276108,2011.0,3.0,Spring,2.8,13.6,1,0,0,1,4.8,13.1,Chicopee
W0492,42.23872578,-72.285755,2011.0,3.0,Spring,2.8,14.2,1,0,0,1,4.8,13.7,Chicopee
W0491,42.18142994,-72.26354268,2011.0,3.0,Spring,4.1,13.8,1,0,0,1,6.1,13.3,Chicopee
W0601,42.10956147,-72.11856925,2011.0,3.0,Spring,4.0,12.5,1,0,0,1,6.0,12.0,Quinebaug
W0615,42.11947322,-72.00870444,2011.0,3.0,Spring,2.8,14.0,1,0,0,1,4.8,13.5,Quinebaug
W0600,42.02202663,-71.9543561,2011.0,3.0,Spring,3.7,14.0,1,0,0,1,5.7,13.5,Quinebaug
W0075,42.0246995,-71.88418202,2011.0,3.0,Spring,3.8,14.1,1,0,0,1,5.8,13.6,French
W0602,42.05094532,-71.88507359,2011.0,3.0,Spring,3.6,14.0,1,0,0,1,5.6,13.5,French
W0690,42.59751119,-72.43783955,2011.0,3.0,Spring,3.0,13.4,1,0,0,1,5.0,12.9,Millers
W0691,42.58812535,-72.04099473,2011.0,3.0,Spring,2.9,13.1,1,0,0,1,4.9,12.6,Millers
W0692,42.62969793,-72.15035652,2011.0,3.0,Spring,2.9,13.2,1,0,0,1,4.9,12.7,Millers
W0693,42.68279648,-72.11503734,2011.0,3.0,Spring,2.1,12.5,1,0,0,1,4.1,12.0,Millers
W0694,42.6723218,-72.09305542,2011.0,3.0,Spring,2.5,13.6,1,0,0,1,4.5,13.1,Millers
W0695,42.30485304,-71.62845076,2011.0,3.0,Spring,3.1,12.1,1,0,0,1,5.1,11.6,Concord (SuAsCo)
W0696,42.32543468,-71.39736431,2011.0,3.0,Spring,3.3,14.8,1,0,0,1,5.3,14.3,Concord (SuAsCo)
W0697,42.43206352,-71.44974106,2011.0,3.0,Spring,3.2,14.1,1,0,0,1,5.2,13.6,Concord (SuAsCo)
W0698,42.51227518,-71.40458554,2011.0,3.0,Spring,1.2,14.1,1,0,0,1,3.2,13.6,Concord (SuAsCo)
W2227,42.63595037,-71.30148697,2011.0,3.0,Spring,2.7,14.3,1,0,0,1,4.7,13.8,Concord (SuAsCo)
W0680,42.22778189,-71.78735524,2011.0,3.0,Spring,5.3,13.2,1,0,0,1,7.3,12.7,Blackstone
W0689,42.23053792,-71.70809238,2011.0,3.0,Spring,5.0,13.4,1,0,0,1,7.0,12.9,Blackstone
W0767,42.153873,-71.65203977,2011.0,3.0,Spring,5.8,13.0,1,0,0,1,7.8,12.5,Blackstone
W0515,42.1003609,-71.60111703,2011.0,3.0,Spring,4.7,11.9,1,0,0,1,6.7,11.4,Blackstone
W1898,42.02271855,-71.57054135999999,2011.0,3.0,Spring,5.9,12.7,1,0,0,1,7.9,12.2,Blackstone
W0481,42.4951686,-71.72192464,2011.0,4.0,Spring,11.4,10.1,1,0,0,1,13.4,9.6,Nashua
W0483,42.44442786,-71.67186298,2011.0,4.0,Spring,8.6,11.5,1,0,0,1,10.6,11.0,Nashua
W0487,42.62094186,-71.64380951,2011.0,4.0,Spring,10.4,10.9,1,0,0,1,12.4,10.4,Nashua
W0485,42.66968673,-71.56776529,2011.0,4.0,Spring,10.5,10.9,1,0,0,1,12.5,10.4,Nashua
W0496,42.62647657,-71.59314962,2011.0,4.0,Spring,10.8,10.8,1,0,0,1,12.8,10.3,Nashua
W0490,42.26477944,-72.00491606,2011.0,4.0,Spring,11.5,10.6,1,0,0,1,13.5,10.1,Chicopee
W0494,42.39121389,-72.0645552,2011.0,4.0,Spring,11.7,10.5,1,0,0,1,13.7,10.0,Chicopee
W0493,42.26797538,-72.33276108,2011.0,4.0,Spring,6.2,12.4,1,0,0,1,8.2,11.9,Chicopee
W0492,42.23872578,-72.285755,2011.0,4.0,Spring,11.9,10.9,1,0,0,1,13.9,10.4,Chicopee
W0491,42.18142994,-72.26354268,2011.0,4.0,Spring,12.3,11.1,1,0,0,1,14.3,10.6,Chicopee
W0601,42.10956147,-72.11856925,2011.0,4.0,Spring,14.8,9.9,1,0,0,1,16.8,9.4,Quinebaug
W0615,42.11947322,-72.00870444,2011.0,4.0,Spring,14.3,10.2,1,0,0,1,16.3,9.7,Quinebaug
W0600,42.02202663,-71.9543561,2011.0,4.0,Spring,15.9,10.2,1,0,0,1,17.9,9.7,Quinebaug
W0075,42.0246995,-71.88418202,2011.0,4.0,Spring,16.5,10.0,1,0,0,1,18.5,9.5,French
W0602,42.05094532,-71.88507359,2011.0,4.0,Spring,16.4,9.9,1,0,0,1,18.4,9.4,French
W0690,42.59751119,-72.43783955,2011.0,5.0,Spring,13.9,10.1,1,0,0,1,15.9,9.6,Millers
W0691,42.58812535,-72.04099473,2011.0,5.0,Spring,13.2,9.0,1,0,0,1,15.2,8.5,Millers
W0692,42.62969793,-72.15035652,2011.0,5.0,Spring,13.6,9.4,1,0,0,1,15.6,8.9,Millers
W0693,42.68279648,-72.11503734,2011.0,5.0,Spring,12.8,7.9,1,0,0,1,14.8,7.4,Millers
W0694,42.6723218,-72.09305542,2011.0,5.0,Spring,13.6,9.6,1,0,0,1,15.6,9.1,Millers
W0680,42.22778189,-71.78735524,2011.0,5.0,Spring,17.0,9.3,1,0,0,1,19.0,8.8,Blackstone
W0689,42.23053792,-71.70809238,2011.0,5.0,Spring,18.9,8.8,1,0,0,1,20.9,8.3,Blackstone
W0767,42.153873,-71.65203977,2011.0,5.0,Spring,17.0,9.6,1,0,0,1,19.0,9.1,Blackstone
W0515,42.1003609,-71.60111703,2011.0,5.0,Spring,18.4,5.9,1,0,0,1,20.4,5.4,Blackstone
W1898,42.02271855,-71.57054135999999,2011.0,5.0,Spring,17.8,8.9,1,0,0,1,19.8,8.4,Blackstone
W0481,42.4951686,-71.72192464,2011.0,6.0,Summer,15.6,9.0,2,0,0,1,17.6,8.5,Nashua
W0483,42.44442786,-71.67186298,2011.0,6.0,Summer,13.9,10.2,2,0,0,1,15.9,9.7,Nashua
W0487,42.62094186,-71.64380951,2011.0,6.0,Summer,15.8,9.0,2,0,0,1,17.8,8.5,Nashua
W0485,42.66968673,-71.56776529,2011.0,6.0,Summer,17.1,8.5,2,0,0,1,19.1,8.0,Nashua
W0496,42.62647657,-71.59314962,2011.0,6.0,Summer,16.7,9.1,2,0,0,1,18.7,8.6,Nashua
W0490,42.26477944,-72.00491606,2011.0,6.0,Summer,18.1,8.4,2,0,0,1,20.1,7.9,Chicopee
W0494,42.39121389,-72.0645552,2011.0,6.0,Summer,20.9,9.0,2,0,0,1,22.9,8.5,Chicopee
W0493,42.26797538,-72.33276108,2011.0,6.0,Summer,17.8,9.6,2,0,0,1,19.8,9.1,Chicopee
W0492,42.23872578,-72.285755,2011.0,6.0,Summer,21.2,9.0,2,0,0,1,23.2,8.5,Chicopee
W0491,42.18142994,-72.26354268,2011.0,6.0,Summer,23.1,8.9,2,0,0,1,25.1,8.4,Chicopee
W0601,42.10956147,-72.11856925,2011.0,6.0,Summer,22.7,8.2,2,0,0,1,24.7,7.699999999999999,Quinebaug
W0615,42.11947322,-72.00870444,2011.0,6.0,Summer,19.9,8.8,2,0,0,1,21.9,8.3,Quinebaug
W0600,42.02202663,-71.9543561,2011.0,6.0,Summer,22.1,8.3,2,0,0,1,24.1,7.800000000000001,Quinebaug
W0075,42.0246995,-71.88418202,2011.0,6.0,Summer,22.5,8.4,2,0,0,1,24.5,7.9,French
W0602,42.05094532,-71.88507359,2011.0,6.0,Summer,23.0,8.2,2,0,0,1,25.0,7.699999999999999,French
W0690,42.59751119,-72.43783955,2011.0,7.0,Summer,23.7,8.8,2,0,0,1,25.7,8.3,Millers
W0691,42.58812535,-72.04099473,2011.0,7.0,Summer,23.3,7.8,2,0,0,1,25.3,7.3,Millers
W0692,42.62969793,-72.15035652,2011.0,7.0,Summer,25.1,7.8,2,0,0,1,27.1,7.3,Millers
W0693,42.68279648,-72.11503734,2011.0,7.0,Summer,23.4,4.9,3,1,0,1,25.4,4.4,Millers
W0694,42.6723218,-72.09305542,2011.0,7.0,Summer,23.5,7.3,2,0,0,1,25.5,6.8,Millers
W0695,42.30485304,-71.62845076,2011.0,7.0,Summer,21.4,6.0,2,0,0,1,23.4,5.5,Concord (SuAsCo)
W0696,42.32543468,-71.39736431,2011.0,7.0,Summer,25.6,7.9,2,0,0,1,27.6,7.4,Concord (SuAsCo)
W0697,42.43206352,-71.44974106,2011.0,7.0,Summer,25.6,7.4,2,0,0,1,27.6,6.9,Concord (SuAsCo)
W0698,42.51227518,-71.40458554,2011.0,7.0,Summer,22.7,6.0,2,0,0,1,24.7,5.5,Concord (SuAsCo)
W2227,42.63595037,-71.30148697,2011.0,7.0,Summer,26.8,7.7,2,0,0,1,28.8,7.2,Concord (SuAsCo)
W0680,42.22778189,-71.78735524,2011.0,7.0,Summer,21.5,7.6,2,0,0,1,23.5,7.1,Blackstone
W0689,42.23053792,-71.70809238,2011.0,7.0,Summer,23.9,7.0,2,0,0,1,25.9,6.5,Blackstone
W0767,42.153873,-71.65203977,2011.0,7.0,Summer,21.7,7.4,2,0,0,1,23.7,6.9,Blackstone
W0515,42.1003609,-71.60111703,2011.0,7.0,Summer,22.4,3.2,3,1,0,1,24.4,2.7,Blackstone
W1898,42.02271855,-71.57054135999999,2011.0,7.0,Summer,22.5,7.7,2,0,0,1,24.5,7.2,Blackstone
W0481,42.4951686,-71.72192464,2011.0,8.0,Summer,19.1,9.3,2,0,0,1,21.1,8.8,Nashua
W0483,42.44442786,-71.67186298,2011.0,8.0,Summer,16.4,10.4,2,0,0,1,18.4,9.9,Nashua
W0487,42.62094186,-71.64380951,2011.0,8.0,Summer,19.9,7.8,2,0,0,1,21.9,7.3,Nashua
W0485,42.66968673,-71.56776529,2011.0,8.0,Summer,20.7,9.1,2,0,0,1,22.7,8.6,Nashua
W0496,42.62647657,-71.59314962,2011.0,8.0,Summer,22.0,8.5,2,0,0,1,24.0,8.0,Nashua
W0490,42.26477944,-72.00491606,2011.0,8.0,Summer,18.7,7.8,2,0,0,1,20.7,7.3,Chicopee
W0494,42.39121389,-72.0645552,2011.0,8.0,Summer,18.4,8.1,2,0,0,1,20.4,7.6,Chicopee
W0493,42.26797538,-72.33276108,2011.0,8.0,Summer,12.8,10.6,2,0,0,1,14.8,10.1,Chicopee
W0492,42.23872578,-72.285755,2011.0,8.0,Summer,19.0,8.9,2,0,0,1,21.0,8.4,Chicopee
W0491,42.18142994,-72.26354268,2011.0,8.0,Summer,20.7,9.0,2,0,0,1,22.7,8.5,Chicopee
W0601,42.10956147,-72.11856925,2011.0,8.0,Summer,20.6,7.2,2,0,0,1,22.6,6.7,Quinebaug
W0615,42.11947322,-72.00870444,2011.0,8.0,Summer,19.3,8.8,2,0,0,1,21.3,8.3,Quinebaug
W0600,42.02202663,-71.9543561,2011.0,8.0,Summer,19.5,9.0,2,0,0,1,21.5,8.5,Quinebaug
W0075,42.0246995,-71.88418202,2011.0,8.0,Summer,21.0,8.7,2,0,0,1,23.0,8.2,French
W0602,42.05094532,-71.88507359,2011.0,8.0,Summer,21.0,8.3,2,0,0,1,23.0,7.800000000000001,French
W0690,42.59751119,-72.43783955,2011.0,9.0,Fall,14.2,10.2,1,0,0,1,16.2,9.7,Millers
W0691,42.58812535,-72.04099473,2011.0,9.0,Fall,14.6,9.0,1,0,0,1,16.6,8.5,Millers
W0692,42.62969793,-72.15035652,2011.0,9.0,Fall,14.8,9.2,1,0,0,1,16.8,8.7,Millers
W0693,42.68279648,-72.11503734,2011.0,9.0,Fall,13.1,7.6,1,0,0,1,15.1,7.1,Millers
W0694,42.6723218,-72.09305542,2011.0,9.0,Fall,14.8,9.1,1,0,0,1,16.8,8.6,Millers
W0695,42.30485304,-71.62845076,2011.0,9.0,Fall,15.9,7.8,1,0,0,1,17.9,7.3,Concord (SuAsCo)
W0696,42.32543468,-71.39736431,2011.0,9.0,Fall,17.8,9.6,1,0,0,1,19.8,9.1,Concord (SuAsCo)
W0697,42.43206352,-71.44974106,2011.0,9.0,Fall,16.4,9.7,1,0,0,1,18.4,9.2,Concord (SuAsCo)
W0698,42.51227518,-71.40458554,2011.0,9.0,Fall,13.8,8.5,1,0,0,1,15.8,8.0,Concord (SuAsCo)
W2227,42.63595037,-71.30148697,2011.0,9.0,Fall,17.0,8.2,1,0,0,1,19.0,7.699999999999999,Concord (SuAsCo)
W0680,42.22778189,-71.78735524,2011.0,9.0,Fall,21.1,8.6,1,0,0,1,23.1,8.1,Blackstone
W0689,42.23053792,-71.70809238,2011.0,9.0,Fall,22.6,8.0,1,0,0,1,24.6,7.5,Blackstone
W0767,42.153873,-71.65203977,2011.0,9.0,Fall,20.8,8.5,1,0,0,1,22.8,8.0,Blackstone
W0515,42.1003609,-71.60111703,2011.0,9.0,Fall,20.5,4.1,2,1,0,1,22.5,3.5999999999999996,Blackstone
W1898,42.02271855,-71.57054135999999,2011.0,9.0,Fall,21.2,8.2,1,0,0,1,23.2,7.699999999999999,Blackstone
W0481,42.4951686,-71.72192464,2011.0,10.0,Fall,12.4,10.4,1,0,0,1,14.4,9.9,Nashua
W0483,42.44442786,-71.67186298,2011.0,10.0,Fall,14.1,9.7,1,0,0,1,16.1,9.2,Nashua
W0487,42.62094186,-71.64380951,2011.0,10.0,Fall,11.4,9.6,1,0,0,1,13.4,9.1,Nashua
W0485,42.66968673,-71.56776529,2011.0,10.0,Fall,13.0,8.8,1,0,0,1,15.0,8.3,Nashua
W0496,42.62647657,-71.59314962,2011.0,10.0,Fall,12.9,9.1,1,0,0,1,14.9,8.6,Nashua
W0490,42.26477944,-72.00491606,2011.0,10.0,Fall,9.4,11.1,1,0,0,1,11.4,10.6,Chicopee
W0494,42.39121389,-72.0645552,2011.0,10.0,Fall,9.2,11.4,1,0,0,1,11.2,10.9,Chicopee
W0493,42.26797538,-72.33276108,2011.0,10.0,Fall,14.5,9.9,1,0,0,1,16.5,9.4,Chicopee
W0492,42.23872578,-72.285755,2011.0,10.0,Fall,10.1,11.6,1,0,0,1,12.1,11.1,Chicopee
W0491,42.18142994,-72.26354268,2011.0,10.0,Fall,11.1,11.7,1,0,0,1,13.1,11.2,Chicopee
W0601,42.10956147,-72.11856925,2011.0,10.0,Fall,10.8,11.3,1,0,0,1,12.8,10.8,Quinebaug
W0615,42.11947322,-72.00870444,2011.0,10.0,Fall,10.9,11.3,1,0,0,1,12.9,10.8,Quinebaug
W0600,42.02202663,-71.9543561,2011.0,10.0,Fall,10.5,11.5,1,0,0,1,12.5,11.0,Quinebaug
W0075,42.0246995,-71.88418202,2011.0,10.0,Fall,11.2,11.4,1,0,0,1,13.2,10.9,French
W0602,42.05094532,-71.88507359,2011.0,10.0,Fall,11.0,10.8,1,0,0,1,13.0,10.3,French
W0690,42.59751119,-72.43783955,2011.0,11.0,Fall,8.1,12.2,1,0,0,1,10.1,11.7,Millers
W0691,42.58812535,-72.04099473,2011.0,11.0,Fall,9.4,10.7,1,0,0,1,11.4,10.2,Millers
W0692,42.62969793,-72.15035652,2011.0,11.0,Fall,8.3,11.3,1,0,0,1,10.3,10.8,Millers
W0693,42.68279648,-72.11503734,2011.0,11.0,Fall,8.3,10.1,1,0,0,1,10.3,9.6,Millers
W0694,42.6723218,-72.09305542,2011.0,11.0,Fall,8.6,11.4,1,0,0,1,10.6,10.9,Millers
W0695,42.30485304,-71.62845076,2011.0,11.0,Fall,10.7,10.0,1,0,0,1,12.7,9.5,Concord (SuAsCo)
W0696,42.32543468,-71.39736431,2011.0,11.0,Fall,10.6,11.9,1,0,0,1,12.6,11.4,Concord (SuAsCo)
W0697,42.43206352,-71.44974106,2011.0,11.0,Fall,10.6,11.6,1,0,0,1,12.6,11.1,Concord (SuAsCo)
W0698,42.51227518,-71.40458554,2011.0,11.0,Fall,10.9,9.7,1,0,0,1,12.9,9.2,Concord (SuAsCo)
W2227,42.63595037,-71.30148697,2011.0,11.0,Fall,10.1,11.7,1,0,0,1,12.1,11.2,Concord (SuAsCo)
W0680,42.22778189,-71.78735524,2011.0,11.0,Fall,8.8,12.3,1,0,0,1,10.8,11.8,Blackstone
W0689,42.23053792,-71.70809238,2011.0,11.0,Fall,9.4,12.0,1,0,0,1,11.4,11.5,Blackstone
W0767,42.153873,-71.65203977,2011.0,11.0,Fall,9.9,12.0,1,0,0,1,11.9,11.5,Blackstone
W0515,42.1003609,-71.60111703,2011.0,11.0,Fall,7.6,10.4,1,0,0,1,9.6,9.9,Blackstone
W1898,42.02271855,-71.57054135999999,2011.0,11.0,Fall,9.2,11.8,1,0,0,1,11.2,11.3,Blackstone
W2157,42.12140046,-71.45251286,2010.0,6.0,Summer,22.0,6.6,2,0,0,1,24.0,6.1,Charles
W2152,42.15062894,-71.42890888,2010.0,6.0,Summer,21.8,4.8,3,1,0,1,23.8,4.3,Charles
W2153,42.17837899,-71.38380876,2010.0,6.0,Summer,22.9,5.0,2,0,0,1,24.9,4.5,Charles
W2155,42.2331578,-71.32439929,2010.0,6.0,Summer,18.6,7.8,2,0,0,1,20.6,7.3,Charles
W2156,42.32625938,-71.26402999,2010.0,6.0,Summer,25.7,8.2,2,0,0,1,27.7,7.699999999999999,Charles
W2135,42.31981521,-71.39588095,2010.0,6.0,Summer,25.2,7.8,2,0,0,1,27.2,7.3,Concord (SuAsCo)
W2136,42.37245948,-71.42434277,2010.0,6.0,Summer,23.4,7.4,2,0,0,1,25.4,6.9,Concord (SuAsCo)
W2140,42.30487156,-71.48902528,2010.0,6.0,Summer,19.5,9.7,2,0,0,1,21.5,9.2,Concord (SuAsCo)
W2157,42.12140046,-71.45251286,2010.0,6.0,Summer,17.6,7.9,2,0,0,1,19.6,7.4,Charles
W2152,42.15062894,-71.42890888,2010.0,6.0,Summer,18.2,5.4,2,0,0,1,20.2,4.9,Charles
W2153,42.17837899,-71.38380876,2010.0,6.0,Summer,18.3,6.3,2,0,0,1,20.3,5.8,Charles
W2155,42.2331578,-71.32439929,2010.0,6.0,Summer,15.6,8.5,2,0,0,1,17.6,8.0,Charles
W2156,42.32625938,-71.26402999,2010.0,6.0,Summer,22.0,8.9,2,0,0,1,24.0,8.4,Charles
W2135,42.31981521,-71.39588095,2010.0,6.0,Summer,22.9,8.4,2,0,0,1,24.9,7.9,Concord (SuAsCo)
W2136,42.37245948,-71.42434277,2010.0,6.0,Summer,19.7,9.4,2,0,0,1,21.7,8.9,Concord (SuAsCo)
W2140,42.30487156,-71.48902528,2010.0,6.0,Summer,16.1,9.4,2,0,0,1,18.1,8.9,Concord (SuAsCo)
W2129,42.32853743,-71.67657471,2010.0,6.0,Summer,15.0,9.6,2,0,0,1,17.0,9.1,Concord (SuAsCo)
W2139,42.33332389,-71.6801695,2010.0,6.0,Summer,15.1,9.2,2,0,0,1,17.1,8.7,Concord (SuAsCo)
W2131,42.41229436,-71.65055569,2010.0,6.0,Summer,14.2,6.2,2,0,0,1,16.2,5.7,Concord (SuAsCo)
W2138,42.44091924,-71.54610442,2010.0,6.0,Summer,17.1,7.4,2,0,0,1,19.1,6.9,Concord (SuAsCo)
W2134,42.42994117,-71.51519095,2010.0,6.0,Summer,18.3,7.7,2,0,0,1,20.3,7.2,Concord (SuAsCo)
W2132,42.46013905,-71.5068318,2010.0,6.0,Summer,14.0,9.1,2,0,0,1,16.0,8.6,Concord (SuAsCo)
W2137,42.46739849,-71.42842635,2010.0,6.0,Summer,14.5,8.2,2,0,0,1,16.5,7.699999999999999,Concord (SuAsCo)
W2133,42.50413128,-71.41551085,2010.0,6.0,Summer,16.2,8.0,2,0,0,1,18.2,7.5,Concord (SuAsCo)
W2128,42.5124821,-71.3828515,2010.0,6.0,Summer,14.3,8.5,2,0,0,1,16.3,8.0,Concord (SuAsCo)
W2130,42.59600079,-71.34825495,2010.0,6.0,Summer,15.7,9.0,2,0,0,1,17.7,8.5,Concord (SuAsCo)
W2129,42.32853743,-71.67657471,2010.0,6.0,Summer,16.4,9.4,2,0,0,1,18.4,8.9,Concord (SuAsCo)
W2139,42.33332389,-71.6801695,2010.0,6.0,Summer,16.2,9.0,2,0,0,1,18.2,8.5,Concord (SuAsCo)
W2131,42.41229436,-71.65055569,2010.0,6.0,Summer,14.1,6.3,2,0,0,1,16.1,5.8,Concord (SuAsCo)
W2138,42.44091924,-71.54610442,2010.0,6.0,Summer,20.2,7.4,2,0,0,1,22.2,6.9,Concord (SuAsCo)
W2134,42.42994117,-71.51519095,2010.0,6.0,Summer,21.0,7.9,2,0,0,1,23.0,7.4,Concord (SuAsCo)
W2132,42.46013905,-71.5068318,2010.0,6.0,Summer,15.2,8.9,2,0,0,1,17.2,8.4,Concord (SuAsCo)
W2137,42.46739849,-71.42842635,2010.0,6.0,Summer,15.4,8.2,2,0,0,1,17.4,7.699999999999999,Concord (SuAsCo)
W2133,42.50413128,-71.41551085,2010.0,6.0,Summer,19.3,7.6,2,0,0,1,21.3,7.1,Concord (SuAsCo)
W2128,42.5124821,-71.3828515,2010.0,6.0,Summer,15.7,7.7,2,0,0,1,17.7,7.2,Concord (SuAsCo)
W2130,42.59600079,-71.34825495,2010.0,6.0,Summer,18.7,8.4,2,0,0,1,20.7,7.9,Concord (SuAsCo)
W2158,42.70975424,-71.85170033,2010.0,6.0,Summer,15.7,8.6,2,0,0,1,17.7,8.1,Merrimack
W2159,42.64641775,-71.40503654,2010.0,6.0,Summer,14.9,8.8,2,0,0,1,16.9,8.3,Merrimack
W2167,42.6258075,-71.38835243,2010.0,6.0,Summer,19.7,9.0,2,0,0,1,21.7,8.5,Merrimack
W2145,42.54625187,-71.2527211,2010.0,6.0,Summer,16.6,8.7,2,0,0,1,18.6,8.2,Shawsheen
W2149,42.51707907,-71.24471208,2010.0,6.0,Summer,19.8,8.3,2,0,0,1,21.8,7.800000000000001,Shawsheen
W2147,42.56945269,-71.21526802,2010.0,6.0,Summer,20.9,8.9,2,0,0,1,22.9,8.4,Shawsheen
W2144,42.59984567,-71.19306651,2010.0,6.0,Summer,21.0,9.3,2,0,0,1,23.0,8.8,Shawsheen
W2148,42.61704681,-71.16789529,2010.0,6.0,Summer,21.1,8.9,2,0,0,1,23.1,8.4,Shawsheen
W2143,42.62803415,-71.20154765,2010.0,6.0,Summer,20.7,5.1,2,0,0,1,22.7,4.6,Shawsheen
W2158,42.70975424,-71.85170033,2010.0,6.0,Summer,19.1,7.8,2,0,0,1,21.1,7.3,Merrimack
W2159,42.64641775,-71.40503654,2010.0,6.0,Summer,18.1,8.0,2,0,0,1,20.1,7.5,Merrimack
W2167,42.6258075,-71.38835243,2010.0,6.0,Summer,21.8,7.9,2,0,0,1,23.8,7.4,Merrimack
W2145,42.54625187,-71.2527211,2010.0,6.0,Summer,18.8,7.6,2,0,0,1,20.8,7.1,Shawsheen
W2149,42.51707907,-71.24471208,2010.0,6.0,Summer,21.7,7.1,2,0,0,1,23.7,6.6,Shawsheen
W2147,42.56945269,-71.21526802,2010.0,6.0,Summer,23.4,6.9,2,0,0,1,25.4,6.4,Shawsheen
W2144,42.59984567,-71.19306651,2010.0,6.0,Summer,22.8,7.1,2,0,0,1,24.8,6.6,Shawsheen
W2148,42.61704681,-71.16789529,2010.0,6.0,Summer,23.3,6.8,2,0,0,1,25.3,6.3,Shawsheen
W2143,42.62803415,-71.20154765,2010.0,6.0,Summer,22.5,5.0,2,0,0,1,24.5,4.5,Shawsheen
W2150,42.50955132,-71.03640039,2010.0,6.0,Summer,22.9,4.7,3,1,0,1,24.9,4.2,North Coastal
W2151,42.52481982,-70.92071248,2010.0,6.0,Summer,21.8,7.8,2,0,0,1,23.8,7.3,North Coastal
W2168,42.65733113,-70.93965944,2010.0,6.0,Summer,22.1,5.0,2,0,0,1,24.1,4.5,Ipswich
W2141,42.71872773,-70.98414919,2010.0,6.0,Summer,20.4,2.4,3,1,0,1,22.4,1.9,Parker
W2161,42.74648546,-71.04070809,2010.0,6.0,Summer,22.8,8.1,2,0,0,1,24.8,7.6,Merrimack
W2160,42.84388438,-71.00469926,2010.0,6.0,Summer,25.6,6.8,2,0,0,1,27.6,6.3,Merrimack
W2162,42.79801999,-71.10455406,2010.0,6.0,Summer,23.2,6.5,2,0,0,1,25.2,6.0,Merrimack
W2146,42.68793406,-71.13865086,2010.0,6.0,Summer,24.2,7.4,1,0,0,0,26.2,6.9,Shawsheen
W2150,42.50955132,-71.03640039,2010.0,6.0,Summer,20.7,4.4,3,1,0,1,22.7,3.9000000000000004,North Coastal
W2151,42.52481982,-70.92071248,2010.0,6.0,Summer,21.1,8.3,2,0,0,1,23.1,7.800000000000001,North Coastal
W2168,42.65733113,-70.93965944,2010.0,6.0,Summer,20.3,5.0,2,0,0,1,22.3,4.5,Ipswich
W2141,42.71872773,-70.98414919,2010.0,6.0,Summer,19.1,3.0,3,1,0,1,21.1,2.5,Parker
W2161,42.74648546,-71.04070809,2010.0,6.0,Summer,22.5,8.2,2,0,0,1,24.5,7.699999999999999,Merrimack
W2160,42.84388438,-71.00469926,2010.0,6.0,Summer,25.0,6.4,2,0,0,1,27.0,5.9,Merrimack
W2162,42.79801999,-71.10455406,2010.0,6.0,Summer,23.2,6.3,2,0,0,1,25.2,5.8,Merrimack
W2146,42.68793406,-71.13865086,2010.0,6.0,Summer,24.1,7.4,1,0,0,0,26.1,6.9,Shawsheen
W2157,42.12140046,-71.45251286,2010.0,7.0,Summer,26.8,5.8,2,0,0,1,28.8,5.3,Charles
W2152,42.15062894,-71.42890888,2010.0,7.0,Summer,23.5,4.5,3,1,0,1,25.5,4.0,Charles
W2155,42.2331578,-71.32439929,2010.0,7.0,Summer,19.2,8.2,2,0,0,1,21.2,7.699999999999999,Charles
W2156,42.32625938,-71.26402999,2010.0,7.0,Summer,28.7,8.6,2,0,0,1,30.7,8.1,Charles
W2135,42.31981521,-71.39588095,2010.0,7.0,Summer,25.2,7.8,2,0,0,1,27.2,7.3,Concord (SuAsCo)
W2136,42.37245948,-71.42434277,2010.0,7.0,Summer,26.8,7.3,2,0,0,1,28.8,6.8,Concord (SuAsCo)
W2140,42.30487156,-71.48902528,2010.0,7.0,Summer,23.4,9.3,2,0,0,1,25.4,8.8,Concord (SuAsCo)
W2157,42.12140046,-71.45251286,2010.0,7.0,Summer,26.1,6.1,2,0,0,1,28.1,5.6,Charles
W2152,42.15062894,-71.42890888,2010.0,7.0,Summer,25.2,4.3,4,1,1,1,27.2,3.8,Charles
W2155,42.2331578,-71.32439929,2010.0,7.0,Summer,18.4,8.1,2,0,0,1,20.4,7.6,Charles
W2156,42.32625938,-71.26402999,2010.0,7.0,Summer,27.3,7.4,2,0,0,1,29.3,6.9,Charles
W2135,42.31981521,-71.39588095,2010.0,7.0,Summer,23.5,6.0,2,0,0,1,25.5,5.5,Concord (SuAsCo)
W2136,42.37245948,-71.42434277,2010.0,7.0,Summer,23.7,6.6,2,0,0,1,25.7,6.1,Concord (SuAsCo)
W2140,42.30487156,-71.48902528,2010.0,7.0,Summer,18.1,8.9,2,0,0,1,20.1,8.4,Concord (SuAsCo)
W2129,42.32853743,-71.67657471,2010.0,7.0,Summer,21.9,8.0,2,0,0,1,23.9,7.5,Concord (SuAsCo)
W2139,42.33332389,-71.6801695,2010.0,7.0,Summer,21.7,7.8,2,0,0,1,23.7,7.3,Concord (SuAsCo)
W2131,42.41229436,-71.65055569,2010.0,7.0,Summer,21.3,3.1,3,1,0,1,23.3,2.6,Concord (SuAsCo)
W2138,42.44091924,-71.54610442,2010.0,7.0,Summer,22.6,5.2,2,0,0,1,24.6,4.7,Concord (SuAsCo)
W2134,42.42994117,-71.51519095,2010.0,7.0,Summer,26.1,7.1,2,0,0,1,28.1,6.6,Concord (SuAsCo)
W2137,42.46739849,-71.42842635,2010.0,7.0,Summer,21.9,6.6,2,0,0,1,23.9,6.1,Concord (SuAsCo)
W2133,42.50413128,-71.41551085,2010.0,7.0,Summer,26.4,6.7,2,0,0,1,28.4,6.2,Concord (SuAsCo)
W2130,42.59600079,-71.34825495,2010.0,7.0,Summer,26.4,6.9,2,0,0,1,28.4,6.4,Concord (SuAsCo)
W2129,42.32853743,-71.67657471,2010.0,7.0,Summer,21.2,8.3,2,0,0,1,23.2,7.800000000000001,Concord (SuAsCo)
W2139,42.33332389,-71.6801695,2010.0,7.0,Summer,21.1,8.0,2,0,0,1,23.1,7.5,Concord (SuAsCo)
W2131,42.41229436,-71.65055569,2010.0,7.0,Summer,20.7,2.9,3,1,0,1,22.7,2.4,Concord (SuAsCo)
W2138,42.44091924,-71.54610442,2010.0,7.0,Summer,23.4,5.8,2,0,0,1,25.4,5.3,Concord (SuAsCo)
W2134,42.42994117,-71.51519095,2010.0,7.0,Summer,25.9,7.5,2,0,0,1,27.9,7.0,Concord (SuAsCo)
W2137,42.46739849,-71.42842635,2010.0,7.0,Summer,20.7,6.9,2,0,0,1,22.7,6.4,Concord (SuAsCo)
W2133,42.50413128,-71.41551085,2010.0,7.0,Summer,24.8,6.5,2,0,0,1,26.8,6.0,Concord (SuAsCo)
W2130,42.59600079,-71.34825495,2010.0,7.0,Summer,26.1,7.5,2,0,0,1,28.1,7.0,Concord (SuAsCo)
W2158,42.70975424,-71.85170033,2010.0,7.0,Summer,17.9,8.5,2,0,0,1,19.9,8.0,Merrimack
W2167,42.6258075,-71.38835243,2010.0,7.0,Summer,17.1,8.2,2,0,0,1,19.1,7.699999999999999,Merrimack
W2145,42.54625187,-71.2527211,2010.0,7.0,Summer,19.3,7.5,2,0,0,1,21.3,7.0,Shawsheen
W2149,42.51707907,-71.24471208,2010.0,7.0,Summer,22.7,6.9,2,0,0,1,24.7,6.4,Shawsheen
W2147,42.56945269,-71.21526802,2010.0,7.0,Summer,23.5,6.4,2,0,0,1,25.5,5.9,Shawsheen
W2144,42.59984567,-71.19306651,2010.0,7.0,Summer,23.5,7.3,2,0,0,1,25.5,6.8,Shawsheen
W2148,42.61704681,-71.16789529,2010.0,7.0,Summer,23.7,5.9,2,0,0,1,25.7,5.4,Shawsheen
W2158,42.70975424,-71.85170033,2010.0,7.0,Summer,17.8,8.2,2,0,0,1,19.8,7.699999999999999,Merrimack
W2167,42.6258075,-71.38835243,2010.0,7.0,Summer,16.5,7.8,2,0,0,1,18.5,7.3,Merrimack
W2145,42.54625187,-71.2527211,2010.0,7.0,Summer,20.0,8.1,2,0,0,1,22.0,7.6,Shawsheen
W2149,42.51707907,-71.24471208,2010.0,7.0,Summer,23.6,7.6,2,0,0,1,25.6,7.1,Shawsheen
W2147,42.56945269,-71.21526802,2010.0,7.0,Summer,24.1,6.1,2,0,0,1,26.1,5.6,Shawsheen
W2144,42.59984567,-71.19306651,2010.0,7.0,Summer,24.8,7.3,2,0,0,1,26.8,6.8,Shawsheen
W2148,42.61704681,-71.16789529,2010.0,7.0,Summer,24.5,6.2,2,0,0,1,26.5,5.7,Shawsheen
W2150,42.50955132,-71.03640039,2010.0,7.0,Summer,18.8,3.9,3,1,0,1,20.8,3.4,North Coastal
W2151,42.52481982,-70.92071248,2010.0,7.0,Summer,21.0,8.7,2,0,0,1,23.0,8.2,North Coastal
W2141,42.71872773,-70.98414919,2010.0,7.0,Summer,21.7,3.7,3,1,0,1,23.7,3.2,Parker
W2161,42.74648546,-71.04070809,2010.0,7.0,Summer,21.8,8.4,2,0,0,1,23.8,7.9,Merrimack
W2160,42.84388438,-71.00469926,2010.0,7.0,Summer,20.6,5.4,2,0,0,1,22.6,4.9,Merrimack
W2162,42.79801999,-71.10455406,2010.0,7.0,Summer,23.5,5.7,2,0,0,1,25.5,5.2,Merrimack
W2146,42.68793406,-71.13865086,2010.0,7.0,Summer,24.0,7.3,2,0,0,1,26.0,6.8,Shawsheen
W2150,42.50955132,-71.03640039,2010.0,8.0,Summer,20.2,4.1,3,1,0,1,22.2,3.5999999999999996,North Coastal
W2151,42.52481982,-70.92071248,2010.0,8.0,Summer,22.3,9.5,2,0,0,1,24.3,9.0,North Coastal
W2141,42.71872773,-70.98414919,2010.0,8.0,Summer,22.4,2.5,3,1,0,1,24.4,2.0,Parker
W2161,42.74648546,-71.04070809,2010.0,8.0,Summer,21.5,8.4,2,0,0,1,23.5,7.9,Merrimack
W2160,42.84388438,-71.00469926,2010.0,8.0,Summer,24.9,6.0,2,0,0,1,26.9,5.5,Merrimack
W2162,42.79801999,-71.10455406,2010.0,8.0,Summer,23.1,6.4,2,0,0,1,25.1,5.9,Merrimack
W2146,42.68793406,-71.13865086,2010.0,8.0,Summer,24.5,7.5,2,0,0,1,26.5,7.0,Shawsheen
W2157,42.12140046,-71.45251286,2010.0,8.0,Summer,24.1,6.8,2,0,0,1,26.1,6.3,Charles
W2152,42.15062894,-71.42890888,2010.0,8.0,Summer,23.9,5.1,2,0,0,1,25.9,4.6,Charles
W2155,42.2331578,-71.32439929,2010.0,8.0,Summer,19.9,7.8,2,0,0,1,21.9,7.3,Charles
W2156,42.32625938,-71.26402999,2010.0,8.0,Summer,25.5,8.0,2,0,0,1,27.5,7.5,Charles
W2135,42.31981521,-71.39588095,2010.0,8.0,Summer,23.9,7.2,2,0,0,1,25.9,6.7,Concord (SuAsCo)
W2136,42.37245948,-71.42434277,2010.0,8.0,Summer,24.4,7.7,2,0,0,1,26.4,7.2,Concord (SuAsCo)
W2140,42.30487156,-71.48902528,2010.0,8.0,Summer,22.0,8.2,2,0,0,1,24.0,7.699999999999999,Concord (SuAsCo)
W2157,42.12140046,-71.45251286,2010.0,8.0,Summer,25.6,6.6,2,0,0,1,27.6,6.1,Charles
W2152,42.15062894,-71.42890888,2010.0,8.0,Summer,22.7,5.1,2,0,0,1,24.7,4.6,Charles
W2155,42.2331578,-71.32439929,2010.0,8.0,Summer,20.0,7.7,2,0,0,1,22.0,7.2,Charles
W2156,42.32625938,-71.26402999,2010.0,8.0,Summer,26.4,8.5,2,0,0,1,28.4,8.0,Charles
W2135,42.31981521,-71.39588095,2010.0,8.0,Summer,23.3,8.2,2,0,0,1,25.3,7.699999999999999,Concord (SuAsCo)
W2136,42.37245948,-71.42434277,2010.0,8.0,Summer,25.5,7.7,2,0,0,1,27.5,7.2,Concord (SuAsCo)
W2140,42.30487156,-71.48902528,2010.0,8.0,Summer,22.9,8.1,2,0,0,1,24.9,7.6,Concord (SuAsCo)
W2129,42.32853743,-71.67657471,2010.0,8.0,Summer,20.6,7.9,2,0,0,1,22.6,7.4,Concord (SuAsCo)
W2139,42.33332389,-71.6801695,2010.0,8.0,Summer,19.7,8.0,2,0,0,1,21.7,7.5,Concord (SuAsCo)
W2138,42.44091924,-71.54610442,2010.0,8.0,Summer,19.7,5.6,2,0,0,1,21.7,5.1,Concord (SuAsCo)
W2134,42.42994117,-71.51519095,2010.0,8.0,Summer,22.9,6.7,2,0,0,1,24.9,6.2,Concord (SuAsCo)
W2137,42.46739849,-71.42842635,2010.0,8.0,Summer,19.4,7.2,2,0,0,1,21.4,6.7,Concord (SuAsCo)
W2133,42.50413128,-71.41551085,2010.0,8.0,Summer,27.0,4.5,4,1,1,1,29.0,4.0,Concord (SuAsCo)
W2130,42.59600079,-71.34825495,2010.0,8.0,Summer,27.1,9.7,2,0,0,1,29.1,9.2,Concord (SuAsCo)
W2129,42.32853743,-71.67657471,2010.0,8.0,Summer,20.9,8.1,2,0,0,1,22.9,7.6,Concord (SuAsCo)
W2139,42.33332389,-71.6801695,2010.0,8.0,Summer,19.7,8.2,2,0,0,1,21.7,7.699999999999999,Concord (SuAsCo)
W2138,42.44091924,-71.54610442,2010.0,8.0,Summer,18.2,5.2,2,0,0,1,20.2,4.7,Concord (SuAsCo)
W2134,42.42994117,-71.51519095,2010.0,8.0,Summer,22.1,6.8,2,0,0,1,24.1,6.3,Concord (SuAsCo)
W2137,42.46739849,-71.42842635,2010.0,8.0,Summer,18.7,7.1,2,0,0,1,20.7,6.6,Concord (SuAsCo)
W2133,42.50413128,-71.41551085,2010.0,8.0,Summer,23.0,3.8,3,1,0,1,25.0,3.3,Concord (SuAsCo)
W2130,42.59600079,-71.34825495,2010.0,8.0,Summer,21.0,6.3,2,0,0,1,23.0,5.8,Concord (SuAsCo)
W2158,42.70975424,-71.85170033,2010.0,8.0,Summer,18.0,8.2,2,0,0,1,20.0,7.699999999999999,Merrimack
W2159,42.64641775,-71.40503654,2010.0,8.0,Summer,16.0,6.7,2,0,0,1,18.0,6.2,Merrimack
W2145,42.54625187,-71.2527211,2010.0,8.0,Summer,20.1,8.0,2,0,0,1,22.1,7.5,Shawsheen
W2149,42.51707907,-71.24471208,2010.0,8.0,Summer,23.9,8.1,2,0,0,1,25.9,7.6,Shawsheen
W2147,42.56945269,-71.21526802,2010.0,8.0,Summer,22.8,5.1,2,0,0,1,24.8,4.6,Shawsheen
W2144,42.59984567,-71.19306651,2010.0,8.0,Summer,24.0,6.6,2,0,0,1,26.0,6.1,Shawsheen
W2148,42.61704681,-71.16789529,2010.0,8.0,Summer,24.0,6.5,2,0,0,1,26.0,6.0,Shawsheen
W2158,42.70975424,-71.85170033,2010.0,8.0,Summer,15.9,8.4,2,0,0,1,17.9,7.9,Merrimack
W2159,42.64641775,-71.40503654,2010.0,8.0,Summer,17.2,8.5,2,0,0,1,19.2,8.0,Merrimack
W2145,42.54625187,-71.2527211,2010.0,8.0,Summer,18.1,8.7,2,0,0,1,20.1,8.2,Shawsheen
W2149,42.51707907,-71.24471208,2010.0,8.0,Summer,18.0,6.5,2,0,0,1,20.0,6.0,Shawsheen
W2147,42.56945269,-71.21526802,2010.0,8.0,Summer,18.2,7.5,2,0,0,1,20.2,7.0,Shawsheen
W2144,42.59984567,-71.19306651,2010.0,8.0,Summer,18.2,6.8,2,0,0,1,20.2,6.3,Shawsheen
W2148,42.61704681,-71.16789529,2010.0,8.0,Summer,18.2,7.5,2,0,0,1,20.2,7.0,Shawsheen
W2150,42.50955132,-71.03640039,2010.0,8.0,Summer,18.0,4.7,3,1,0,1,20.0,4.2,North Coastal
W2151,42.52481982,-70.92071248,2010.0,8.0,Summer,19.1,8.3,2,0,0,1,21.1,7.800000000000001,North Coastal
W2168,42.65733113,-70.93965944,2010.0,8.0,Summer,18.8,6.4,2,0,0,1,20.8,5.9,Ipswich
W2141,42.71872773,-70.98414919,2010.0,8.0,Summer,18.1,2.4,3,1,0,1,20.1,1.9,Parker
W2161,42.74648546,-71.04070809,2010.0,8.0,Summer,21.5,8.7,2,0,0,1,23.5,8.2,Merrimack
W2160,42.84388438,-71.00469926,2010.0,8.0,Summer,22.0,6.3,2,0,0,1,24.0,5.8,Merrimack
W2162,42.79801999,-71.10455406,2010.0,8.0,Summer,19.8,7.9,2,0,0,1,21.8,7.4,Merrimack
W2146,42.68793406,-71.13865086,2010.0,8.0,Summer,20.4,8.6,2,0,0,1,22.4,8.1,Shawsheen
W2150,42.50955132,-71.03640039,2010.0,9.0,Fall,22.0,3.6,2,1,0,1,24.0,3.1,North Coastal
W2151,42.52481982,-70.92071248,2010.0,9.0,Fall,23.8,8.3,1,0,0,1,25.8,7.800000000000001,North Coastal
W2168,42.65733113,-70.93965944,2010.0,9.0,Fall,23.1,2.2,2,1,0,1,25.1,1.7000000000000002,Ipswich
W2141,42.71872773,-70.98414919,2010.0,9.0,Fall,21.3,1.0,2,1,0,1,23.3,0.5,Parker
W2161,42.74648546,-71.04070809,2010.0,9.0,Fall,21.8,8.7,1,0,0,1,23.8,8.2,Merrimack
W2160,42.84388438,-71.00469926,2010.0,9.0,Fall,20.5,5.8,1,0,0,1,22.5,5.3,Merrimack
W2162,42.79801999,-71.10455406,2010.0,9.0,Fall,21.8,5.6,1,0,0,1,23.8,5.1,Merrimack
W2146,42.68793406,-71.13865086,2010.0,9.0,Fall,23.6,7.0,1,0,0,1,25.6,6.5,Shawsheen
W0762,41.80918339,-70.61753091,2010.0,6.0,Summer,25.4,10.1,2,0,0,1,27.4,9.6,Buzzards Bay
W0762,41.80918339,-70.61753091,2010.0,6.0,Summer,25.3,10.0,2,0,0,1,27.3,9.5,Buzzards Bay
W0762,41.80918339,-70.61753091,2010.0,6.0,Summer,23.2,6.6,2,0,0,1,25.2,6.1,Buzzards Bay
W0762,41.80918339,-70.61753091,2010.0,6.0,Summer,21.4,2.6,3,1,0,1,23.4,2.1,Buzzards Bay
W0754,41.80999411,-70.62755574,2010.0,6.0,Summer,26.4,9.3,2,0,0,1,28.4,8.8,Buzzards Bay
W0754,41.80999411,-70.62755574,2010.0,6.0,Summer,26.2,9.3,2,0,0,1,28.2,8.8,Buzzards Bay
W0754,41.80999411,-70.62755574,2010.0,6.0,Summer,25.8,9.6,2,0,0,1,27.8,9.1,Buzzards Bay
W0754,41.80999411,-70.62755574,2010.0,6.0,Summer,23.4,2.8,3,1,0,1,25.4,2.3,Buzzards Bay
W0926,42.00459582,-70.84525352,2010.0,6.0,Summer,27.4,8.7,2,0,0,1,29.4,8.2,Taunton
W0926,42.00459582,-70.84525352,2010.0,6.0,Summer,27.2,8.4,2,0,0,1,29.2,7.9,Taunton
W0926,42.00459582,-70.84525352,2010.0,6.0,Summer,25.6,3.1,4,1,1,1,27.6,2.6,Taunton
W0930,42.00146724,-70.83678103,2010.0,6.0,Summer,27.9,8.3,2,0,0,1,29.9,7.800000000000001,Taunton
W0930,42.00146724,-70.83678103,2010.0,6.0,Summer,27.7,8.3,2,0,0,1,29.7,7.800000000000001,Taunton
W0930,42.00146724,-70.83678103,2010.0,6.0,Summer,26.1,7.0,2,0,0,1,28.1,6.5,Taunton
W0762,41.80918339,-70.61753091,2010.0,7.0,Summer,28.0,9.0,2,0,0,1,30.0,8.5,Buzzards Bay
W0762,41.80918339,-70.61753091,2010.0,7.0,Summer,27.8,8.8,2,0,0,1,29.8,8.3,Buzzards Bay
W0762,41.80918339,-70.61753091,2010.0,7.0,Summer,27.5,8.2,2,0,0,1,29.5,7.699999999999999,Buzzards Bay
W0762,41.80918339,-70.61753091,2010.0,7.0,Summer,27.4,7.9,2,0,0,1,29.4,7.4,Buzzards Bay
W0754,41.80999411,-70.62755574,2010.0,7.0,Summer,28.5,8.4,2,0,0,1,30.5,7.9,Buzzards Bay
W0754,41.80999411,-70.62755574,2010.0,7.0,Summer,28.5,8.3,2,0,0,1,30.5,7.800000000000001,Buzzards Bay
W0754,41.80999411,-70.62755574,2010.0,7.0,Summer,28.5,8.3,2,0,0,1,30.5,7.800000000000001,Buzzards Bay
W0754,41.80999411,-70.62755574,2010.0,7.0,Summer,28.4,8.2,2,0,0,1,30.4,7.699999999999999,Buzzards Bay
W0775,41.68379581,-70.97096286,2010.0,7.0,Summer,26.3,4.2,3,1,1,0,28.3,3.7,Buzzards Bay
W0926,42.00459582,-70.84525352,2010.0,7.0,Summer,26.7,10.3,2,0,0,1,28.7,9.8,Taunton
W0926,42.00459582,-70.84525352,2010.0,7.0,Summer,26.3,9.6,2,0,0,1,28.3,9.1,Taunton
W0926,42.00459582,-70.84525352,2010.0,7.0,Summer,26.0,8.7,2,0,0,1,28.0,8.2,Taunton
W0930,42.00146724,-70.83678103,2010.0,7.0,Summer,26.7,7.8,2,0,0,1,28.7,7.3,Taunton
W0930,42.00146724,-70.83678103,2010.0,7.0,Summer,26.3,7.8,2,0,0,1,28.3,7.3,Taunton
W0930,42.00146724,-70.83678103,2010.0,7.0,Summer,25.8,6.9,2,0,0,1,27.8,6.4,Taunton
W0762,41.80918339,-70.61753091,2010.0,8.0,Summer,21.4,9.1,1,0,0,0,23.4,8.6,Buzzards Bay
W0762,41.80918339,-70.61753091,2010.0,8.0,Summer,21.4,9.1,1,0,0,0,23.4,8.6,Buzzards Bay
W0762,41.80918339,-70.61753091,2010.0,8.0,Summer,21.3,9.1,1,0,0,0,23.3,8.6,Buzzards Bay
W0762,41.80918339,-70.61753091,2010.0,8.0,Summer,20.5,7.6,1,0,0,0,22.5,7.1,Buzzards Bay
W0754,41.80999411,-70.62755574,2010.0,8.0,Summer,22.0,9.1,1,0,0,0,24.0,8.6,Buzzards Bay
W0754,41.80999411,-70.62755574,2010.0,8.0,Summer,21.8,9.1,1,0,0,0,23.8,8.6,Buzzards Bay
W0754,41.80999411,-70.62755574,2010.0,8.0,Summer,21.8,9.1,1,0,0,0,23.8,8.6,Buzzards Bay
W0754,41.80999411,-70.62755574,2010.0,8.0,Summer,21.3,8.0,1,0,0,0,23.3,7.5,Buzzards Bay
W0930,42.00146724,-70.83678103,2010.0,9.0,Fall,24.0,8.1,1,0,0,1,26.0,7.6,Taunton
W0930,42.00146724,-70.83678103,2010.0,9.0,Fall,23.7,8.1,1,0,0,1,25.7,7.6,Taunton
W0930,42.00146724,-70.83678103,2010.0,9.0,Fall,23.6,8.0,1,0,0,1,25.6,7.5,Taunton
W0930,42.00146724,-70.83678103,2010.0,9.0,Fall,23.6,8.0,1,0,0,1,25.6,7.5,Taunton
W0926,42.00459582,-70.84525352,2010.0,9.0,Fall,23.6,8.4,0,0,0,0,25.6,7.9,Taunton
W0926,42.00459582,-70.84525352,2010.0,9.0,Fall,23.4,8.2,0,0,0,0,25.4,7.699999999999999,Taunton
W0926,42.00459582,-70.84525352,2010.0,9.0,Fall,23.3,7.9,0,0,0,0,25.3,7.4,Taunton
W0926,42.00459582,-70.84525352,2010.0,9.0,Fall,23.1,7.3,0,0,0,0,25.1,6.8,Taunton
W0926,42.00459582,-70.84525352,2010.0,9.0,Fall,20.2,8.4,0,0,0,0,22.2,7.9,Taunton
W0926,42.00459582,-70.84525352,2010.0,9.0,Fall,20.2,8.4,0,0,0,0,22.2,7.9,Taunton
W0926,42.00459582,-70.84525352,2010.0,9.0,Fall,20.1,8.4,0,0,0,0,22.1,7.9,Taunton
W0926,42.00459582,-70.84525352,2010.0,9.0,Fall,21.3,8.3,0,0,0,0,23.3,7.800000000000001,Taunton
W0926,42.00459582,-70.84525352,2010.0,9.0,Fall,21.3,8.1,0,0,0,0,23.3,7.6,Taunton
W0926,42.00459582,-70.84525352,2010.0,9.0,Fall,21.1,7.7,0,0,0,0,23.1,7.2,Taunton
W0481,42.4951686,-71.72192464,2010.0,2.0,Winter,0.2,13.9,1,0,0,1,2.2,13.4,Nashua
W0681,42.44473811,-71.67198789,2010.0,2.0,Winter,1.3,12.9,1,0,0,1,3.3,12.4,Nashua
W0485,42.66968673,-71.56776529,2010.0,2.0,Winter,0.2,13.1,1,0,0,1,2.2,12.6,Nashua
W0494,42.39121389,-72.0645552,2010.0,2.0,Winter,0.0,14.3,1,0,0,1,2.0,13.8,Chicopee
W0493,42.26797538,-72.33276108,2010.0,2.0,Winter,1.1,13.3,1,0,0,1,3.1,12.8,Chicopee
W0492,42.23872578,-72.285755,2010.0,2.0,Winter,0.0,14.2,1,0,0,1,2.0,13.7,Chicopee
W0491,42.18142994,-72.26354268,2010.0,2.0,Winter,0.0,14.5,1,0,0,1,2.0,14.0,Chicopee
W0601,42.10956147,-72.11856925,2010.0,2.0,Winter,2.0,13.7,1,0,0,1,4.0,13.2,Quinebaug
W0615,42.11947322,-72.00870444,2010.0,2.0,Winter,1.9,14.0,1,0,0,1,3.9,13.5,Quinebaug
W0600,42.02202663,-71.9543561,2010.0,2.0,Winter,1.9,14.0,1,0,0,1,3.9,13.5,Quinebaug
W0075,42.0246995,-71.88418202,2010.0,2.0,Winter,3.0,13.6,1,0,0,1,5.0,13.1,French
W0602,42.05094532,-71.88507359,2010.0,2.0,Winter,2.6,13.8,1,0,0,1,4.6,13.3,French
W0690,42.59751119,-72.43783955,2010.0,2.0,Winter,0.0,14.4,1,0,0,1,2.0,13.9,Millers
W0691,42.58812535,-72.04099473,2010.0,2.0,Winter,0.2,12.9,1,0,0,1,2.2,12.4,Millers
W0692,42.62969793,-72.15035652,2010.0,2.0,Winter,0.1,13.4,1,0,0,1,2.1,12.9,Millers
W0693,42.68279648,-72.11503734,2010.0,2.0,Winter,0.1,11.7,1,0,0,1,2.1,11.2,Millers
W0695,42.30485304,-71.62845076,2010.0,2.0,Winter,2.9,11.7,1,0,0,1,4.9,11.2,Concord (SuAsCo)
W0696,42.32543468,-71.39736431,2010.0,2.0,Winter,2.0,14.1,1,0,0,1,4.0,13.6,Concord (SuAsCo)
W0697,42.43206352,-71.44974106,2010.0,2.0,Winter,1.0,14.6,1,0,0,1,3.0,14.1,Concord (SuAsCo)
W0698,42.51227518,-71.40458554,2010.0,2.0,Winter,0.7,13.3,1,0,0,1,2.7,12.8,Concord (SuAsCo)
W0680,42.22778189,-71.78735524,2010.0,2.0,Winter,2.1,13.7,1,0,0,1,4.1,13.2,Blackstone
W0689,42.23053792,-71.70809238,2010.0,2.0,Winter,1.6,13.6,1,0,0,1,3.6,13.1,Blackstone
W0767,42.153873,-71.65203977,2010.0,2.0,Winter,2.7,13.8,1,0,0,1,4.7,13.3,Blackstone
W0515,42.1003609,-71.60111703,2010.0,2.0,Winter,0.2,13.1,1,0,0,1,2.2,12.6,Blackstone
W1898,42.02271855,-71.57054135999999,2010.0,2.0,Winter,2.1,13.5,1,0,0,1,4.1,13.0,Blackstone
W0481,42.4951686,-71.72192464,2010.0,7.0,Summer,22.4,7.3,2,0,0,1,24.4,6.8,Nashua
W0681,42.44473811,-71.67198789,2010.0,7.0,Summer,17.0,9.1,2,0,0,1,19.0,8.6,Nashua
W0487,42.62094186,-71.64380951,2010.0,7.0,Summer,23.7,5.4,2,0,0,1,25.7,4.9,Nashua
W0485,42.66968673,-71.56776529,2010.0,7.0,Summer,26.0,6.4,2,0,0,1,28.0,5.9,Nashua
W0496,42.62647657,-71.59314962,2010.0,7.0,Summer,24.8,5.5,2,0,0,1,26.8,5.0,Nashua
W0490,42.26477944,-72.00491606,2010.0,7.0,Summer,22.0,8.2,2,0,0,1,24.0,7.699999999999999,Chicopee
W0494,42.39121389,-72.0645552,2010.0,7.0,Summer,24.8,7.7,2,0,0,1,26.8,7.2,Chicopee
W0493,42.26797538,-72.33276108,2010.0,7.0,Summer,13.3,11.2,2,0,0,1,15.3,10.7,Chicopee
W0492,42.23872578,-72.285755,2010.0,7.0,Summer,25.1,8.3,2,0,0,1,27.1,7.800000000000001,Chicopee
W0491,42.18142994,-72.26354268,2010.0,7.0,Summer,25.8,9.0,2,0,0,1,27.8,8.5,Chicopee
W0601,42.10956147,-72.11856925,2010.0,7.0,Summer,25.0,7.0,2,0,0,1,27.0,6.5,Quinebaug
W0615,42.11947322,-72.00870444,2010.0,7.0,Summer,20.3,9.0,2,0,0,1,22.3,8.5,Quinebaug
W0600,42.02202663,-71.9543561,2010.0,7.0,Summer,24.6,8.6,2,0,0,1,26.6,8.1,Quinebaug
W0075,42.0246995,-71.88418202,2010.0,7.0,Summer,24.4,7.9,2,0,0,1,26.4,7.4,French
W0602,42.05094532,-71.88507359,2010.0,7.0,Summer,25.5,7.8,2,0,0,1,27.5,7.3,French
W0690,42.59751119,-72.43783955,2010.0,8.0,Summer,19.0,9.4,2,0,0,1,21.0,8.9,Millers
W0691,42.58812535,-72.04099473,2010.0,8.0,Summer,18.0,8.5,2,0,0,1,20.0,8.0,Millers
W0692,42.62969793,-72.15035652,2010.0,8.0,Summer,19.5,8.4,2,0,0,1,21.5,7.9,Millers
W0693,42.68279648,-72.11503734,2010.0,8.0,Summer,17.9,4.8,3,1,0,1,19.9,4.3,Millers
W0694,42.6723218,-72.09305542,2010.0,8.0,Summer,19.2,8.7,2,0,0,1,21.2,8.2,Millers
W0695,42.30485304,-71.62845076,2010.0,8.0,Summer,18.8,7.5,2,0,0,1,20.8,7.0,Concord (SuAsCo)
W0696,42.32543468,-71.39736431,2010.0,8.0,Summer,19.6,8.5,2,0,0,1,21.6,8.0,Concord (SuAsCo)
W0697,42.43206352,-71.44974106,2010.0,8.0,Summer,19.8,8.4,2,0,0,1,21.8,7.9,Concord (SuAsCo)
W0698,42.51227518,-71.40458554,2010.0,8.0,Summer,17.4,7.9,2,0,0,1,19.4,7.4,Concord (SuAsCo)
W0680,42.22778189,-71.78735524,2010.0,9.0,Fall,22.5,7.3,1,0,0,1,24.5,6.8,Blackstone
W0689,42.23053792,-71.70809238,2010.0,9.0,Fall,23.6,7.0,1,0,0,1,25.6,6.5,Blackstone
W0767,42.153873,-71.65203977,2010.0,9.0,Fall,23.7,7.0,1,0,0,1,25.7,6.5,Blackstone
W0515,42.1003609,-71.60111703,2010.0,9.0,Fall,19.7,0.3,2,1,0,1,21.7,0.0,Blackstone
W1898,42.02271855,-71.57054135999999,2010.0,9.0,Fall,23.4,7.4,1,0,0,1,25.4,6.9,Blackstone
W0481,42.4951686,-71.72192464,2010.0,9.0,Fall,17.2,8.0,1,0,0,1,19.2,7.5,Nashua
W0681,42.44473811,-71.67198789,2010.0,9.0,Fall,15.7,8.3,1,0,0,1,17.7,7.800000000000001,Nashua
W0487,42.62094186,-71.64380951,2010.0,9.0,Fall,15.8,7.2,1,0,0,1,17.8,6.7,Nashua
W0485,42.66968673,-71.56776529,2010.0,9.0,Fall,17.8,7.9,1,0,0,1,19.8,7.4,Nashua
W0496,42.62647657,-71.59314962,2010.0,9.0,Fall,17.0,8.7,1,0,0,1,19.0,8.2,Nashua
W0490,42.26477944,-72.00491606,2010.0,10.0,Fall,12.8,9.6,1,0,0,1,14.8,9.1,Chicopee
W0494,42.39121389,-72.0645552,2010.0,10.0,Fall,13.2,10.4,1,0,0,1,15.2,9.9,Chicopee
W0493,42.26797538,-72.33276108,2010.0,10.0,Fall,17.0,9.2,1,0,0,1,19.0,8.7,Chicopee
W0492,42.23872578,-72.285755,2010.0,10.0,Fall,14.0,9.9,1,0,0,1,16.0,9.4,Chicopee
W0491,42.18142994,-72.26354268,2010.0,10.0,Fall,14.6,10.6,1,0,0,1,16.6,10.1,Chicopee
W0601,42.10956147,-72.11856925,2010.0,10.0,Fall,14.9,9.6,1,0,0,1,16.9,9.1,Quinebaug
W0615,42.11947322,-72.00870444,2010.0,10.0,Fall,14.0,9.9,1,0,0,1,16.0,9.4,Quinebaug
W0600,42.02202663,-71.9543561,2010.0,10.0,Fall,14.6,9.8,1,0,0,1,16.6,9.3,Quinebaug
W0075,42.0246995,-71.88418202,2010.0,10.0,Fall,14.3,10.0,1,0,0,1,16.3,9.5,French
W0690,42.59751119,-72.43783955,2010.0,10.0,Fall,8.0,12.3,1,0,0,1,10.0,11.8,Millers
W0691,42.58812535,-72.04099473,2010.0,10.0,Fall,8.3,11.0,1,0,0,1,10.3,10.5,Millers
W0693,42.68279648,-72.11503734,2010.0,10.0,Fall,7.0,6.2,1,0,0,1,9.0,5.7,Millers
W0694,42.6723218,-72.09305542,2010.0,10.0,Fall,8.0,10.0,1,0,0,1,10.0,9.5,Millers
W0695,42.30485304,-71.62845076,2010.0,10.0,Fall,11.6,8.0,1,0,0,1,13.6,7.5,Concord (SuAsCo)
W0696,42.32543468,-71.39736431,2010.0,10.0,Fall,11.6,10.4,1,0,0,1,13.6,9.9,Concord (SuAsCo)
W0697,42.43206352,-71.44974106,2010.0,10.0,Fall,10.4,10.6,1,0,0,1,12.4,10.1,Concord (SuAsCo)
W0698,42.51227518,-71.40458554,2010.0,10.0,Fall,8.4,10.0,1,0,0,1,10.4,9.5,Concord (SuAsCo)
W1487,42.64172611,-71.30284563,2010.0,10.0,Fall,11.2,10.9,1,0,0,1,13.2,10.4,Concord (SuAsCo)
W0680,42.22778189,-71.78735524,2010.0,10.0,Fall,14.7,9.5,1,0,0,1,16.7,9.0,Blackstone
W0689,42.23053792,-71.70809238,2010.0,10.0,Fall,14.2,9.3,1,0,0,1,16.2,8.8,Blackstone
W0767,42.153873,-71.65203977,2010.0,10.0,Fall,16.0,8.9,1,0,0,1,18.0,8.4,Blackstone
W1898,42.02271855,-71.57054135999999,2010.0,10.0,Fall,15.4,8.4,1,0,0,1,17.4,7.9,Blackstone
W0481,42.4951686,-71.72192464,2010.0,11.0,Fall,7.6,11.4,1,0,0,1,9.6,10.9,Nashua
W0681,42.44473811,-71.67198789,2010.0,11.0,Fall,8.6,10.1,1,0,0,1,10.6,9.6,Nashua
W0487,42.62094186,-71.64380951,2010.0,11.0,Fall,6.5,10.7,1,0,0,1,8.5,10.2,Nashua
W0485,42.66968673,-71.56776529,2010.0,11.0,Fall,7.4,10.6,1,0,0,1,9.4,10.1,Nashua
W0496,42.62647657,-71.59314962,2010.0,11.0,Fall,7.6,10.7,1,0,0,1,9.6,10.2,Nashua
W0490,42.26477944,-72.00491606,2010.0,11.0,Fall,7.2,11.5,1,0,0,1,9.2,11.0,Chicopee
W0494,42.39121389,-72.0645552,2010.0,11.0,Fall,6.2,13.0,1,0,0,1,8.2,12.5,Chicopee
W0493,42.26797538,-72.33276108,2010.0,11.0,Fall,11.0,10.8,1,0,0,1,13.0,10.3,Chicopee
W0492,42.23872578,-72.285755,2010.0,11.0,Fall,6.7,12.5,1,0,0,1,8.7,12.0,Chicopee
W0491,42.18142994,-72.26354268,2010.0,11.0,Fall,8.1,12.6,1,0,0,1,10.1,12.1,Chicopee
W0601,42.10956147,-72.11856925,2010.0,11.0,Fall,7.3,11.8,1,0,0,1,9.3,11.3,Quinebaug
W0615,42.11947322,-72.00870444,2010.0,11.0,Fall,8.9,11.0,1,0,0,1,10.9,10.5,Quinebaug
W0600,42.02202663,-71.9543561,2010.0,11.0,Fall,8.7,11.4,1,0,0,1,10.7,10.9,Quinebaug
W0075,42.0246995,-71.88418202,2010.0,11.0,Fall,9.4,11.1,1,0,0,1,11.4,10.6,French
W0602,42.05094532,-71.88507359,2010.0,11.0,Fall,8.8,11.4,1,0,0,1,10.8,10.9,French
W1959,41.838662,-71.23263553,2009.0,5.0,Spring,14.9,8.6,1,0,0,1,16.9,8.1,Narragansett Bay (Shore)
W1958,41.84689238,-71.25551885,2009.0,5.0,Spring,14.0,9.1,1,0,0,1,16.0,8.6,Narragansett Bay (Shore)
W0624,41.85489099,-71.255975,2009.0,5.0,Spring,14.4,9.8,1,0,0,1,16.4,9.3,Narragansett Bay (Shore)
W0665,41.8334926,-71.27765127,2009.0,5.0,Spring,15.0,8.5,1,0,0,1,17.0,8.0,Narragansett Bay (Shore)
W1956,41.83504629,-71.28898153,2009.0,5.0,Spring,15.8,8.6,1,0,0,1,17.8,8.1,Narragansett Bay (Shore)
W1955,41.83066674,-71.3297127,2009.0,5.0,Spring,15.9,7.4,1,0,0,1,17.9,6.9,Narragansett Bay (Shore)
W0622,41.81022138,-71.29169192,2009.0,5.0,Spring,20.4,7.4,1,0,0,1,22.4,6.9,Narragansett Bay (Shore)
W0651,41.78837741,-71.3295203,2009.0,5.0,Spring,16.2,7.7,1,0,0,1,18.2,7.2,Narragansett Bay (Shore)
W0661,41.77539014,-71.19881372,2009.0,5.0,Spring,15.1,7.6,1,0,0,1,17.1,7.1,Mount Hope Bay (Shore)
W0654,41.76695306,-71.18552542,2009.0,5.0,Spring,15.4,10.0,1,0,0,1,17.4,9.5,Mount Hope Bay (Shore)
W0641,41.75038258,-71.20392705,2009.0,5.0,Spring,18.8,8.8,1,0,0,1,20.8,8.3,Mount Hope Bay (Shore)
W1962,41.69633043,-71.14860388,2009.0,5.0,Spring,18.0,10.0,1,0,0,1,20.0,9.5,Mount Hope Bay (Shore)
W1960,41.78126268,-71.28901738,2009.0,5.0,Spring,15.2,8.9,1,0,0,1,17.2,8.4,Narragansett Bay (Shore)
W0637,41.79498181,-71.25266188,2009.0,5.0,Spring,14.3,8.8,1,0,0,1,16.3,8.3,Narragansett Bay (Shore)
W0638,41.78162246,-71.2504345,2009.0,5.0,Spring,15.5,9.0,1,0,0,1,17.5,8.5,Narragansett Bay (Shore)
W1961,41.74691378,-71.25130236,2009.0,5.0,Spring,14.5,9.9,1,0,0,1,16.5,9.4,Mount Hope Bay (Shore)
W1959,41.838662,-71.23263553,2009.0,5.0,Spring,14.7,9.2,1,0,0,1,16.7,8.7,Narragansett Bay (Shore)
W1958,41.84689238,-71.25551885,2009.0,5.0,Spring,13.7,9.4,1,0,0,1,15.7,8.9,Narragansett Bay (Shore)
W0624,41.85489099,-71.255975,2009.0,5.0,Spring,14.2,9.9,1,0,0,1,16.2,9.4,Narragansett Bay (Shore)
W0665,41.8334926,-71.27765127,2009.0,5.0,Spring,14.7,9.0,1,0,0,1,16.7,8.5,Narragansett Bay (Shore)
W1956,41.83504629,-71.28898153,2009.0,5.0,Spring,12.9,9.1,1,0,0,1,14.9,8.6,Narragansett Bay (Shore)
W1955,41.83066674,-71.3297127,2009.0,5.0,Spring,13.5,8.2,1,0,0,1,15.5,7.699999999999999,Narragansett Bay (Shore)
W0622,41.81022138,-71.29169192,2009.0,5.0,Spring,14.0,7.4,1,0,0,1,16.0,6.9,Narragansett Bay (Shore)
W0651,41.78837741,-71.3295203,2009.0,5.0,Spring,13.8,8.0,1,0,0,1,15.8,7.5,Narragansett Bay (Shore)
W0661,41.77539014,-71.19881372,2009.0,5.0,Spring,14.3,8.0,1,0,0,1,16.3,7.5,Mount Hope Bay (Shore)
W0654,41.76695306,-71.18552542,2009.0,5.0,Spring,13.6,10.5,1,0,0,1,15.6,10.0,Mount Hope Bay (Shore)
W0641,41.75038258,-71.20392705,2009.0,5.0,Spring,17.7,8.9,1,0,0,1,19.7,8.4,Mount Hope Bay (Shore)
W1962,41.69633043,-71.14860388,2009.0,5.0,Spring,16.4,9.1,1,0,0,1,18.4,8.6,Mount Hope Bay (Shore)
W1960,41.78126268,-71.28901738,2009.0,5.0,Spring,17.3,9.2,1,0,0,1,19.3,8.7,Narragansett Bay (Shore)
W0637,41.79498181,-71.25266188,2009.0,5.0,Spring,14.9,9.3,1,0,0,1,16.9,8.8,Narragansett Bay (Shore)
W0638,41.78162246,-71.2504345,2009.0,5.0,Spring,15.0,9.2,1,0,0,1,17.0,8.7,Narragansett Bay (Shore)
W1961,41.74691378,-71.25130236,2009.0,5.0,Spring,12.9,10.1,1,0,0,1,14.9,9.6,Mount Hope Bay (Shore)
W1959,41.838662,-71.23263553,2009.0,6.0,Summer,15.3,8.2,2,0,0,1,17.3,7.699999999999999,Narragansett Bay (Shore)
W1958,41.84689238,-71.25551885,2009.0,6.0,Summer,15.5,8.3,2,0,0,1,17.5,7.800000000000001,Narragansett Bay (Shore)
W0624,41.85489099,-71.255975,2009.0,6.0,Summer,14.9,9.0,2,0,0,1,16.9,8.5,Narragansett Bay (Shore)
W0665,41.8334926,-71.27765127,2009.0,6.0,Summer,14.9,8.3,2,0,0,1,16.9,7.800000000000001,Narragansett Bay (Shore)
W1956,41.83504629,-71.28898153,2009.0,6.0,Summer,15.5,6.8,2,0,0,1,17.5,6.3,Narragansett Bay (Shore)
W1955,41.83066674,-71.3297127,2009.0,6.0,Summer,15.2,7.7,2,0,0,1,17.2,7.2,Narragansett Bay (Shore)
W0622,41.81022138,-71.29169192,2009.0,6.0,Summer,17.2,4.7,3,1,0,1,19.2,4.2,Narragansett Bay (Shore)
W0651,41.78837741,-71.3295203,2009.0,6.0,Summer,16.8,6.4,2,0,0,1,18.8,5.9,Narragansett Bay (Shore)
W0661,41.77539014,-71.19881372,2009.0,6.0,Summer,15.4,6.5,2,0,0,1,17.4,6.0,Mount Hope Bay (Shore)
W0654,41.76695306,-71.18552542,2009.0,6.0,Summer,14.6,9.2,2,0,0,1,16.6,8.7,Mount Hope Bay (Shore)
W0641,41.75038258,-71.20392705,2009.0,6.0,Summer,19.1,7.8,2,0,0,1,21.1,7.3,Mount Hope Bay (Shore)
W1960,41.78126268,-71.28901738,2009.0,6.0,Summer,16.0,7.9,2,0,0,1,18.0,7.4,Narragansett Bay (Shore)
W0637,41.79498181,-71.25266188,2009.0,6.0,Summer,15.2,8.2,2,0,0,1,17.2,7.699999999999999,Narragansett Bay (Shore)
W0638,41.78162246,-71.2504345,2009.0,6.0,Summer,16.4,7.0,2,0,0,1,18.4,6.5,Narragansett Bay (Shore)
W1961,41.74691378,-71.25130236,2009.0,6.0,Summer,15.9,8.6,2,0,0,1,17.9,8.1,Mount Hope Bay (Shore)
W1959,41.838662,-71.23263553,2009.0,6.0,Summer,16.6,8.3,2,0,0,1,18.6,7.800000000000001,Narragansett Bay (Shore)
W1958,41.84689238,-71.25551885,2009.0,6.0,Summer,15.9,8.8,2,0,0,1,17.9,8.3,Narragansett Bay (Shore)
W0624,41.85489099,-71.255975,2009.0,6.0,Summer,15.5,9.2,2,0,0,1,17.5,8.7,Narragansett Bay (Shore)
W0665,41.8334926,-71.27765127,2009.0,6.0,Summer,15.8,8.6,2,0,0,1,17.8,8.1,Narragansett Bay (Shore)
W1956,41.83504629,-71.28898153,2009.0,6.0,Summer,14.9,7.5,2,0,0,1,16.9,7.0,Narragansett Bay (Shore)
W1955,41.83066674,-71.3297127,2009.0,6.0,Summer,15.0,7.6,2,0,0,1,17.0,7.1,Narragansett Bay (Shore)
W0622,41.81022138,-71.29169192,2009.0,6.0,Summer,16.6,4.8,3,1,0,1,18.6,4.3,Narragansett Bay (Shore)
W0651,41.78837741,-71.3295203,2009.0,6.0,Summer,16.2,7.0,2,0,0,1,18.2,6.5,Narragansett Bay (Shore)
W0661,41.77539014,-71.19881372,2009.0,6.0,Summer,14.9,7.3,2,0,0,1,16.9,6.8,Mount Hope Bay (Shore)
W0654,41.76695306,-71.18552542,2009.0,6.0,Summer,14.3,9.5,2,0,0,1,16.3,9.0,Mount Hope Bay (Shore)
W0641,41.75038258,-71.20392705,2009.0,6.0,Summer,19.2,7.3,2,0,0,1,21.2,6.8,Mount Hope Bay (Shore)
W1960,41.78126268,-71.28901738,2009.0,6.0,Summer,17.3,8.3,2,0,0,1,19.3,7.800000000000001,Narragansett Bay (Shore)
W0637,41.79498181,-71.25266188,2009.0,6.0,Summer,14.3,9.0,2,0,0,1,16.3,8.5,Narragansett Bay (Shore)
W0638,41.78162246,-71.2504345,2009.0,6.0,Summer,15.7,7.5,2,0,0,1,17.7,7.0,Narragansett Bay (Shore)
W1961,41.74691378,-71.25130236,2009.0,6.0,Summer,14.4,8.8,2,0,0,1,16.4,8.3,Mount Hope Bay (Shore)
W1959,41.838662,-71.23263553,2009.0,7.0,Summer,20.8,7.2,2,0,0,1,22.8,6.7,Narragansett Bay (Shore)
W1958,41.84689238,-71.25551885,2009.0,7.0,Summer,20.2,7.8,2,0,0,1,22.2,7.3,Narragansett Bay (Shore)
W0624,41.85489099,-71.255975,2009.0,7.0,Summer,19.4,8.3,2,0,0,1,21.4,7.800000000000001,Narragansett Bay (Shore)
W0665,41.8334926,-71.27765127,2009.0,7.0,Summer,20.0,7.8,2,0,0,1,22.0,7.3,Narragansett Bay (Shore)
W1956,41.83504629,-71.28898153,2009.0,7.0,Summer,19.5,6.4,2,0,0,1,21.5,5.9,Narragansett Bay (Shore)
W1955,41.83066674,-71.3297127,2009.0,7.0,Summer,20.2,6.7,2,0,0,1,22.2,6.2,Narragansett Bay (Shore)
W0622,41.81022138,-71.29169192,2009.0,7.0,Summer,22.3,2.1,3,1,0,1,24.3,1.6,Narragansett Bay (Shore)
W0651,41.78837741,-71.3295203,2009.0,7.0,Summer,22.0,6.0,2,0,0,1,24.0,5.5,Narragansett Bay (Shore)
W0661,41.77539014,-71.19881372,2009.0,7.0,Summer,19.8,5.1,2,0,0,1,21.8,4.6,Mount Hope Bay (Shore)
W0654,41.76695306,-71.18552542,2009.0,7.0,Summer,18.8,8.0,2,0,0,1,20.8,7.5,Mount Hope Bay (Shore)
W0641,41.75038258,-71.20392705,2009.0,7.0,Summer,24.5,7.0,2,0,0,1,26.5,6.5,Mount Hope Bay (Shore)
W1962,41.69633043,-71.14860388,2009.0,7.0,Summer,27.0,7.2,2,0,0,1,29.0,6.7,Mount Hope Bay (Shore)
W1960,41.78126268,-71.28901738,2009.0,7.0,Summer,19.8,7.0,2,0,0,1,21.8,6.5,Narragansett Bay (Shore)
W0637,41.79498181,-71.25266188,2009.0,7.0,Summer,18.6,7.2,2,0,0,1,20.6,6.7,Narragansett Bay (Shore)
W0638,41.78162246,-71.2504345,2009.0,7.0,Summer,20.2,5.2,2,0,0,1,22.2,4.7,Narragansett Bay (Shore)
W1961,41.74691378,-71.25130236,2009.0,7.0,Summer,20.0,7.5,2,0,0,1,22.0,7.0,Mount Hope Bay (Shore)
W1959,41.838662,-71.23263553,2009.0,7.0,Summer,21.5,7.2,2,0,0,1,23.5,6.7,Narragansett Bay (Shore)
W1958,41.84689238,-71.25551885,2009.0,7.0,Summer,20.0,7.8,2,0,0,1,22.0,7.3,Narragansett Bay (Shore)
W0624,41.85489099,-71.255975,2009.0,7.0,Summer,19.1,8.4,2,0,0,1,21.1,7.9,Narragansett Bay (Shore)
W0665,41.8334926,-71.27765127,2009.0,7.0,Summer,19.8,7.6,2,0,0,1,21.8,7.1,Narragansett Bay (Shore)
W1956,41.83504629,-71.28898153,2009.0,7.0,Summer,18.0,6.6,2,0,0,1,20.0,6.1,Narragansett Bay (Shore)
W1955,41.83066674,-71.3297127,2009.0,7.0,Summer,18.8,6.7,2,0,0,1,20.8,6.2,Narragansett Bay (Shore)
W0622,41.81022138,-71.29169192,2009.0,7.0,Summer,20.0,1.6,3,1,0,1,22.0,1.1,Narragansett Bay (Shore)
W0651,41.78837741,-71.3295203,2009.0,7.0,Summer,20.2,5.7,2,0,0,1,22.2,5.2,Narragansett Bay (Shore)
W0661,41.77539014,-71.19881372,2009.0,7.0,Summer,19.2,5.4,2,0,0,1,21.2,4.9,Mount Hope Bay (Shore)
W0654,41.76695306,-71.18552542,2009.0,7.0,Summer,18.2,8.4,2,0,0,1,20.2,7.9,Mount Hope Bay (Shore)
W0641,41.75038258,-71.20392705,2009.0,7.0,Summer,22.1,7.4,2,0,0,1,24.1,6.9,Mount Hope Bay (Shore)
W1962,41.69633043,-71.14860388,2009.0,7.0,Summer,23.4,4.0,3,1,0,1,25.4,3.5,Mount Hope Bay (Shore)
W1960,41.78126268,-71.28901738,2009.0,7.0,Summer,19.8,6.8,2,0,0,1,21.8,6.3,Narragansett Bay (Shore)
W0637,41.79498181,-71.25266188,2009.0,7.0,Summer,18.5,7.1,2,0,0,1,20.5,6.6,Narragansett Bay (Shore)
W0638,41.78162246,-71.2504345,2009.0,7.0,Summer,19.3,5.5,2,0,0,1,21.3,5.0,Narragansett Bay (Shore)
W1961,41.74691378,-71.25130236,2009.0,7.0,Summer,19.0,8.0,2,0,0,1,21.0,7.5,Mount Hope Bay (Shore)
W1959,41.838662,-71.23263553,2009.0,8.0,Summer,22.0,5.3,2,0,0,1,24.0,4.8,Narragansett Bay (Shore)
W1958,41.84689238,-71.25551885,2009.0,8.0,Summer,23.3,6.4,2,0,0,1,25.3,5.9,Narragansett Bay (Shore)
W0624,41.85489099,-71.255975,2009.0,8.0,Summer,21.6,7.3,2,0,0,1,23.6,6.8,Narragansett Bay (Shore)
W0665,41.8334926,-71.27765127,2009.0,8.0,Summer,21.8,6.8,2,0,0,1,23.8,6.3,Narragansett Bay (Shore)
W1956,41.83504629,-71.28898153,2009.0,8.0,Summer,20.6,5.2,2,0,0,1,22.6,4.7,Narragansett Bay (Shore)
W1955,41.83066674,-71.3297127,2009.0,8.0,Summer,23.3,5.3,2,0,0,1,25.3,4.8,Narragansett Bay (Shore)
W0622,41.81022138,-71.29169192,2009.0,8.0,Summer,24.6,2.0,3,1,0,1,26.6,1.5,Narragansett Bay (Shore)
W0651,41.78837741,-71.3295203,2009.0,8.0,Summer,24.0,4.4,3,1,0,1,26.0,3.9000000000000004,Narragansett Bay (Shore)
W0661,41.77539014,-71.19881372,2009.0,8.0,Summer,23.6,4.6,3,1,0,1,25.6,4.1,Mount Hope Bay (Shore)
W0654,41.76695306,-71.18552542,2009.0,8.0,Summer,22.3,7.0,2,0,0,1,24.3,6.5,Mount Hope Bay (Shore)
W0641,41.75038258,-71.20392705,2009.0,8.0,Summer,26.3,5.6,2,0,0,1,28.3,5.1,Mount Hope Bay (Shore)
W1962,41.69633043,-71.14860388,2009.0,8.0,Summer,28.3,6.4,2,0,0,1,30.3,5.9,Mount Hope Bay (Shore)
W1960,41.78126268,-71.28901738,2009.0,8.0,Summer,24.0,5.9,2,0,0,1,26.0,5.4,Narragansett Bay (Shore)
W0637,41.79498181,-71.25266188,2009.0,8.0,Summer,21.1,6.9,2,0,0,1,23.1,6.4,Narragansett Bay (Shore)
W0638,41.78162246,-71.2504345,2009.0,8.0,Summer,24.0,5.2,2,0,0,1,26.0,4.7,Narragansett Bay (Shore)
W1961,41.74691378,-71.25130236,2009.0,8.0,Summer,22.9,6.4,2,0,0,1,24.9,5.9,Mount Hope Bay (Shore)
W1959,41.838662,-71.23263553,2009.0,8.0,Summer,21.6,5.8,2,0,0,1,23.6,5.3,Narragansett Bay (Shore)
W1958,41.84689238,-71.25551885,2009.0,8.0,Summer,23.3,6.2,2,0,0,1,25.3,5.7,Narragansett Bay (Shore)
W0624,41.85489099,-71.255975,2009.0,8.0,Summer,21.6,7.5,2,0,0,1,23.6,7.0,Narragansett Bay (Shore)
W0665,41.8334926,-71.27765127,2009.0,8.0,Summer,21.8,6.9,2,0,0,1,23.8,6.4,Narragansett Bay (Shore)
W1956,41.83504629,-71.28898153,2009.0,8.0,Summer,19.1,5.6,2,0,0,1,21.1,5.1,Narragansett Bay (Shore)
W1955,41.83066674,-71.3297127,2009.0,8.0,Summer,21.8,4.9,3,1,0,1,23.8,4.4,Narragansett Bay (Shore)
W0622,41.81022138,-71.29169192,2009.0,8.0,Summer,22.9,1.7,3,1,0,1,24.9,1.2,Narragansett Bay (Shore)
W0651,41.78837741,-71.3295203,2009.0,8.0,Summer,22.8,4.2,3,1,0,1,24.8,3.7,Narragansett Bay (Shore)
W0661,41.77539014,-71.19881372,2009.0,8.0,Summer,22.5,5.0,2,0,0,1,24.5,4.5,Mount Hope Bay (Shore)
W0654,41.76695306,-71.18552542,2009.0,8.0,Summer,21.2,6.8,2,0,0,1,23.2,6.3,Mount Hope Bay (Shore)
W0641,41.75038258,-71.20392705,2009.0,8.0,Summer,24.8,5.0,2,0,0,1,26.8,4.5,Mount Hope Bay (Shore)
W1962,41.69633043,-71.14860388,2009.0,8.0,Summer,26.0,3.9,4,1,1,1,28.0,3.4,Mount Hope Bay (Shore)
W1960,41.78126268,-71.28901738,2009.0,8.0,Summer,22.2,6.8,2,0,0,1,24.2,6.3,Narragansett Bay (Shore)
W0637,41.79498181,-71.25266188,2009.0,8.0,Summer,20.4,7.1,2,0,0,1,22.4,6.6,Narragansett Bay (Shore)
W0638,41.78162246,-71.2504345,2009.0,8.0,Summer,23.0,5.4,2,0,0,1,25.0,4.9,Narragansett Bay (Shore)
W1961,41.74691378,-71.25130236,2009.0,8.0,Summer,21.1,6.3,2,0,0,1,23.1,5.8,Mount Hope Bay (Shore)
W1972,42.47137193,-71.17418508,2009.0,4.0,Spring,7.9,11.1,1,0,0,1,9.9,10.6,Mystic
W1971,42.47298956,-71.17218991,2009.0,4.0,Spring,8.6,11.2,1,0,0,1,10.6,10.7,Mystic
W1972,42.47137193,-71.17418508,2009.0,5.0,Spring,12.5,10.0,1,0,0,1,14.5,9.5,Mystic
W1971,42.47298956,-71.17218991,2009.0,5.0,Spring,11.8,10.0,1,0,0,1,13.8,9.5,Mystic
W1972,42.47137193,-71.17418508,2009.0,6.0,Summer,16.0,8.5,2,0,0,1,18.0,8.0,Mystic
W1971,42.47298956,-71.17218991,2009.0,6.0,Summer,15.8,8.8,2,0,0,1,17.8,8.3,Mystic
W1979,42.49772931,-71.13348578,2009.0,6.0,Summer,18.4,5.1,2,0,0,1,20.4,4.6,Mystic
W1964,42.4694106,-71.12510374,2009.0,6.0,Summer,18.1,6.8,2,0,0,1,20.1,6.3,Mystic
W1965,42.44730903,-71.13871254,2009.0,6.0,Summer,19.3,6.9,2,0,0,1,21.3,6.4,Mystic
W1977,42.43524414,-71.19406671,2009.0,6.0,Summer,16.2,7.4,2,0,0,1,18.2,6.9,Mystic
W1966,42.42231417,-71.14952294,2009.0,6.0,Summer,18.6,8.3,2,0,0,1,20.6,7.800000000000001,Mystic
W1969,42.40692802,-71.13399738,2009.0,6.0,Summer,19.9,3.5,3,1,0,1,21.9,3.0,Mystic
W1975,42.39711852,-71.07943281,2009.0,6.0,Summer,19.3,6.8,2,0,0,1,21.3,6.3,Mystic
W1967,42.41791119,-71.07329736,2009.0,6.0,Summer,18.8,5.7,2,0,0,1,20.8,5.2,Mystic
W1978,42.4382644,-71.06956013,2009.0,6.0,Summer,20.7,8.4,2,0,0,1,22.7,7.9,Mystic
W1979,42.49772931,-71.13348578,2009.0,7.0,Summer,17.8,4.8,3,1,0,1,19.8,4.3,Mystic
W1964,42.4694106,-71.12510374,2009.0,7.0,Summer,17.5,6.7,2,0,0,1,19.5,6.2,Mystic
W1965,42.44730903,-71.13871254,2009.0,7.0,Summer,17.9,6.2,2,0,0,1,19.9,5.7,Mystic
W1977,42.43524414,-71.19406671,2009.0,7.0,Summer,15.1,7.2,2,0,0,1,17.1,6.7,Mystic
W1966,42.42231417,-71.14952294,2009.0,7.0,Summer,17.1,8.4,2,0,0,1,19.1,7.9,Mystic
W1969,42.40692802,-71.13399738,2009.0,7.0,Summer,18.5,1.9,3,1,0,1,20.5,1.4,Mystic
W1975,42.39711852,-71.07943281,2009.0,7.0,Summer,21.4,7.8,2,0,0,1,23.4,7.3,Mystic
W1967,42.41791119,-71.07329736,2009.0,7.0,Summer,19.1,4.6,3,1,0,1,21.1,4.1,Mystic
W1978,42.4382644,-71.06956013,2009.0,7.0,Summer,17.2,7.8,2,0,0,1,19.2,7.3,Mystic
W1972,42.47137193,-71.17418508,2009.0,8.0,Summer,17.7,8.5,2,0,0,1,19.7,8.0,Mystic
W1971,42.47298956,-71.17218991,2009.0,8.0,Summer,17.7,8.8,2,0,0,1,19.7,8.3,Mystic
W1979,42.49772931,-71.13348578,2009.0,7.0,Summer,21.4,4.2,3,1,0,1,23.4,3.7,Mystic
W1964,42.4694106,-71.12510374,2009.0,7.0,Summer,20.9,7.0,2,0,0,1,22.9,6.5,Mystic
W1965,42.44730903,-71.13871254,2009.0,7.0,Summer,23.0,7.0,2,0,0,1,25.0,6.5,Mystic
W1977,42.43524414,-71.19406671,2009.0,7.0,Summer,17.5,7.0,2,0,0,1,19.5,6.5,Mystic
W1966,42.42231417,-71.14952294,2009.0,7.0,Summer,20.2,8.1,2,0,0,1,22.2,7.6,Mystic
W1969,42.40692802,-71.13399738,2009.0,7.0,Summer,23.4,4.9,3,1,0,1,25.4,4.4,Mystic
W1975,42.39711852,-71.07943281,2009.0,7.0,Summer,25.2,7.3,2,0,0,1,27.2,6.8,Mystic
W1967,42.41791119,-71.07329736,2009.0,7.0,Summer,22.2,7.3,2,0,0,1,24.2,6.8,Mystic
W1978,42.4382644,-71.06956013,2009.0,7.0,Summer,22.8,7.2,2,0,0,1,24.8,6.7,Mystic
W1979,42.49772931,-71.13348578,2009.0,8.0,Summer,21.8,4.1,3,1,0,1,23.8,3.5999999999999996,Mystic
W1964,42.4694106,-71.12510374,2009.0,8.0,Summer,21.5,7.1,2,0,0,1,23.5,6.6,Mystic
W1965,42.44730903,-71.13871254,2009.0,8.0,Summer,23.3,7.0,2,0,0,1,25.3,6.5,Mystic
W1977,42.43524414,-71.19406671,2009.0,8.0,Summer,19.0,6.9,2,0,0,1,21.0,6.4,Mystic
W1966,42.42231417,-71.14952294,2009.0,8.0,Summer,21.8,8.0,2,0,0,1,23.8,7.5,Mystic
W1969,42.40692802,-71.13399738,2009.0,8.0,Summer,23.2,3.0,3,1,0,1,25.2,2.5,Mystic
W1975,42.39711852,-71.07943281,2009.0,8.0,Summer,26.4,8.8,2,0,0,1,28.4,8.3,Mystic
W1967,42.41791119,-71.07329736,2009.0,8.0,Summer,28.2,10.2,2,0,0,1,30.2,9.7,Mystic
W1978,42.4382644,-71.06956013,2009.0,8.0,Summer,22.8,8.9,2,0,0,1,24.8,8.4,Mystic
W1972,42.47137193,-71.17418508,2009.0,9.0,Fall,14.5,9.3,1,0,0,1,16.5,8.8,Mystic
W1971,42.47298956,-71.17218991,2009.0,9.0,Fall,14.5,9.5,1,0,0,1,16.5,9.0,Mystic
W1979,42.49772931,-71.13348578,2009.0,9.0,Fall,17.1,4.9,2,1,0,1,19.1,4.4,Mystic
W1964,42.4694106,-71.12510374,2009.0,9.0,Fall,17.1,8.0,1,0,0,1,19.1,7.5,Mystic
W1965,42.44730903,-71.13871254,2009.0,9.0,Fall,18.2,7.8,1,0,0,1,20.2,7.3,Mystic
W1977,42.43524414,-71.19406671,2009.0,9.0,Fall,15.5,7.6,1,0,0,1,17.5,7.1,Mystic
W1966,42.42231417,-71.14952294,2009.0,9.0,Fall,18.6,8.8,1,0,0,1,20.6,8.3,Mystic
W1969,42.40692802,-71.13399738,2009.0,9.0,Fall,19.5,3.4,2,1,0,1,21.5,2.9,Mystic
W1973,42.41196479,-71.1005642,2009.0,9.0,Fall,21.1,5.1,1,0,0,1,23.1,4.6,Mystic
W1967,42.41791119,-71.07329736,2009.0,9.0,Fall,21.8,10.4,1,0,0,1,23.8,9.9,Mystic
W1978,42.4382644,-71.06956013,2009.0,9.0,Fall,22.5,8.5,1,0,0,1,24.5,8.0,Mystic
W1979,42.49772931,-71.13348578,2009.0,9.0,Fall,17.7,4.9,2,1,0,1,19.7,4.4,Mystic
W1964,42.4694106,-71.12510374,2009.0,9.0,Fall,17.6,7.8,1,0,0,1,19.6,7.3,Mystic
W1965,42.44730903,-71.13871254,2009.0,9.0,Fall,17.5,8.1,1,0,0,1,19.5,7.6,Mystic
W1977,42.43524414,-71.19406671,2009.0,9.0,Fall,15.5,7.8,1,0,0,1,17.5,7.3,Mystic
W1966,42.42231417,-71.14952294,2009.0,9.0,Fall,17.2,9.4,1,0,0,1,19.2,8.9,Mystic
W1969,42.40692802,-71.13399738,2009.0,9.0,Fall,19.1,4.4,2,1,0,1,21.1,3.9000000000000004,Mystic
W1973,42.41196479,-71.1005642,2009.0,9.0,Fall,20.9,6.0,1,0,0,1,22.9,5.5,Mystic
W1975,42.39711852,-71.07943281,2009.0,9.0,Fall,21.4,9.5,1,0,0,1,23.4,9.0,Mystic
W1967,42.41791119,-71.07329736,2009.0,9.0,Fall,20.6,8.8,1,0,0,1,22.6,8.3,Mystic
W1978,42.4382644,-71.06956013,2009.0,9.0,Fall,19.3,8.7,1,0,0,1,21.3,8.2,Mystic
W0551,42.15752806,-71.20894828,2009.0,5.0,Spring,10.8,10.2,1,0,0,1,12.8,9.7,Neponset
W0544,42.17399161,-71.20853856,2009.0,5.0,Spring,14.8,9.1,1,0,0,1,16.8,8.6,Neponset
W1933,42.1718706,-71.18594357,2009.0,5.0,Spring,14.3,9.0,1,0,0,1,16.3,8.5,Neponset
W1948,42.19275388,-71.14906792,2009.0,5.0,Spring,12.3,9.3,1,0,0,1,14.3,8.8,Neponset
W0568,42.20923111,-71.14595217,2009.0,5.0,Spring,13.9,7.7,1,0,0,1,15.9,7.2,Neponset
W0566,42.20323377,-71.13501796,2009.0,5.0,Spring,12.7,8.8,1,0,0,1,14.7,8.3,Neponset
W1945,42.15206107,-71.11240912,2009.0,5.0,Spring,13.0,8.0,1,0,0,1,15.0,7.5,Neponset
W0559,42.15863426,-71.13993414,2009.0,5.0,Spring,15.5,8.2,1,0,0,1,17.5,7.699999999999999,Neponset
W1963,42.15821391,-71.15549018,2009.0,5.0,Spring,14.7,9.9,1,0,0,1,16.7,9.4,Neponset
W0557,42.12604018,-71.18526016,2009.0,5.0,Spring,12.6,8.5,1,0,0,1,14.6,8.0,Neponset
W1949,42.25062143,-71.12953409,2009.0,6.0,Summer,19.6,8.6,2,0,0,1,21.6,8.1,Neponset
W1934,42.24989528,-71.12456936,2009.0,6.0,Summer,17.8,7.1,2,0,0,1,19.8,6.6,Neponset
W1935,42.2693424,-71.08658191,2009.0,6.0,Summer,19.7,9.2,2,0,0,1,21.7,8.7,Neponset
W0573,42.26947952,-71.07281665,2009.0,6.0,Summer,19.2,9.1,2,0,0,1,21.2,8.6,Neponset
W0579,42.25990378,-71.04753969,2009.0,6.0,Summer,13.7,9.0,2,0,0,1,15.7,8.5,Neponset
W1943,42.14711935,-71.25588873,2009.0,6.0,Summer,16.9,9.1,2,0,0,1,18.9,8.6,Neponset
W1952,42.14824516,-71.2533023,2009.0,6.0,Summer,19.3,7.5,2,0,0,1,21.3,7.0,Neponset
W1938,42.19362053,-71.27966147,2009.0,6.0,Summer,15.2,8.7,2,0,0,1,17.2,8.2,Neponset
W1937,42.20894589,-71.26694884,2009.0,6.0,Summer,13.3,9.0,2,0,0,1,15.3,8.5,Neponset
W1942,42.18650673,-71.22345227,2009.0,6.0,Summer,13.2,9.6,2,0,0,1,15.2,9.1,Neponset
W0551,42.15752806,-71.20894828,2009.0,6.0,Summer,10.7,10.5,2,0,0,1,12.7,10.0,Neponset
W0544,42.17399161,-71.20853856,2009.0,6.0,Summer,16.7,8.8,2,0,0,1,18.7,8.3,Neponset
W1933,42.1718706,-71.18594357,2009.0,6.0,Summer,17.4,8.6,2,0,0,1,19.4,8.1,Neponset
W1948,42.19275388,-71.14906792,2009.0,6.0,Summer,15.7,9.2,2,0,0,1,17.7,8.7,Neponset
W0568,42.20923111,-71.14595217,2009.0,6.0,Summer,18.2,6.6,2,0,0,1,20.2,6.1,Neponset
W0566,42.20323377,-71.13501796,2009.0,6.0,Summer,12.6,7.8,2,0,0,1,14.6,7.3,Neponset
W1945,42.15206107,-71.11240912,2009.0,6.0,Summer,12.9,7.5,2,0,0,1,14.9,7.0,Neponset
W0559,42.15863426,-71.13993414,2009.0,6.0,Summer,17.0,7.9,2,0,0,1,19.0,7.4,Neponset
W1963,42.15821391,-71.15549018,2009.0,6.0,Summer,16.0,9.7,2,0,0,1,18.0,9.2,Neponset
W0557,42.12604018,-71.18526016,2009.0,6.0,Summer,14.2,7.1,2,0,0,1,16.2,6.6,Neponset
W1949,42.25062143,-71.12953409,2009.0,6.0,Summer,19.9,7.9,2,0,0,1,21.9,7.4,Neponset
W1934,42.24989528,-71.12456936,2009.0,6.0,Summer,18.3,6.5,2,0,0,1,20.3,6.0,Neponset
W1935,42.2693424,-71.08658191,2009.0,6.0,Summer,19.3,9.5,2,0,0,1,21.3,9.0,Neponset
W0573,42.26947952,-71.07281665,2009.0,6.0,Summer,18.5,9.4,2,0,0,1,20.5,8.9,Neponset
W0579,42.25990378,-71.04753969,2009.0,6.0,Summer,13.5,9.3,2,0,0,1,15.5,8.8,Neponset
W1943,42.14711935,-71.25588873,2009.0,6.0,Summer,16.8,8.5,2,0,0,1,18.8,8.0,Neponset
W1952,42.14824516,-71.2533023,2009.0,6.0,Summer,20.0,7.0,2,0,0,1,22.0,6.5,Neponset
W1938,42.19362053,-71.27966147,2009.0,6.0,Summer,14.7,8.6,2,0,0,1,16.7,8.1,Neponset
W1937,42.20894589,-71.26694884,2009.0,6.0,Summer,13.1,9.0,2,0,0,1,15.1,8.5,Neponset
W1942,42.18650673,-71.22345227,2009.0,6.0,Summer,14.0,9.5,2,0,0,1,16.0,9.0,Neponset
W2097,42.19218292,-71.09296807,2009.0,7.0,Summer,24.1,7.9,1,0,0,0,26.1,7.4,Neponset
W2096,42.17046703,-71.1262172,2009.0,7.0,Summer,23.9,8.7,1,0,0,0,25.9,8.2,Neponset
W0551,42.15752806,-71.20894828,2009.0,8.0,Summer,15.2,9.5,2,0,0,1,17.2,9.0,Neponset
W0544,42.17399161,-71.20853856,2009.0,8.0,Summer,21.8,8.1,2,0,0,1,23.8,7.6,Neponset
W1933,42.1718706,-71.18594357,2009.0,8.0,Summer,22.2,8.0,2,0,0,1,24.2,7.5,Neponset
W1948,42.19275388,-71.14906792,2009.0,8.0,Summer,19.1,8.6,2,0,0,1,21.1,8.1,Neponset
W0568,42.20923111,-71.14595217,2009.0,8.0,Summer,22.6,6.0,2,0,0,1,24.6,5.5,Neponset
W0566,42.20323377,-71.13501796,2009.0,8.0,Summer,20.1,8.4,2,0,0,1,22.1,7.9,Neponset
W1945,42.15206107,-71.11240912,2009.0,8.0,Summer,20.8,4.2,3,1,0,1,22.8,3.7,Neponset
W0559,42.15863426,-71.13993414,2009.0,8.0,Summer,25.2,6.4,2,0,0,1,27.2,5.9,Neponset
W1963,42.15821391,-71.15549018,2009.0,8.0,Summer,24.4,8.4,2,0,0,1,26.4,7.9,Neponset
W0557,42.12604018,-71.18526016,2009.0,8.0,Summer,21.5,5.9,2,0,0,1,23.5,5.4,Neponset
W1949,42.25062143,-71.12953409,2009.0,8.0,Summer,23.5,6.0,2,0,0,1,25.5,5.5,Neponset
W1943,42.14711935,-71.25588873,2009.0,8.0,Summer,21.2,8.5,2,0,0,1,23.2,8.0,Neponset
W1952,42.14824516,-71.2533023,2009.0,8.0,Summer,24.2,7.9,2,0,0,1,26.2,7.4,Neponset
W1938,42.19362053,-71.27966147,2009.0,8.0,Summer,18.8,7.7,2,0,0,1,20.8,7.2,Neponset
W1937,42.20894589,-71.26694884,2009.0,8.0,Summer,17.3,8.3,2,0,0,1,19.3,7.800000000000001,Neponset
W1942,42.18650673,-71.22345227,2009.0,8.0,Summer,18.9,8.8,2,0,0,1,20.9,8.3,Neponset
W0551,42.15752806,-71.20894828,2009.0,8.0,Summer,15.7,9.1,2,0,0,1,17.7,8.6,Neponset
W0544,42.17399161,-71.20853856,2009.0,8.0,Summer,21.4,7.9,2,0,0,1,23.4,7.4,Neponset
W1933,42.1718706,-71.18594357,2009.0,8.0,Summer,21.3,8.0,2,0,0,1,23.3,7.5,Neponset
W1948,42.19275388,-71.14906792,2009.0,8.0,Summer,19.6,8.3,2,0,0,1,21.6,7.800000000000001,Neponset
W0568,42.20923111,-71.14595217,2009.0,8.0,Summer,21.1,6.7,2,0,0,1,23.1,6.2,Neponset
W0566,42.20323377,-71.13501796,2009.0,8.0,Summer,18.2,7.1,2,0,0,1,20.2,6.6,Neponset
W1945,42.15206107,-71.11240912,2009.0,8.0,Summer,19.2,5.0,2,0,0,1,21.2,4.5,Neponset
W0559,42.15863426,-71.13993414,2009.0,8.0,Summer,23.2,6.6,2,0,0,1,25.2,6.1,Neponset
W1963,42.15821391,-71.15549018,2009.0,8.0,Summer,21.9,8.6,2,0,0,1,23.9,8.1,Neponset
W0557,42.12604018,-71.18526016,2009.0,8.0,Summer,19.1,5.4,2,0,0,1,21.1,4.9,Neponset
W1949,42.25062143,-71.12953409,2009.0,8.0,Summer,24.6,5.5,2,0,0,1,26.6,5.0,Neponset
W1934,42.24989528,-71.12456936,2009.0,8.0,Summer,23.5,5.6,2,0,0,1,25.5,5.1,Neponset
W1935,42.2693424,-71.08658191,2009.0,8.0,Summer,23.3,7.8,2,0,0,1,25.3,7.3,Neponset
W0573,42.26947952,-71.07281665,2009.0,8.0,Summer,20.5,8.7,2,0,0,1,22.5,8.2,Neponset
W0579,42.25990378,-71.04753969,2009.0,8.0,Summer,15.8,8.5,2,0,0,1,17.8,8.0,Neponset
W1943,42.14711935,-71.25588873,2009.0,8.0,Summer,22.8,7.5,2,0,0,1,24.8,7.0,Neponset
W1952,42.14824516,-71.2533023,2009.0,8.0,Summer,24.5,5.6,2,0,0,1,26.5,5.1,Neponset
W1938,42.19362053,-71.27966147,2009.0,8.0,Summer,19.0,7.3,2,0,0,1,21.0,6.8,Neponset
W1937,42.20894589,-71.26694884,2009.0,8.0,Summer,16.0,8.3,2,0,0,1,18.0,7.800000000000001,Neponset
W1942,42.18650673,-71.22345227,2009.0,8.0,Summer,18.2,8.6,2,0,0,1,20.2,8.1,Neponset
W2097,42.19218292,-71.09296807,2009.0,8.0,Summer,28.6,8.0,2,0,0,1,30.6,7.5,Neponset
W2097,42.19218292,-71.09296807,2009.0,8.0,Summer,28.0,8.0,2,0,0,1,30.0,7.5,Neponset
W2097,42.19218292,-71.09296807,2009.0,8.0,Summer,25.2,4.2,4,1,1,1,27.2,3.7,Neponset
W2096,42.17046703,-71.1262172,2009.0,8.0,Summer,30.2,7.7,2,0,0,1,32.2,7.2,Neponset
W2096,42.17046703,-71.1262172,2009.0,8.0,Summer,28.7,7.2,2,0,0,1,30.7,6.7,Neponset
W2096,42.17046703,-71.1262172,2009.0,8.0,Summer,27.2,5.1,2,0,0,1,29.2,4.6,Neponset
W0551,42.15752806,-71.20894828,2009.0,9.0,Fall,12.5,10.0,1,0,0,1,14.5,9.5,Neponset
W0544,42.17399161,-71.20853856,2009.0,9.0,Fall,17.2,8.6,1,0,0,1,19.2,8.1,Neponset
W1933,42.1718706,-71.18594357,2009.0,9.0,Fall,17.2,8.7,1,0,0,1,19.2,8.2,Neponset
W1948,42.19275388,-71.14906792,2009.0,9.0,Fall,15.6,9.3,1,0,0,1,17.6,8.8,Neponset
W0568,42.20923111,-71.14595217,2009.0,9.0,Fall,16.8,7.9,1,0,0,1,18.8,7.4,Neponset
W0566,42.20323377,-71.13501796,2009.0,9.0,Fall,14.2,7.8,1,0,0,1,16.2,7.3,Neponset
W1945,42.15206107,-71.11240912,2009.0,9.0,Fall,14.3,6.6,1,0,0,1,16.3,6.1,Neponset
W0559,42.15863426,-71.13993414,2009.0,9.0,Fall,17.4,8.1,1,0,0,1,19.4,7.6,Neponset
W1963,42.15821391,-71.15549018,2009.0,9.0,Fall,17.2,9.3,1,0,0,1,19.2,8.8,Neponset
W0557,42.12604018,-71.18526016,2009.0,9.0,Fall,14.6,6.1,1,0,0,1,16.6,5.6,Neponset
W1949,42.25062143,-71.12953409,2009.0,9.0,Fall,19.9,8.4,1,0,0,1,21.9,7.9,Neponset
W1934,42.24989528,-71.12456936,2009.0,9.0,Fall,19.0,7.2,1,0,0,1,21.0,6.7,Neponset
W1935,42.2693424,-71.08658191,2009.0,9.0,Fall,19.3,9.0,1,0,0,1,21.3,8.5,Neponset
W0573,42.26947952,-71.07281665,2009.0,9.0,Fall,19.1,9.1,1,0,0,1,21.1,8.6,Neponset
W0579,42.25990378,-71.04753969,2009.0,9.0,Fall,16.7,8.4,1,0,0,1,18.7,7.9,Neponset
W1943,42.14711935,-71.25588873,2009.0,9.0,Fall,18.3,8.8,1,0,0,1,20.3,8.3,Neponset
W1952,42.14824516,-71.2533023,2009.0,9.0,Fall,20.3,9.0,1,0,0,1,22.3,8.5,Neponset
W1938,42.19362053,-71.27966147,2009.0,9.0,Fall,16.9,8.3,1,0,0,1,18.9,7.800000000000001,Neponset
W1937,42.20894589,-71.26694884,2009.0,9.0,Fall,15.2,8.3,1,0,0,1,17.2,7.800000000000001,Neponset
W1942,42.18650673,-71.22345227,2009.0,9.0,Fall,16.5,9.0,1,0,0,1,18.5,8.5,Neponset
W0551,42.15752806,-71.20894828,2009.0,9.0,Fall,14.2,9.5,1,0,0,1,16.2,9.0,Neponset
W0544,42.17399161,-71.20853856,2009.0,9.0,Fall,17.8,8.7,1,0,0,1,19.8,8.2,Neponset
W1933,42.1718706,-71.18594357,2009.0,9.0,Fall,18.4,8.6,1,0,0,1,20.4,8.1,Neponset
W1948,42.19275388,-71.14906792,2009.0,9.0,Fall,17.3,8.6,1,0,0,1,19.3,8.1,Neponset
W0568,42.20923111,-71.14595217,2009.0,9.0,Fall,18.7,7.0,1,0,0,1,20.7,6.5,Neponset
W0566,42.20323377,-71.13501796,2009.0,9.0,Fall,15.5,6.2,1,0,0,1,17.5,5.7,Neponset
W1945,42.15206107,-71.11240912,2009.0,9.0,Fall,16.1,4.6,2,1,0,1,18.1,4.1,Neponset
W0559,42.15863426,-71.13993414,2009.0,9.0,Fall,17.7,8.0,1,0,0,1,19.7,7.5,Neponset
W1963,42.15821391,-71.15549018,2009.0,9.0,Fall,18.4,9.2,1,0,0,1,20.4,8.7,Neponset
W0557,42.12604018,-71.18526016,2009.0,9.0,Fall,16.4,4.7,2,1,0,1,18.4,4.2,Neponset
W1949,42.25062143,-71.12953409,2009.0,9.0,Fall,20.1,7.7,1,0,0,1,22.1,7.2,Neponset
W1934,42.24989528,-71.12456936,2009.0,9.0,Fall,18.4,7.2,1,0,0,1,20.4,6.7,Neponset
W1935,42.2693424,-71.08658191,2009.0,9.0,Fall,18.8,9.1,1,0,0,1,20.8,8.6,Neponset
W0573,42.26947952,-71.07281665,2009.0,9.0,Fall,17.3,9.8,1,0,0,1,19.3,9.3,Neponset
W0579,42.25990378,-71.04753969,2009.0,9.0,Fall,15.5,8.8,1,0,0,1,17.5,8.3,Neponset
W1943,42.14711935,-71.25588873,2009.0,9.0,Fall,17.9,8.8,1,0,0,1,19.9,8.3,Neponset
W1952,42.14824516,-71.2533023,2009.0,9.0,Fall,19.0,7.1,1,0,0,1,21.0,6.6,Neponset
W1938,42.19362053,-71.27966147,2009.0,9.0,Fall,15.5,8.5,1,0,0,1,17.5,8.0,Neponset
W1937,42.20894589,-71.26694884,2009.0,9.0,Fall,13.0,9.2,1,0,0,1,15.0,8.7,Neponset
W1942,42.18650673,-71.22345227,2009.0,9.0,Fall,15.1,9.4,1,0,0,1,17.1,8.9,Neponset
W1943,42.14711935,-71.25588873,2009.0,9.0,Fall,17.7,8.5,1,0,0,1,19.7,8.0,Neponset
W0566,42.20323377,-71.13501796,2009.0,9.0,Fall,14.9,7.1,1,0,0,1,16.9,6.6,Neponset
W0568,42.20923111,-71.14595217,2009.0,9.0,Fall,18.4,7.1,1,0,0,1,20.4,6.6,Neponset
W0579,42.25990378,-71.04753969,2009.0,9.0,Fall,15.1,8.8,1,0,0,1,17.1,8.3,Neponset
W1943,42.14711935,-71.25588873,2009.0,9.0,Fall,15.6,9.0,1,0,0,1,17.6,8.5,Neponset
W0566,42.20323377,-71.13501796,2009.0,9.0,Fall,14.9,7.1,1,0,0,1,16.9,6.6,Neponset
W0568,42.20923111,-71.14595217,2009.0,9.0,Fall,16.2,7.2,1,0,0,1,18.2,6.7,Neponset
W0579,42.25990378,-71.04753969,2009.0,9.0,Fall,16.0,8.4,1,0,0,1,18.0,7.9,Neponset
W2028,42.25166716,-70.99715572,2009.0,5.0,Spring,13.2,9.6,1,0,0,1,15.2,9.1,Weymouth & Weir
W2029,42.2476106,-70.99772491,2009.0,5.0,Spring,13.3,9.7,1,0,0,1,15.3,9.2,Weymouth & Weir
W2047,42.19324533,-70.95931587,2009.0,5.0,Spring,12.0,9.9,1,0,0,1,14.0,9.4,Weymouth & Weir
W2048,42.1879042,-70.96226663,2009.0,5.0,Spring,12.1,8.9,1,0,0,1,14.1,8.4,Weymouth & Weir
W2032,42.21687046,-70.92243616,2009.0,5.0,Spring,15.1,8.5,1,0,0,1,17.1,8.0,Weymouth & Weir
W2044,42.17808643,-70.93462278,2009.0,5.0,Spring,11.6,8.3,1,0,0,1,13.6,7.800000000000001,Weymouth & Weir
W2039,42.20298433,-70.90145862,2009.0,5.0,Spring,11.9,9.3,1,0,0,1,13.9,8.8,Weymouth & Weir
W2046,42.19258744,-70.94329349,2009.0,5.0,Spring,11.6,10.1,1,0,0,1,13.6,9.6,Weymouth & Weir
W2042,42.2148309,-70.8848605,2009.0,5.0,Spring,14.6,9.4,1,0,0,1,16.6,8.9,Weymouth & Weir
W2026,42.24766145,-71.02831587,2009.0,6.0,Summer,15.0,8.6,2,0,0,1,17.0,8.1,Weymouth & Weir
W2027,42.2571088,-71.01100793,2009.0,6.0,Summer,13.8,9.2,2,0,0,1,15.8,8.7,Weymouth & Weir
W2030,42.2205799,-70.98050122,2009.0,6.0,Summer,18.0,9.3,2,0,0,1,20.0,8.8,Weymouth & Weir
W2031,42.22005427,-70.9991699,2009.0,6.0,Summer,18.4,7.6,2,0,0,1,20.4,7.1,Weymouth & Weir
W2032,42.21687046,-70.92243616,2009.0,6.0,Summer,18.1,8.4,2,0,0,1,20.1,7.9,Weymouth & Weir
W2033,42.24257493,-70.85905507,2009.0,6.0,Summer,17.3,7.3,2,0,0,1,19.3,6.8,Weymouth & Weir
W2034,42.23458558,-70.87225116,2009.0,6.0,Summer,17.5,6.9,2,0,0,1,19.5,6.4,Weymouth & Weir
W2043,42.16285655,-70.92249054,2009.0,6.0,Summer,14.1,6.1,2,0,0,1,16.1,5.6,Weymouth & Weir
W2045,42.18261181,-70.93539631,2009.0,6.0,Summer,15.2,8.4,2,0,0,1,17.2,7.9,Weymouth & Weir
W2050,42.15128287,-71.04045468,2009.0,6.0,Summer,14.2,8.6,2,0,0,1,16.2,8.1,Weymouth & Weir
W2037,42.19140109,-70.86520493,2009.0,6.0,Summer,17.4,2.8,3,1,0,1,19.4,2.3,Weymouth & Weir
W2049,42.18379489,-71.01129661,2009.0,6.0,Summer,18.0,8.8,2,0,0,1,20.0,8.3,Weymouth & Weir
W2051,42.15538255,-71.02653441,2009.0,6.0,Summer,19.2,5.5,2,0,0,1,21.2,5.0,Weymouth & Weir
W2026,42.24766145,-71.02831587,2009.0,6.0,Summer,15.5,8.8,2,0,0,1,17.5,8.3,Weymouth & Weir
W2027,42.2571088,-71.01100793,2009.0,6.0,Summer,13.2,9.0,2,0,0,1,15.2,8.5,Weymouth & Weir
W2030,42.2205799,-70.98050122,2009.0,6.0,Summer,18.6,9.1,2,0,0,1,20.6,8.6,Weymouth & Weir
W2031,42.22005427,-70.9991699,2009.0,6.0,Summer,18.8,6.6,2,0,0,1,20.8,6.1,Weymouth & Weir
W2032,42.21687046,-70.92243616,2009.0,6.0,Summer,17.3,8.9,2,0,0,1,19.3,8.4,Weymouth & Weir
W2033,42.24257493,-70.85905507,2009.0,6.0,Summer,15.4,7.8,2,0,0,1,17.4,7.3,Weymouth & Weir
W2034,42.23458558,-70.87225116,2009.0,6.0,Summer,15.8,7.2,2,0,0,1,17.8,6.7,Weymouth & Weir
W2043,42.16285655,-70.92249054,2009.0,6.0,Summer,13.3,6.4,2,0,0,1,15.3,5.9,Weymouth & Weir
W2045,42.18261181,-70.93539631,2009.0,6.0,Summer,13.9,8.7,2,0,0,1,15.9,8.2,Weymouth & Weir
W2050,42.15128287,-71.04045468,2009.0,6.0,Summer,13.4,8.9,2,0,0,1,15.4,8.4,Weymouth & Weir
W2037,42.19140109,-70.86520493,2009.0,6.0,Summer,14.7,3.7,3,1,0,1,16.7,3.2,Weymouth & Weir
W2049,42.18379489,-71.01129661,2009.0,6.0,Summer,15.3,8.9,2,0,0,1,17.3,8.4,Weymouth & Weir
W2051,42.15538255,-71.02653441,2009.0,6.0,Summer,15.3,6.4,2,0,0,1,17.3,5.9,Weymouth & Weir
W2089,42.15313759,-71.02682978,2009.0,6.0,Summer,19.6,8.5,2,0,0,1,21.6,8.0,Weymouth & Weir
W2029,42.2476106,-70.99772491,2009.0,6.0,Summer,15.5,9.2,2,0,0,1,17.5,8.7,Weymouth & Weir
W2047,42.19324533,-70.95931587,2009.0,6.0,Summer,15.2,8.6,2,0,0,1,17.2,8.1,Weymouth & Weir
W2048,42.1879042,-70.96226663,2009.0,6.0,Summer,15.3,7.6,2,0,0,1,17.3,7.1,Weymouth & Weir
W2032,42.21687046,-70.92243616,2009.0,6.0,Summer,18.6,8.5,2,0,0,1,20.6,8.0,Weymouth & Weir
W2042,42.2148309,-70.8848605,2009.0,6.0,Summer,19.2,7.0,2,0,0,1,21.2,6.5,Weymouth & Weir
W2039,42.20298433,-70.90145862,2009.0,6.0,Summer,14.2,8.3,2,0,0,1,16.2,7.800000000000001,Weymouth & Weir
W2044,42.17808643,-70.93462278,2009.0,6.0,Summer,14.9,6.6,2,0,0,1,16.9,6.1,Weymouth & Weir
W2046,42.19258744,-70.94329349,2009.0,6.0,Summer,14.9,8.4,2,0,0,1,16.9,7.9,Weymouth & Weir
W2028,42.25166716,-70.99715572,2009.0,6.0,Summer,15.5,9.2,2,0,0,1,17.5,8.7,Weymouth & Weir
W2026,42.24766145,-71.02831587,2009.0,7.0,Summer,16.5,9.0,2,0,0,1,18.5,8.5,Weymouth & Weir
W2027,42.2571088,-71.01100793,2009.0,7.0,Summer,15.6,9.3,2,0,0,1,17.6,8.8,Weymouth & Weir
W2030,42.2205799,-70.98050122,2009.0,7.0,Summer,17.7,9.1,2,0,0,1,19.7,8.6,Weymouth & Weir
W2031,42.22005427,-70.9991699,2009.0,7.0,Summer,17.9,8.1,2,0,0,1,19.9,7.6,Weymouth & Weir
W2032,42.21687046,-70.92243616,2009.0,7.0,Summer,19.3,9.1,1,0,0,0,21.3,8.6,Weymouth & Weir
W2033,42.24257493,-70.85905507,2009.0,7.0,Summer,16.7,7.5,2,0,0,1,18.7,7.0,Weymouth & Weir
W2034,42.23458558,-70.87225116,2009.0,7.0,Summer,17.1,7.2,2,0,0,1,19.1,6.7,Weymouth & Weir
W2043,42.16285655,-70.92249054,2009.0,7.0,Summer,14.5,7.0,2,0,0,1,16.5,6.5,Weymouth & Weir
W2045,42.18261181,-70.93539631,2009.0,7.0,Summer,15.6,8.0,2,0,0,1,17.6,7.5,Weymouth & Weir
W2050,42.15128287,-71.04045468,2009.0,7.0,Summer,15.7,8.2,2,0,0,1,17.7,7.699999999999999,Weymouth & Weir
W2037,42.19140109,-70.86520493,2009.0,7.0,Summer,18.1,2.6,3,1,0,1,20.1,2.1,Weymouth & Weir
W2049,42.18379489,-71.01129661,2009.0,7.0,Summer,19.7,8.4,2,0,0,1,21.7,7.9,Weymouth & Weir
W2051,42.15538255,-71.02653441,2009.0,7.0,Summer,21.0,8.1,2,0,0,1,23.0,7.6,Weymouth & Weir
W2026,42.24766145,-71.02831587,2009.0,7.0,Summer,17.0,8.7,2,0,0,1,19.0,8.2,Weymouth & Weir
W2027,42.2571088,-71.01100793,2009.0,7.0,Summer,15.6,9.2,2,0,0,1,17.6,8.7,Weymouth & Weir
W2030,42.2205799,-70.98050122,2009.0,7.0,Summer,19.8,8.6,2,0,0,1,21.8,8.1,Weymouth & Weir
W2031,42.22005427,-70.9991699,2009.0,7.0,Summer,20.2,7.9,2,0,0,1,22.2,7.4,Weymouth & Weir
W2032,42.21687046,-70.92243616,2009.0,7.0,Summer,21.8,8.5,1,0,0,0,23.8,8.0,Weymouth & Weir
W2033,42.24257493,-70.85905507,2009.0,7.0,Summer,18.6,7.1,2,0,0,1,20.6,6.6,Weymouth & Weir
W2034,42.23458558,-70.87225116,2009.0,7.0,Summer,18.9,6.8,2,0,0,1,20.9,6.3,Weymouth & Weir
W2043,42.16285655,-70.92249054,2009.0,7.0,Summer,16.1,6.6,2,0,0,1,18.1,6.1,Weymouth & Weir
W2045,42.18261181,-70.93539631,2009.0,7.0,Summer,17.2,7.7,2,0,0,1,19.2,7.2,Weymouth & Weir
W2050,42.15128287,-71.04045468,2009.0,7.0,Summer,17.2,7.9,2,0,0,1,19.2,7.4,Weymouth & Weir
W2037,42.19140109,-70.86520493,2009.0,7.0,Summer,17.4,2.3,3,1,0,1,19.4,1.7999999999999998,Weymouth & Weir
W2049,42.18379489,-71.01129661,2009.0,7.0,Summer,20.5,8.4,2,0,0,1,22.5,7.9,Weymouth & Weir
W2051,42.15538255,-71.02653441,2009.0,7.0,Summer,19.4,7.1,2,0,0,1,21.4,6.6,Weymouth & Weir
W2028,42.25166716,-70.99715572,2009.0,7.0,Summer,18.0,8.9,2,0,0,1,20.0,8.4,Weymouth & Weir
W2029,42.2476106,-70.99772491,2009.0,7.0,Summer,17.8,8.8,2,0,0,1,19.8,8.3,Weymouth & Weir
W2047,42.19324533,-70.95931587,2009.0,7.0,Summer,16.8,9.2,2,0,0,1,18.8,8.7,Weymouth & Weir
W2048,42.1879042,-70.96226663,2009.0,7.0,Summer,16.8,6.4,2,0,0,1,18.8,5.9,Weymouth & Weir
W2032,42.21687046,-70.92243616,2009.0,7.0,Summer,21.5,8.6,2,0,0,1,23.5,8.1,Weymouth & Weir
W2042,42.2148309,-70.8848605,2009.0,7.0,Summer,20.5,7.7,2,0,0,1,22.5,7.2,Weymouth & Weir
W2039,42.20298433,-70.90145862,2009.0,7.0,Summer,16.7,7.7,2,0,0,1,18.7,7.2,Weymouth & Weir
W2044,42.17808643,-70.93462278,2009.0,7.0,Summer,18.0,6.6,2,0,0,1,20.0,6.1,Weymouth & Weir
W2046,42.19258744,-70.94329349,2009.0,7.0,Summer,16.7,8.8,2,0,0,1,18.7,8.3,Weymouth & Weir
W2089,42.15313759,-71.02682978,2009.0,7.0,Summer,22.4,8.7,2,0,0,1,24.4,8.2,Weymouth & Weir
W2089,42.15313759,-71.02682978,2009.0,7.0,Summer,21.1,9.6,2,0,0,1,23.1,9.1,Weymouth & Weir
W2026,42.24766145,-71.02831587,2009.0,8.0,Summer,18.3,8.4,2,0,0,1,20.3,7.9,Weymouth & Weir
W2027,42.2571088,-71.01100793,2009.0,8.0,Summer,16.4,9.2,2,0,0,1,18.4,8.7,Weymouth & Weir
W2030,42.2205799,-70.98050122,2009.0,8.0,Summer,19.8,8.8,2,0,0,1,21.8,8.3,Weymouth & Weir
W2031,42.22005427,-70.9991699,2009.0,8.0,Summer,19.8,6.9,2,0,0,1,21.8,6.4,Weymouth & Weir
W2032,42.21687046,-70.92243616,2009.0,8.0,Summer,21.2,8.4,2,0,0,1,23.2,7.9,Weymouth & Weir
W2033,42.24257493,-70.85905507,2009.0,8.0,Summer,19.3,7.5,2,0,0,1,21.3,7.0,Weymouth & Weir
W2034,42.23458558,-70.87225116,2009.0,8.0,Summer,19.6,7.2,2,0,0,1,21.6,6.7,Weymouth & Weir
W2043,42.16285655,-70.92249054,2009.0,8.0,Summer,17.7,5.2,2,0,0,1,19.7,4.7,Weymouth & Weir
W2045,42.18261181,-70.93539631,2009.0,8.0,Summer,18.7,7.5,2,0,0,1,20.7,7.0,Weymouth & Weir
W2050,42.15128287,-71.04045468,2009.0,8.0,Summer,17.8,8.1,2,0,0,1,19.8,7.6,Weymouth & Weir
W2037,42.19140109,-70.86520493,2009.0,8.0,Summer,22.0,0.7,3,1,0,1,24.0,0.19999999999999996,Weymouth & Weir
W2049,42.18379489,-71.01129661,2009.0,8.0,Summer,21.8,8.4,2,0,0,1,23.8,7.9,Weymouth & Weir
W2051,42.15538255,-71.02653441,2009.0,8.0,Summer,22.6,4.2,3,1,0,1,24.6,3.7,Weymouth & Weir
W2026,42.24766145,-71.02831587,2009.0,8.0,Summer,20.7,8.0,2,0,0,1,22.7,7.5,Weymouth & Weir
W2027,42.2571088,-71.01100793,2009.0,8.0,Summer,17.5,9.2,2,0,0,1,19.5,8.7,Weymouth & Weir
W2030,42.2205799,-70.98050122,2009.0,8.0,Summer,23.8,8.2,2,0,0,1,25.8,7.699999999999999,Weymouth & Weir
W2031,42.22005427,-70.9991699,2009.0,8.0,Summer,23.8,5.8,2,0,0,1,25.8,5.3,Weymouth & Weir
W2032,42.21687046,-70.92243616,2009.0,8.0,Summer,23.9,5.6,2,0,0,1,25.9,5.1,Weymouth & Weir
W2033,42.24257493,-70.85905507,2009.0,8.0,Summer,24.0,6.7,2,0,0,1,26.0,6.2,Weymouth & Weir
W2034,42.23458558,-70.87225116,2009.0,8.0,Summer,24.4,6.0,2,0,0,1,26.4,5.5,Weymouth & Weir
W2043,42.16285655,-70.92249054,2009.0,8.0,Summer,21.1,3.3,3,1,0,1,23.1,2.8,Weymouth & Weir
W2045,42.18261181,-70.93539631,2009.0,8.0,Summer,23.0,7.0,2,0,0,1,25.0,6.5,Weymouth & Weir
W2050,42.15128287,-71.04045468,2009.0,8.0,Summer,22.2,7.4,2,0,0,1,24.2,6.9,Weymouth & Weir
W2037,42.19140109,-70.86520493,2009.0,8.0,Summer,23.6,0.8,3,1,0,1,25.6,0.30000000000000004,Weymouth & Weir
W2049,42.18379489,-71.01129661,2009.0,8.0,Summer,23.8,8.0,2,0,0,1,25.8,7.5,Weymouth & Weir
W2051,42.15538255,-71.02653441,2009.0,8.0,Summer,24.3,4.6,3,1,0,1,26.3,4.1,Weymouth & Weir
W2037,42.19140109,-70.86520493,2009.0,8.0,Summer,18.0,2.2,3,1,0,1,20.0,1.7000000000000002,Weymouth & Weir
W2028,42.25166716,-70.99715572,2009.0,8.0,Summer,21.8,5.6,2,0,0,1,23.8,5.1,Weymouth & Weir
W2029,42.2476106,-70.99772491,2009.0,8.0,Summer,20.8,8.6,2,0,0,1,22.8,8.1,Weymouth & Weir
W2047,42.19324533,-70.95931587,2009.0,8.0,Summer,22.6,7.6,2,0,0,1,24.6,7.1,Weymouth & Weir
W2048,42.1879042,-70.96226663,2009.0,8.0,Summer,23.2,6.6,2,0,0,1,25.2,6.1,Weymouth & Weir
W2032,42.21687046,-70.92243616,2009.0,8.0,Summer,23.5,4.2,3,1,0,1,25.5,3.7,Weymouth & Weir
W2042,42.2148309,-70.8848605,2009.0,8.0,Summer,26.0,6.3,2,0,0,1,28.0,5.8,Weymouth & Weir
W2039,42.20298433,-70.90145862,2009.0,8.0,Summer,21.0,6.8,2,0,0,1,23.0,6.3,Weymouth & Weir
W2044,42.17808643,-70.93462278,2009.0,8.0,Summer,24.0,4.8,3,1,0,1,26.0,4.3,Weymouth & Weir
W2035,42.21145341,-70.85925545,2009.0,8.0,Summer,17.5,8.6,2,0,0,1,19.5,8.1,Weymouth & Weir
W2089,42.15313759,-71.02682978,2009.0,8.0,Summer,22.6,4.2,3,1,0,1,24.6,3.7,Weymouth & Weir
W2036,42.20505661,-70.86325958,2009.0,8.0,Summer,17.4,8.6,2,0,0,1,19.4,8.1,Weymouth & Weir
W2026,42.24766145,-71.02831587,2009.0,9.0,Fall,15.2,9.0,1,0,0,1,17.2,8.5,Weymouth & Weir
W2027,42.2571088,-71.01100793,2009.0,9.0,Fall,15.0,9.3,1,0,0,1,17.0,8.8,Weymouth & Weir
W2050,42.15128287,-71.04045468,2009.0,9.0,Fall,13.7,8.8,1,0,0,1,15.7,8.3,Weymouth & Weir
W2026,42.24766145,-71.02831587,2009.0,9.0,Fall,15.1,9.1,1,0,0,1,17.1,8.6,Weymouth & Weir
W2027,42.2571088,-71.01100793,2009.0,9.0,Fall,14.7,9.7,1,0,0,1,16.7,9.2,Weymouth & Weir
W2050,42.15128287,-71.04045468,2009.0,9.0,Fall,13.6,9.2,1,0,0,1,15.6,8.7,Weymouth & Weir
W2028,42.25166716,-70.99715572,2009.0,9.0,Fall,16.4,9.4,1,0,0,1,18.4,8.9,Weymouth & Weir
W2029,42.2476106,-70.99772491,2009.0,9.0,Fall,16.4,9.6,1,0,0,1,18.4,9.1,Weymouth & Weir
W2047,42.19324533,-70.95931587,2009.0,9.0,Fall,15.7,9.4,1,0,0,1,17.7,8.9,Weymouth & Weir
W2048,42.1879042,-70.96226663,2009.0,9.0,Fall,15.6,8.3,1,0,0,1,17.6,7.800000000000001,Weymouth & Weir
W2050,42.15128287,-71.04045468,2009.0,9.0,Fall,15.6,8.8,1,0,0,1,17.6,8.3,Weymouth & Weir
W2032,42.21687046,-70.92243616,2009.0,9.0,Fall,17.6,9.2,1,0,0,1,19.6,8.7,Weymouth & Weir
W2033,42.24257493,-70.85905507,2009.0,9.0,Fall,15.4,8.3,1,0,0,1,17.4,7.800000000000001,Weymouth & Weir
W2035,42.21145341,-70.85925545,2009.0,9.0,Fall,14.5,8.9,1,0,0,1,16.5,8.4,Weymouth & Weir
W2042,42.2148309,-70.8848605,2009.0,9.0,Fall,17.1,8.6,1,0,0,1,19.1,8.1,Weymouth & Weir
W2039,42.20298433,-70.90145862,2009.0,9.0,Fall,14.8,8.3,1,0,0,1,16.8,7.800000000000001,Weymouth & Weir
W2044,42.17808643,-70.93462278,2009.0,9.0,Fall,15.9,7.3,1,0,0,1,17.9,6.8,Weymouth & Weir
W2046,42.19258744,-70.94329349,2009.0,9.0,Fall,15.2,9.1,1,0,0,1,17.2,8.6,Weymouth & Weir
W2051,42.15538255,-71.02653441,2009.0,9.0,Fall,14.7,6.3,1,0,0,1,16.7,5.8,Weymouth & Weir
W2089,42.15313759,-71.02682978,2009.0,9.0,Fall,14.5,6.9,1,0,0,1,16.5,6.4,Weymouth & Weir
W1915,41.95939363,-70.02997037,2009.0,6.0,Summer,17.0,8.4,2,0,0,1,19.0,7.9,Cape Cod
W1916,41.95351921,-70.05717621,2009.0,6.0,Summer,15.3,7.1,2,0,0,1,17.3,6.6,Cape Cod
W1920,41.69515999,-70.11531913,2009.0,6.0,Summer,18.5,8.6,2,0,0,1,20.5,8.1,Cape Cod
W1922,41.74677676,-70.14352171,2009.0,6.0,Summer,19.5,7.4,2,0,0,1,21.5,6.9,Cape Cod
W1924,41.70487343,-70.22372741,2009.0,6.0,Summer,15.4,6.8,2,0,0,1,17.4,6.3,Cape Cod
W1912,41.62787592,-70.45079252,2009.0,6.0,Summer,16.5,7.6,2,0,0,1,18.5,7.1,Cape Cod
W1911,41.62155057,-70.48044452,2009.0,6.0,Summer,15.2,8.6,2,0,0,1,17.2,8.1,Cape Cod
W1910,41.61775265,-70.50057773,2009.0,6.0,Summer,16.7,8.4,2,0,0,1,18.7,7.9,Cape Cod
W1906,41.57788714,-70.57371153,2009.0,6.0,Summer,17.9,9.3,2,0,0,1,19.9,8.8,Cape Cod
W1905,41.59856913,-70.5715037,2009.0,6.0,Summer,16.0,8.2,2,0,0,1,18.0,7.699999999999999,Cape Cod
W1915,41.95939363,-70.02997037,2009.0,6.0,Summer,16.0,8.6,2,0,0,1,18.0,8.1,Cape Cod
W1916,41.95351921,-70.05717621,2009.0,6.0,Summer,14.1,5.5,2,0,0,1,16.1,5.0,Cape Cod
W1920,41.69515999,-70.11531913,2009.0,6.0,Summer,17.5,8.7,2,0,0,1,19.5,8.2,Cape Cod
W1922,41.74677676,-70.14352171,2009.0,6.0,Summer,16.7,5.3,2,0,0,1,18.7,4.8,Cape Cod
W1924,41.70487343,-70.22372741,2009.0,6.0,Summer,14.3,6.3,2,0,0,1,16.3,5.8,Cape Cod
W1912,41.62787592,-70.45079252,2009.0,6.0,Summer,15.9,8.2,2,0,0,1,17.9,7.699999999999999,Cape Cod
W1911,41.62155057,-70.48044452,2009.0,6.0,Summer,15.0,8.7,2,0,0,1,17.0,8.2,Cape Cod
W1910,41.61775265,-70.50057773,2009.0,6.0,Summer,16.8,8.6,2,0,0,1,18.8,8.1,Cape Cod
W1906,41.57788714,-70.57371153,2009.0,6.0,Summer,17.1,9.3,2,0,0,1,19.1,8.8,Cape Cod
W1905,41.59856913,-70.5715037,2009.0,6.0,Summer,15.7,8.4,2,0,0,1,17.7,7.9,Cape Cod
W0746,41.72232226,-70.12543035,2009.0,6.0,Summer,17.1,10.1,2,0,0,1,19.1,9.6,Cape Cod
W0746,41.72232226,-70.12543035,2009.0,6.0,Summer,16.8,9.8,2,0,0,1,18.8,9.3,Cape Cod
W0746,41.72232226,-70.12543035,2009.0,6.0,Summer,16.7,9.7,2,0,0,1,18.7,9.2,Cape Cod
W0746,41.72232226,-70.12543035,2009.0,6.0,Summer,16.7,9.4,2,0,0,1,18.7,8.9,Cape Cod
W0747,41.7276927,-70.1175758,2009.0,6.0,Summer,18.3,9.2,2,0,0,1,20.3,8.7,Cape Cod
W0747,41.7276927,-70.1175758,2009.0,6.0,Summer,17.7,8.8,2,0,0,1,19.7,8.3,Cape Cod
W0747,41.7276927,-70.1175758,2009.0,6.0,Summer,17.6,8.5,2,0,0,1,19.6,8.0,Cape Cod
W0747,41.7276927,-70.1175758,2009.0,6.0,Summer,17.6,8.4,2,0,0,1,19.6,7.9,Cape Cod
W1234,41.83281293,-69.98612479,2009.0,6.0,Summer,19.0,9.3,2,0,0,1,21.0,8.8,Cape Cod
W1234,41.83281293,-69.98612479,2009.0,6.0,Summer,17.7,8.3,2,0,0,1,19.7,7.800000000000001,Cape Cod
W1234,41.83281293,-69.98612479,2009.0,6.0,Summer,17.5,7.4,2,0,0,1,19.5,6.9,Cape Cod
W1234,41.83281293,-69.98612479,2009.0,6.0,Summer,17.1,6.1,2,0,0,1,19.1,5.6,Cape Cod
W0748,41.74096476,-70.10876811,2009.0,6.0,Summer,19.2,9.8,2,0,0,1,21.2,9.3,Cape Cod
W0748,41.74096476,-70.10876811,2009.0,6.0,Summer,18.4,9.9,2,0,0,1,20.4,9.4,Cape Cod
W0748,41.74096476,-70.10876811,2009.0,6.0,Summer,17.7,9.7,2,0,0,1,19.7,9.2,Cape Cod
W0748,41.74096476,-70.10876811,2009.0,6.0,Summer,17.6,6.7,2,0,0,1,19.6,6.2,Cape Cod
W1237,41.71377641,-70.09062853,2009.0,6.0,Summer,19.3,8.4,2,0,0,1,21.3,7.9,Cape Cod
W1237,41.71377641,-70.09062853,2009.0,6.0,Summer,18.4,7.9,2,0,0,1,20.4,7.4,Cape Cod
W1237,41.71377641,-70.09062853,2009.0,6.0,Summer,17.8,6.6,2,0,0,1,19.8,6.1,Cape Cod
W1237,41.71377641,-70.09062853,2009.0,6.0,Summer,17.7,6.1,2,0,0,1,19.7,5.6,Cape Cod
W1214,41.648757,-70.44185472,2009.0,7.0,Summer,26.0,9.6,2,0,0,1,28.0,9.1,Cape Cod
W1214,41.648757,-70.44185472,2009.0,7.0,Summer,24.6,7.6,2,0,0,1,26.6,7.1,Cape Cod
W1214,41.648757,-70.44185472,2009.0,7.0,Summer,24.3,6.8,2,0,0,1,26.3,6.3,Cape Cod
W1214,41.648757,-70.44185472,2009.0,7.0,Summer,24.2,6.1,2,0,0,1,26.2,5.6,Cape Cod
W0739,41.65324527,-70.45633729,2009.0,7.0,Summer,26.4,8.9,2,0,0,1,28.4,8.4,Cape Cod
W0739,41.65324527,-70.45633729,2009.0,7.0,Summer,26.2,7.9,2,0,0,1,28.2,7.4,Cape Cod
W1984,41.66858822,-70.40940849,2009.0,9.0,Fall,23.6,8.6,0,0,0,0,25.6,8.1,Cape Cod
W1984,41.66858822,-70.40940849,2009.0,9.0,Fall,23.5,8.6,0,0,0,0,25.5,8.1,Cape Cod
W1984,41.66858822,-70.40940849,2009.0,9.0,Fall,23.4,8.5,0,0,0,0,25.4,8.0,Cape Cod
W1984,41.66858822,-70.40940849,2009.0,9.0,Fall,20.6,8.6,0,0,0,0,22.6,8.1,Cape Cod
W1984,41.66858822,-70.40940849,2009.0,9.0,Fall,15.2,7.9,0,0,0,0,17.2,7.4,Cape Cod
W1237,41.71377641,-70.09062853,2009.0,9.0,Fall,23.0,8.8,1,0,0,1,25.0,8.3,Cape Cod
W1237,41.71377641,-70.09062853,2009.0,9.0,Fall,22.6,8.7,1,0,0,1,24.6,8.2,Cape Cod
W1237,41.71377641,-70.09062853,2009.0,9.0,Fall,22.2,8.2,1,0,0,1,24.2,7.699999999999999,Cape Cod
W1237,41.71377641,-70.09062853,2009.0,9.0,Fall,22.1,7.9,1,0,0,1,24.1,7.4,Cape Cod
W1237,41.71377641,-70.09062853,2009.0,9.0,Fall,22.1,6.6,1,0,0,1,24.1,6.1,Cape Cod
W1237,41.71377641,-70.09062853,2009.0,9.0,Fall,22.0,6.6,1,0,0,1,24.0,6.1,Cape Cod
W1237,41.71377641,-70.09062853,2009.0,9.0,Fall,21.8,2.6,2,1,0,1,23.8,2.1,Cape Cod
W0748,41.74096476,-70.10876811,2009.0,9.0,Fall,23.4,9.9,1,0,0,1,25.4,9.4,Cape Cod
W0748,41.74096476,-70.10876811,2009.0,9.0,Fall,22.4,10.0,1,0,0,1,24.4,9.5,Cape Cod
W0748,41.74096476,-70.10876811,2009.0,9.0,Fall,22.1,9.8,1,0,0,1,24.1,9.3,Cape Cod
W0748,41.74096476,-70.10876811,2009.0,9.0,Fall,21.9,9.3,1,0,0,1,23.9,8.8,Cape Cod
W1234,41.83281293,-69.98612479,2009.0,9.0,Fall,22.3,8.9,0,0,0,0,24.3,8.4,Cape Cod
W1234,41.83281293,-69.98612479,2009.0,9.0,Fall,22.3,8.8,0,0,0,0,24.3,8.3,Cape Cod
W1234,41.83281293,-69.98612479,2009.0,9.0,Fall,22.3,8.8,0,0,0,0,24.3,8.3,Cape Cod
W1234,41.83281293,-69.98612479,2009.0,9.0,Fall,22.3,8.7,0,0,0,0,24.3,8.2,Cape Cod
W1234,41.83281293,-69.98612479,2009.0,9.0,Fall,22.2,8.5,0,0,0,0,24.2,8.0,Cape Cod
W1234,41.83281293,-69.98612479,2009.0,9.0,Fall,22.0,8.2,0,0,0,0,24.0,7.699999999999999,Cape Cod
W1234,41.83281293,-69.98612479,2009.0,9.0,Fall,20.2,1.7,1,1,0,0,22.2,1.2,Cape Cod
W0746,41.72232226,-70.12543035,2009.0,9.0,Fall,21.6,10.6,0,0,0,0,23.6,10.1,Cape Cod
W0746,41.72232226,-70.12543035,2009.0,9.0,Fall,21.4,10.3,0,0,0,0,23.4,9.8,Cape Cod
W0746,41.72232226,-70.12543035,2009.0,9.0,Fall,21.0,9.4,0,0,0,0,23.0,8.9,Cape Cod
W0747,41.7276927,-70.1175758,2009.0,9.0,Fall,23.3,8.9,1,0,0,1,25.3,8.4,Cape Cod
W0747,41.7276927,-70.1175758,2009.0,9.0,Fall,22.6,7.9,1,0,0,1,24.6,7.4,Cape Cod
W0747,41.7276927,-70.1175758,2009.0,9.0,Fall,22.5,7.9,1,0,0,1,24.5,7.4,Cape Cod
W1214,41.648757,-70.44185472,2009.0,9.0,Fall,22.6,7.8,0,0,0,0,24.6,7.3,Cape Cod
W1214,41.648757,-70.44185472,2009.0,9.0,Fall,22.6,7.6,0,0,0,0,24.6,7.1,Cape Cod
W1214,41.648757,-70.44185472,2009.0,9.0,Fall,22.6,7.7,0,0,0,0,24.6,7.2,Cape Cod
W1214,41.648757,-70.44185472,2009.0,9.0,Fall,22.6,7.7,0,0,0,0,24.6,7.2,Cape Cod
W1214,41.648757,-70.44185472,2009.0,9.0,Fall,22.6,7.5,0,0,0,0,24.6,7.0,Cape Cod
W1214,41.648757,-70.44185472,2009.0,9.0,Fall,22.6,7.4,0,0,0,0,24.6,6.9,Cape Cod
W1214,41.648757,-70.44185472,2009.0,9.0,Fall,22.6,7.6,0,0,0,0,24.6,7.1,Cape Cod
W1214,41.648757,-70.44185472,2009.0,9.0,Fall,22.4,4.7,1,1,0,0,24.4,4.2,Cape Cod
W1214,41.648757,-70.44185472,2009.0,9.0,Fall,22.4,4.4,1,1,0,0,24.4,3.9000000000000004,Cape Cod
W1214,41.648757,-70.44185472,2009.0,9.0,Fall,22.3,3.5,1,1,0,0,24.3,3.0,Cape Cod
W0739,41.65324527,-70.45633729,2009.0,9.0,Fall,21.3,11.0,1,0,0,1,23.3,10.5,Cape Cod
W0739,41.65324527,-70.45633729,2009.0,9.0,Fall,21.2,10.6,1,0,0,1,23.2,10.1,Cape Cod
W0739,41.65324527,-70.45633729,2009.0,9.0,Fall,21.1,9.7,1,0,0,1,23.1,9.2,Cape Cod
W0739,41.65324527,-70.45633729,2009.0,9.0,Fall,20.7,5.5,1,0,0,1,22.7,5.0,Cape Cod
W1984,41.66858822,-70.40940849,2009.0,9.0,Fall,20.6,9.8,1,0,0,1,22.6,9.3,Cape Cod
W1984,41.66858822,-70.40940849,2009.0,9.0,Fall,20.5,9.7,1,0,0,1,22.5,9.2,Cape Cod
W1984,41.66858822,-70.40940849,2009.0,9.0,Fall,18.3,9.7,1,0,0,1,20.3,9.2,Cape Cod
W1984,41.66858822,-70.40940849,2009.0,9.0,Fall,14.8,5.9,1,0,0,1,16.8,5.4,Cape Cod
W1984,41.66858822,-70.40940849,2009.0,9.0,Fall,13.7,3.7,2,1,0,1,15.7,3.2,Cape Cod
W1984,41.66858822,-70.40940849,2009.0,9.0,Fall,13.1,2.0,2,1,0,1,15.1,1.5,Cape Cod
W1984,41.66858822,-70.40940849,2009.0,9.0,Fall,12.6,0.9,2,1,0,1,14.6,0.4,Cape Cod
W1915,41.95939363,-70.02997037,2009.0,7.0,Summer,18.6,4.7,3,1,0,1,20.6,4.2,Cape Cod
W1916,41.95351921,-70.05717621,2009.0,7.0,Summer,17.2,4.3,3,1,0,1,19.2,3.8,Cape Cod
W1920,41.69515999,-70.11531913,2009.0,7.0,Summer,20.8,7.8,2,0,0,1,22.8,7.3,Cape Cod
W1922,41.74677676,-70.14352171,2009.0,7.0,Summer,20.6,5.0,2,0,0,1,22.6,4.5,Cape Cod
W1924,41.70487343,-70.22372741,2009.0,7.0,Summer,16.8,5.3,2,0,0,1,18.8,4.8,Cape Cod
W1912,41.62787592,-70.45079252,2009.0,7.0,Summer,19.1,7.4,2,0,0,1,21.1,6.9,Cape Cod
W1911,41.62155057,-70.48044452,2009.0,7.0,Summer,17.9,8.1,2,0,0,1,19.9,7.6,Cape Cod
W1910,41.61775265,-70.50057773,2009.0,7.0,Summer,19.4,6.7,2,0,0,1,21.4,6.2,Cape Cod
W1906,41.57788714,-70.57371153,2009.0,7.0,Summer,20.1,8.7,2,0,0,1,22.1,8.2,Cape Cod
W1905,41.59856913,-70.5715037,2009.0,7.0,Summer,18.7,7.6,2,0,0,1,20.7,7.1,Cape Cod
W1915,41.95939363,-70.02997037,2009.0,7.0,Summer,22.4,6.5,2,0,0,1,24.4,6.0,Cape Cod
W1916,41.95351921,-70.05717621,2009.0,7.0,Summer,20.0,4.5,3,1,0,1,22.0,4.0,Cape Cod
W1920,41.69515999,-70.11531913,2009.0,7.0,Summer,23.3,7.6,2,0,0,1,25.3,7.1,Cape Cod
W1922,41.74677676,-70.14352171,2009.0,7.0,Summer,26.3,7.5,2,0,0,1,28.3,7.0,Cape Cod
W1924,41.70487343,-70.22372741,2009.0,7.0,Summer,19.4,6.6,2,0,0,1,21.4,6.1,Cape Cod
W1912,41.62787592,-70.45079252,2009.0,7.0,Summer,20.3,7.2,2,0,0,1,22.3,6.7,Cape Cod
W1911,41.62155057,-70.48044452,2009.0,7.0,Summer,19.0,7.9,2,0,0,1,21.0,7.4,Cape Cod
W1910,41.61775265,-70.50057773,2009.0,7.0,Summer,21.1,7.8,2,0,0,1,23.1,7.3,Cape Cod
W1906,41.57788714,-70.57371153,2009.0,7.0,Summer,22.0,8.8,2,0,0,1,24.0,8.3,Cape Cod
W1905,41.59856913,-70.5715037,2009.0,7.0,Summer,19.9,6.9,2,0,0,1,21.9,6.4,Cape Cod
W0739,41.65324527,-70.45633729,2009.0,9.0,Fall,18.4,10.2,1,0,0,1,20.4,9.7,Cape Cod
W0739,41.65324527,-70.45633729,2009.0,9.0,Fall,18.4,10.1,1,0,0,1,20.4,9.6,Cape Cod
W0739,41.65324527,-70.45633729,2009.0,9.0,Fall,18.3,9.8,1,0,0,1,20.3,9.3,Cape Cod
W1214,41.648757,-70.44185472,2009.0,9.0,Fall,19.8,9.0,1,0,0,1,21.8,8.5,Cape Cod
W1214,41.648757,-70.44185472,2009.0,9.0,Fall,19.6,8.6,1,0,0,1,21.6,8.1,Cape Cod
W1214,41.648757,-70.44185472,2009.0,9.0,Fall,19.6,8.2,1,0,0,1,21.6,7.699999999999999,Cape Cod
W1214,41.648757,-70.44185472,2009.0,9.0,Fall,19.5,8.8,1,0,0,1,21.5,8.3,Cape Cod
W0746,41.72232226,-70.12543035,2009.0,9.0,Fall,18.8,10.8,1,0,0,1,20.8,10.3,Cape Cod
W0746,41.72232226,-70.12543035,2009.0,9.0,Fall,18.8,10.8,1,0,0,1,20.8,10.3,Cape Cod
W0746,41.72232226,-70.12543035,2009.0,9.0,Fall,18.3,8.3,1,0,0,1,20.3,7.800000000000001,Cape Cod
W0747,41.7276927,-70.1175758,2009.0,9.0,Fall,19.2,9.8,0,0,0,0,21.2,9.3,Cape Cod
W0747,41.7276927,-70.1175758,2009.0,9.0,Fall,19.2,9.7,0,0,0,0,21.2,9.2,Cape Cod
W0747,41.7276927,-70.1175758,2009.0,9.0,Fall,19.0,9.4,0,0,0,0,21.0,8.9,Cape Cod
W0747,41.7276927,-70.1175758,2009.0,9.0,Fall,18.7,8.0,0,0,0,0,20.7,7.5,Cape Cod
W1234,41.83281293,-69.98612479,2009.0,10.0,Fall,17.8,9.0,1,0,0,1,19.8,8.5,Cape Cod
W1234,41.83281293,-69.98612479,2009.0,10.0,Fall,17.8,9.0,1,0,0,1,19.8,8.5,Cape Cod
W1234,41.83281293,-69.98612479,2009.0,10.0,Fall,17.7,8.9,1,0,0,1,19.7,8.4,Cape Cod
W1234,41.83281293,-69.98612479,2009.0,10.0,Fall,16.9,8.0,1,0,0,1,18.9,7.5,Cape Cod
W0748,41.74096476,-70.10876811,2009.0,10.0,Fall,17.8,9.4,1,0,0,1,19.8,8.9,Cape Cod
W0748,41.74096476,-70.10876811,2009.0,10.0,Fall,17.8,9.4,1,0,0,1,19.8,8.9,Cape Cod
W0748,41.74096476,-70.10876811,2009.0,10.0,Fall,17.8,9.4,1,0,0,1,19.8,8.9,Cape Cod
W0748,41.74096476,-70.10876811,2009.0,10.0,Fall,17.6,9.4,1,0,0,1,19.6,8.9,Cape Cod
W1237,41.71377641,-70.09062853,2009.0,10.0,Fall,18.2,9.8,1,0,0,1,20.2,9.3,Cape Cod
W1237,41.71377641,-70.09062853,2009.0,10.0,Fall,18.2,9.7,1,0,0,1,20.2,9.2,Cape Cod
W1237,41.71377641,-70.09062853,2009.0,10.0,Fall,18.1,9.6,1,0,0,1,20.1,9.1,Cape Cod
W1237,41.71377641,-70.09062853,2009.0,10.0,Fall,18.0,9.2,1,0,0,1,20.0,8.7,Cape Cod
W1915,41.95939363,-70.02997037,2009.0,8.0,Summer,17.3,8.1,2,0,0,1,19.3,7.6,Cape Cod
W1916,41.95351921,-70.05717621,2009.0,8.0,Summer,15.2,6.8,2,0,0,1,17.2,6.3,Cape Cod
W1920,41.69515999,-70.11531913,2009.0,8.0,Summer,21.0,8.2,2,0,0,1,23.0,7.699999999999999,Cape Cod
W1922,41.74677676,-70.14352171,2009.0,8.0,Summer,22.9,8.9,2,0,0,1,24.9,8.4,Cape Cod
W1912,41.62787592,-70.45079252,2009.0,8.0,Summer,18.0,7.4,2,0,0,1,20.0,6.9,Cape Cod
W1911,41.62155057,-70.48044452,2009.0,8.0,Summer,16.5,8.4,2,0,0,1,18.5,7.9,Cape Cod
W1910,41.61775265,-70.50057773,2009.0,8.0,Summer,17.5,9.4,2,0,0,1,19.5,8.9,Cape Cod
W1906,41.57788714,-70.57371153,2009.0,8.0,Summer,19.7,8.5,2,0,0,1,21.7,8.0,Cape Cod
W1905,41.59856913,-70.5715037,2009.0,8.0,Summer,17.3,7.6,2,0,0,1,19.3,7.1,Cape Cod
W1915,41.95939363,-70.02997037,2009.0,9.0,Fall,16.4,6.3,1,0,0,1,18.4,5.8,Cape Cod
W1916,41.95351921,-70.05717621,2009.0,9.0,Fall,14.1,4.4,2,1,0,1,16.1,3.9000000000000004,Cape Cod
W1920,41.69515999,-70.11531913,2009.0,9.0,Fall,20.1,8.2,1,0,0,1,22.1,7.699999999999999,Cape Cod
W1922,41.74677676,-70.14352171,2009.0,9.0,Fall,21.2,6.5,1,0,0,1,23.2,6.0,Cape Cod
W1924,41.70487343,-70.22372741,2009.0,9.0,Fall,18.0,7.0,0,0,0,0,20.0,6.5,Cape Cod
W1912,41.62787592,-70.45079252,2009.0,9.0,Fall,18.7,7.8,1,0,0,1,20.7,7.3,Cape Cod
W1911,41.62155057,-70.48044452,2009.0,9.0,Fall,17.6,8.3,1,0,0,1,19.6,7.800000000000001,Cape Cod
W1910,41.61775265,-70.50057773,2009.0,9.0,Fall,18.7,8.4,1,0,0,1,20.7,7.9,Cape Cod
W1906,41.57788714,-70.57371153,2009.0,9.0,Fall,20.1,9.3,1,0,0,1,22.1,8.8,Cape Cod
W1905,41.59856913,-70.5715037,2009.0,9.0,Fall,18.0,8.1,1,0,0,1,20.0,7.6,Cape Cod
W1915,41.95939363,-70.02997037,2009.0,9.0,Fall,15.1,6.8,1,0,0,1,17.1,6.3,Cape Cod
W1916,41.95351921,-70.05717621,2009.0,9.0,Fall,13.7,6.4,1,0,0,1,15.7,5.9,Cape Cod
W1981,41.66334422,-70.41050549,2009.0,10.0,Fall,19.4,9.2,0,0,0,0,21.4,8.7,Cape Cod
W0926,42.00459582,-70.84525352,2009.0,6.0,Summer,18.7,9.8,1,0,0,0,20.7,9.3,Taunton
W0926,42.00459582,-70.84525352,2009.0,6.0,Summer,18.4,9.1,1,0,0,0,20.4,8.6,Taunton
W0926,42.00459582,-70.84525352,2009.0,6.0,Summer,18.3,9.0,1,0,0,0,20.3,8.5,Taunton
W0926,42.00459582,-70.84525352,2009.0,6.0,Summer,18.1,8.5,1,0,0,0,20.1,8.0,Taunton
W0930,42.00146724,-70.83678103,2009.0,6.0,Summer,19.0,8.1,2,0,0,1,21.0,7.6,Taunton
W0930,42.00146724,-70.83678103,2009.0,6.0,Summer,19.0,8.1,2,0,0,1,21.0,7.6,Taunton
W0930,42.00146724,-70.83678103,2009.0,6.0,Summer,18.8,8.1,2,0,0,1,20.8,7.6,Taunton
W0930,42.00146724,-70.83678103,2009.0,6.0,Summer,18.4,7.8,2,0,0,1,20.4,7.3,Taunton
W1884,41.93483006,-70.68100103,2009.0,6.0,Summer,20.6,10.8,2,0,0,1,22.6,10.3,South Coastal
W1884,41.93483006,-70.68100103,2009.0,6.0,Summer,20.6,10.8,2,0,0,1,22.6,10.3,South Coastal
W1884,41.93483006,-70.68100103,2009.0,6.0,Summer,20.5,10.8,2,0,0,1,22.5,10.3,South Coastal
W1884,41.93483006,-70.68100103,2009.0,6.0,Summer,18.4,10.3,2,0,0,1,20.4,9.8,South Coastal
W1884,41.93483006,-70.68100103,2009.0,7.0,Summer,25.2,10.1,2,0,0,1,27.2,9.6,South Coastal
W1884,41.93483006,-70.68100103,2009.0,7.0,Summer,24.6,9.1,2,0,0,1,26.6,8.6,South Coastal
W1884,41.93483006,-70.68100103,2009.0,7.0,Summer,22.1,0.7,3,1,0,1,24.1,0.19999999999999996,South Coastal
W0930,42.00146724,-70.83678103,2009.0,7.0,Summer,26.2,8.7,2,0,0,1,28.2,8.2,Taunton
W0930,42.00146724,-70.83678103,2009.0,7.0,Summer,25.9,8.6,2,0,0,1,27.9,8.1,Taunton
W0930,42.00146724,-70.83678103,2009.0,7.0,Summer,24.7,6.4,2,0,0,1,26.7,5.9,Taunton
W0930,42.00146724,-70.83678103,2009.0,7.0,Summer,22.0,1.4,3,1,0,1,24.0,0.8999999999999999,Taunton
W0926,42.00459582,-70.84525352,2009.0,7.0,Summer,25.1,8.5,2,0,0,1,27.1,8.0,Taunton
W0926,42.00459582,-70.84525352,2009.0,7.0,Summer,24.9,8.4,2,0,0,1,26.9,7.9,Taunton
W0926,42.00459582,-70.84525352,2009.0,7.0,Summer,24.7,8.0,2,0,0,1,26.7,7.5,Taunton
W0926,42.00459582,-70.84525352,2009.0,7.0,Summer,23.4,1.4,3,1,0,1,25.4,0.8999999999999999,Taunton
W0930,42.00146724,-70.83678103,2009.0,8.0,Summer,27.2,9.5,2,0,0,1,29.2,9.0,Taunton
W0930,42.00146724,-70.83678103,2009.0,8.0,Summer,26.8,7.9,2,0,0,1,28.8,7.4,Taunton
W0930,42.00146724,-70.83678103,2009.0,8.0,Summer,26.5,7.9,2,0,0,1,28.5,7.4,Taunton
W0926,42.00459582,-70.84525352,2009.0,8.0,Summer,27.1,8.4,1,0,0,0,29.1,7.9,Taunton
W0926,42.00459582,-70.84525352,2009.0,8.0,Summer,26.8,8.0,1,0,0,0,28.8,7.5,Taunton
W0926,42.00459582,-70.84525352,2009.0,8.0,Summer,26.7,7.6,1,0,0,0,28.7,7.1,Taunton
W0926,42.00459582,-70.84525352,2009.0,8.0,Summer,26.0,2.0,3,1,1,0,28.0,1.5,Taunton
W0695,42.30485304,-71.62845076,2009.0,1.0,Winter,0.3,12.3,1,0,0,1,2.3,11.8,Concord (SuAsCo)
W0680,42.22778189,-71.78735524,2009.0,2.0,Winter,0.2,14.6,1,0,0,1,2.2,14.1,Blackstone
W0767,42.153873,-71.65203977,2009.0,2.0,Winter,1.4,14.1,1,0,0,1,3.4,13.6,Blackstone
W0481,42.4951686,-71.72192464,2009.0,2.0,Winter,0.5,14.4,1,0,0,1,2.5,13.9,Nashua
W0681,42.44473811,-71.67198789,2009.0,2.0,Winter,1.2,14.7,1,0,0,1,3.2,14.2,Nashua
W0487,42.62094186,-71.64380951,2009.0,2.0,Winter,0.0,14.3,1,0,0,1,2.0,13.8,Nashua
W0485,42.66968673,-71.56776529,2009.0,2.0,Winter,0.8,14.3,1,0,0,1,2.8,13.8,Nashua
W0496,42.62647657,-71.59314962,2009.0,2.0,Winter,1.0,14.2,1,0,0,1,3.0,13.7,Nashua
W0493,42.26797538,-72.33276108,2009.0,2.0,Winter,2.1,14.4,1,0,0,1,4.1,13.9,Chicopee
W0492,42.23872578,-72.285755,2009.0,2.0,Winter,0.2,14.8,1,0,0,1,2.2,14.3,Chicopee
W0491,42.18142994,-72.26354268,2009.0,2.0,Winter,1.4,14.9,1,0,0,1,3.4,14.4,Chicopee
W0601,42.10956147,-72.11856925,2009.0,2.0,Winter,1.2,14.9,1,0,0,1,3.2,14.4,Quinebaug
W0075,42.0246995,-71.88418202,2009.0,2.0,Winter,0.8,15.7,1,0,0,1,2.8,15.2,French
W0602,42.05094532,-71.88507359,2009.0,2.0,Winter,0.4,15.5,1,0,0,1,2.4,15.0,French
W0690,42.59751119,-72.43783955,2009.0,3.0,Spring,2.3,13.8,1,0,0,1,4.3,13.3,Millers
W0691,42.58812535,-72.04099473,2009.0,3.0,Spring,2.4,12.6,1,0,0,1,4.4,12.1,Millers
W0692,42.62969793,-72.15035652,2009.0,3.0,Spring,2.4,13.1,1,0,0,1,4.4,12.6,Millers
W0693,42.68279648,-72.11503734,2009.0,3.0,Spring,0.7,12.6,1,0,0,1,2.7,12.1,Millers
W0694,42.6723218,-72.09305542,2009.0,3.0,Spring,2.7,13.1,1,0,0,1,4.7,12.6,Millers
W0695,42.30485304,-71.62845076,2009.0,3.0,Spring,5.3,11.3,1,0,0,1,7.3,10.8,Concord (SuAsCo)
W0696,42.32543468,-71.39736431,2009.0,3.0,Spring,4.7,13.4,1,0,0,1,6.7,12.9,Concord (SuAsCo)
W0697,42.43206352,-71.44974106,2009.0,3.0,Spring,5.8,13.3,1,0,0,1,7.8,12.8,Concord (SuAsCo)
W0698,42.51227518,-71.40458554,2009.0,3.0,Spring,3.6,12.3,1,0,0,1,5.6,11.8,Concord (SuAsCo)
W1487,42.64172611,-71.30284563,2009.0,3.0,Spring,5.7,13.4,1,0,0,1,7.7,12.9,Concord (SuAsCo)
W0680,42.22778189,-71.78735524,2009.0,3.0,Spring,4.5,12.2,1,0,0,1,6.5,11.7,Blackstone
W0689,42.23053792,-71.70809238,2009.0,3.0,Spring,4.4,12.5,1,0,0,1,6.4,12.0,Blackstone
W0767,42.153873,-71.65203977,2009.0,3.0,Spring,5.5,12.1,1,0,0,1,7.5,11.6,Blackstone
W0515,42.1003609,-71.60111703,2009.0,3.0,Spring,3.3,13.4,1,0,0,1,5.3,12.9,Blackstone
W1898,42.02271855,-71.57054135999999,2009.0,3.0,Spring,4.9,13.6,1,0,0,1,6.9,13.1,Blackstone
W0481,42.4951686,-71.72192464,2009.0,4.0,Spring,8.9,11.2,1,0,0,1,10.9,10.7,Nashua
W0681,42.44473811,-71.67198789,2009.0,4.0,Spring,9.3,10.2,1,0,0,1,11.3,9.7,Nashua
W0487,42.62094186,-71.64380951,2009.0,4.0,Spring,8.6,11.1,1,0,0,1,10.6,10.6,Nashua
W0485,42.66968673,-71.56776529,2009.0,4.0,Spring,10.5,10.4,1,0,0,1,12.5,9.9,Nashua
W0496,42.62647657,-71.59314962,2009.0,4.0,Spring,9.6,10.7,1,0,0,1,11.6,10.2,Nashua
W0490,42.26477944,-72.00491606,2009.0,4.0,Spring,16.8,8.9,1,0,0,1,18.8,8.4,Chicopee
W0494,42.39121389,-72.0645552,2009.0,4.0,Spring,18.9,9.2,1,0,0,1,20.9,8.7,Chicopee
W0493,42.26797538,-72.33276108,2009.0,4.0,Spring,8.9,11.9,1,0,0,1,10.9,11.4,Chicopee
W0492,42.23872578,-72.285755,2009.0,4.0,Spring,18.5,9.4,1,0,0,1,20.5,8.9,Chicopee
W0491,42.18142994,-72.26354268,2009.0,4.0,Spring,19.0,10.1,1,0,0,1,21.0,9.6,Chicopee
W0601,42.10956147,-72.11856925,2009.0,4.0,Spring,17.5,9.6,1,0,0,1,19.5,9.1,Quinebaug
W0615,42.11947322,-72.00870444,2009.0,4.0,Spring,13.8,10.6,1,0,0,1,15.8,10.1,Quinebaug
W0600,42.02202663,-71.9543561,2009.0,4.0,Spring,17.4,9.8,1,0,0,1,19.4,9.3,Quinebaug
W0075,42.0246995,-71.88418202,2009.0,4.0,Spring,18.3,9.5,1,0,0,1,20.3,9.0,French
W0602,42.05094532,-71.88507359,2009.0,4.0,Spring,18.8,9.3,1,0,0,1,20.8,8.8,French
W0690,42.59751119,-72.43783955,2009.0,5.0,Spring,12.9,10.8,1,0,0,1,14.9,10.3,Millers
W0691,42.58812535,-72.04099473,2009.0,5.0,Spring,11.8,9.8,1,0,0,1,13.8,9.3,Millers
W0692,42.62969793,-72.15035652,2009.0,5.0,Spring,13.1,10.1,1,0,0,1,15.1,9.6,Millers
W0693,42.68279648,-72.11503734,2009.0,5.0,Spring,11.7,9.2,1,0,0,1,13.7,8.7,Millers
W0694,42.6723218,-72.09305542,2009.0,5.0,Spring,13.2,10.4,1,0,0,1,15.2,9.9,Millers
W0695,42.30485304,-71.62845076,2009.0,5.0,Spring,14.5,7.8,1,0,0,1,16.5,7.3,Concord (SuAsCo)
W0696,42.32543468,-71.39736431,2009.0,5.0,Spring,16.8,9.8,1,0,0,1,18.8,9.3,Concord (SuAsCo)
W0697,42.43206352,-71.44974106,2009.0,5.0,Spring,17.1,9.7,1,0,0,1,19.1,9.2,Concord (SuAsCo)
W0698,42.51227518,-71.40458554,2009.0,5.0,Spring,14.6,8.1,1,0,0,1,16.6,7.6,Concord (SuAsCo)
W1487,42.64172611,-71.30284563,2009.0,5.0,Spring,18.0,9.4,1,0,0,1,20.0,8.9,Concord (SuAsCo)
W0680,42.22778189,-71.78735524,2009.0,5.0,Spring,15.5,8.9,1,0,0,1,17.5,8.4,Blackstone
W0689,42.23053792,-71.70809238,2009.0,5.0,Spring,19.1,8.1,1,0,0,1,21.1,7.6,Blackstone
W0767,42.153873,-71.65203977,2009.0,5.0,Spring,15.9,7.5,1,0,0,1,17.9,7.0,Blackstone
W0515,42.1003609,-71.60111703,2009.0,5.0,Spring,16.1,6.0,1,0,0,1,18.1,5.5,Blackstone
W1898,42.02271855,-71.57054135999999,2009.0,5.0,Spring,16.4,7.7,1,0,0,1,18.4,7.2,Blackstone
W0481,42.4951686,-71.72192464,2009.0,6.0,Summer,15.2,9.7,2,0,0,1,17.2,9.2,Nashua
W0681,42.44473811,-71.67198789,2009.0,6.0,Summer,12.7,10.4,2,0,0,1,14.7,9.9,Nashua
W0487,42.62094186,-71.64380951,2009.0,6.0,Summer,15.5,9.2,2,0,0,1,17.5,8.7,Nashua
W0485,42.66968673,-71.56776529,2009.0,6.0,Summer,16.7,8.5,2,0,0,1,18.7,8.0,Nashua
W0496,42.62647657,-71.59314962,2009.0,6.0,Summer,16.6,9.0,2,0,0,1,18.6,8.5,Nashua
W0490,42.26477944,-72.00491606,2009.0,6.0,Summer,17.3,8.6,2,0,0,1,19.3,8.1,Chicopee
W0494,42.39121389,-72.0645552,2009.0,6.0,Summer,17.2,9.1,2,0,0,1,19.2,8.6,Chicopee
W0493,42.26797538,-72.33276108,2009.0,6.0,Summer,11.1,10.9,2,0,0,1,13.1,10.4,Chicopee
W0492,42.23872578,-72.285755,2009.0,6.0,Summer,17.9,9.0,2,0,0,1,19.9,8.5,Chicopee
W0491,42.18142994,-72.26354268,2009.0,6.0,Summer,19.0,9.2,2,0,0,1,21.0,8.7,Chicopee
W0601,42.10956147,-72.11856925,2009.0,6.0,Summer,19.1,8.6,2,0,0,1,21.1,8.1,Quinebaug
W0615,42.11947322,-72.00870444,2009.0,6.0,Summer,16.9,9.2,2,0,0,1,18.9,8.7,Quinebaug
W0600,42.02202663,-71.9543561,2009.0,6.0,Summer,18.1,9.2,2,0,0,1,20.1,8.7,Quinebaug
W0075,42.0246995,-71.88418202,2009.0,6.0,Summer,18.4,9.1,2,0,0,1,20.4,8.6,French
W0602,42.05094532,-71.88507359,2009.0,6.0,Summer,18.5,8.9,2,0,0,1,20.5,8.4,French
W0695,42.30485304,-71.62845076,2009.0,7.0,Summer,18.8,7.0,2,0,0,1,20.8,6.5,Concord (SuAsCo)
W0696,42.32543468,-71.39736431,2009.0,7.0,Summer,21.5,8.8,2,0,0,1,23.5,8.3,Concord (SuAsCo)
W0697,42.43206352,-71.44974106,2009.0,7.0,Summer,21.2,8.2,2,0,0,1,23.2,7.699999999999999,Concord (SuAsCo)
W0698,42.51227518,-71.40458554,2009.0,7.0,Summer,18.3,7.4,2,0,0,1,20.3,6.9,Concord (SuAsCo)
W1487,42.64172611,-71.30284563,2009.0,7.0,Summer,22.5,8.2,2,0,0,1,24.5,7.699999999999999,Concord (SuAsCo)
W0680,42.22778189,-71.78735524,2009.0,7.0,Summer,23.2,8.2,2,0,0,1,25.2,7.699999999999999,Blackstone
W0689,42.23053792,-71.70809238,2009.0,7.0,Summer,25.9,7.5,2,0,0,1,27.9,7.0,Blackstone
W0767,42.153873,-71.65203977,2009.0,7.0,Summer,23.1,8.1,2,0,0,1,25.1,7.6,Blackstone
W0515,42.1003609,-71.60111703,2009.0,7.0,Summer,23.6,2.8,3,1,0,1,25.6,2.3,Blackstone
W1898,42.02271855,-71.57054135999999,2009.0,7.0,Summer,23.9,7.4,2,0,0,1,25.9,6.9,Blackstone
W0481,42.4951686,-71.72192464,2009.0,9.0,Fall,16.4,9.8,1,0,0,1,18.4,9.3,Nashua
W0681,42.44473811,-71.67198789,2009.0,9.0,Fall,15.7,10.4,1,0,0,1,17.7,9.9,Nashua
W0487,42.62094186,-71.64380951,2009.0,9.0,Fall,16.1,9.1,1,0,0,1,18.1,8.6,Nashua
W0485,42.66968673,-71.56776529,2009.0,9.0,Fall,18.5,9.2,1,0,0,1,20.5,8.7,Nashua
W0496,42.62647657,-71.59314962,2009.0,9.0,Fall,17.8,9.4,1,0,0,1,19.8,8.9,Nashua
W0490,42.26477944,-72.00491606,2009.0,8.0,Summer,21.7,7.8,2,0,0,1,23.7,7.3,Chicopee
W0494,42.39121389,-72.0645552,2009.0,8.0,Summer,23.1,8.2,2,0,0,1,25.1,7.699999999999999,Chicopee
W0493,42.26797538,-72.33276108,2009.0,8.0,Summer,13.1,10.4,2,0,0,1,15.1,9.9,Chicopee
W0492,42.23872578,-72.285755,2009.0,8.0,Summer,23.2,8.5,2,0,0,1,25.2,8.0,Chicopee
W0491,42.18142994,-72.26354268,2009.0,8.0,Summer,24.7,8.5,2,0,0,1,26.7,8.0,Chicopee
W0601,42.10956147,-72.11856925,2009.0,8.0,Summer,25.1,7.3,2,0,0,1,27.1,6.8,Quinebaug
W0615,42.11947322,-72.00870444,2009.0,8.0,Summer,20.2,8.7,2,0,0,1,22.2,8.2,Quinebaug
W0600,42.02202663,-71.9543561,2009.0,8.0,Summer,23.6,8.3,2,0,0,1,25.6,7.800000000000001,Quinebaug
W0075,42.0246995,-71.88418202,2009.0,8.0,Summer,23.6,8.1,2,0,0,1,25.6,7.6,French
W0602,42.05094532,-71.88507359,2009.0,8.0,Summer,24.2,7.9,2,0,0,1,26.2,7.4,French
W0690,42.59751119,-72.43783955,2009.0,9.0,Fall,15.0,10.8,1,0,0,1,17.0,10.3,Millers
W0691,42.58812535,-72.04099473,2009.0,9.0,Fall,15.4,9.5,1,0,0,1,17.4,9.0,Millers
W0692,42.62969793,-72.15035652,2009.0,9.0,Fall,14.6,10.2,1,0,0,1,16.6,9.7,Millers
W0693,42.68279648,-72.11503734,2009.0,9.0,Fall,14.1,8.2,1,0,0,1,16.1,7.699999999999999,Millers
W0694,42.6723218,-72.09305542,2009.0,9.0,Fall,14.9,9.4,1,0,0,1,16.9,8.9,Millers
W0695,42.30485304,-71.62845076,2009.0,9.0,Fall,16.1,7.1,1,0,0,1,18.1,6.6,Concord (SuAsCo)
W0696,42.32543468,-71.39736431,2009.0,9.0,Fall,16.9,9.4,1,0,0,1,18.9,8.9,Concord (SuAsCo)
W0697,42.43206352,-71.44974106,2009.0,9.0,Fall,17.2,9.3,1,0,0,1,19.2,8.8,Concord (SuAsCo)
W0698,42.51227518,-71.40458554,2009.0,9.0,Fall,15.7,7.9,1,0,0,1,17.7,7.4,Concord (SuAsCo)
W1487,42.64172611,-71.30284563,2009.0,9.0,Fall,18.3,9.7,1,0,0,1,20.3,9.2,Concord (SuAsCo)
W0680,42.22778189,-71.78735524,2009.0,9.0,Fall,15.4,9.6,1,0,0,1,17.4,9.1,Blackstone
W0689,42.23053792,-71.70809238,2009.0,9.0,Fall,17.1,9.2,1,0,0,1,19.1,8.7,Blackstone
W0767,42.153873,-71.65203977,2009.0,9.0,Fall,16.3,9.4,1,0,0,1,18.3,8.9,Blackstone
W0515,42.1003609,-71.60111703,2009.0,9.0,Fall,15.0,0.4,2,1,0,1,17.0,0.0,Blackstone
W1898,42.02271855,-71.57054135999999,2009.0,9.0,Fall,16.1,8.8,1,0,0,1,18.1,8.3,Blackstone
W0481,42.4951686,-71.72192464,2009.0,10.0,Fall,10.0,9.8,1,0,0,1,12.0,9.3,Nashua
W0681,42.44473811,-71.67198789,2009.0,10.0,Fall,11.0,10.4,1,0,0,1,13.0,9.9,Nashua
W0487,42.62094186,-71.64380951,2009.0,10.0,Fall,7.1,10.3,1,0,0,1,9.1,9.8,Nashua
W0485,42.66968673,-71.56776529,2009.0,10.0,Fall,9.0,10.4,1,0,0,1,11.0,9.9,Nashua
W0496,42.62647657,-71.59314962,2009.0,10.0,Fall,9.0,10.3,1,0,0,1,11.0,9.8,Nashua
W0490,42.26477944,-72.00491606,2009.0,10.0,Fall,7.6,11.0,1,0,0,1,9.6,10.5,Chicopee
W0494,42.39121389,-72.0645552,2009.0,10.0,Fall,8.8,11.3,1,0,0,1,10.8,10.8,Chicopee
W0493,42.26797538,-72.33276108,2009.0,10.0,Fall,12.2,9.8,1,0,0,1,14.2,9.3,Chicopee
W0492,42.23872578,-72.285755,2009.0,10.0,Fall,9.1,11.2,1,0,0,1,11.1,10.7,Chicopee
W0491,42.18142994,-72.26354268,2009.0,10.0,Fall,9.4,11.5,1,0,0,1,11.4,11.0,Chicopee
W0601,42.10956147,-72.11856925,2009.0,10.0,Fall,10.4,11.2,1,0,0,1,12.4,10.7,Quinebaug
W0615,42.11947322,-72.00870444,2009.0,10.0,Fall,10.1,11.2,1,0,0,1,12.1,10.7,Quinebaug
W0600,42.02202663,-71.9543561,2009.0,10.0,Fall,9.7,11.2,1,0,0,1,11.7,10.7,Quinebaug
W0075,42.0246995,-71.88418202,2009.0,10.0,Fall,9.8,11.3,1,0,0,1,11.8,10.8,French
W0602,42.05094532,-71.88507359,2009.0,10.0,Fall,9.5,11.0,1,0,0,1,11.5,10.5,French
W0690,42.59751119,-72.43783955,2009.0,11.0,Fall,8.6,12.2,1,0,0,1,10.6,11.7,Millers
W0691,42.58812535,-72.04099473,2009.0,11.0,Fall,8.9,10.9,1,0,0,1,10.9,10.4,Millers
W0692,42.62969793,-72.15035652,2009.0,11.0,Fall,8.4,11.7,1,0,0,1,10.4,11.2,Millers
W0693,42.68279648,-72.11503734,2009.0,11.0,Fall,7.9,9.7,1,0,0,1,9.9,9.2,Millers
W0694,42.6723218,-72.09305542,2009.0,11.0,Fall,8.1,11.7,1,0,0,1,10.1,11.2,Millers
W0695,42.30485304,-71.62845076,2009.0,11.0,Fall,8.6,10.4,1,0,0,1,10.6,9.9,Concord (SuAsCo)
W0696,42.32543468,-71.39736431,2009.0,11.0,Fall,9.1,12.5,1,0,0,1,11.1,12.0,Concord (SuAsCo)
W0697,42.43206352,-71.44974106,2009.0,11.0,Fall,9.3,11.1,1,0,0,1,11.3,10.6,Concord (SuAsCo)
W0698,42.51227518,-71.40458554,2009.0,11.0,Fall,6.8,11.3,1,0,0,1,8.8,10.8,Concord (SuAsCo)
W1487,42.64172611,-71.30284563,2009.0,11.0,Fall,9.5,12.0,1,0,0,1,11.5,11.5,Concord (SuAsCo)
W0680,42.22778189,-71.78735524,2009.0,11.0,Fall,7.8,13.6,1,0,0,1,9.8,13.1,Blackstone
W0689,42.23053792,-71.70809238,2009.0,11.0,Fall,7.6,13.3,1,0,0,1,9.6,12.8,Blackstone
W0767,42.153873,-71.65203977,2009.0,11.0,Fall,8.3,13.2,1,0,0,1,10.3,12.7,Blackstone
W0515,42.1003609,-71.60111703,2009.0,11.0,Fall,6.2,10.2,1,0,0,1,8.2,9.7,Blackstone
W1898,42.02271855,-71.57054135999999,2009.0,11.0,Fall,7.9,12.8,1,0,0,1,9.9,12.3,Blackstone
W1803,42.61633757,-72.47760491,2008.0,5.0,Spring,7.4,11.8,1,0,0,1,9.4,11.3,Connecticut
W1782,42.62058327,-72.54988746,2008.0,5.0,Spring,9.0,11.8,1,0,0,1,11.0,11.3,Connecticut
W1048,42.54256341,-72.54911946,2008.0,5.0,Spring,10.4,11.2,1,0,0,1,12.4,10.7,Connecticut
W1045,42.4675985,-72.58479003,2008.0,5.0,Spring,9.8,11.8,1,0,0,1,11.8,11.3,Connecticut
W1795,42.46908025,-72.64150009,2008.0,5.0,Spring,13.1,9.9,1,0,0,1,15.1,9.4,Connecticut
W1788,42.46068291,-72.64354654,2008.0,5.0,Spring,10.8,11.1,1,0,0,1,12.8,10.6,Connecticut
W1801,42.43425873,-72.5456543,2008.0,5.0,Spring,9.7,11.0,1,0,0,1,11.7,10.5,Connecticut
W1802,42.41180813,-72.56712264,2008.0,5.0,Spring,10.8,9.2,1,0,0,1,12.8,8.7,Connecticut
W1783,42.37833321,-72.48171021,2008.0,5.0,Spring,10.3,10.8,1,0,0,1,12.3,10.3,Connecticut
W1800,42.34204868,-72.49358561,2008.0,5.0,Spring,14.2,8.7,1,0,0,1,16.2,8.2,Connecticut
W1804,42.35565015,-72.52065447,2008.0,5.0,Spring,12.8,10.4,1,0,0,1,14.8,9.9,Connecticut
W1797,42.26682544,-72.69715369,2008.0,5.0,Spring,12.1,10.4,1,0,0,1,14.1,9.9,Connecticut
W1793,42.24110163,-72.70536039,2008.0,5.0,Spring,13.2,10.4,1,0,0,1,15.2,9.9,Connecticut
W1787,42.21445745,-72.72427576,2008.0,5.0,Spring,13.1,10.7,1,0,0,1,15.1,10.2,Connecticut
W1790,42.25114445,-72.55943838,2008.0,5.0,Spring,13.1,8.5,1,0,0,1,15.1,8.0,Connecticut
W1798,42.19117381,-72.59881607,2008.0,5.0,Spring,14.0,10.2,1,0,0,1,16.0,9.7,Connecticut
W1789,42.04831597,-72.45399124,2008.0,5.0,Spring,12.4,10.6,1,0,0,1,14.4,10.1,Connecticut
W1395,41.98731263,-72.60535567,2008.0,5.0,Spring,11.2,11.0,1,0,0,1,13.2,10.5,Connecticut
W1799,42.6853667,-72.47374624,2008.0,5.0,Spring,18.0,9.5,1,0,0,1,20.0,9.0,Connecticut
W1799,42.6853667,-72.47374624,2008.0,6.0,Summer,19.9,8.9,2,0,0,1,21.9,8.4,Connecticut
W1785,42.64201567,-72.49771159,2008.0,5.0,Spring,13.6,9.9,1,0,0,1,15.6,9.4,Connecticut
W1785,42.64201567,-72.49771159,2008.0,6.0,Summer,15.6,8.8,2,0,0,1,17.6,8.3,Connecticut
W1063,42.47836238,-72.61893594,2008.0,5.0,Spring,15.4,2.9,2,1,0,1,17.4,2.4,Connecticut
W1063,42.47836238,-72.61893594,2008.0,6.0,Summer,17.8,2.4,3,1,0,1,19.8,1.9,Connecticut
W1050,42.38639934,-72.5503928,2008.0,5.0,Spring,14.5,9.6,1,0,0,1,16.5,9.1,Connecticut
W1050,42.38639934,-72.5503928,2008.0,6.0,Summer,16.1,8.2,2,0,0,1,18.1,7.699999999999999,Connecticut
W1051,42.33278638,-72.57858317,2008.0,5.0,Spring,16.5,8.8,1,0,0,1,18.5,8.3,Connecticut
W1051,42.33278638,-72.57858317,2008.0,6.0,Summer,17.2,8.0,2,0,0,1,19.2,7.5,Connecticut
W1784,42.33649913,-72.61557336,2008.0,5.0,Spring,18.8,9.2,1,0,0,1,20.8,8.7,Connecticut
W1784,42.33649913,-72.61557336,2008.0,6.0,Summer,19.9,8.7,2,0,0,1,21.9,8.2,Connecticut
W1061,42.36655405,-72.60488814,2008.0,5.0,Spring,18.4,8.7,1,0,0,1,20.4,8.2,Connecticut
W1061,42.36655405,-72.60488814,2008.0,6.0,Summer,18.6,7.3,2,0,0,1,20.6,6.8,Connecticut
W1055,42.28189876,-72.42726497,2008.0,5.0,Spring,13.3,10.4,1,0,0,1,15.3,9.9,Connecticut
W1055,42.28189876,-72.42726497,2008.0,6.0,Summer,14.8,9.5,2,0,0,1,16.8,9.0,Connecticut
W1791,42.27107608,-72.44986375,2008.0,5.0,Spring,12.8,10.0,1,0,0,1,14.8,9.5,Connecticut
W1791,42.27107608,-72.44986375,2008.0,6.0,Summer,15.4,8.3,2,0,0,1,17.4,7.800000000000001,Connecticut
W1792,42.24704007,-72.58037808,2008.0,5.0,Spring,17.3,9.3,1,0,0,1,19.3,8.8,Connecticut
W1792,42.24704007,-72.58037808,2008.0,6.0,Summer,20.0,8.6,2,0,0,1,22.0,8.1,Connecticut
W1052,42.27015317,-72.58689462,2008.0,5.0,Spring,17.1,9.1,1,0,0,1,19.1,8.6,Connecticut
W1052,42.27015317,-72.58689462,2008.0,6.0,Summer,18.8,8.3,2,0,0,1,20.8,7.800000000000001,Connecticut
W1796,42.31899322,-72.66514075,2008.0,5.0,Spring,15.7,10.1,1,0,0,1,17.7,9.6,Connecticut
W1796,42.31899322,-72.66514075,2008.0,6.0,Summer,16.4,9.4,2,0,0,1,18.4,8.9,Connecticut
W1065,42.28349688,-72.64060074,2008.0,5.0,Spring,16.4,9.2,1,0,0,1,18.4,8.7,Connecticut
W1065,42.28349688,-72.64060074,2008.0,6.0,Summer,17.5,8.1,2,0,0,1,19.5,7.6,Connecticut
W1786,42.0941279,-72.56911519,2008.0,5.0,Spring,20.6,7.9,1,0,0,1,22.6,7.4,Connecticut
W1786,42.0941279,-72.56911519,2008.0,6.0,Summer,20.5,8.0,2,0,0,1,22.5,7.5,Connecticut
W1794,42.03629979,-72.58362237,2008.0,5.0,Spring,18.4,8.6,1,0,0,1,20.4,8.1,Connecticut
W1794,42.03629979,-72.58362237,2008.0,6.0,Summer,17.5,7.3,2,0,0,1,19.5,6.8,Connecticut
W1803,42.61633757,-72.47760491,2008.0,6.0,Summer,12.4,9.7,2,0,0,1,14.4,9.2,Connecticut
W1782,42.62058327,-72.54988746,2008.0,6.0,Summer,13.7,10.3,2,0,0,1,15.7,9.8,Connecticut
W1048,42.54256341,-72.54911946,2008.0,6.0,Summer,14.6,10.1,2,0,0,1,16.6,9.6,Connecticut
W1045,42.4675985,-72.58479003,2008.0,6.0,Summer,19.5,8.9,2,0,0,1,21.5,8.4,Connecticut
W1795,42.46908025,-72.64150009,2008.0,6.0,Summer,19.5,7.9,2,0,0,1,21.5,7.4,Connecticut
W1788,42.46068291,-72.64354654,2008.0,6.0,Summer,13.8,10.3,2,0,0,1,15.8,9.8,Connecticut
W1801,42.43425873,-72.5456543,2008.0,6.0,Summer,8.2,10.8,2,0,0,1,10.2,10.3,Connecticut
W1802,42.41180813,-72.56712264,2008.0,6.0,Summer,13.5,8.8,2,0,0,1,15.5,8.3,Connecticut
W1783,42.37833321,-72.48171021,2008.0,6.0,Summer,14.2,10.2,2,0,0,1,16.2,9.7,Connecticut
W1800,42.34204868,-72.49358561,2008.0,6.0,Summer,18.7,6.5,2,0,0,1,20.7,6.0,Connecticut
W1804,42.35565015,-72.52065447,2008.0,6.0,Summer,18.4,8.7,2,0,0,1,20.4,8.2,Connecticut
W1797,42.26682544,-72.69715369,2008.0,6.0,Summer,16.5,10.0,2,0,0,1,18.5,9.5,Connecticut
W1793,42.24110163,-72.70536039,2008.0,6.0,Summer,18.2,9.5,2,0,0,1,20.2,9.0,Connecticut
W1787,42.21445745,-72.72427576,2008.0,6.0,Summer,14.9,9.6,2,0,0,1,16.9,9.1,Connecticut
W1790,42.25114445,-72.55943838,2008.0,6.0,Summer,17.5,6.8,2,0,0,1,19.5,6.3,Connecticut
W1798,42.19117381,-72.59881607,2008.0,6.0,Summer,15.6,10.4,2,0,0,1,17.6,9.9,Connecticut
W1789,42.04831597,-72.45399124,2008.0,6.0,Summer,15.9,10.2,2,0,0,1,17.9,9.7,Connecticut
W1395,41.98731263,-72.60535567,2008.0,6.0,Summer,20.9,9.6,2,0,0,1,22.9,9.1,Connecticut
W1799,42.6853667,-72.47374624,2008.0,6.0,Summer,20.2,8.5,2,0,0,1,22.2,8.0,Connecticut
W1799,42.6853667,-72.47374624,2008.0,7.0,Summer,21.8,8.2,2,0,0,1,23.8,7.699999999999999,Connecticut
W1785,42.64201567,-72.49771159,2008.0,6.0,Summer,16.8,9.3,2,0,0,1,18.8,8.8,Connecticut
W1785,42.64201567,-72.49771159,2008.0,7.0,Summer,18.1,8.8,2,0,0,1,20.1,8.3,Connecticut
W1063,42.47836238,-72.61893594,2008.0,6.0,Summer,17.1,3.0,3,1,0,1,19.1,2.5,Connecticut
W1063,42.47836238,-72.61893594,2008.0,7.0,Summer,19.3,5.4,2,0,0,1,21.3,4.9,Connecticut
W1050,42.38639934,-72.5503928,2008.0,6.0,Summer,16.8,8.5,2,0,0,1,18.8,8.0,Connecticut
W1050,42.38639934,-72.5503928,2008.0,7.0,Summer,19.7,8.0,2,0,0,1,21.7,7.5,Connecticut
W1051,42.33278638,-72.57858317,2008.0,6.0,Summer,18.1,8.6,2,0,0,1,20.1,8.1,Connecticut
W1051,42.33278638,-72.57858317,2008.0,7.0,Summer,21.1,7.8,2,0,0,1,23.1,7.3,Connecticut
W1784,42.33649913,-72.61557336,2008.0,6.0,Summer,20.8,8.5,1,0,0,0,22.8,8.0,Connecticut
W1784,42.33649913,-72.61557336,2008.0,7.0,Summer,22.6,8.3,1,0,0,0,24.6,7.800000000000001,Connecticut
W1061,42.36655405,-72.60488814,2008.0,6.0,Summer,20.2,8.5,2,0,0,1,22.2,8.0,Connecticut
W1061,42.36655405,-72.60488814,2008.0,7.0,Summer,23.0,8.0,2,0,0,1,25.0,7.5,Connecticut
W1055,42.28189876,-72.42726497,2008.0,6.0,Summer,15.8,9.3,2,0,0,1,17.8,8.8,Connecticut
W1055,42.28189876,-72.42726497,2008.0,7.0,Summer,18.2,9.0,2,0,0,1,20.2,8.5,Connecticut
W1791,42.27107608,-72.44986375,2008.0,6.0,Summer,17.0,7.9,1,0,0,0,19.0,7.4,Connecticut
W1791,42.27107608,-72.44986375,2008.0,7.0,Summer,19.9,7.2,1,0,0,0,21.9,6.7,Connecticut
W1792,42.24704007,-72.58037808,2008.0,6.0,Summer,20.1,8.8,2,0,0,1,22.1,8.3,Connecticut
W1792,42.24704007,-72.58037808,2008.0,7.0,Summer,22.5,8.4,2,0,0,1,24.5,7.9,Connecticut
W1052,42.27015317,-72.58689462,2008.0,6.0,Summer,19.9,8.6,2,0,0,1,21.9,8.1,Connecticut
W1052,42.27015317,-72.58689462,2008.0,7.0,Summer,22.4,8.4,2,0,0,1,24.4,7.9,Connecticut
W1796,42.31899322,-72.66514075,2008.0,6.0,Summer,17.2,9.2,2,0,0,1,19.2,8.7,Connecticut
W1796,42.31899322,-72.66514075,2008.0,7.0,Summer,19.9,9.4,2,0,0,1,21.9,8.9,Connecticut
W1065,42.28349688,-72.64060074,2008.0,6.0,Summer,18.2,8.4,2,0,0,1,20.2,7.9,Connecticut
W1065,42.28349688,-72.64060074,2008.0,7.0,Summer,21.1,7.8,2,0,0,1,23.1,7.3,Connecticut
W1786,42.0941279,-72.56911519,2008.0,6.0,Summer,22.0,7.6,2,0,0,1,24.0,7.1,Connecticut
W1786,42.0941279,-72.56911519,2008.0,7.0,Summer,26.2,6.8,2,0,0,1,28.2,6.3,Connecticut
W1794,42.03629979,-72.58362237,2008.0,6.0,Summer,19.5,7.5,2,0,0,1,21.5,7.0,Connecticut
W1794,42.03629979,-72.58362237,2008.0,7.0,Summer,23.4,7.5,2,0,0,1,25.4,7.0,Connecticut
W1803,42.61633757,-72.47760491,2008.0,7.0,Summer,16.3,9.5,2,0,0,1,18.3,9.0,Connecticut
W1782,42.62058327,-72.54988746,2008.0,7.0,Summer,16.8,10.0,2,0,0,1,18.8,9.5,Connecticut
W1048,42.54256341,-72.54911946,2008.0,7.0,Summer,18.5,9.3,2,0,0,1,20.5,8.8,Connecticut
W1045,42.4675985,-72.58479003,2008.0,7.0,Summer,22.3,8.6,2,0,0,1,24.3,8.1,Connecticut
W1795,42.46908025,-72.64150009,2008.0,7.0,Summer,23.0,7.1,2,0,0,1,25.0,6.6,Connecticut
W1788,42.46068291,-72.64354654,2008.0,7.0,Summer,17.6,9.5,2,0,0,1,19.6,9.0,Connecticut
W1802,42.41180813,-72.56712264,2008.0,7.0,Summer,15.7,8.7,2,0,0,1,17.7,8.2,Connecticut
W1783,42.37833321,-72.48171021,2008.0,7.0,Summer,18.2,9.5,2,0,0,1,20.2,9.0,Connecticut
W1800,42.34204868,-72.49358561,2008.0,7.0,Summer,22.6,4.9,3,1,0,1,24.6,4.4,Connecticut
W1804,42.35565015,-72.52065447,2008.0,7.0,Summer,21.5,8.8,2,0,0,1,23.5,8.3,Connecticut
W1797,42.26682544,-72.69715369,2008.0,7.0,Summer,19.1,9.2,2,0,0,1,21.1,8.7,Connecticut
W1793,42.24110163,-72.70536039,2008.0,7.0,Summer,20.8,9.1,2,0,0,1,22.8,8.6,Connecticut
W1787,42.21445745,-72.72427576,2008.0,7.0,Summer,16.2,9.8,2,0,0,1,18.2,9.3,Connecticut
W1790,42.25114445,-72.55943838,2008.0,7.0,Summer,21.0,5.5,2,0,0,1,23.0,5.0,Connecticut
W1798,42.19117381,-72.59881607,2008.0,7.0,Summer,17.3,9.5,2,0,0,1,19.3,9.0,Connecticut
W1789,42.04831597,-72.45399124,2008.0,7.0,Summer,19.3,9.0,2,0,0,1,21.3,8.5,Connecticut
W1395,41.98731263,-72.60535567,2008.0,7.0,Summer,23.8,8.3,2,0,0,1,25.8,7.800000000000001,Connecticut
W1799,42.6853667,-72.47374624,2008.0,7.0,Summer,20.0,9.6,2,0,0,1,22.0,9.1,Connecticut
W1799,42.6853667,-72.47374624,2008.0,7.0,Summer,21.9,8.2,2,0,0,1,23.9,7.699999999999999,Connecticut
W1785,42.64201567,-72.49771159,2008.0,7.0,Summer,17.7,8.7,2,0,0,1,19.7,8.2,Connecticut
W1063,42.47836238,-72.61893594,2008.0,7.0,Summer,20.2,5.5,2,0,0,1,22.2,5.0,Connecticut
W1063,42.47836238,-72.61893594,2008.0,7.0,Summer,19.1,0.3,3,1,0,1,21.1,0.0,Connecticut
W1050,42.38639934,-72.5503928,2008.0,7.0,Summer,19.4,6.8,2,0,0,1,21.4,6.3,Connecticut
W1050,42.38639934,-72.5503928,2008.0,7.0,Summer,19.1,7.5,2,0,0,1,21.1,7.0,Connecticut
W1051,42.33278638,-72.57858317,2008.0,7.0,Summer,19.7,6.9,1,0,0,0,21.7,6.4,Connecticut
W1051,42.33278638,-72.57858317,2008.0,7.0,Summer,21.2,7.5,1,0,0,0,23.2,7.0,Connecticut
W1784,42.33649913,-72.61557336,2008.0,7.0,Summer,20.9,8.9,2,0,0,1,22.9,8.4,Connecticut
W1784,42.33649913,-72.61557336,2008.0,7.0,Summer,22.1,8.3,2,0,0,1,24.1,7.800000000000001,Connecticut
W1061,42.36655405,-72.60488814,2008.0,7.0,Summer,20.7,8.1,2,0,0,1,22.7,7.6,Connecticut
W1061,42.36655405,-72.60488814,2008.0,7.0,Summer,22.6,8.0,2,0,0,1,24.6,7.5,Connecticut
W1055,42.28189876,-72.42726497,2008.0,7.0,Summer,19.1,8.5,2,0,0,1,21.1,8.0,Connecticut
W1055,42.28189876,-72.42726497,2008.0,7.0,Summer,17.9,8.7,2,0,0,1,19.9,8.2,Connecticut
W1791,42.27107608,-72.44986375,2008.0,7.0,Summer,19.7,5.8,2,0,0,1,21.7,5.3,Connecticut
W1791,42.27107608,-72.44986375,2008.0,7.0,Summer,18.9,5.9,2,0,0,1,20.9,5.4,Connecticut
W1792,42.24704007,-72.58037808,2008.0,7.0,Summer,21.7,8.6,2,0,0,1,23.7,8.1,Connecticut
W1792,42.24704007,-72.58037808,2008.0,7.0,Summer,22.3,8.4,2,0,0,1,24.3,7.9,Connecticut
W1052,42.27015317,-72.58689462,2008.0,7.0,Summer,22.1,7.9,2,0,0,1,24.1,7.4,Connecticut
W1052,42.27015317,-72.58689462,2008.0,7.0,Summer,22.4,7.9,2,0,0,1,24.4,7.4,Connecticut
W1796,42.31899322,-72.66514075,2008.0,7.0,Summer,20.6,8.8,2,0,0,1,22.6,8.3,Connecticut
W1796,42.31899322,-72.66514075,2008.0,7.0,Summer,20.2,9.1,2,0,0,1,22.2,8.6,Connecticut
W1065,42.28349688,-72.64060074,2008.0,7.0,Summer,21.0,8.2,2,0,0,1,23.0,7.699999999999999,Connecticut
W1065,42.28349688,-72.64060074,2008.0,7.0,Summer,21.5,7.7,2,0,0,1,23.5,7.2,Connecticut
W1786,42.0941279,-72.56911519,2008.0,7.0,Summer,22.1,8.2,2,0,0,1,24.1,7.699999999999999,Connecticut
W1786,42.0941279,-72.56911519,2008.0,7.0,Summer,24.8,7.4,2,0,0,1,26.8,6.9,Connecticut
W1794,42.03629979,-72.58362237,2008.0,7.0,Summer,24.7,6.9,2,0,0,1,26.7,6.4,Connecticut
W1794,42.03629979,-72.58362237,2008.0,7.0,Summer,24.2,7.6,2,0,0,1,26.2,7.1,Connecticut
W1803,42.61633757,-72.47760491,2008.0,7.0,Summer,16.9,9.3,2,0,0,1,18.9,8.8,Connecticut
W1782,42.62058327,-72.54988746,2008.0,7.0,Summer,16.1,9.7,2,0,0,1,18.1,9.2,Connecticut
W1048,42.54256341,-72.54911946,2008.0,7.0,Summer,19.4,8.8,2,0,0,1,21.4,8.3,Connecticut
W1045,42.4675985,-72.58479003,2008.0,7.0,Summer,21.2,8.3,2,0,0,1,23.2,7.800000000000001,Connecticut
W1795,42.46908025,-72.64150009,2008.0,7.0,Summer,20.6,7.0,2,0,0,1,22.6,6.5,Connecticut
W1788,42.46068291,-72.64354654,2008.0,7.0,Summer,20.3,8.7,2,0,0,1,22.3,8.2,Connecticut
W1802,42.41180813,-72.56712264,2008.0,7.0,Summer,16.0,7.5,2,0,0,1,18.0,7.0,Connecticut
W1783,42.37833321,-72.48171021,2008.0,7.0,Summer,19.0,8.8,2,0,0,1,21.0,8.3,Connecticut
W1800,42.34204868,-72.49358561,2008.0,7.0,Summer,21.5,4.1,3,1,0,1,23.5,3.5999999999999996,Connecticut
W1804,42.35565015,-72.52065447,2008.0,7.0,Summer,20.4,7.0,2,0,0,1,22.4,6.5,Connecticut
W1797,42.26682544,-72.69715369,2008.0,7.0,Summer,19.9,8.2,2,0,0,1,21.9,7.699999999999999,Connecticut
W1793,42.24110163,-72.70536039,2008.0,7.0,Summer,22.8,7.9,2,0,0,1,24.8,7.4,Connecticut
W1787,42.21445745,-72.72427576,2008.0,7.0,Summer,17.8,8.6,2,0,0,1,19.8,8.1,Connecticut
W1055,42.28189876,-72.42726497,2008.0,9.0,Fall,18.3,8.8,1,0,0,1,20.3,8.3,Connecticut
W1791,42.27107608,-72.44986375,2008.0,9.0,Fall,18.3,7.6,1,0,0,1,20.3,7.1,Connecticut
W1050,42.38639934,-72.5503928,2008.0,9.0,Fall,20.0,7.5,1,0,0,1,22.0,7.0,Connecticut
W1786,42.0941279,-72.56911519,2008.0,9.0,Fall,23.6,7.0,1,0,0,1,25.6,6.5,Connecticut
W1794,42.03629979,-72.58362237,2008.0,9.0,Fall,23.2,7.6,1,0,0,1,25.2,7.1,Connecticut
W1802,42.41180813,-72.56712264,2008.0,9.0,Fall,14.6,7.2,1,0,0,1,16.6,6.7,Connecticut
W1783,42.37833321,-72.48171021,2008.0,9.0,Fall,17.3,9.1,1,0,0,1,19.3,8.6,Connecticut
W1800,42.34204868,-72.49358561,2008.0,9.0,Fall,18.2,5.0,1,0,0,1,20.2,4.5,Connecticut
W1804,42.35565015,-72.52065447,2008.0,9.0,Fall,17.7,7.3,1,0,0,1,19.7,6.8,Connecticut
W1797,42.26682544,-72.69715369,2008.0,9.0,Fall,16.2,8.6,1,0,0,1,18.2,8.1,Connecticut
W1793,42.24110163,-72.70536039,2008.0,9.0,Fall,18.2,8.2,1,0,0,1,20.2,7.699999999999999,Connecticut
W1787,42.21445745,-72.72427576,2008.0,9.0,Fall,15.9,8.6,1,0,0,1,17.9,8.1,Connecticut
W1790,42.25114445,-72.55943838,2008.0,9.0,Fall,19.1,5.4,1,0,0,1,21.1,4.9,Connecticut
W1798,42.19117381,-72.59881607,2008.0,9.0,Fall,17.2,10.4,1,0,0,1,19.2,9.9,Connecticut
W1789,42.04831597,-72.45399124,2008.0,9.0,Fall,16.5,9.6,1,0,0,1,18.5,9.1,Connecticut
W1794,42.03629979,-72.58362237,2008.0,5.0,Spring,15.8,9.8,1,0,0,1,17.8,9.3,Connecticut
W1036,42.23246451,-72.0163834,2008.0,5.0,Spring,11.2,9.6,1,0,0,1,13.2,9.1,Chicopee
W1038,42.22570961,-72.04999618,2008.0,5.0,Spring,14.4,10.4,1,0,0,1,16.4,9.9,Chicopee
W1873,42.21540546,-72.07824828,2008.0,5.0,Spring,13.1,8.8,1,0,0,1,15.1,8.3,Chicopee
W1995,42.22870146,-72.14937365,2008.0,5.0,Spring,14.3,10.9,1,0,0,1,16.3,10.4,Chicopee
W1011,42.21007678,-72.24555871,2008.0,5.0,Spring,14.1,10.8,1,0,0,1,16.1,10.3,Chicopee
W1868,42.19324712,-72.26392886,2008.0,5.0,Spring,14.2,10.8,1,0,0,1,16.2,10.3,Chicopee
W1864,42.16171173,-72.26845965,2008.0,5.0,Spring,11.8,11.4,1,0,0,1,13.8,10.9,Chicopee
W1848,42.45425813,-71.95072628,2008.0,5.0,Spring,11.8,9.6,1,0,0,1,13.8,9.1,Chicopee
W1847,42.39041919,-72.08027064,2008.0,5.0,Spring,13.2,8.8,1,0,0,1,15.2,8.3,Chicopee
W1009,42.28485171,-72.21589977,2008.0,5.0,Spring,15.0,9.6,1,0,0,1,17.0,9.1,Chicopee
W1862,42.08471748,-72.31065881,2008.0,5.0,Spring,10.6,10.5,1,0,0,1,12.6,10.0,Chicopee
W1854,42.1313561,-72.31002915,2008.0,5.0,Spring,10.3,10.3,1,0,0,1,12.3,9.8,Chicopee
W0475,42.15037455,-72.60763627,2008.0,5.0,Spring,14.9,10.3,1,0,0,1,16.9,9.8,Chicopee
W1872,42.20455082,-72.31865025,2008.0,5.0,Spring,12.7,9.4,1,0,0,1,14.7,8.9,Chicopee
W1012,42.24326567,-72.33476023,2008.0,5.0,Spring,10.9,10.9,1,0,0,1,12.9,10.4,Chicopee
W1875,42.17981897,-72.36400692,2008.0,5.0,Spring,13.0,10.3,1,0,0,1,15.0,9.8,Chicopee
W1855,42.15339532,-72.26179872,2008.0,5.0,Spring,10.5,10.8,1,0,0,1,12.5,10.3,Chicopee
W1876,42.24999541,-72.0084457,2008.0,5.0,Spring,11.1,10.7,1,0,0,1,13.1,10.2,Chicopee
W1856,42.26297752,-71.99318259,2008.0,6.0,Summer,16.1,9.0,2,0,0,1,18.1,8.5,Chicopee
W1856,42.26297752,-71.99318259,2008.0,6.0,Summer,16.6,8.9,2,0,0,1,18.6,8.4,Chicopee
W0490,42.26477944,-72.00491606,2008.0,6.0,Summer,17.4,8.2,2,0,0,1,19.4,7.699999999999999,Chicopee
W0490,42.26477944,-72.00491606,2008.0,6.0,Summer,18.0,8.1,2,0,0,1,20.0,7.6,Chicopee
W1036,42.23246451,-72.0163834,2008.0,6.0,Summer,18.2,5.6,2,0,0,1,20.2,5.1,Chicopee
W1036,42.23246451,-72.0163834,2008.0,6.0,Summer,17.7,5.9,2,0,0,1,19.7,5.4,Chicopee
W1038,42.22570961,-72.04999618,2008.0,6.0,Summer,24.4,7.7,2,0,0,1,26.4,7.2,Chicopee
W1038,42.22570961,-72.04999618,2008.0,6.0,Summer,22.6,7.7,2,0,0,1,24.6,7.2,Chicopee
W1990,42.24816753,-72.07425385,2008.0,6.0,Summer,15.6,8.7,2,0,0,1,17.6,8.2,Chicopee
W1990,42.24816753,-72.07425385,2008.0,6.0,Summer,15.9,8.5,2,0,0,1,17.9,8.0,Chicopee
W1039,42.2449869,-72.07374903,2008.0,6.0,Summer,18.4,7.9,2,0,0,1,20.4,7.4,Chicopee
W1039,42.2449869,-72.07374903,2008.0,6.0,Summer,16.7,8.3,2,0,0,1,18.7,7.800000000000001,Chicopee
W1873,42.21540546,-72.07824828,2008.0,6.0,Summer,19.9,3.9,3,1,0,1,21.9,3.4,Chicopee
W1873,42.21540546,-72.07824828,2008.0,6.0,Summer,18.3,2.9,3,1,0,1,20.3,2.4,Chicopee
W0491,42.18142994,-72.26354268,2008.0,6.0,Summer,25.3,8.3,2,0,0,1,27.3,7.800000000000001,Chicopee
W0491,42.18142994,-72.26354268,2008.0,6.0,Summer,20.0,8.6,2,0,0,1,22.0,8.1,Chicopee
W1853,42.1010427,-72.31335538,2008.0,6.0,Summer,16.6,9.3,2,0,0,1,18.6,8.8,Chicopee
W1853,42.1010427,-72.31335538,2008.0,6.0,Summer,15.0,9.6,2,0,0,1,17.0,9.1,Chicopee
W1854,42.1313561,-72.31002915,2008.0,6.0,Summer,17.3,8.9,2,0,0,1,19.3,8.4,Chicopee
W1854,42.1313561,-72.31002915,2008.0,6.0,Summer,15.2,9.2,2,0,0,1,17.2,8.7,Chicopee
W1858,42.14809093,-72.40009284,2008.0,6.0,Summer,19.1,8.6,2,0,0,1,21.1,8.1,Chicopee
W1858,42.14809093,-72.40009284,2008.0,6.0,Summer,17.0,9.1,2,0,0,1,19.0,8.6,Chicopee
W1031,42.16060737,-72.51019767,2008.0,6.0,Summer,22.2,8.4,2,0,0,1,24.2,7.9,Chicopee
W1031,42.16060737,-72.51019767,2008.0,6.0,Summer,20.9,8.8,2,0,0,1,22.9,8.3,Chicopee
W2005,42.15729931,-72.40951214,2008.0,6.0,Summer,20.5,7.2,2,0,0,1,22.5,6.7,Chicopee
W2005,42.15729931,-72.40951214,2008.0,6.0,Summer,19.7,8.5,2,0,0,1,21.7,8.0,Chicopee
W1033,42.17771167,-72.37458989,2008.0,6.0,Summer,19.6,9.0,2,0,0,1,21.6,8.5,Chicopee
W1033,42.17771167,-72.37458989,2008.0,6.0,Summer,17.9,9.3,2,0,0,1,19.9,8.8,Chicopee
W1015,42.17314464,-72.34600381,2008.0,6.0,Summer,19.8,9.0,2,0,0,1,21.8,8.5,Chicopee
W1015,42.17314464,-72.34600381,2008.0,6.0,Summer,18.1,9.4,2,0,0,1,20.1,8.9,Chicopee
W1014,42.19155828,-72.34983401,2008.0,6.0,Summer,21.1,8.2,2,0,0,1,23.1,7.699999999999999,Chicopee
W1014,42.19155828,-72.34983401,2008.0,6.0,Summer,20.3,8.8,2,0,0,1,22.3,8.3,Chicopee
W1848,42.45425813,-71.95072628,2008.0,6.0,Summer,18.3,8.3,2,0,0,1,20.3,7.800000000000001,Chicopee
W1848,42.45425813,-71.95072628,2008.0,6.0,Summer,17.9,8.4,2,0,0,1,19.9,7.9,Chicopee
W1849,42.43628983,-72.05266962,2008.0,6.0,Summer,17.6,8.5,2,0,0,1,19.6,8.0,Chicopee
W1849,42.43628983,-72.05266962,2008.0,6.0,Summer,18.0,8.5,2,0,0,1,20.0,8.0,Chicopee
W1877,42.42038826,-72.04817823,2008.0,6.0,Summer,19.4,8.1,2,0,0,1,21.4,7.6,Chicopee
W1877,42.42038826,-72.04817823,2008.0,6.0,Summer,18.1,8.0,2,0,0,1,20.1,7.5,Chicopee
W1850,42.40850857,-72.09668399,2008.0,6.0,Summer,16.0,8.4,2,0,0,1,18.0,7.9,Chicopee
W1850,42.40850857,-72.09668399,2008.0,6.0,Summer,15.9,8.6,2,0,0,1,17.9,8.1,Chicopee
W0494,42.39121389,-72.0645552,2008.0,6.0,Summer,21.9,8.3,2,0,0,1,23.9,7.800000000000001,Chicopee
W0494,42.39121389,-72.0645552,2008.0,6.0,Summer,19.4,8.7,2,0,0,1,21.4,8.2,Chicopee
W1851,42.37234805,-72.16222662,2008.0,6.0,Summer,20.3,8.1,2,0,0,1,22.3,7.6,Chicopee
W1851,42.37234805,-72.16222662,2008.0,6.0,Summer,19.1,8.4,2,0,0,1,21.1,7.9,Chicopee
W2011,42.34355006,-72.15714041,2008.0,6.0,Summer,23.1,7.6,2,0,0,1,25.1,7.1,Chicopee
W2011,42.34355006,-72.15714041,2008.0,6.0,Summer,20.6,7.2,2,0,0,1,22.6,6.7,Chicopee
W1008,42.32097918,-72.17469434,2008.0,6.0,Summer,20.4,8.2,2,0,0,1,22.4,7.699999999999999,Chicopee
W1008,42.32097918,-72.17469434,2008.0,6.0,Summer,18.0,8.2,2,0,0,1,20.0,7.699999999999999,Chicopee
W1866,42.31010851,-72.21195504,2008.0,6.0,Summer,19.8,8.8,2,0,0,1,21.8,8.3,Chicopee
W1866,42.31010851,-72.21195504,2008.0,6.0,Summer,17.7,8.9,2,0,0,1,19.7,8.4,Chicopee
W0492,42.23872578,-72.285755,2008.0,6.0,Summer,20.9,8.8,2,0,0,1,22.9,8.3,Chicopee
W0492,42.23872578,-72.285755,2008.0,6.0,Summer,18.5,8.8,2,0,0,1,20.5,8.3,Chicopee
W1013,42.2107065,-72.34642165,2008.0,6.0,Summer,17.2,9.4,2,0,0,1,19.2,8.9,Chicopee
W1013,42.2107065,-72.34642165,2008.0,6.0,Summer,16.3,9.6,2,0,0,1,18.3,9.1,Chicopee
W1012,42.24326567,-72.33476023,2008.0,6.0,Summer,16.2,10.0,2,0,0,1,18.2,9.5,Chicopee
W1012,42.24326567,-72.33476023,2008.0,6.0,Summer,15.0,9.7,2,0,0,1,17.0,9.2,Chicopee
W0493,42.26797538,-72.33276108,2008.0,6.0,Summer,16.2,9.8,2,0,0,1,18.2,9.3,Chicopee
W0493,42.26797538,-72.33276108,2008.0,6.0,Summer,15.9,9.5,2,0,0,1,17.9,9.0,Chicopee
W1874,42.28281296,-72.39284073,2008.0,6.0,Summer,16.4,9.1,2,0,0,1,18.4,8.6,Chicopee
W1874,42.28281296,-72.39284073,2008.0,6.0,Summer,14.3,9.7,2,0,0,1,16.3,9.2,Chicopee
W1876,42.24999541,-72.0084457,2008.0,6.0,Summer,16.8,8.4,2,0,0,1,18.8,7.9,Chicopee
W1995,42.22870146,-72.14937365,2008.0,6.0,Summer,21.2,7.7,2,0,0,1,23.2,7.2,Chicopee
W1011,42.21007678,-72.24555871,2008.0,6.0,Summer,20.8,9.0,2,0,0,1,22.8,8.5,Chicopee
W1868,42.19324712,-72.26392886,2008.0,6.0,Summer,21.2,9.2,2,0,0,1,23.2,8.7,Chicopee
W1864,42.16171173,-72.26845965,2008.0,6.0,Summer,16.3,9.9,2,0,0,1,18.3,9.4,Chicopee
W1848,42.45425813,-71.95072628,2008.0,6.0,Summer,17.6,8.5,2,0,0,1,19.6,8.0,Chicopee
W1847,42.39041919,-72.08027064,2008.0,6.0,Summer,19.8,8.2,2,0,0,1,21.8,7.699999999999999,Chicopee
W1009,42.28485171,-72.21589977,2008.0,6.0,Summer,20.8,9.3,2,0,0,1,22.8,8.8,Chicopee
W1862,42.08471748,-72.31065881,2008.0,6.0,Summer,16.0,9.7,2,0,0,1,18.0,9.2,Chicopee
W1871,42.12431568,-72.30748854,2008.0,6.0,Summer,16.2,9.2,2,0,0,1,18.2,8.7,Chicopee
W1031,42.16060737,-72.51019767,2008.0,6.0,Summer,21.3,8.7,2,0,0,1,23.3,8.2,Chicopee
W0475,42.15037455,-72.60763627,2008.0,6.0,Summer,21.8,8.8,2,0,0,1,23.8,8.3,Chicopee
W1872,42.20455082,-72.31865025,2008.0,6.0,Summer,19.1,7.2,2,0,0,1,21.1,6.7,Chicopee
W1875,42.17981897,-72.36400692,2008.0,6.0,Summer,17.9,8.6,2,0,0,1,19.9,8.1,Chicopee
W1855,42.15339532,-72.26179872,2008.0,6.0,Summer,16.6,9.0,2,0,0,1,18.6,8.5,Chicopee
W2020,42.48792791,-72.21647477,2008.0,7.0,Summer,21.8,4.8,3,1,0,1,23.8,4.3,Chicopee
W2021,42.46843526,-72.25884802,2008.0,7.0,Summer,23.3,5.8,2,0,0,1,25.3,5.3,Chicopee
W2022,42.46258282,-72.24561712,2008.0,7.0,Summer,22.7,7.6,2,0,0,1,24.7,7.1,Chicopee
W2023,42.49092717,-72.17095628,2008.0,7.0,Summer,21.4,8.2,2,0,0,1,23.4,7.699999999999999,Chicopee
W2024,42.47162474,-72.16210768,2008.0,7.0,Summer,20.8,8.1,2,0,0,1,22.8,7.6,Chicopee
W2025,42.43816198,-72.20732375,2008.0,7.0,Summer,22.5,8.2,2,0,0,1,24.5,7.699999999999999,Chicopee
W2054,42.29088748,-72.33717325,2008.0,7.0,Summer,20.8,7.9,2,0,0,1,22.8,7.4,Chicopee
W2014,42.45975116,-71.9846416,2008.0,7.0,Summer,25.8,8.1,1,0,0,0,27.8,7.6,Chicopee
W2014,42.45975116,-71.9846416,2008.0,7.0,Summer,25.5,8.0,1,0,0,0,27.5,7.5,Chicopee
W2014,42.45975116,-71.9846416,2008.0,7.0,Summer,22.8,8.8,1,0,0,0,24.8,8.3,Chicopee
W2014,42.45975116,-71.9846416,2008.0,7.0,Summer,15.4,12.1,1,0,0,0,17.4,11.6,Chicopee
W2014,42.45975116,-71.9846416,2008.0,7.0,Summer,11.3,12.2,1,0,0,0,13.3,11.7,Chicopee
W2014,42.45975116,-71.9846416,2008.0,7.0,Summer,8.5,10.8,1,0,0,0,10.5,10.3,Chicopee
W2014,42.45975116,-71.9846416,2008.0,7.0,Summer,7.5,9.5,1,0,0,0,9.5,9.0,Chicopee
W2014,42.45975116,-71.9846416,2008.0,7.0,Summer,6.8,8.4,1,0,0,0,8.8,7.9,Chicopee
W2014,42.45975116,-71.9846416,2008.0,7.0,Summer,6.5,6.8,1,0,0,0,8.5,6.3,Chicopee
W2014,42.45975116,-71.9846416,2008.0,7.0,Summer,6.2,4.4,2,1,0,0,8.2,3.9000000000000004,Chicopee
W2012,42.17819838,-72.40808521,2008.0,7.0,Summer,25.9,7.5,1,0,0,0,27.9,7.0,Chicopee
W2012,42.17819838,-72.40808521,2008.0,7.0,Summer,25.0,7.0,1,0,0,0,27.0,6.5,Chicopee
W2012,42.17819838,-72.40808521,2008.0,7.0,Summer,23.8,6.5,1,0,0,0,25.8,6.0,Chicopee
W2012,42.17819838,-72.40808521,2008.0,7.0,Summer,22.2,6.5,1,0,0,0,24.2,6.0,Chicopee
W2012,42.17819838,-72.40808521,2008.0,7.0,Summer,19.8,5.7,1,0,0,0,21.8,5.2,Chicopee
W2012,42.17819838,-72.40808521,2008.0,7.0,Summer,19.4,4.7,2,1,0,0,21.4,4.2,Chicopee
W2012,42.17819838,-72.40808521,2008.0,7.0,Summer,15.5,0.2,2,1,0,0,17.5,0.0,Chicopee
W1856,42.26297752,-71.99318259,2008.0,7.0,Summer,19.0,8.7,2,0,0,1,21.0,8.2,Chicopee
W1856,42.26297752,-71.99318259,2008.0,7.0,Summer,21.5,8.0,2,0,0,1,23.5,7.5,Chicopee
W0490,42.26477944,-72.00491606,2008.0,7.0,Summer,20.2,8.1,2,0,0,1,22.2,7.6,Chicopee
W0490,42.26477944,-72.00491606,2008.0,7.0,Summer,22.2,7.4,2,0,0,1,24.2,6.9,Chicopee
W1036,42.23246451,-72.0163834,2008.0,7.0,Summer,22.0,5.0,2,0,0,1,24.0,4.5,Chicopee
W1036,42.23246451,-72.0163834,2008.0,7.0,Summer,22.5,5.1,2,0,0,1,24.5,4.6,Chicopee
W1038,42.22570961,-72.04999618,2008.0,7.0,Summer,26.7,7.1,2,0,0,1,28.7,6.6,Chicopee
W1038,42.22570961,-72.04999618,2008.0,7.0,Summer,26.5,7.0,2,0,0,1,28.5,6.5,Chicopee
W1990,42.24816753,-72.07425385,2008.0,7.0,Summer,18.7,8.3,2,0,0,1,20.7,7.800000000000001,Chicopee
W1990,42.24816753,-72.07425385,2008.0,7.0,Summer,21.4,7.7,2,0,0,1,23.4,7.2,Chicopee
W1039,42.2449869,-72.07374903,2008.0,7.0,Summer,22.1,7.6,2,0,0,1,24.1,7.1,Chicopee
W1039,42.2449869,-72.07374903,2008.0,7.0,Summer,21.8,8.1,2,0,0,1,23.8,7.6,Chicopee
W1873,42.21540546,-72.07824828,2008.0,7.0,Summer,22.5,0.8,3,1,0,1,24.5,0.30000000000000004,Chicopee
W1873,42.21540546,-72.07824828,2008.0,7.0,Summer,24.2,0.9,3,1,0,1,26.2,0.4,Chicopee
W0491,42.18142994,-72.26354268,2008.0,7.0,Summer,27.2,8.5,2,0,0,1,29.2,8.0,Chicopee
W0491,42.18142994,-72.26354268,2008.0,7.0,Summer,27.9,8.2,2,0,0,1,29.9,7.699999999999999,Chicopee
W1853,42.1010427,-72.31335538,2008.0,7.0,Summer,23.2,8.1,2,0,0,1,25.2,7.6,Chicopee
W1853,42.1010427,-72.31335538,2008.0,7.0,Summer,20.3,8.6,2,0,0,1,22.3,8.1,Chicopee
W1854,42.1313561,-72.31002915,2008.0,7.0,Summer,24.9,8.4,2,0,0,1,26.9,7.9,Chicopee
W1854,42.1313561,-72.31002915,2008.0,7.0,Summer,20.4,8.1,2,0,0,1,22.4,7.6,Chicopee
W1858,42.14809093,-72.40009284,2008.0,7.0,Summer,25.1,7.9,2,0,0,1,27.1,7.4,Chicopee
W1858,42.14809093,-72.40009284,2008.0,7.0,Summer,22.9,8.1,2,0,0,1,24.9,7.6,Chicopee
W1031,42.16060737,-72.51019767,2008.0,7.0,Summer,26.4,8.0,2,0,0,1,28.4,7.5,Chicopee
W1031,42.16060737,-72.51019767,2008.0,7.0,Summer,25.0,8.0,2,0,0,1,27.0,7.5,Chicopee
W2005,42.15729931,-72.40951214,2008.0,7.0,Summer,25.8,8.9,2,0,0,1,27.8,8.4,Chicopee
W2005,42.15729931,-72.40951214,2008.0,7.0,Summer,24.1,7.4,2,0,0,1,26.1,6.9,Chicopee
W1033,42.17771167,-72.37458989,2008.0,7.0,Summer,25.8,8.7,2,0,0,1,27.8,8.2,Chicopee
W1033,42.17771167,-72.37458989,2008.0,7.0,Summer,21.7,8.0,2,0,0,1,23.7,7.5,Chicopee
W1015,42.17314464,-72.34600381,2008.0,7.0,Summer,26.5,8.8,2,0,0,1,28.5,8.3,Chicopee
W1015,42.17314464,-72.34600381,2008.0,7.0,Summer,21.5,7.6,2,0,0,1,23.5,7.1,Chicopee
W1014,42.19155828,-72.34983401,2008.0,7.0,Summer,27.0,7.7,2,0,0,1,29.0,7.2,Chicopee
W1014,42.19155828,-72.34983401,2008.0,7.0,Summer,24.5,7.6,2,0,0,1,26.5,7.1,Chicopee
W1848,42.45425813,-71.95072628,2008.0,7.0,Summer,20.8,8.1,2,0,0,1,22.8,7.6,Chicopee
W1848,42.45425813,-71.95072628,2008.0,7.0,Summer,22.3,7.5,2,0,0,1,24.3,7.0,Chicopee
W1849,42.43628983,-72.05266962,2008.0,7.0,Summer,21.4,8.1,2,0,0,1,23.4,7.6,Chicopee
W1849,42.43628983,-72.05266962,2008.0,7.0,Summer,23.0,7.7,2,0,0,1,25.0,7.2,Chicopee
W1877,42.42038826,-72.04817823,2008.0,7.0,Summer,22.2,7.2,2,0,0,1,24.2,6.7,Chicopee
W1877,42.42038826,-72.04817823,2008.0,7.0,Summer,23.0,7.0,2,0,0,1,25.0,6.5,Chicopee
W1850,42.40850857,-72.09668399,2008.0,7.0,Summer,19.0,7.8,2,0,0,1,21.0,7.3,Chicopee
W1850,42.40850857,-72.09668399,2008.0,7.0,Summer,20.8,7.6,2,0,0,1,22.8,7.1,Chicopee
W0494,42.39121389,-72.0645552,2008.0,7.0,Summer,23.7,7.9,2,0,0,1,25.7,7.4,Chicopee
W0494,42.39121389,-72.0645552,2008.0,7.0,Summer,24.4,7.6,2,0,0,1,26.4,7.1,Chicopee
W1851,42.37234805,-72.16222662,2008.0,7.0,Summer,23.5,7.7,2,0,0,1,25.5,7.2,Chicopee
W1851,42.37234805,-72.16222662,2008.0,7.0,Summer,24.4,7.6,2,0,0,1,26.4,7.1,Chicopee
W2011,42.34355006,-72.15714041,2008.0,7.0,Summer,24.2,7.5,2,0,0,1,26.2,7.0,Chicopee
W2011,42.34355006,-72.15714041,2008.0,7.0,Summer,24.6,7.1,2,0,0,1,26.6,6.6,Chicopee
W1008,42.32097918,-72.17469434,2008.0,7.0,Summer,25.2,9.2,2,0,0,1,27.2,8.7,Chicopee
W1008,42.32097918,-72.17469434,2008.0,7.0,Summer,22.8,7.0,2,0,0,1,24.8,6.5,Chicopee
W1866,42.31010851,-72.21195504,2008.0,7.0,Summer,25.4,8.0,2,0,0,1,27.4,7.5,Chicopee
W1866,42.31010851,-72.21195504,2008.0,7.0,Summer,22.5,7.4,2,0,0,1,24.5,6.9,Chicopee
W0492,42.23872578,-72.285755,2008.0,7.0,Summer,26.7,8.8,2,0,0,1,28.7,8.3,Chicopee
W0492,42.23872578,-72.285755,2008.0,7.0,Summer,24.2,7.6,2,0,0,1,26.2,7.1,Chicopee
W1013,42.2107065,-72.34642165,2008.0,7.0,Summer,19.1,9.1,2,0,0,1,21.1,8.6,Chicopee
W1013,42.2107065,-72.34642165,2008.0,7.0,Summer,17.4,9.2,2,0,0,1,19.4,8.7,Chicopee
W1012,42.24326567,-72.33476023,2008.0,7.0,Summer,13.7,11.1,2,0,0,1,15.7,10.6,Chicopee
W1012,42.24326567,-72.33476023,2008.0,7.0,Summer,13.6,9.5,2,0,0,1,15.6,9.0,Chicopee
W0493,42.26797538,-72.33276108,2008.0,7.0,Summer,13.6,10.5,2,0,0,1,15.6,10.0,Chicopee
W0493,42.26797538,-72.33276108,2008.0,7.0,Summer,13.5,10.4,2,0,0,1,15.5,9.9,Chicopee
W1874,42.28281296,-72.39284073,2008.0,7.0,Summer,21.5,8.0,2,0,0,1,23.5,7.5,Chicopee
W1874,42.28281296,-72.39284073,2008.0,7.0,Summer,20.0,8.4,2,0,0,1,22.0,7.9,Chicopee
W1876,42.24999541,-72.0084457,2008.0,7.0,Summer,21.7,6.0,2,0,0,1,23.7,5.5,Chicopee
W1995,42.22870146,-72.14937365,2008.0,7.0,Summer,25.5,2.4,4,1,1,1,27.5,1.9,Chicopee
W1011,42.21007678,-72.24555871,2008.0,7.0,Summer,25.9,7.7,2,0,0,1,27.9,7.2,Chicopee
W1868,42.19324712,-72.26392886,2008.0,7.0,Summer,25.7,8.0,2,0,0,1,27.7,7.5,Chicopee
W1864,42.16171173,-72.26845965,2008.0,7.0,Summer,19.7,8.5,2,0,0,1,21.7,8.0,Chicopee
W1848,42.45425813,-71.95072628,2008.0,7.0,Summer,21.7,7.9,2,0,0,1,23.7,7.4,Chicopee
W1847,42.39041919,-72.08027064,2008.0,7.0,Summer,25.4,6.7,2,0,0,1,27.4,6.2,Chicopee
W1009,42.28485171,-72.21589977,2008.0,7.0,Summer,24.8,8.6,2,0,0,1,26.8,8.1,Chicopee
W1862,42.08471748,-72.31065881,2008.0,7.0,Summer,22.3,8.2,2,0,0,1,24.3,7.699999999999999,Chicopee
W1871,42.12431568,-72.30748854,2008.0,7.0,Summer,21.3,7.6,2,0,0,1,23.3,7.1,Chicopee
W1031,42.16060737,-72.51019767,2008.0,7.0,Summer,26.2,8.1,2,0,0,1,28.2,7.6,Chicopee
W0475,42.15037455,-72.60763627,2008.0,7.0,Summer,27.3,8.2,2,0,0,1,29.3,7.699999999999999,Chicopee
W1872,42.20455082,-72.31865025,2008.0,7.0,Summer,25.3,6.4,2,0,0,1,27.3,5.9,Chicopee
W1875,42.17981897,-72.36400692,2008.0,7.0,Summer,23.8,8.4,2,0,0,1,25.8,7.9,Chicopee
W1855,42.15339532,-72.26179872,2008.0,7.0,Summer,18.9,9.2,2,0,0,1,20.9,8.7,Chicopee
W1856,42.26297752,-71.99318259,2008.0,8.0,Summer,20.0,8.4,2,0,0,1,22.0,7.9,Chicopee
W1856,42.26297752,-71.99318259,2008.0,8.0,Summer,20.2,8.0,2,0,0,1,22.2,7.5,Chicopee
W0490,42.26477944,-72.00491606,2008.0,8.0,Summer,18.7,7.9,2,0,0,1,20.7,7.4,Chicopee
W0490,42.26477944,-72.00491606,2008.0,8.0,Summer,18.8,7.6,2,0,0,1,20.8,7.1,Chicopee
W1036,42.23246451,-72.0163834,2008.0,8.0,Summer,19.4,5.9,2,0,0,1,21.4,5.4,Chicopee
W1036,42.23246451,-72.0163834,2008.0,8.0,Summer,19.7,5.8,2,0,0,1,21.7,5.3,Chicopee
W1038,42.22570961,-72.04999618,2008.0,8.0,Summer,23.1,7.9,2,0,0,1,25.1,7.4,Chicopee
W1038,42.22570961,-72.04999618,2008.0,8.0,Summer,24.1,7.5,2,0,0,1,26.1,7.0,Chicopee
W1990,42.24816753,-72.07425385,2008.0,8.0,Summer,17.2,8.5,2,0,0,1,19.2,8.0,Chicopee
W1039,42.2449869,-72.07374903,2008.0,8.0,Summer,18.3,8.5,2,0,0,1,20.3,8.0,Chicopee
W1873,42.21540546,-72.07824828,2008.0,8.0,Summer,19.6,2.7,3,1,0,1,21.6,2.2,Chicopee
W0491,42.18142994,-72.26354268,2008.0,8.0,Summer,22.1,8.1,2,0,0,1,24.1,7.6,Chicopee
W1853,42.1010427,-72.31335538,2008.0,8.0,Summer,15.2,9.7,2,0,0,1,17.2,9.2,Chicopee
W1854,42.1313561,-72.31002915,2008.0,8.0,Summer,15.4,9.2,2,0,0,1,17.4,8.7,Chicopee
W1858,42.14809093,-72.40009284,2008.0,8.0,Summer,17.0,9.3,2,0,0,1,19.0,8.8,Chicopee
W1031,42.16060737,-72.51019767,2008.0,8.0,Summer,22.3,8.8,2,0,0,1,24.3,8.3,Chicopee
W2005,42.15729931,-72.40951214,2008.0,8.0,Summer,21.7,7.6,2,0,0,1,23.7,7.1,Chicopee
W2005,42.15729931,-72.40951214,2008.0,8.0,Summer,21.9,7.9,2,0,0,1,23.9,7.4,Chicopee
W1033,42.17771167,-72.37458989,2008.0,8.0,Summer,21.2,8.0,2,0,0,1,23.2,7.5,Chicopee
W1033,42.17771167,-72.37458989,2008.0,8.0,Summer,19.7,8.8,2,0,0,1,21.7,8.3,Chicopee
W1015,42.17314464,-72.34600381,2008.0,8.0,Summer,22.0,8.2,2,0,0,1,24.0,7.699999999999999,Chicopee
W1015,42.17314464,-72.34600381,2008.0,8.0,Summer,20.4,9.2,2,0,0,1,22.4,8.7,Chicopee
W1014,42.19155828,-72.34983401,2008.0,8.0,Summer,22.3,7.9,2,0,0,1,24.3,7.4,Chicopee
W1014,42.19155828,-72.34983401,2008.0,8.0,Summer,21.6,8.6,2,0,0,1,23.6,8.1,Chicopee
W1848,42.45425813,-71.95072628,2008.0,8.0,Summer,18.8,7.8,2,0,0,1,20.8,7.3,Chicopee
W1848,42.45425813,-71.95072628,2008.0,8.0,Summer,19.8,7.9,2,0,0,1,21.8,7.4,Chicopee
W1849,42.43628983,-72.05266962,2008.0,8.0,Summer,19.2,8.2,2,0,0,1,21.2,7.699999999999999,Chicopee
W1849,42.43628983,-72.05266962,2008.0,8.0,Summer,19.0,8.4,2,0,0,1,21.0,7.9,Chicopee
W1877,42.42038826,-72.04817823,2008.0,8.0,Summer,18.0,7.9,1,0,0,0,20.0,7.4,Chicopee
W1877,42.42038826,-72.04817823,2008.0,8.0,Summer,18.6,8.1,1,0,0,0,20.6,7.6,Chicopee
W1850,42.40850857,-72.09668399,2008.0,8.0,Summer,17.8,8.2,2,0,0,1,19.8,7.699999999999999,Chicopee
W1850,42.40850857,-72.09668399,2008.0,8.0,Summer,17.8,8.2,2,0,0,1,19.8,7.699999999999999,Chicopee
W0494,42.39121389,-72.0645552,2008.0,8.0,Summer,20.2,8.2,2,0,0,1,22.2,7.699999999999999,Chicopee
W0494,42.39121389,-72.0645552,2008.0,8.0,Summer,20.9,8.2,2,0,0,1,22.9,7.699999999999999,Chicopee
W1851,42.37234805,-72.16222662,2008.0,8.0,Summer,20.2,8.1,2,0,0,1,22.2,7.6,Chicopee
W1851,42.37234805,-72.16222662,2008.0,8.0,Summer,21.5,8.0,2,0,0,1,23.5,7.5,Chicopee
W2011,42.34355006,-72.15714041,2008.0,8.0,Summer,20.6,7.8,2,0,0,1,22.6,7.3,Chicopee
W2011,42.34355006,-72.15714041,2008.0,8.0,Summer,21.9,8.0,2,0,0,1,23.9,7.5,Chicopee
W1008,42.32097918,-72.17469434,2008.0,8.0,Summer,22.5,8.3,2,0,0,1,24.5,7.800000000000001,Chicopee
W1008,42.32097918,-72.17469434,2008.0,8.0,Summer,18.2,8.2,2,0,0,1,20.2,7.699999999999999,Chicopee
W1866,42.31010851,-72.21195504,2008.0,8.0,Summer,22.8,8.4,2,0,0,1,24.8,7.9,Chicopee
W1866,42.31010851,-72.21195504,2008.0,8.0,Summer,17.6,8.9,2,0,0,1,19.6,8.4,Chicopee
W0492,42.23872578,-72.285755,2008.0,8.0,Summer,23.5,8.8,2,0,0,1,25.5,8.3,Chicopee
W0492,42.23872578,-72.285755,2008.0,8.0,Summer,19.3,8.8,2,0,0,1,21.3,8.3,Chicopee
W1013,42.2107065,-72.34642165,2008.0,8.0,Summer,19.6,8.9,2,0,0,1,21.6,8.4,Chicopee
W1013,42.2107065,-72.34642165,2008.0,8.0,Summer,17.3,9.6,2,0,0,1,19.3,9.1,Chicopee
W1012,42.24326567,-72.33476023,2008.0,8.0,Summer,17.3,10.5,2,0,0,1,19.3,10.0,Chicopee
W1012,42.24326567,-72.33476023,2008.0,8.0,Summer,14.8,9.3,2,0,0,1,16.8,8.8,Chicopee
W0493,42.26797538,-72.33276108,2008.0,8.0,Summer,17.6,9.6,2,0,0,1,19.6,9.1,Chicopee
W0493,42.26797538,-72.33276108,2008.0,8.0,Summer,15.3,10.2,2,0,0,1,17.3,9.7,Chicopee
W1874,42.28281296,-72.39284073,2008.0,8.0,Summer,20.3,8.4,2,0,0,1,22.3,7.9,Chicopee
W1874,42.28281296,-72.39284073,2008.0,8.0,Summer,14.8,9.8,2,0,0,1,16.8,9.3,Chicopee
W1876,42.24999541,-72.0084457,2008.0,8.0,Summer,20.7,7.7,2,0,0,1,22.7,7.2,Chicopee
W1995,42.22870146,-72.14937365,2008.0,8.0,Summer,22.7,0.4,3,1,0,1,24.7,0.0,Chicopee
W1011,42.21007678,-72.24555871,2008.0,8.0,Summer,22.2,8.6,2,0,0,1,24.2,8.1,Chicopee
W1868,42.19324712,-72.26392886,2008.0,8.0,Summer,22.2,8.7,2,0,0,1,24.2,8.2,Chicopee
W1864,42.16171173,-72.26845965,2008.0,8.0,Summer,18.5,9.4,2,0,0,1,20.5,8.9,Chicopee
W1848,42.45425813,-71.95072628,2008.0,8.0,Summer,21.2,7.7,2,0,0,1,23.2,7.2,Chicopee
W1847,42.39041919,-72.08027064,2008.0,8.0,Summer,21.4,7.7,2,0,0,1,23.4,7.2,Chicopee
W1009,42.28485171,-72.21589977,2008.0,8.0,Summer,20.8,8.6,2,0,0,1,22.8,8.1,Chicopee
W1862,42.08471748,-72.31065881,2008.0,8.0,Summer,20.1,8.7,2,0,0,1,22.1,8.2,Chicopee
W1871,42.12431568,-72.30748854,2008.0,8.0,Summer,19.2,8.8,2,0,0,1,21.2,8.3,Chicopee
W1031,42.16060737,-72.51019767,2008.0,8.0,Summer,22.4,7.9,2,0,0,1,24.4,7.4,Chicopee
W0475,42.15037455,-72.60763627,2008.0,8.0,Summer,22.4,8.8,2,0,0,1,24.4,8.3,Chicopee
W1872,42.20455082,-72.31865025,2008.0,8.0,Summer,21.7,8.0,2,0,0,1,23.7,7.5,Chicopee
W1875,42.17981897,-72.36400692,2008.0,8.0,Summer,22.1,8.6,2,0,0,1,24.1,8.1,Chicopee
W1855,42.15339532,-72.26179872,2008.0,8.0,Summer,17.8,9.5,2,0,0,1,19.8,9.0,Chicopee
W2014,42.45975116,-71.9846416,2008.0,8.0,Summer,22.6,8.6,2,0,0,1,24.6,8.1,Chicopee
W2014,42.45975116,-71.9846416,2008.0,8.0,Summer,22.6,8.6,2,0,0,1,24.6,8.1,Chicopee
W2014,42.45975116,-71.9846416,2008.0,8.0,Summer,22.4,8.4,2,0,0,1,24.4,7.9,Chicopee
W2014,42.45975116,-71.9846416,2008.0,8.0,Summer,19.8,9.6,2,0,0,1,21.8,9.1,Chicopee
W2014,42.45975116,-71.9846416,2008.0,8.0,Summer,15.3,11.0,2,0,0,1,17.3,10.5,Chicopee
W2014,42.45975116,-71.9846416,2008.0,8.0,Summer,11.7,10.8,2,0,0,1,13.7,10.3,Chicopee
W2014,42.45975116,-71.9846416,2008.0,8.0,Summer,8.9,9.0,2,0,0,1,10.9,8.5,Chicopee
W2014,42.45975116,-71.9846416,2008.0,8.0,Summer,7.0,3.7,3,1,0,1,9.0,3.2,Chicopee
W2012,42.17819838,-72.40808521,2008.0,8.0,Summer,22.1,8.8,1,0,0,0,24.1,8.3,Chicopee
W2012,42.17819838,-72.40808521,2008.0,8.0,Summer,21.0,8.1,1,0,0,0,23.0,7.6,Chicopee
W2012,42.17819838,-72.40808521,2008.0,8.0,Summer,20.1,7.9,1,0,0,0,22.1,7.4,Chicopee
W2012,42.17819838,-72.40808521,2008.0,8.0,Summer,19.4,7.5,1,0,0,0,21.4,7.0,Chicopee
W2012,42.17819838,-72.40808521,2008.0,8.0,Summer,18.5,6.1,1,0,0,0,20.5,5.6,Chicopee
W2012,42.17819838,-72.40808521,2008.0,8.0,Summer,18.4,5.9,1,0,0,0,20.4,5.4,Chicopee
W2012,42.17819838,-72.40808521,2008.0,8.0,Summer,18.3,5.1,1,0,0,0,20.3,4.6,Chicopee
W2012,42.17819838,-72.40808521,2008.0,8.0,Summer,18.0,2.4,2,1,0,0,20.0,1.9,Chicopee
W2012,42.17819838,-72.40808521,2008.0,8.0,Summer,17.9,0.9,2,1,0,0,19.9,0.4,Chicopee
W1876,42.24999541,-72.0084457,2008.0,9.0,Fall,18.8,5.6,1,0,0,1,20.8,5.1,Chicopee
W1876,42.24999541,-72.0084457,2008.0,9.0,Fall,18.3,8.3,1,0,0,1,20.3,7.800000000000001,Chicopee
W1036,42.23246451,-72.0163834,2008.0,9.0,Fall,20.3,5.0,1,0,0,1,22.3,4.5,Chicopee
W1036,42.23246451,-72.0163834,2008.0,9.0,Fall,18.0,5.1,1,0,0,1,20.0,4.6,Chicopee
W1873,42.21540546,-72.07824828,2008.0,9.0,Fall,21.1,5.2,1,0,0,1,23.1,4.7,Chicopee
W1873,42.21540546,-72.07824828,2008.0,9.0,Fall,16.4,3.9,2,1,0,1,18.4,3.4,Chicopee
W1991,42.2081965,-72.10431113,2008.0,9.0,Fall,23.7,3.8,2,1,0,1,25.7,3.3,Chicopee
W1991,42.2081965,-72.10431113,2008.0,9.0,Fall,20.6,2.9,2,1,0,1,22.6,2.4,Chicopee
W1994,42.21247249,-72.12297305,2008.0,9.0,Fall,23.0,1.2,2,1,0,1,25.0,0.7,Chicopee
W1994,42.21247249,-72.12297305,2008.0,9.0,Fall,20.5,2.5,2,1,0,1,22.5,2.0,Chicopee
W1867,42.21262531,-72.20365346,2008.0,9.0,Fall,24.0,7.8,1,0,0,1,26.0,7.3,Chicopee
W1867,42.21262531,-72.20365346,2008.0,9.0,Fall,20.0,1.6,2,1,0,1,22.0,1.1,Chicopee
W1991,42.2081965,-72.10431113,2008.0,9.0,Fall,23.7,3.7,2,1,0,1,25.7,3.2,Chicopee
W1992,42.2091169,-72.10996213,2008.0,9.0,Fall,23.2,2.4,2,1,0,1,25.2,1.9,Chicopee
W2013,42.18552906,-72.39405802,2008.0,7.0,Summer,26.3,7.5,1,0,0,0,28.3,7.0,Chicopee
W2013,42.18552906,-72.39405802,2008.0,7.0,Summer,26.1,7.4,1,0,0,0,28.1,6.9,Chicopee
W2013,42.18552906,-72.39405802,2008.0,7.0,Summer,25.2,7.2,1,0,0,0,27.2,6.7,Chicopee
W2013,42.18552906,-72.39405802,2008.0,7.0,Summer,24.4,7.3,1,0,0,0,26.4,6.8,Chicopee
W2013,42.18552906,-72.39405802,2008.0,7.0,Summer,23.6,7.5,1,0,0,0,25.6,7.0,Chicopee
W2013,42.18552906,-72.39405802,2008.0,7.0,Summer,23.0,6.8,1,0,0,0,25.0,6.3,Chicopee
W1876,42.24999541,-72.0084457,2008.0,9.0,Fall,13.0,9.0,1,0,0,1,15.0,8.5,Chicopee
W1995,42.22870146,-72.14937365,2008.0,9.0,Fall,16.9,2.7,2,1,0,1,18.9,2.2,Chicopee
W1011,42.21007678,-72.24555871,2008.0,9.0,Fall,16.3,9.7,1,0,0,1,18.3,9.2,Chicopee
W1868,42.19324712,-72.26392886,2008.0,9.0,Fall,16.4,9.8,1,0,0,1,18.4,9.3,Chicopee
W1864,42.16171173,-72.26845965,2008.0,9.0,Fall,12.0,10.5,1,0,0,1,14.0,10.0,Chicopee
W1848,42.45425813,-71.95072628,2008.0,9.0,Fall,12.1,9.7,1,0,0,1,14.1,9.2,Chicopee
W1847,42.39041919,-72.08027064,2008.0,9.0,Fall,14.1,9.6,1,0,0,1,16.1,9.1,Chicopee
W1862,42.08471748,-72.31065881,2008.0,9.0,Fall,12.0,10.9,1,0,0,1,14.0,10.4,Chicopee
W1871,42.12431568,-72.30748854,2008.0,9.0,Fall,12.0,10.6,1,0,0,1,14.0,10.1,Chicopee
W1031,42.16060737,-72.51019767,2008.0,9.0,Fall,16.6,10.3,1,0,0,1,18.6,9.8,Chicopee
W0475,42.15037455,-72.60763627,2008.0,9.0,Fall,16.4,10.5,1,0,0,1,18.4,10.0,Chicopee
W1872,42.20455082,-72.31865025,2008.0,9.0,Fall,15.1,9.2,1,0,0,1,17.1,8.7,Chicopee
W1875,42.17981897,-72.36400692,2008.0,9.0,Fall,16.1,9.9,1,0,0,1,18.1,9.4,Chicopee
W1855,42.15339532,-72.26179872,2008.0,9.0,Fall,12.0,10.5,1,0,0,1,14.0,10.0,Chicopee
W1992,42.2091169,-72.10996213,2008.0,9.0,Fall,18.4,4.4,2,1,0,1,20.4,3.9000000000000004,Chicopee
W1992,42.2091169,-72.10996213,2008.0,9.0,Fall,18.0,4.3,2,1,0,1,20.0,3.8,Chicopee
W1993,42.21244098,-72.12067309,2008.0,9.0,Fall,18.4,4.0,2,1,0,1,20.4,3.5,Chicopee
W1993,42.21244098,-72.12067309,2008.0,9.0,Fall,17.4,3.7,2,1,0,1,19.4,3.2,Chicopee
W1995,42.22870146,-72.14937365,2008.0,9.0,Fall,18.0,2.5,2,1,0,1,20.0,2.0,Chicopee
W1995,42.22870146,-72.14937365,2008.0,9.0,Fall,17.0,3.1,2,1,0,1,19.0,2.6,Chicopee
W1996,42.23362783,-72.16221694,2008.0,9.0,Fall,18.0,2.7,2,1,0,1,20.0,2.2,Chicopee
W1996,42.23362783,-72.16221694,2008.0,9.0,Fall,16.7,3.4,2,1,0,1,18.7,2.9,Chicopee
W1995,42.22870146,-72.14937365,2008.0,9.0,Fall,20.0,1.6,2,1,0,1,22.0,1.1,Chicopee
W1997,42.23248582,-72.15785881,2008.0,9.0,Fall,20.0,1.8,2,1,0,1,22.0,1.3,Chicopee
W1998,42.23472642,-72.16258295,2008.0,9.0,Fall,20.0,1.8,2,1,0,1,22.0,1.3,Chicopee
W1999,42.2356203,-72.16248331,2008.0,9.0,Fall,21.9,6.5,1,0,0,1,23.9,6.0,Chicopee
W2000,42.23468043,-72.16497539,2008.0,9.0,Fall,20.2,2.1,2,1,0,1,22.2,1.6,Chicopee
W2014,42.45975116,-71.9846416,2008.0,9.0,Fall,19.1,8.8,1,0,0,1,21.1,8.3,Chicopee
W2014,42.45975116,-71.9846416,2008.0,9.0,Fall,19.1,8.7,1,0,0,1,21.1,8.2,Chicopee
W2014,42.45975116,-71.9846416,2008.0,9.0,Fall,18.9,8.5,1,0,0,1,20.9,8.0,Chicopee
W2014,42.45975116,-71.9846416,2008.0,9.0,Fall,17.1,8.0,1,0,0,1,19.1,7.5,Chicopee
W2014,42.45975116,-71.9846416,2008.0,9.0,Fall,12.8,8.0,1,0,0,1,14.8,7.5,Chicopee
W2014,42.45975116,-71.9846416,2008.0,9.0,Fall,9.9,6.6,1,0,0,1,11.9,6.1,Chicopee
W2014,42.45975116,-71.9846416,2008.0,9.0,Fall,8.7,4.8,2,1,0,1,10.7,4.3,Chicopee
W2014,42.45975116,-71.9846416,2008.0,9.0,Fall,7.4,0.3,2,1,0,1,9.4,0.0,Chicopee
W2014,42.45975116,-71.9846416,2008.0,9.0,Fall,6.7,0.2,2,1,0,1,8.7,0.0,Chicopee
W2012,42.17819838,-72.40808521,2008.0,9.0,Fall,19.1,9.0,0,0,0,0,21.1,8.5,Chicopee
W2012,42.17819838,-72.40808521,2008.0,9.0,Fall,18.9,8.9,0,0,0,0,20.9,8.4,Chicopee
W2012,42.17819838,-72.40808521,2008.0,9.0,Fall,18.8,8.9,0,0,0,0,20.8,8.4,Chicopee
W2012,42.17819838,-72.40808521,2008.0,9.0,Fall,18.4,8.9,0,0,0,0,20.4,8.4,Chicopee
W2012,42.17819838,-72.40808521,2008.0,9.0,Fall,18.0,8.9,0,0,0,0,20.0,8.4,Chicopee
W2012,42.17819838,-72.40808521,2008.0,9.0,Fall,17.3,8.7,0,0,0,0,19.3,8.2,Chicopee
W2012,42.17819838,-72.40808521,2008.0,9.0,Fall,17.0,7.9,0,0,0,0,19.0,7.4,Chicopee
W2012,42.17819838,-72.40808521,2008.0,9.0,Fall,17.0,7.2,0,0,0,0,19.0,6.7,Chicopee
W2012,42.17819838,-72.40808521,2008.0,9.0,Fall,16.9,5.6,0,0,0,0,18.9,5.1,Chicopee
W2012,42.17819838,-72.40808521,2008.0,9.0,Fall,16.9,4.8,1,1,0,0,18.9,4.3,Chicopee
W2020,42.48792791,-72.21647477,2008.0,12.0,Winter,2.9,10.8,1,0,0,1,4.9,10.3,Chicopee
W2021,42.46843526,-72.25884802,2008.0,12.0,Winter,1.9,11.9,1,0,0,1,3.9,11.4,Chicopee
W2022,42.46258282,-72.24561712,2008.0,12.0,Winter,2.2,12.5,1,0,0,1,4.2,12.0,Chicopee
W2023,42.49092717,-72.17095628,2008.0,12.0,Winter,3.2,12.2,1,0,0,1,5.2,11.7,Chicopee
W2024,42.47162474,-72.16210768,2008.0,12.0,Winter,2.6,12.3,1,0,0,1,4.6,11.8,Chicopee
W2025,42.43816198,-72.20732375,2008.0,12.0,Winter,2.6,12.2,1,0,0,1,4.6,11.7,Chicopee
W2054,42.29088748,-72.33717325,2008.0,12.0,Winter,4.1,11.4,1,0,0,1,6.1,10.9,Chicopee
W2013,42.18552906,-72.39405802,2008.0,8.0,Summer,21.7,8.5,1,0,0,0,23.7,8.0,Chicopee
W2013,42.18552906,-72.39405802,2008.0,8.0,Summer,20.1,8.6,1,0,0,0,22.1,8.1,Chicopee
W1241,42.18223431,-71.70488014,2008.0,4.0,Spring,11.0,11.2,1,0,0,1,13.0,10.7,Blackstone
W1017,42.18086003,-71.73011265,2008.0,4.0,Spring,11.3,11.3,1,0,0,1,13.3,10.8,Blackstone
W0505,42.20292186,-71.77806924,2008.0,4.0,Spring,11.8,9.9,1,0,0,1,13.8,9.4,Blackstone
W1764,42.13913312,-71.63971462,2008.0,4.0,Spring,11.7,9.3,1,0,0,1,13.7,8.8,Blackstone
W1243,42.17384662,-71.68057473,2008.0,4.0,Spring,11.9,10.1,1,0,0,1,13.9,9.6,Blackstone
W1242,42.17728889,-71.68788468,2008.0,4.0,Spring,11.9,10.1,1,0,0,1,13.9,9.6,Blackstone
W1765,42.05495698,-71.61629976,2008.0,4.0,Spring,12.4,9.0,1,0,0,1,14.4,8.5,Blackstone
W1022,42.02414862,-71.48740249,2008.0,5.0,Spring,7.9,10.7,1,0,0,1,9.9,10.2,Blackstone
W0508,42.04075372,-71.51568945,2008.0,5.0,Spring,9.4,10.9,1,0,0,1,11.4,10.4,Blackstone
W0514,42.16003238,-71.60586969,2008.0,5.0,Spring,10.9,11.4,1,0,0,1,12.9,10.9,Blackstone
W1759,42.18115577,-71.64793794,2008.0,5.0,Spring,10.2,11.0,1,0,0,1,12.2,10.5,Blackstone
W2062,42.27876651,-71.80543192,2008.0,5.0,Spring,13.4,8.6,1,0,0,1,15.4,8.1,Blackstone
W1282,42.29062266,-71.75867408,2008.0,5.0,Spring,10.4,10.3,1,0,0,1,12.4,9.8,Blackstone
W1753,42.30377694,-71.7626168,2008.0,5.0,Spring,10.6,10.6,1,0,0,1,12.6,10.1,Blackstone
W1761,42.32499793,-71.74088627,2008.0,5.0,Spring,10.9,10.5,1,0,0,1,12.9,10.0,Blackstone
W1758,42.28029336,-71.74620407,2008.0,5.0,Spring,14.4,9.6,1,0,0,1,16.4,9.1,Blackstone
W1769,42.18498134,-71.71206258,2008.0,5.0,Spring,12.1,9.7,1,0,0,1,14.1,9.2,Blackstone
W1432,42.17306202,-71.62974844,2008.0,5.0,Spring,16.2,9.2,1,0,0,1,18.2,8.7,Blackstone
W1439,42.17268159,-71.62792867,2008.0,5.0,Spring,10.8,10.2,0,0,0,0,12.8,9.7,Blackstone
W1244,42.12965013,-71.63645321,2008.0,5.0,Spring,14.7,7.2,1,0,0,1,16.7,6.7,Blackstone
W1244,42.12965013,-71.63645321,2008.0,5.0,Spring,18.1,5.3,1,0,0,1,20.1,4.8,Blackstone
W0767,42.153873,-71.65203977,2008.0,5.0,Spring,15.4,8.6,1,0,0,1,17.4,8.1,Blackstone
W0767,42.153873,-71.65203977,2008.0,5.0,Spring,17.3,6.5,1,0,0,1,19.3,6.0,Blackstone
W1018,42.19910034,-71.69396462,2008.0,5.0,Spring,17.0,10.4,1,0,0,1,19.0,9.9,Blackstone
W1018,42.19910034,-71.69396462,2008.0,5.0,Spring,18.8,8.8,1,0,0,1,20.8,8.3,Blackstone
W1763,42.19289465,-71.75182267,2008.0,5.0,Spring,16.5,8.2,1,0,0,1,18.5,7.699999999999999,Blackstone
W1763,42.19289465,-71.75182267,2008.0,5.0,Spring,17.0,7.6,1,0,0,1,19.0,7.1,Blackstone
W1255,42.20640574,-71.78097604,2008.0,5.0,Spring,16.0,8.1,1,0,0,1,18.0,7.6,Blackstone
W1255,42.20640574,-71.78097604,2008.0,5.0,Spring,17.5,7.0,1,0,0,1,19.5,6.5,Blackstone
W1240,42.20864325,-71.78210772,2008.0,5.0,Spring,15.7,8.6,1,0,0,1,17.7,8.1,Blackstone
W1240,42.20864325,-71.78210772,2008.0,5.0,Spring,17.3,7.0,1,0,0,1,19.3,6.5,Blackstone
W0680,42.22778189,-71.78735524,2008.0,5.0,Spring,16.0,9.3,1,0,0,1,18.0,8.8,Blackstone
W0680,42.22778189,-71.78735524,2008.0,5.0,Spring,18.0,8.9,1,0,0,1,20.0,8.4,Blackstone
W0502,42.2365576,-71.79667946,2008.0,5.0,Spring,16.5,9.4,1,0,0,1,18.5,8.9,Blackstone
W0502,42.2365576,-71.79667946,2008.0,5.0,Spring,18.7,8.6,1,0,0,1,20.7,8.1,Blackstone
W1767,42.18277682,-71.76604587,2008.0,5.0,Spring,11.8,9.9,1,0,0,1,13.8,9.4,Blackstone
W1025,42.08439258,-71.69699739,2008.0,5.0,Spring,12.6,9.9,1,0,0,1,14.6,9.4,Blackstone
W1755,42.0448378,-71.62194682,2008.0,5.0,Spring,12.0,10.1,1,0,0,1,14.0,9.6,Blackstone
W1596,42.02194765,-71.56822441,2008.0,5.0,Spring,13.4,7.7,1,0,0,1,15.4,7.2,Blackstone
W1762,42.0193983,-71.5344052,2008.0,5.0,Spring,12.0,10.0,1,0,0,1,14.0,9.5,Blackstone
W1760,42.09326799,-71.5191956,2008.0,5.0,Spring,10.2,9.9,1,0,0,1,12.2,9.4,Blackstone
W1756,42.02727016,-71.48547213,2008.0,5.0,Spring,11.4,10.1,1,0,0,1,13.4,9.6,Blackstone
W1772,42.01550267,-71.49304478,2008.0,5.0,Spring,12.3,8.3,1,0,0,1,14.3,7.800000000000001,Blackstone
W1772,42.01550267,-71.49304478,2008.0,5.0,Spring,16.3,5.7,1,0,0,1,18.3,5.2,Blackstone
W1771,42.01238549,-71.51035869,2008.0,5.0,Spring,15.9,9.6,1,0,0,1,17.9,9.1,Blackstone
W1771,42.01238549,-71.51035869,2008.0,5.0,Spring,17.4,9.2,1,0,0,1,19.4,8.7,Blackstone
W1023,42.01664829,-71.5384768,2008.0,5.0,Spring,14.9,8.5,1,0,0,1,16.9,8.0,Blackstone
W1023,42.01664829,-71.5384768,2008.0,5.0,Spring,18.5,7.8,1,0,0,1,20.5,7.3,Blackstone
W1766,42.01686344,-71.54548172,2008.0,5.0,Spring,14.5,7.6,1,0,0,1,16.5,7.1,Blackstone
W1766,42.01686344,-71.54548172,2008.0,5.0,Spring,19.0,6.4,1,0,0,1,21.0,5.9,Blackstone
W0515,42.1003609,-71.60111703,2008.0,5.0,Spring,16.0,9.5,1,0,0,1,18.0,9.0,Blackstone
W0515,42.1003609,-71.60111703,2008.0,5.0,Spring,18.8,7.7,1,0,0,1,20.8,7.2,Blackstone
W1770,41.99661131,-71.55765871,2008.0,5.0,Spring,16.5,9.4,1,0,0,1,18.5,8.9,Blackstone
W1770,41.99661131,-71.55765871,2008.0,5.0,Spring,18.0,9.2,1,0,0,1,20.0,8.7,Blackstone
W1768,42.07884462,-71.65065318,2008.0,5.0,Spring,13.0,9.3,1,0,0,1,15.0,8.8,Blackstone
W1768,42.07884462,-71.65065318,2008.0,5.0,Spring,12.8,9.0,1,0,0,1,14.8,8.5,Blackstone
W1241,42.18223431,-71.70488014,2008.0,5.0,Spring,17.2,7.6,1,0,0,1,19.2,7.1,Blackstone
W1017,42.18086003,-71.73011265,2008.0,5.0,Spring,17.0,8.4,1,0,0,1,19.0,7.9,Blackstone
W0505,42.20292186,-71.77806924,2008.0,5.0,Spring,17.6,7.2,1,0,0,1,19.6,6.7,Blackstone
W1764,42.13913312,-71.63971462,2008.0,5.0,Spring,18.5,5.3,1,0,0,1,20.5,4.8,Blackstone
W1243,42.17384662,-71.68057473,2008.0,5.0,Spring,18.9,7.9,1,0,0,1,20.9,7.4,Blackstone
W1242,42.17728889,-71.68788468,2008.0,5.0,Spring,18.7,7.9,1,0,0,1,20.7,7.4,Blackstone
W1765,42.05495698,-71.61629976,2008.0,5.0,Spring,18.3,7.3,1,0,0,1,20.3,6.8,Blackstone
W1022,42.02414862,-71.48740249,2008.0,5.0,Spring,13.0,8.6,1,0,0,1,15.0,8.1,Blackstone
W0508,42.04075372,-71.51568945,2008.0,5.0,Spring,15.0,8.5,1,0,0,1,17.0,8.0,Blackstone
W0514,42.16003238,-71.60586969,2008.0,5.0,Spring,15.1,8.9,1,0,0,1,17.1,8.4,Blackstone
W1759,42.18115577,-71.64793794,2008.0,5.0,Spring,13.7,8.7,1,0,0,1,15.7,8.2,Blackstone
W2062,42.27876651,-71.80543192,2008.0,6.0,Summer,18.1,6.5,2,0,0,1,20.1,6.0,Blackstone
W2062,42.27876651,-71.80543192,2008.0,6.0,Summer,18.8,6.4,2,0,0,1,20.8,5.9,Blackstone
W1282,42.29062266,-71.75867408,2008.0,6.0,Summer,15.6,9.2,2,0,0,1,17.6,8.7,Blackstone
W1282,42.29062266,-71.75867408,2008.0,6.0,Summer,18.7,9.0,2,0,0,1,20.7,8.5,Blackstone
W1753,42.30377694,-71.7626168,2008.0,6.0,Summer,16.0,9.4,2,0,0,1,18.0,8.9,Blackstone
W1753,42.30377694,-71.7626168,2008.0,6.0,Summer,18.6,8.2,2,0,0,1,20.6,7.699999999999999,Blackstone
W1761,42.32499793,-71.74088627,2008.0,6.0,Summer,15.6,9.6,2,0,0,1,17.6,9.1,Blackstone
W1761,42.32499793,-71.74088627,2008.0,6.0,Summer,16.3,8.9,2,0,0,1,18.3,8.4,Blackstone
W1758,42.28029336,-71.74620407,2008.0,6.0,Summer,21.6,7.7,2,0,0,1,23.6,7.2,Blackstone
W1758,42.28029336,-71.74620407,2008.0,6.0,Summer,22.0,7.9,2,0,0,1,24.0,7.4,Blackstone
W1769,42.18498134,-71.71206258,2008.0,6.0,Summer,17.5,8.4,2,0,0,1,19.5,7.9,Blackstone
W1769,42.18498134,-71.71206258,2008.0,6.0,Summer,18.5,6.9,2,0,0,1,20.5,6.4,Blackstone
W1432,42.17306202,-71.62974844,2008.0,6.0,Summer,23.4,6.5,2,0,0,1,25.4,6.0,Blackstone
W1432,42.17306202,-71.62974844,2008.0,6.0,Summer,21.6,4.8,3,1,0,1,23.6,4.3,Blackstone
W1439,42.17268159,-71.62792867,2008.0,6.0,Summer,16.7,8.4,2,0,0,1,18.7,7.9,Blackstone
W1439,42.17268159,-71.62792867,2008.0,6.0,Summer,18.9,7.7,2,0,0,1,20.9,7.2,Blackstone
W1244,42.12965013,-71.63645321,2008.0,6.0,Summer,22.2,7.4,2,0,0,1,24.2,6.9,Blackstone
W1244,42.12965013,-71.63645321,2008.0,6.0,Summer,20.8,7.8,2,0,0,1,22.8,7.3,Blackstone
W0767,42.153873,-71.65203977,2008.0,6.0,Summer,21.4,6.9,2,0,0,1,23.4,6.4,Blackstone
W0767,42.153873,-71.65203977,2008.0,6.0,Summer,20.6,7.8,2,0,0,1,22.6,7.3,Blackstone
W1018,42.19910034,-71.69396462,2008.0,6.0,Summer,22.3,6.8,2,0,0,1,24.3,6.3,Blackstone
W1018,42.19910034,-71.69396462,2008.0,6.0,Summer,21.7,7.1,2,0,0,1,23.7,6.6,Blackstone
W1763,42.19289465,-71.75182267,2008.0,6.0,Summer,19.9,7.2,2,0,0,1,21.9,6.7,Blackstone
W1763,42.19289465,-71.75182267,2008.0,6.0,Summer,20.4,7.7,2,0,0,1,22.4,7.2,Blackstone
W1240,42.20864325,-71.78210772,2008.0,6.0,Summer,20.6,7.9,2,0,0,1,22.6,7.4,Blackstone
W1240,42.20864325,-71.78210772,2008.0,6.0,Summer,20.2,7.0,2,0,0,1,22.2,6.5,Blackstone
W1255,42.20640574,-71.78097604,2008.0,6.0,Summer,20.3,6.8,2,0,0,1,22.3,6.3,Blackstone
W1255,42.20640574,-71.78097604,2008.0,6.0,Summer,20.8,6.9,2,0,0,1,22.8,6.4,Blackstone
W0680,42.22778189,-71.78735524,2008.0,6.0,Summer,20.7,8.0,2,0,0,1,22.7,7.5,Blackstone
W0680,42.22778189,-71.78735524,2008.0,6.0,Summer,21.2,8.3,2,0,0,1,23.2,7.800000000000001,Blackstone
W0502,42.2365576,-71.79667946,2008.0,6.0,Summer,21.1,8.2,2,0,0,1,23.1,7.699999999999999,Blackstone
W0502,42.2365576,-71.79667946,2008.0,6.0,Summer,21.7,8.3,2,0,0,1,23.7,7.800000000000001,Blackstone
W1767,42.18277682,-71.76604587,2008.0,6.0,Summer,18.3,8.3,2,0,0,1,20.3,7.800000000000001,Blackstone
W1767,42.18277682,-71.76604587,2008.0,6.0,Summer,20.4,7.5,2,0,0,1,22.4,7.0,Blackstone
W1025,42.08439258,-71.69699739,2008.0,6.0,Summer,20.0,8.1,2,0,0,1,22.0,7.6,Blackstone
W1025,42.08439258,-71.69699739,2008.0,6.0,Summer,21.7,7.4,2,0,0,1,23.7,6.9,Blackstone
W1755,42.0448378,-71.62194682,2008.0,6.0,Summer,17.9,8.7,2,0,0,1,19.9,8.2,Blackstone
W1755,42.0448378,-71.62194682,2008.0,6.0,Summer,19.6,8.4,2,0,0,1,21.6,7.9,Blackstone
W1596,42.02194765,-71.56822441,2008.0,6.0,Summer,20.1,7.0,2,0,0,1,22.1,6.5,Blackstone
W1596,42.02194765,-71.56822441,2008.0,6.0,Summer,21.4,4.1,3,1,0,1,23.4,3.5999999999999996,Blackstone
W1762,42.0193983,-71.5344052,2008.0,6.0,Summer,17.2,8.8,2,0,0,1,19.2,8.3,Blackstone
W1762,42.0193983,-71.5344052,2008.0,6.0,Summer,18.0,8.2,2,0,0,1,20.0,7.699999999999999,Blackstone
W1760,42.09326799,-71.5191956,2008.0,6.0,Summer,14.6,8.2,2,0,0,1,16.6,7.699999999999999,Blackstone
W1760,42.09326799,-71.5191956,2008.0,6.0,Summer,16.2,7.8,2,0,0,1,18.2,7.3,Blackstone
W1756,42.02727016,-71.48547213,2008.0,6.0,Summer,16.0,8.2,2,0,0,1,18.0,7.699999999999999,Blackstone
W1756,42.02727016,-71.48547213,2008.0,6.0,Summer,16.8,7.1,2,0,0,1,18.8,6.6,Blackstone
W1772,42.01550267,-71.49304478,2008.0,6.0,Summer,19.0,5.0,2,0,0,1,21.0,4.5,Blackstone
W1772,42.01550267,-71.49304478,2008.0,6.0,Summer,17.8,5.0,2,0,0,1,19.8,4.5,Blackstone
W1771,42.01238549,-71.51035869,2008.0,6.0,Summer,22.7,8.1,2,0,0,1,24.7,7.6,Blackstone
W1771,42.01238549,-71.51035869,2008.0,6.0,Summer,21.8,8.3,2,0,0,1,23.8,7.800000000000001,Blackstone
W1023,42.01664829,-71.5384768,2008.0,6.0,Summer,22.6,8.0,2,0,0,1,24.6,7.5,Blackstone
W1023,42.01664829,-71.5384768,2008.0,6.0,Summer,20.9,7.0,2,0,0,1,22.9,6.5,Blackstone
W1766,42.01686344,-71.54548172,2008.0,6.0,Summer,22.2,6.9,2,0,0,1,24.2,6.4,Blackstone
W1766,42.01686344,-71.54548172,2008.0,6.0,Summer,20.9,6.8,2,0,0,1,22.9,6.3,Blackstone
W1770,41.99661131,-71.55765871,2008.0,6.0,Summer,23.6,7.5,2,0,0,1,25.6,7.0,Blackstone
W1770,41.99661131,-71.55765871,2008.0,6.0,Summer,22.8,8.2,2,0,0,1,24.8,7.699999999999999,Blackstone
W0515,42.1003609,-71.60111703,2008.0,6.0,Summer,22.2,5.8,2,0,0,1,24.2,5.3,Blackstone
W0515,42.1003609,-71.60111703,2008.0,6.0,Summer,20.7,5.4,2,0,0,1,22.7,4.9,Blackstone
W1768,42.07884462,-71.65065318,2008.0,6.0,Summer,15.9,1.9,3,1,0,1,17.9,1.4,Blackstone
W1768,42.07884462,-71.65065318,2008.0,6.0,Summer,16.0,4.2,3,1,0,1,18.0,3.7,Blackstone
W1241,42.18223431,-71.70488014,2008.0,6.0,Summer,20.1,8.7,2,0,0,1,22.1,8.2,Blackstone
W1017,42.18086003,-71.73011265,2008.0,6.0,Summer,20.4,8.7,2,0,0,1,22.4,8.2,Blackstone
W0505,42.20292186,-71.77806924,2008.0,6.0,Summer,20.4,7.8,2,0,0,1,22.4,7.3,Blackstone
W1764,42.13913312,-71.63971462,2008.0,6.0,Summer,20.5,7.7,2,0,0,1,22.5,7.2,Blackstone
W1243,42.17384662,-71.68057473,2008.0,6.0,Summer,20.8,9.0,2,0,0,1,22.8,8.5,Blackstone
W1242,42.17728889,-71.68788468,2008.0,6.0,Summer,20.8,9.1,2,0,0,1,22.8,8.6,Blackstone
W1765,42.05495698,-71.61629976,2008.0,6.0,Summer,20.9,7.1,2,0,0,1,22.9,6.6,Blackstone
W1022,42.02414862,-71.48740249,2008.0,6.0,Summer,18.4,7.6,2,0,0,1,20.4,7.1,Blackstone
W0508,42.04075372,-71.51568945,2008.0,6.0,Summer,18.9,8.1,2,0,0,1,20.9,7.6,Blackstone
W0514,42.16003238,-71.60586969,2008.0,6.0,Summer,19.4,7.7,2,0,0,1,21.4,7.2,Blackstone
W1759,42.18115577,-71.64793794,2008.0,6.0,Summer,19.3,7.1,2,0,0,1,21.3,6.6,Blackstone
W2062,42.27876651,-71.80543192,2008.0,8.0,Summer,23.2,7.6,2,0,0,1,25.2,7.1,Blackstone
W2062,42.27876651,-71.80543192,2008.0,8.0,Summer,23.0,7.7,2,0,0,1,25.0,7.2,Blackstone
W1282,42.29062266,-71.75867408,2008.0,8.0,Summer,21.1,8.2,2,0,0,1,23.1,7.699999999999999,Blackstone
W1282,42.29062266,-71.75867408,2008.0,8.0,Summer,19.8,8.6,2,0,0,1,21.8,8.1,Blackstone
W1753,42.30377694,-71.7626168,2008.0,8.0,Summer,19.4,8.3,2,0,0,1,21.4,7.800000000000001,Blackstone
W1753,42.30377694,-71.7626168,2008.0,8.0,Summer,18.5,8.9,2,0,0,1,20.5,8.4,Blackstone
W1761,42.32499793,-71.74088627,2008.0,8.0,Summer,20.0,8.0,2,0,0,1,22.0,7.5,Blackstone
W1761,42.32499793,-71.74088627,2008.0,8.0,Summer,19.4,8.2,2,0,0,1,21.4,7.699999999999999,Blackstone
W1758,42.28029336,-71.74620407,2008.0,8.0,Summer,23.6,7.1,2,0,0,1,25.6,6.6,Blackstone
W1758,42.28029336,-71.74620407,2008.0,8.0,Summer,22.5,6.7,2,0,0,1,24.5,6.2,Blackstone
W1769,42.18498134,-71.71206258,2008.0,8.0,Summer,19.7,6.8,2,0,0,1,21.7,6.3,Blackstone
W1769,42.18498134,-71.71206258,2008.0,8.0,Summer,17.9,7.9,2,0,0,1,19.9,7.4,Blackstone
W1432,42.17306202,-71.62974844,2008.0,8.0,Summer,25.4,6.8,2,0,0,1,27.4,6.3,Blackstone
W1432,42.17306202,-71.62974844,2008.0,8.0,Summer,23.9,7.6,2,0,0,1,25.9,7.1,Blackstone
W1439,42.17268159,-71.62792867,2008.0,8.0,Summer,21.1,7.2,2,0,0,1,23.1,6.7,Blackstone
W1439,42.17268159,-71.62792867,2008.0,8.0,Summer,19.4,7.9,2,0,0,1,21.4,7.4,Blackstone
W1244,42.12965013,-71.63645321,2008.0,8.0,Summer,23.4,7.3,2,0,0,1,25.4,6.8,Blackstone
W1244,42.12965013,-71.63645321,2008.0,8.0,Summer,22.4,6.3,2,0,0,1,24.4,5.8,Blackstone
W0767,42.153873,-71.65203977,2008.0,8.0,Summer,23.6,8.1,2,0,0,1,25.6,7.6,Blackstone
W0767,42.153873,-71.65203977,2008.0,8.0,Summer,21.9,7.3,2,0,0,1,23.9,6.8,Blackstone
W1018,42.19910034,-71.69396462,2008.0,8.0,Summer,24.6,7.2,2,0,0,1,26.6,6.7,Blackstone
W1018,42.19910034,-71.69396462,2008.0,8.0,Summer,23.1,6.7,2,0,0,1,25.1,6.2,Blackstone
W1763,42.19289465,-71.75182267,2008.0,8.0,Summer,23.2,7.6,2,0,0,1,25.2,7.1,Blackstone
W1763,42.19289465,-71.75182267,2008.0,8.0,Summer,21.0,7.1,2,0,0,1,23.0,6.6,Blackstone
W1255,42.20640574,-71.78097604,2008.0,8.0,Summer,22.1,6.9,2,0,0,1,24.1,6.4,Blackstone
W1255,42.20640574,-71.78097604,2008.0,8.0,Summer,20.8,6.3,2,0,0,1,22.8,5.8,Blackstone
W1240,42.20864325,-71.78210772,2008.0,8.0,Summer,23.7,7.3,2,0,0,1,25.7,6.8,Blackstone
W1240,42.20864325,-71.78210772,2008.0,8.0,Summer,21.0,7.4,2,0,0,1,23.0,6.9,Blackstone
W0680,42.22778189,-71.78735524,2008.0,8.0,Summer,24.0,7.9,2,0,0,1,26.0,7.4,Blackstone
W0680,42.22778189,-71.78735524,2008.0,8.0,Summer,21.2,8.1,2,0,0,1,23.2,7.6,Blackstone
W0502,42.2365576,-71.79667946,2008.0,8.0,Summer,24.2,8.2,2,0,0,1,26.2,7.699999999999999,Blackstone
W0502,42.2365576,-71.79667946,2008.0,8.0,Summer,20.7,8.1,2,0,0,1,22.7,7.6,Blackstone
W1767,42.18277682,-71.76604587,2008.0,8.0,Summer,23.7,7.5,2,0,0,1,25.7,7.0,Blackstone
W1767,42.18277682,-71.76604587,2008.0,8.0,Summer,23.0,7.5,2,0,0,1,25.0,7.0,Blackstone
W1025,42.08439258,-71.69699739,2008.0,8.0,Summer,23.7,7.3,2,0,0,1,25.7,6.8,Blackstone
W1025,42.08439258,-71.69699739,2008.0,8.0,Summer,22.7,7.6,2,0,0,1,24.7,7.1,Blackstone
W1755,42.0448378,-71.62194682,2008.0,8.0,Summer,21.8,7.9,2,0,0,1,23.8,7.4,Blackstone
W1755,42.0448378,-71.62194682,2008.0,8.0,Summer,20.1,8.3,2,0,0,1,22.1,7.800000000000001,Blackstone
W1596,42.02194765,-71.56822441,2008.0,8.0,Summer,23.9,6.8,2,0,0,1,25.9,6.3,Blackstone
W1596,42.02194765,-71.56822441,2008.0,8.0,Summer,22.8,6.7,2,0,0,1,24.8,6.2,Blackstone
W1762,42.0193983,-71.5344052,2008.0,8.0,Summer,21.6,7.8,2,0,0,1,23.6,7.3,Blackstone
W1762,42.0193983,-71.5344052,2008.0,8.0,Summer,19.8,8.1,2,0,0,1,21.8,7.6,Blackstone
W1760,42.09326799,-71.5191956,2008.0,8.0,Summer,19.0,7.0,2,0,0,1,21.0,6.5,Blackstone
W1760,42.09326799,-71.5191956,2008.0,8.0,Summer,18.0,7.5,2,0,0,1,20.0,7.0,Blackstone
W1756,42.02727016,-71.48547213,2008.0,8.0,Summer,19.5,8.1,2,0,0,1,21.5,7.6,Blackstone
W1756,42.02727016,-71.48547213,2008.0,8.0,Summer,18.7,8.2,2,0,0,1,20.7,7.699999999999999,Blackstone
W1772,42.01550267,-71.49304478,2008.0,8.0,Summer,20.8,5.0,2,0,0,1,22.8,4.5,Blackstone
W1771,42.01238549,-71.51035869,2008.0,8.0,Summer,25.9,7.6,2,0,0,1,27.9,7.1,Blackstone
W1771,42.01238549,-71.51035869,2008.0,8.0,Summer,22.7,7.6,2,0,0,1,24.7,7.1,Blackstone
W1023,42.01664829,-71.5384768,2008.0,8.0,Summer,24.1,7.6,2,0,0,1,26.1,7.1,Blackstone
W1023,42.01664829,-71.5384768,2008.0,8.0,Summer,22.6,7.8,2,0,0,1,24.6,7.3,Blackstone
W1766,42.01686344,-71.54548172,2008.0,8.0,Summer,23.8,6.9,2,0,0,1,25.8,6.4,Blackstone
W1766,42.01686344,-71.54548172,2008.0,8.0,Summer,22.6,6.6,2,0,0,1,24.6,6.1,Blackstone
W1770,41.99661131,-71.55765871,2008.0,8.0,Summer,26.8,7.8,2,0,0,1,28.8,7.3,Blackstone
W1770,41.99661131,-71.55765871,2008.0,8.0,Summer,23.7,7.6,2,0,0,1,25.7,7.1,Blackstone
W0515,42.1003609,-71.60111703,2008.0,8.0,Summer,24.2,4.6,3,1,0,1,26.2,4.1,Blackstone
W0515,42.1003609,-71.60111703,2008.0,8.0,Summer,21.4,3.7,3,1,0,1,23.4,3.2,Blackstone
W1768,42.07884462,-71.65065318,2008.0,8.0,Summer,18.8,2.1,3,1,0,1,20.8,1.6,Blackstone
W1768,42.07884462,-71.65065318,2008.0,8.0,Summer,18.2,2.9,3,1,0,1,20.2,2.4,Blackstone
W1241,42.18223431,-71.70488014,2008.0,8.0,Summer,21.6,7.7,2,0,0,1,23.6,7.2,Blackstone
W1017,42.18086003,-71.73011265,2008.0,8.0,Summer,21.7,7.9,2,0,0,1,23.7,7.4,Blackstone
W0505,42.20292186,-71.77806924,2008.0,8.0,Summer,21.9,6.2,2,0,0,1,23.9,5.7,Blackstone
W1764,42.13913312,-71.63971462,2008.0,8.0,Summer,23.0,6.4,2,0,0,1,25.0,5.9,Blackstone
W1243,42.17384662,-71.68057473,2008.0,8.0,Summer,22.7,8.0,2,0,0,1,24.7,7.5,Blackstone
W1242,42.17728889,-71.68788468,2008.0,8.0,Summer,22.8,7.9,2,0,0,1,24.8,7.4,Blackstone
W1765,42.05495698,-71.61629976,2008.0,8.0,Summer,22.7,7.4,2,0,0,1,24.7,6.9,Blackstone
W1022,42.02414862,-71.48740249,2008.0,8.0,Summer,18.5,7.4,2,0,0,1,20.5,6.9,Blackstone
W0508,42.04075372,-71.51568945,2008.0,8.0,Summer,19.2,7.6,2,0,0,1,21.2,7.1,Blackstone
W0514,42.16003238,-71.60586969,2008.0,8.0,Summer,19.4,7.5,2,0,0,1,21.4,7.0,Blackstone
W1759,42.18115577,-71.64793794,2008.0,8.0,Summer,19.6,7.1,2,0,0,1,21.6,6.6,Blackstone
W0669,42.18121701,-71.73068267,2008.0,8.0,Summer,21.9,7.2,2,0,0,1,23.9,6.7,Blackstone
W0669,42.18121701,-71.73068267,2008.0,8.0,Summer,20.9,6.7,2,0,0,1,22.9,6.2,Blackstone
W2063,42.09871897,-71.62231403,2008.0,8.0,Summer,23.4,7.1,2,0,0,1,25.4,6.6,Blackstone
W2063,42.09871897,-71.62231403,2008.0,8.0,Summer,21.9,6.8,2,0,0,1,23.9,6.3,Blackstone
W0668,42.17958119,-71.68815945,2008.0,8.0,Summer,23.1,8.1,2,0,0,1,25.1,7.6,Blackstone
W0668,42.17958119,-71.68815945,2008.0,8.0,Summer,21.7,7.1,2,0,0,1,23.7,6.6,Blackstone
W1901,42.17487504,-71.68002381,2008.0,8.0,Summer,23.6,8.4,2,0,0,1,25.6,7.9,Blackstone
W1901,42.17487504,-71.68002381,2008.0,8.0,Summer,21.4,8.2,2,0,0,1,23.4,7.699999999999999,Blackstone
W1764,42.13913312,-71.63971462,2008.0,8.0,Summer,24.0,8.2,2,0,0,1,26.0,7.699999999999999,Blackstone
W1764,42.13913312,-71.63971462,2008.0,8.0,Summer,22.1,7.1,2,0,0,1,24.1,6.6,Blackstone
W0669,42.18121701,-71.73068267,2008.0,8.0,Summer,21.0,6.0,2,0,0,1,23.0,5.5,Blackstone
W0669,42.18121701,-71.73068267,2008.0,8.0,Summer,18.4,6.0,2,0,0,1,20.4,5.5,Blackstone
W2063,42.09871897,-71.62231403,2008.0,8.0,Summer,23.8,9.6,2,0,0,1,25.8,9.1,Blackstone
W1901,42.17487504,-71.68002381,2008.0,8.0,Summer,20.3,9.2,2,0,0,1,22.3,8.7,Blackstone
W0668,42.17958119,-71.68815945,2008.0,8.0,Summer,21.5,7.3,2,0,0,1,23.5,6.8,Blackstone
W0668,42.17958119,-71.68815945,2008.0,8.0,Summer,19.3,8.1,2,0,0,1,21.3,7.6,Blackstone
W1901,42.17487504,-71.68002381,2008.0,8.0,Summer,22.5,8.7,2,0,0,1,24.5,8.2,Blackstone
W2063,42.09871897,-71.62231403,2008.0,8.0,Summer,22.2,9.0,2,0,0,1,24.2,8.5,Blackstone
W1764,42.13913312,-71.63971462,2008.0,8.0,Summer,22.2,7.6,2,0,0,1,24.2,7.1,Blackstone
W1764,42.13913312,-71.63971462,2008.0,8.0,Summer,20.6,7.3,2,0,0,1,22.6,6.8,Blackstone
W2062,42.27876651,-71.80543192,2008.0,8.0,Summer,19.7,7.8,2,0,0,1,21.7,7.3,Blackstone
W2062,42.27876651,-71.80543192,2008.0,8.0,Summer,20.6,6.8,2,0,0,1,22.6,6.3,Blackstone
W1282,42.29062266,-71.75867408,2008.0,8.0,Summer,17.1,9.1,2,0,0,1,19.1,8.6,Blackstone
W1282,42.29062266,-71.75867408,2008.0,8.0,Summer,18.5,8.0,2,0,0,1,20.5,7.5,Blackstone
W1753,42.30377694,-71.7626168,2008.0,8.0,Summer,15.8,9.5,2,0,0,1,17.8,9.0,Blackstone
W1753,42.30377694,-71.7626168,2008.0,8.0,Summer,17.4,8.4,2,0,0,1,19.4,7.9,Blackstone
W1761,42.32499793,-71.74088627,2008.0,8.0,Summer,16.2,9.0,2,0,0,1,18.2,8.5,Blackstone
W1761,42.32499793,-71.74088627,2008.0,8.0,Summer,18.0,8.2,2,0,0,1,20.0,7.699999999999999,Blackstone
W1758,42.28029336,-71.74620407,2008.0,8.0,Summer,20.4,7.0,2,0,0,1,22.4,6.5,Blackstone
W1758,42.28029336,-71.74620407,2008.0,8.0,Summer,21.9,6.4,2,0,0,1,23.9,5.9,Blackstone
W1769,42.18498134,-71.71206258,2008.0,8.0,Summer,15.0,8.5,2,0,0,1,17.0,8.0,Blackstone
W1769,42.18498134,-71.71206258,2008.0,8.0,Summer,17.4,7.4,2,0,0,1,19.4,6.9,Blackstone
W1432,42.17306202,-71.62974844,2008.0,8.0,Summer,20.8,8.1,2,0,0,1,22.8,7.6,Blackstone
W1432,42.17306202,-71.62974844,2008.0,8.0,Summer,21.9,7.3,2,0,0,1,23.9,6.8,Blackstone
W1439,42.17268159,-71.62792867,2008.0,8.0,Summer,16.9,8.7,2,0,0,1,18.9,8.2,Blackstone
W1439,42.17268159,-71.62792867,2008.0,8.0,Summer,18.4,7.8,2,0,0,1,20.4,7.3,Blackstone
W1244,42.12965013,-71.63645321,2008.0,8.0,Summer,22.3,7.0,2,0,0,1,24.3,6.5,Blackstone
W1244,42.12965013,-71.63645321,2008.0,8.0,Summer,20.0,6.4,2,0,0,1,22.0,5.9,Blackstone
W0767,42.153873,-71.65203977,2008.0,8.0,Summer,22.6,8.1,2,0,0,1,24.6,7.6,Blackstone
W0767,42.153873,-71.65203977,2008.0,8.0,Summer,18.9,7.5,2,0,0,1,20.9,7.0,Blackstone
W1763,42.19289465,-71.75182267,2008.0,8.0,Summer,22.5,6.4,2,0,0,1,24.5,5.9,Blackstone
W1763,42.19289465,-71.75182267,2008.0,8.0,Summer,19.0,6.8,2,0,0,1,21.0,6.3,Blackstone
W1018,42.19910034,-71.69396462,2008.0,8.0,Summer,23.8,7.6,2,0,0,1,25.8,7.1,Blackstone
W1018,42.19910034,-71.69396462,2008.0,8.0,Summer,19.9,7.3,2,0,0,1,21.9,6.8,Blackstone
W1255,42.20640574,-71.78097604,2008.0,8.0,Summer,21.8,6.1,2,0,0,1,23.8,5.6,Blackstone
W1255,42.20640574,-71.78097604,2008.0,8.0,Summer,20.4,6.8,2,0,0,1,22.4,6.3,Blackstone
W1240,42.20864325,-71.78210772,2008.0,8.0,Summer,22.1,6.6,2,0,0,1,24.1,6.1,Blackstone
W1240,42.20864325,-71.78210772,2008.0,8.0,Summer,18.9,7.3,2,0,0,1,20.9,6.8,Blackstone
W0680,42.22778189,-71.78735524,2008.0,8.0,Summer,22.0,7.6,2,0,0,1,24.0,7.1,Blackstone
W0680,42.22778189,-71.78735524,2008.0,8.0,Summer,19.7,8.8,2,0,0,1,21.7,8.3,Blackstone
W0502,42.2365576,-71.79667946,2008.0,8.0,Summer,22.5,8.0,2,0,0,1,24.5,7.5,Blackstone
W0502,42.2365576,-71.79667946,2008.0,8.0,Summer,19.2,8.5,2,0,0,1,21.2,8.0,Blackstone
W1767,42.18277682,-71.76604587,2008.0,8.0,Summer,19.8,8.3,2,0,0,1,21.8,7.800000000000001,Blackstone
W1767,42.18277682,-71.76604587,2008.0,8.0,Summer,21.8,7.9,2,0,0,1,23.8,7.4,Blackstone
W1025,42.08439258,-71.69699739,2008.0,8.0,Summer,19.6,8.3,2,0,0,1,21.6,7.800000000000001,Blackstone
W1025,42.08439258,-71.69699739,2008.0,8.0,Summer,22.1,7.8,2,0,0,1,24.1,7.3,Blackstone
W1755,42.0448378,-71.62194682,2008.0,8.0,Summer,18.7,8.6,2,0,0,1,20.7,8.1,Blackstone
W1755,42.0448378,-71.62194682,2008.0,8.0,Summer,20.8,8.2,2,0,0,1,22.8,7.699999999999999,Blackstone
W1596,42.02194765,-71.56822441,2008.0,8.0,Summer,19.9,7.3,2,0,0,1,21.9,6.8,Blackstone
W1596,42.02194765,-71.56822441,2008.0,8.0,Summer,21.6,7.2,2,0,0,1,23.6,6.7,Blackstone
W1762,42.0193983,-71.5344052,2008.0,8.0,Summer,17.8,8.9,2,0,0,1,19.8,8.4,Blackstone
W1762,42.0193983,-71.5344052,2008.0,8.0,Summer,18.7,8.6,2,0,0,1,20.7,8.1,Blackstone
W1760,42.09326799,-71.5191956,2008.0,8.0,Summer,15.0,8.5,2,0,0,1,17.0,8.0,Blackstone
W1760,42.09326799,-71.5191956,2008.0,8.0,Summer,16.5,8.1,2,0,0,1,18.5,7.6,Blackstone
W1756,42.02727016,-71.48547213,2008.0,8.0,Summer,16.5,8.7,2,0,0,1,18.5,8.2,Blackstone
W1756,42.02727016,-71.48547213,2008.0,8.0,Summer,17.6,8.6,2,0,0,1,19.6,8.1,Blackstone
W1772,42.01550267,-71.49304478,2008.0,8.0,Summer,19.3,6.0,2,0,0,1,21.3,5.5,Blackstone
W1772,42.01550267,-71.49304478,2008.0,8.0,Summer,16.4,6.2,2,0,0,1,18.4,5.7,Blackstone
W1771,42.01238549,-71.51035869,2008.0,8.0,Summer,24.6,7.8,2,0,0,1,26.6,7.3,Blackstone
W1771,42.01238549,-71.51035869,2008.0,8.0,Summer,20.9,8.4,2,0,0,1,22.9,7.9,Blackstone
W1023,42.01664829,-71.5384768,2008.0,8.0,Summer,23.1,9.4,2,0,0,1,25.1,8.9,Blackstone
W1023,42.01664829,-71.5384768,2008.0,8.0,Summer,20.3,9.1,2,0,0,1,22.3,8.6,Blackstone
W1766,42.01686344,-71.54548172,2008.0,8.0,Summer,22.4,8.8,2,0,0,1,24.4,8.3,Blackstone
W1766,42.01686344,-71.54548172,2008.0,8.0,Summer,20.8,9.6,2,0,0,1,22.8,9.1,Blackstone
W1770,41.99661131,-71.55765871,2008.0,8.0,Summer,25.6,8.0,2,0,0,1,27.6,7.5,Blackstone
W1770,41.99661131,-71.55765871,2008.0,8.0,Summer,22.2,8.1,2,0,0,1,24.2,7.6,Blackstone
W0515,42.1003609,-71.60111703,2008.0,8.0,Summer,22.5,5.5,2,0,0,1,24.5,5.0,Blackstone
W0515,42.1003609,-71.60111703,2008.0,8.0,Summer,20.4,5.5,2,0,0,1,22.4,5.0,Blackstone
W1768,42.07884462,-71.65065318,2008.0,8.0,Summer,17.0,4.8,3,1,0,1,19.0,4.3,Blackstone
W1768,42.07884462,-71.65065318,2008.0,8.0,Summer,15.7,2.8,3,1,0,1,17.7,2.3,Blackstone
W1241,42.18223431,-71.70488014,2008.0,8.0,Summer,19.2,8.1,2,0,0,1,21.2,7.6,Blackstone
W1017,42.18086003,-71.73011265,2008.0,8.0,Summer,19.3,8.1,2,0,0,1,21.3,7.6,Blackstone
W0505,42.20292186,-71.77806924,2008.0,8.0,Summer,20.9,6.4,2,0,0,1,22.9,5.9,Blackstone
W1764,42.13913312,-71.63971462,2008.0,8.0,Summer,20.9,6.4,2,0,0,1,22.9,5.9,Blackstone
W1243,42.17384662,-71.68057473,2008.0,8.0,Summer,20.6,8.3,2,0,0,1,22.6,7.800000000000001,Blackstone
W1242,42.17728889,-71.68788468,2008.0,8.0,Summer,20.4,8.1,2,0,0,1,22.4,7.6,Blackstone
W1765,42.05495698,-71.61629976,2008.0,8.0,Summer,20.3,8.8,2,0,0,1,22.3,8.3,Blackstone
W1022,42.02414862,-71.48740249,2008.0,8.0,Summer,15.5,8.8,2,0,0,1,17.5,8.3,Blackstone
W0508,42.04075372,-71.51568945,2008.0,8.0,Summer,17.3,8.9,2,0,0,1,19.3,8.4,Blackstone
W0514,42.16003238,-71.60586969,2008.0,8.0,Summer,15.6,8.0,2,0,0,1,17.6,7.5,Blackstone
W0502,42.2365576,-71.79667946,2008.0,5.0,Spring,18.7,8.6,1,0,0,1,20.7,8.1,Blackstone
W1819,42.34126384,-71.747781,2008.0,6.0,Summer,12.1,9.8,2,0,0,1,14.1,9.3,Nashua
W1821,42.38548028,-71.80974437,2008.0,6.0,Summer,14.6,9.8,2,0,0,1,16.6,9.3,Nashua
W0483,42.44442786,-71.67186298,2008.0,6.0,Summer,15.4,6.3,2,0,0,1,17.4,5.8,Nashua
W0995,42.45586034,-71.64556281,2008.0,6.0,Summer,15.0,0.6,3,1,0,1,17.0,0.09999999999999998,Nashua
W0481,42.4951686,-71.72192464,2008.0,6.0,Summer,15.9,8.5,2,0,0,1,17.9,8.0,Nashua
W1812,42.5442135,-71.65737327,2008.0,6.0,Summer,16.6,8.2,2,0,0,1,18.6,7.699999999999999,Nashua
W1813,42.56211361,-71.61061607,2008.0,6.0,Summer,17.8,7.4,2,0,0,1,19.8,6.9,Nashua
W0488,42.57812405,-71.60976926,2008.0,6.0,Summer,16.8,8.1,2,0,0,1,18.8,7.6,Nashua
W0480,42.5630966,-71.76875735,2008.0,6.0,Summer,16.4,9.0,2,0,0,1,18.4,8.5,Nashua
W1823,42.61730324,-71.73427771,2008.0,6.0,Summer,12.8,9.8,2,0,0,1,14.8,9.3,Nashua
W1283,42.66344944,-71.70914571,2008.0,6.0,Summer,14.1,8.4,2,0,0,1,16.1,7.9,Nashua
W1816,42.69634164,-71.61144559,2008.0,6.0,Summer,14.8,7.2,2,0,0,1,16.8,6.7,Nashua
W1806,42.71283339,-71.54870868,2008.0,6.0,Summer,17.5,6.6,2,0,0,1,19.5,6.1,Nashua
W0486,42.67172981,-71.57703129,2008.0,6.0,Summer,15.9,9.1,2,0,0,1,17.9,8.6,Nashua
W0487,42.62094186,-71.64380951,2008.0,6.0,Summer,15.9,5.8,2,0,0,1,17.9,5.3,Nashua
W0482,42.42997432,-71.67930013,2008.0,6.0,Summer,20.6,3.9,3,1,0,1,22.6,3.4,Nashua
W0993,42.53259005,-71.74028814,2008.0,6.0,Summer,23.3,8.0,2,0,0,1,25.3,7.5,Nashua
W1832,42.67718733,-71.75727365,2008.0,6.0,Summer,23.1,8.2,2,0,0,1,25.1,7.699999999999999,Nashua
W1809,42.60819171,-71.87067955,2008.0,6.0,Summer,23.2,7.6,2,0,0,1,25.2,7.1,Nashua
W1808,42.58212265,-71.90236498,2008.0,6.0,Summer,25.4,7.0,2,0,0,1,27.4,6.5,Nashua
W0496,42.62647657,-71.59314962,2008.0,6.0,Summer,20.3,7.0,2,0,0,1,22.3,6.5,Nashua
W1000,42.57946682,-71.58861709,2008.0,6.0,Summer,23.4,6.9,2,0,0,1,25.4,6.4,Nashua
W0998,42.57506071,-71.62035616,2008.0,6.0,Summer,24.3,7.8,2,0,0,1,26.3,7.3,Nashua
W1830,42.5300897,-71.57792062,2008.0,6.0,Summer,26.4,4.8,4,1,1,1,28.4,4.3,Nashua
W0484,42.49602094,-71.62643687,2008.0,6.0,Summer,22.9,5.2,2,0,0,1,24.9,4.7,Nashua
W1819,42.34126384,-71.747781,2008.0,6.0,Summer,14.3,9.0,2,0,0,1,16.3,8.5,Nashua
W1821,42.38548028,-71.80974437,2008.0,6.0,Summer,20.8,8.5,2,0,0,1,22.8,8.0,Nashua
W0483,42.44442786,-71.67186298,2008.0,6.0,Summer,21.3,5.6,2,0,0,1,23.3,5.1,Nashua
W0995,42.45586034,-71.64556281,2008.0,6.0,Summer,15.5,1.0,3,1,0,1,17.5,0.5,Nashua
W0481,42.4951686,-71.72192464,2008.0,6.0,Summer,24.4,6.4,2,0,0,1,26.4,5.9,Nashua
W1812,42.5442135,-71.65737327,2008.0,6.0,Summer,23.8,6.9,2,0,0,1,25.8,6.4,Nashua
W1813,42.56211361,-71.61061607,2008.0,6.0,Summer,22.7,6.0,2,0,0,1,24.7,5.5,Nashua
W0488,42.57812405,-71.60976926,2008.0,6.0,Summer,23.9,7.1,2,0,0,1,25.9,6.6,Nashua
W0480,42.5630966,-71.76875735,2008.0,6.0,Summer,23.5,7.5,2,0,0,1,25.5,7.0,Nashua
W1823,42.61730324,-71.73427771,2008.0,6.0,Summer,19.9,8.2,2,0,0,1,21.9,7.699999999999999,Nashua
W1283,42.66344944,-71.70914571,2008.0,6.0,Summer,20.6,7.2,2,0,0,1,22.6,6.7,Nashua
W1816,42.69634164,-71.61144559,2008.0,6.0,Summer,20.9,5.8,2,0,0,1,22.9,5.3,Nashua
W1806,42.71283339,-71.54870868,2008.0,6.0,Summer,22.4,6.9,2,0,0,1,24.4,6.4,Nashua
W0486,42.67172981,-71.57703129,2008.0,6.0,Summer,22.8,7.9,2,0,0,1,24.8,7.4,Nashua
W0487,42.62094186,-71.64380951,2008.0,6.0,Summer,24.2,6.0,2,0,0,1,26.2,5.5,Nashua
W0482,42.42997432,-71.67930013,2008.0,6.0,Summer,21.4,3.8,3,1,0,1,23.4,3.3,Nashua
W0993,42.53259005,-71.74028814,2008.0,6.0,Summer,25.8,7.0,2,0,0,1,27.8,6.5,Nashua
W1832,42.67718733,-71.75727365,2008.0,6.0,Summer,22.2,8.2,2,0,0,1,24.2,7.699999999999999,Nashua
W1809,42.60819171,-71.87067955,2008.0,6.0,Summer,21.8,7.8,2,0,0,1,23.8,7.3,Nashua
W1808,42.58212265,-71.90236498,2008.0,6.0,Summer,22.2,7.5,2,0,0,1,24.2,7.0,Nashua
W0496,42.62647657,-71.59314962,2008.0,6.0,Summer,23.7,5.8,2,0,0,1,25.7,5.3,Nashua
W1000,42.57946682,-71.58861709,2008.0,6.0,Summer,23.5,6.4,2,0,0,1,25.5,5.9,Nashua
W0998,42.57506071,-71.62035616,2008.0,6.0,Summer,25.0,7.4,2,0,0,1,27.0,6.9,Nashua
W1830,42.5300897,-71.57792062,2008.0,6.0,Summer,25.4,3.4,4,1,1,1,27.4,2.9,Nashua
W0484,42.49602094,-71.62643687,2008.0,6.0,Summer,24.4,4.2,3,1,0,1,26.4,3.7,Nashua
W1819,42.34126384,-71.747781,2008.0,7.0,Summer,14.7,9.4,2,0,0,1,16.7,8.9,Nashua
W1821,42.38548028,-71.80974437,2008.0,7.0,Summer,19.0,9.7,2,0,0,1,21.0,9.2,Nashua
W0483,42.44442786,-71.67186298,2008.0,7.0,Summer,20.3,7.6,2,0,0,1,22.3,7.1,Nashua
W0481,42.4951686,-71.72192464,2008.0,7.0,Summer,21.4,7.6,2,0,0,1,23.4,7.1,Nashua
W1812,42.5442135,-71.65737327,2008.0,7.0,Summer,23.8,7.0,2,0,0,1,25.8,6.5,Nashua
W1813,42.56211361,-71.61061607,2008.0,7.0,Summer,25.6,7.9,2,0,0,1,27.6,7.4,Nashua
W0488,42.57812405,-71.60976926,2008.0,7.0,Summer,23.7,7.8,2,0,0,1,25.7,7.3,Nashua
W0480,42.5630966,-71.76875735,2008.0,7.0,Summer,22.0,8.7,2,0,0,1,24.0,8.2,Nashua
W1823,42.61730324,-71.73427771,2008.0,7.0,Summer,17.1,8.6,2,0,0,1,19.1,8.1,Nashua
W1283,42.66344944,-71.70914571,2008.0,7.0,Summer,20.7,7.1,2,0,0,1,22.7,6.6,Nashua
W1816,42.69634164,-71.61144559,2008.0,7.0,Summer,20.9,6.3,1,0,0,0,22.9,5.8,Nashua
W1806,42.71283339,-71.54870868,2008.0,7.0,Summer,24.4,7.9,2,0,0,1,26.4,7.4,Nashua
W0486,42.67172981,-71.57703129,2008.0,7.0,Summer,23.7,8.1,2,0,0,1,25.7,7.6,Nashua
W0487,42.62094186,-71.64380951,2008.0,7.0,Summer,22.9,5.8,2,0,0,1,24.9,5.3,Nashua
W0482,42.42997432,-71.67930013,2008.0,7.0,Summer,21.0,5.6,2,0,0,1,23.0,5.1,Nashua
W0993,42.53259005,-71.74028814,2008.0,7.0,Summer,23.4,8.4,2,0,0,1,25.4,7.9,Nashua
W1809,42.60819171,-71.87067955,2008.0,7.0,Summer,21.6,8.3,2,0,0,1,23.6,7.800000000000001,Nashua
W1808,42.58212265,-71.90236498,2008.0,7.0,Summer,21.6,8.0,2,0,0,1,23.6,7.5,Nashua
W0496,42.62647657,-71.59314962,2008.0,7.0,Summer,24.0,6.2,2,0,0,1,26.0,5.7,Nashua
W1000,42.57946682,-71.58861709,2008.0,7.0,Summer,21.8,6.4,2,0,0,1,23.8,5.9,Nashua
W1830,42.5300897,-71.57792062,2008.0,7.0,Summer,23.4,3.8,3,1,0,1,25.4,3.3,Nashua
W0484,42.49602094,-71.62643687,2008.0,7.0,Summer,23.0,5.4,2,0,0,1,25.0,4.9,Nashua
W1819,42.34126384,-71.747781,2008.0,7.0,Summer,14.8,9.3,2,0,0,1,16.8,8.8,Nashua
W1821,42.38548028,-71.80974437,2008.0,7.0,Summer,20.6,9.1,2,0,0,1,22.6,8.6,Nashua
W0483,42.44442786,-71.67186298,2008.0,7.0,Summer,16.1,9.1,2,0,0,1,18.1,8.6,Nashua
W0481,42.4951686,-71.72192464,2008.0,7.0,Summer,20.8,7.6,2,0,0,1,22.8,7.1,Nashua
W1812,42.5442135,-71.65737327,2008.0,7.0,Summer,24.3,6.8,2,0,0,1,26.3,6.3,Nashua
W1813,42.56211361,-71.61061607,2008.0,7.0,Summer,23.9,5.7,2,0,0,1,25.9,5.2,Nashua
W0488,42.57812405,-71.60976926,2008.0,7.0,Summer,22.6,7.8,2,0,0,1,24.6,7.3,Nashua
W0480,42.5630966,-71.76875735,2008.0,7.0,Summer,21.8,8.5,2,0,0,1,23.8,8.0,Nashua
W1823,42.61730324,-71.73427771,2008.0,7.0,Summer,18.8,8.1,2,0,0,1,20.8,7.6,Nashua
W1283,42.66344944,-71.70914571,2008.0,7.0,Summer,21.0,7.1,2,0,0,1,23.0,6.6,Nashua
W1806,42.71283339,-71.54870868,2008.0,7.0,Summer,24.3,6.2,2,0,0,1,26.3,5.7,Nashua
W0486,42.67172981,-71.57703129,2008.0,7.0,Summer,23.4,7.7,2,0,0,1,25.4,7.2,Nashua
W0487,42.62094186,-71.64380951,2008.0,7.0,Summer,22.2,6.2,2,0,0,1,24.2,5.7,Nashua
W0482,42.42997432,-71.67930013,2008.0,7.0,Summer,15.6,9.3,2,0,0,1,17.6,8.8,Nashua
W0993,42.53259005,-71.74028814,2008.0,7.0,Summer,21.2,8.0,2,0,0,1,23.2,7.5,Nashua
W1832,42.67718733,-71.75727365,2008.0,7.0,Summer,20.2,9.3,1,0,0,0,22.2,8.8,Nashua
W1809,42.60819171,-71.87067955,2008.0,7.0,Summer,20.3,8.9,2,0,0,1,22.3,8.4,Nashua
W1808,42.58212265,-71.90236498,2008.0,7.0,Summer,18.9,8.7,2,0,0,1,20.9,8.2,Nashua
W0496,42.62647657,-71.59314962,2008.0,7.0,Summer,22.8,7.3,2,0,0,1,24.8,6.8,Nashua
W1000,42.57946682,-71.58861709,2008.0,7.0,Summer,20.1,6.9,2,0,0,1,22.1,6.4,Nashua
W0998,42.57506071,-71.62035616,2008.0,7.0,Summer,22.1,8.3,1,0,0,0,24.1,7.800000000000001,Nashua
W1830,42.5300897,-71.57792062,2008.0,7.0,Summer,21.7,4.3,3,1,0,1,23.7,3.8,Nashua
W0484,42.49602094,-71.62643687,2008.0,7.0,Summer,19.8,7.3,2,0,0,1,21.8,6.8,Nashua
W0497,42.59474285,-71.59983315,2008.0,7.0,Summer,23.6,5.4,2,0,0,1,25.6,4.9,Nashua
W1001,42.55197544,-71.62097756,2008.0,7.0,Summer,23.9,5.1,2,0,0,1,25.9,4.6,Nashua
W0495,42.66414966,-71.57700588,2008.0,7.0,Summer,25.4,6.7,2,0,0,1,27.4,6.2,Nashua
W0497,42.59474285,-71.59983315,2008.0,7.0,Summer,22.2,6.1,2,0,0,1,24.2,5.6,Nashua
W1001,42.55197544,-71.62097756,2008.0,7.0,Summer,22.6,5.4,2,0,0,1,24.6,4.9,Nashua
W0495,42.66414966,-71.57700588,2008.0,7.0,Summer,24.9,6.6,2,0,0,1,26.9,6.1,Nashua
W0497,42.59474285,-71.59983315,2008.0,7.0,Summer,22.2,6.1,2,0,0,1,24.2,5.6,Nashua
W1001,42.55197544,-71.62097756,2008.0,7.0,Summer,22.3,4.8,2,1,0,0,24.3,4.3,Nashua
W1001,42.55197544,-71.62097756,2008.0,7.0,Summer,22.5,5.2,1,0,0,0,24.5,4.7,Nashua
W1001,42.55197544,-71.62097756,2008.0,7.0,Summer,22.6,5.4,1,0,0,0,24.6,4.9,Nashua
W1001,42.55197544,-71.62097756,2008.0,7.0,Summer,22.6,5.4,1,0,0,0,24.6,4.9,Nashua
W0495,42.66414966,-71.57700588,2008.0,7.0,Summer,24.3,6.1,1,0,0,0,26.3,5.6,Nashua
W0495,42.66414966,-71.57700588,2008.0,7.0,Summer,24.5,6.2,1,0,0,0,26.5,5.7,Nashua
W0495,42.66414966,-71.57700588,2008.0,7.0,Summer,24.5,6.1,1,0,0,0,26.5,5.6,Nashua
W0495,42.66414966,-71.57700588,2008.0,7.0,Summer,24.9,6.6,1,0,0,0,26.9,6.1,Nashua
W0495,42.66414966,-71.57700588,2008.0,7.0,Summer,25.4,6.8,1,0,0,0,27.4,6.3,Nashua
W1819,42.34126384,-71.747781,2008.0,8.0,Summer,16.8,9.3,2,0,0,1,18.8,8.8,Nashua
W1821,42.38548028,-71.80974437,2008.0,8.0,Summer,18.3,9.2,2,0,0,1,20.3,8.7,Nashua
W0483,42.44442786,-71.67186298,2008.0,8.0,Summer,14.8,9.7,2,0,0,1,16.8,9.2,Nashua
W0995,42.45586034,-71.64556281,2008.0,8.0,Summer,18.8,0.5,3,1,0,1,20.8,0.0,Nashua
W0481,42.4951686,-71.72192464,2008.0,8.0,Summer,20.2,8.5,2,0,0,1,22.2,8.0,Nashua
W1812,42.5442135,-71.65737327,2008.0,8.0,Summer,21.5,7.1,2,0,0,1,23.5,6.6,Nashua
W1813,42.56211361,-71.61061607,2008.0,8.0,Summer,21.7,5.0,2,0,0,1,23.7,4.5,Nashua
W0488,42.57812405,-71.60976926,2008.0,8.0,Summer,18.8,8.7,2,0,0,1,20.8,8.2,Nashua
W0480,42.5630966,-71.76875735,2008.0,8.0,Summer,20.1,8.7,2,0,0,1,22.1,8.2,Nashua
W1823,42.61730324,-71.73427771,2008.0,8.0,Summer,17.9,8.9,2,0,0,1,19.9,8.4,Nashua
W1283,42.66344944,-71.70914571,2008.0,8.0,Summer,18.2,7.9,2,0,0,1,20.2,7.4,Nashua
W1816,42.69634164,-71.61144559,2008.0,8.0,Summer,18.7,6.5,2,0,0,1,20.7,6.0,Nashua
W1806,42.71283339,-71.54870868,2008.0,8.0,Summer,19.7,7.7,2,0,0,1,21.7,7.2,Nashua
W0486,42.67172981,-71.57703129,2008.0,8.0,Summer,20.1,8.3,2,0,0,1,22.1,7.800000000000001,Nashua
W0487,42.62094186,-71.64380951,2008.0,8.0,Summer,19.1,7.7,2,0,0,1,21.1,7.2,Nashua
W0482,42.42997432,-71.67930013,2008.0,8.0,Summer,13.2,9.6,2,0,0,1,15.2,9.1,Nashua
W0993,42.53259005,-71.74028814,2008.0,8.0,Summer,19.6,8.6,2,0,0,1,21.6,8.1,Nashua
W1832,42.67718733,-71.75727365,2008.0,8.0,Summer,18.5,9.3,2,0,0,1,20.5,8.8,Nashua
W1809,42.60819171,-71.87067955,2008.0,8.0,Summer,17.3,8.9,2,0,0,1,19.3,8.4,Nashua
W1808,42.58212265,-71.90236498,2008.0,8.0,Summer,20.3,8.3,2,0,0,1,22.3,7.800000000000001,Nashua
W0496,42.62647657,-71.59314962,2008.0,8.0,Summer,19.2,7.9,2,0,0,1,21.2,7.4,Nashua
W1000,42.57946682,-71.58861709,2008.0,8.0,Summer,19.3,7.2,2,0,0,1,21.3,6.7,Nashua
W0998,42.57506071,-71.62035616,2008.0,8.0,Summer,19.5,8.6,2,0,0,1,21.5,8.1,Nashua
W1830,42.5300897,-71.57792062,2008.0,8.0,Summer,19.9,3.7,3,1,0,1,21.9,3.2,Nashua
W0484,42.49602094,-71.62643687,2008.0,8.0,Summer,18.6,7.7,2,0,0,1,20.6,7.2,Nashua
W1819,42.34126384,-71.747781,2008.0,8.0,Summer,16.2,9.2,2,0,0,1,18.2,8.7,Nashua
W1821,42.38548028,-71.80974437,2008.0,8.0,Summer,18.0,8.9,2,0,0,1,20.0,8.4,Nashua
W0483,42.44442786,-71.67186298,2008.0,8.0,Summer,14.5,8.9,2,0,0,1,16.5,8.4,Nashua
W0995,42.45586034,-71.64556281,2008.0,8.0,Summer,18.8,4.6,3,1,0,1,20.8,4.1,Nashua
W0481,42.4951686,-71.72192464,2008.0,8.0,Summer,18.6,8.5,2,0,0,1,20.6,8.0,Nashua
W1812,42.5442135,-71.65737327,2008.0,8.0,Summer,20.7,6.3,2,0,0,1,22.7,5.8,Nashua
W1813,42.56211361,-71.61061607,2008.0,8.0,Summer,20.5,3.8,3,1,0,1,22.5,3.3,Nashua
W0488,42.57812405,-71.60976926,2008.0,8.0,Summer,18.6,8.2,2,0,0,1,20.6,7.699999999999999,Nashua
W0480,42.5630966,-71.76875735,2008.0,8.0,Summer,19.2,8.9,2,0,0,1,21.2,8.4,Nashua
W1823,42.61730324,-71.73427771,2008.0,8.0,Summer,17.6,8.9,2,0,0,1,19.6,8.4,Nashua
W1283,42.66344944,-71.70914571,2008.0,8.0,Summer,17.9,8.2,2,0,0,1,19.9,7.699999999999999,Nashua
W1816,42.69634164,-71.61144559,2008.0,8.0,Summer,18.5,6.4,2,0,0,1,20.5,5.9,Nashua
W1806,42.71283339,-71.54870868,2008.0,8.0,Summer,20.0,7.6,2,0,0,1,22.0,7.1,Nashua
W0486,42.67172981,-71.57703129,2008.0,8.0,Summer,19.8,8.4,2,0,0,1,21.8,7.9,Nashua
W0487,42.62094186,-71.64380951,2008.0,8.0,Summer,18.0,8.0,2,0,0,1,20.0,7.5,Nashua
W0482,42.42997432,-71.67930013,2008.0,8.0,Summer,13.5,9.4,2,0,0,1,15.5,8.9,Nashua
W0993,42.53259005,-71.74028814,2008.0,8.0,Summer,18.9,8.6,2,0,0,1,20.9,8.1,Nashua
W1832,42.67718733,-71.75727365,2008.0,8.0,Summer,18.2,9.1,2,0,0,1,20.2,8.6,Nashua
W1809,42.60819171,-71.87067955,2008.0,8.0,Summer,17.1,8.8,2,0,0,1,19.1,8.3,Nashua
W1808,42.58212265,-71.90236498,2008.0,8.0,Summer,19.6,8.4,2,0,0,1,21.6,7.9,Nashua
W0496,42.62647657,-71.59314962,2008.0,8.0,Summer,18.8,8.0,2,0,0,1,20.8,7.5,Nashua
W1000,42.57946682,-71.58861709,2008.0,8.0,Summer,18.2,7.2,2,0,0,1,20.2,6.7,Nashua
W0998,42.57506071,-71.62035616,2008.0,8.0,Summer,19.1,8.2,2,0,0,1,21.1,7.699999999999999,Nashua
W1830,42.5300897,-71.57792062,2008.0,8.0,Summer,18.8,4.0,3,1,0,1,20.8,3.5,Nashua
W0484,42.49602094,-71.62643687,2008.0,8.0,Summer,17.9,7.2,2,0,0,1,19.9,6.7,Nashua
W0481,42.4951686,-71.72192464,2008.0,9.0,Fall,16.7,8.7,1,0,0,1,18.7,8.2,Nashua
W0993,42.53259005,-71.74028814,2008.0,9.0,Fall,17.0,9.1,1,0,0,1,19.0,8.6,Nashua
W0480,42.5630966,-71.76875735,2008.0,9.0,Fall,16.8,9.1,1,0,0,1,18.8,8.6,Nashua
W1832,42.67718733,-71.75727365,2008.0,9.0,Fall,15.8,9.5,1,0,0,1,17.8,9.0,Nashua
W1816,42.69634164,-71.61144559,2008.0,9.0,Fall,15.0,7.6,1,0,0,1,17.0,7.1,Nashua
W1806,42.71283339,-71.54870868,2008.0,9.0,Fall,17.5,7.8,1,0,0,1,19.5,7.3,Nashua
W0998,42.57506071,-71.62035616,2008.0,9.0,Fall,16.9,9.0,1,0,0,1,18.9,8.5,Nashua
W0484,42.49602094,-71.62643687,2008.0,9.0,Fall,16.7,7.5,1,0,0,1,18.7,7.0,Nashua
W0483,42.44442786,-71.67186298,2008.0,9.0,Fall,17.7,8.4,1,0,0,1,19.7,7.9,Nashua
W0482,42.42997432,-71.67930013,2008.0,9.0,Fall,14.1,9.2,1,0,0,1,16.1,8.7,Nashua
W0481,42.4951686,-71.72192464,2008.0,9.0,Fall,16.5,8.7,1,0,0,1,18.5,8.2,Nashua
W0993,42.53259005,-71.74028814,2008.0,9.0,Fall,17.1,9.0,1,0,0,1,19.1,8.5,Nashua
W0480,42.5630966,-71.76875735,2008.0,9.0,Fall,17.1,9.2,1,0,0,1,19.1,8.7,Nashua
W1832,42.67718733,-71.75727365,2008.0,9.0,Fall,15.1,9.8,1,0,0,1,17.1,9.3,Nashua
W1816,42.69634164,-71.61144559,2008.0,9.0,Fall,15.2,7.2,1,0,0,1,17.2,6.7,Nashua
W1806,42.71283339,-71.54870868,2008.0,9.0,Fall,18.5,7.9,1,0,0,1,20.5,7.4,Nashua
W0998,42.57506071,-71.62035616,2008.0,9.0,Fall,17.4,9.1,1,0,0,1,19.4,8.6,Nashua
W0484,42.49602094,-71.62643687,2008.0,9.0,Fall,17.3,7.6,1,0,0,1,19.3,7.1,Nashua
W0483,42.44442786,-71.67186298,2008.0,9.0,Fall,17.7,8.4,1,0,0,1,19.7,7.9,Nashua
W0482,42.42997432,-71.67930013,2008.0,9.0,Fall,15.8,8.2,1,0,0,1,17.8,7.699999999999999,Nashua
W2069,42.54337571,-71.74643893,2008.0,10.0,Fall,16.5,9.1,1,0,0,1,18.5,8.6,Nashua
W0480,42.5630966,-71.76875735,2008.0,10.0,Fall,16.8,9.4,1,0,0,1,18.8,8.9,Nashua
W2068,42.58506384,-71.8067244,2008.0,10.0,Fall,16.8,9.3,1,0,0,1,18.8,8.8,Nashua
W1780,42.57574839,-71.83355874,2008.0,10.0,Fall,16.7,9.3,1,0,0,1,18.7,8.8,Nashua
W2069,42.54337571,-71.74643893,2008.0,10.0,Fall,13.5,9.9,1,0,0,1,15.5,9.4,Nashua
W0480,42.5630966,-71.76875735,2008.0,10.0,Fall,13.8,10.1,1,0,0,1,15.8,9.6,Nashua
W2068,42.58506384,-71.8067244,2008.0,10.0,Fall,14.2,10.1,1,0,0,1,16.2,9.6,Nashua
W1780,42.57574839,-71.83355874,2008.0,10.0,Fall,14.2,10.0,1,0,0,1,16.2,9.5,Nashua
W2069,42.54337571,-71.74643893,2008.0,10.0,Fall,10.0,10.5,1,0,0,1,12.0,10.0,Nashua
W0480,42.5630966,-71.76875735,2008.0,10.0,Fall,10.5,10.8,1,0,0,1,12.5,10.3,Nashua
W2068,42.58506384,-71.8067244,2008.0,10.0,Fall,10.6,10.9,1,0,0,1,12.6,10.4,Nashua
W1780,42.57574839,-71.83355874,2008.0,10.0,Fall,10.6,10.8,1,0,0,1,12.6,10.3,Nashua
W2069,42.54337571,-71.74643893,2008.0,11.0,Fall,6.7,12.2,1,0,0,1,8.7,11.7,Nashua
W0480,42.5630966,-71.76875735,2008.0,11.0,Fall,7.1,12.5,1,0,0,1,9.1,12.0,Nashua
W2068,42.58506384,-71.8067244,2008.0,11.0,Fall,7.0,12.6,1,0,0,1,9.0,12.1,Nashua
W1780,42.57574839,-71.83355874,2008.0,11.0,Fall,7.2,12.3,1,0,0,1,9.2,11.8,Nashua
W2069,42.54337571,-71.74643893,2008.0,11.0,Fall,7.5,11.9,1,0,0,1,9.5,11.4,Nashua
W0480,42.5630966,-71.76875735,2008.0,11.0,Fall,7.7,12.2,1,0,0,1,9.7,11.7,Nashua
W2068,42.58506384,-71.8067244,2008.0,11.0,Fall,7.7,12.2,1,0,0,1,9.7,11.7,Nashua
W1780,42.57574839,-71.83355874,2008.0,11.0,Fall,7.4,12.1,1,0,0,1,9.4,11.6,Nashua
W2069,42.54337571,-71.74643893,2008.0,11.0,Fall,4.6,12.8,1,0,0,1,6.6,12.3,Nashua
W0480,42.5630966,-71.76875735,2008.0,11.0,Fall,4.9,13.0,1,0,0,1,6.9,12.5,Nashua
W2068,42.58506384,-71.8067244,2008.0,11.0,Fall,4.7,13.1,1,0,0,1,6.7,12.6,Nashua
W1780,42.57574839,-71.83355874,2008.0,11.0,Fall,4.8,13.0,1,0,0,1,6.8,12.5,Nashua
W0754,41.80999411,-70.62755574,2008.0,6.0,Summer,23.1,9.0,2,0,0,1,25.1,8.5,Buzzards Bay
W0754,41.80999411,-70.62755574,2008.0,6.0,Summer,23.2,9.0,2,0,0,1,25.2,8.5,Buzzards Bay
W0754,41.80999411,-70.62755574,2008.0,6.0,Summer,23.1,8.9,2,0,0,1,25.1,8.4,Buzzards Bay
W0762,41.80918339,-70.61753091,2008.0,6.0,Summer,22.7,9.2,1,0,0,0,24.7,8.7,Buzzards Bay
W0762,41.80918339,-70.61753091,2008.0,6.0,Summer,22.7,9.2,1,0,0,0,24.7,8.7,Buzzards Bay
W0762,41.80918339,-70.61753091,2008.0,6.0,Summer,22.4,9.0,1,0,0,0,24.4,8.5,Buzzards Bay
W0762,41.80918339,-70.61753091,2008.0,6.0,Summer,18.9,0.6,2,1,0,0,20.9,0.09999999999999998,Buzzards Bay
W1881,41.88714958,-70.53804502,2008.0,6.0,Summer,22.0,10.5,2,0,0,1,24.0,10.0,South Coastal
W0762,41.80918339,-70.61753091,2008.0,7.0,Summer,28.0,9.0,2,0,0,1,30.0,8.5,Buzzards Bay
W0762,41.80918339,-70.61753091,2008.0,7.0,Summer,26.8,8.9,2,0,0,1,28.8,8.4,Buzzards Bay
W0762,41.80918339,-70.61753091,2008.0,7.0,Summer,26.6,8.4,2,0,0,1,28.6,7.9,Buzzards Bay
W0762,41.80918339,-70.61753091,2008.0,7.0,Summer,26.5,7.3,2,0,0,1,28.5,6.8,Buzzards Bay
W0754,41.80999411,-70.62755574,2008.0,7.0,Summer,27.6,8.1,1,0,0,0,29.6,7.6,Buzzards Bay
W0754,41.80999411,-70.62755574,2008.0,7.0,Summer,27.3,8.0,1,0,0,0,29.3,7.5,Buzzards Bay
W0754,41.80999411,-70.62755574,2008.0,7.0,Summer,27.2,7.4,1,0,0,0,29.2,6.9,Buzzards Bay
W0754,41.80999411,-70.62755574,2008.0,7.0,Summer,26.9,7.0,1,0,0,0,28.9,6.5,Buzzards Bay
W1884,41.93483006,-70.68100103,2008.0,7.0,Summer,27.0,9.6,1,0,0,0,29.0,9.1,South Coastal
W1884,41.93483006,-70.68100103,2008.0,7.0,Summer,26.6,9.8,1,0,0,0,28.6,9.3,South Coastal
W1884,41.93483006,-70.68100103,2008.0,7.0,Summer,26.2,8.8,1,0,0,0,28.2,8.3,South Coastal
W1878,41.92672114,-70.55747801,2008.0,7.0,Summer,26.6,10.6,2,0,0,1,28.6,10.1,South Coastal
W0762,41.80918339,-70.61753091,2008.0,8.0,Summer,24.7,9.3,1,0,0,0,26.7,8.8,Buzzards Bay
W0762,41.80918339,-70.61753091,2008.0,8.0,Summer,24.6,9.3,1,0,0,0,26.6,8.8,Buzzards Bay
W0762,41.80918339,-70.61753091,2008.0,8.0,Summer,24.4,9.1,1,0,0,0,26.4,8.6,Buzzards Bay
W0762,41.80918339,-70.61753091,2008.0,8.0,Summer,24.0,8.4,1,0,0,0,26.0,7.9,Buzzards Bay
W0754,41.80999411,-70.62755574,2008.0,8.0,Summer,25.2,8.7,1,0,0,0,27.2,8.2,Buzzards Bay
W0754,41.80999411,-70.62755574,2008.0,8.0,Summer,24.6,8.9,1,0,0,0,26.6,8.4,Buzzards Bay
W0754,41.80999411,-70.62755574,2008.0,8.0,Summer,24.6,8.7,1,0,0,0,26.6,8.2,Buzzards Bay
W0754,41.80999411,-70.62755574,2008.0,8.0,Summer,24.3,7.9,1,0,0,0,26.3,7.4,Buzzards Bay
W1884,41.93483006,-70.68100103,2008.0,8.0,Summer,22.8,8.2,1,0,0,0,24.8,7.699999999999999,South Coastal
W1884,41.93483006,-70.68100103,2008.0,8.0,Summer,22.8,8.0,1,0,0,0,24.8,7.5,South Coastal
W1884,41.93483006,-70.68100103,2008.0,8.0,Summer,22.8,8.0,1,0,0,0,24.8,7.5,South Coastal
W1884,41.93483006,-70.68100103,2008.0,8.0,Summer,22.7,8.1,1,0,0,0,24.7,7.6,South Coastal
W1878,41.92672114,-70.55747801,2008.0,8.0,Summer,19.1,6.6,1,0,0,0,21.1,6.1,South Coastal
W1881,41.88714958,-70.53804502,2008.0,8.0,Summer,18.9,4.3,3,1,0,1,20.9,3.8,South Coastal
W1881,41.88714958,-70.53804502,2008.0,8.0,Summer,19.7,5.6,2,0,0,1,21.7,5.1,South Coastal
W0481,42.4951686,-71.72192464,2008.0,1.0,Winter,1.0,14.2,1,0,0,1,3.0,13.7,Nashua
W0681,42.44473811,-71.67198789,2008.0,1.0,Winter,1.4,13.8,1,0,0,1,3.4,13.3,Nashua
W0487,42.62094186,-71.64380951,2008.0,1.0,Winter,0.0,14.2,1,0,0,1,2.0,13.7,Nashua
W0485,42.66968673,-71.56776529,2008.0,1.0,Winter,0.5,13.7,1,0,0,1,2.5,13.2,Nashua
W0496,42.62647657,-71.59314962,2008.0,1.0,Winter,0.8,14.0,1,0,0,1,2.8,13.5,Nashua
W0494,42.39121389,-72.0645552,2008.0,1.0,Winter,0.0,15.1,1,0,0,1,2.0,14.6,Chicopee
W0493,42.26797538,-72.33276108,2008.0,1.0,Winter,2.3,13.9,1,0,0,1,4.3,13.4,Chicopee
W0492,42.23872578,-72.285755,2008.0,1.0,Winter,0.0,15.0,1,0,0,1,2.0,14.5,Chicopee
W0491,42.18142994,-72.26354268,2008.0,1.0,Winter,0.2,15.4,1,0,0,1,2.2,14.9,Chicopee
W0601,42.10956147,-72.11856925,2008.0,1.0,Winter,1.6,13.9,1,0,0,1,3.6,13.4,Quinebaug
W0615,42.11947322,-72.00870444,2008.0,1.0,Winter,2.8,13.7,1,0,0,1,4.8,13.2,Quinebaug
W0600,42.02202663,-71.9543561,2008.0,1.0,Winter,1.0,14.8,1,0,0,1,3.0,14.3,Quinebaug
W0602,42.05094532,-71.88507359,2008.0,1.0,Winter,1.3,14.4,1,0,0,1,3.3,13.9,French
W0692,42.62969793,-72.15035652,2008.0,2.0,Winter,0.0,14.9,1,0,0,1,2.0,14.4,Millers
W0694,42.6723218,-72.09305542,2008.0,2.0,Winter,0.2,14.9,1,0,0,1,2.2,14.4,Millers
W0695,42.30485304,-71.62845076,2008.0,2.0,Winter,2.4,12.4,1,0,0,1,4.4,11.9,Concord (SuAsCo)
W0696,42.32543468,-71.39736431,2008.0,2.0,Winter,2.0,14.7,1,0,0,1,4.0,14.2,Concord (SuAsCo)
W0697,42.43206352,-71.44974106,2008.0,2.0,Winter,1.3,14.6,1,0,0,1,3.3,14.1,Concord (SuAsCo)
W0698,42.51227518,-71.40458554,2008.0,2.0,Winter,0.2,13.9,1,0,0,1,2.2,13.4,Concord (SuAsCo)
W1487,42.64172611,-71.30284563,2008.0,2.0,Winter,1.2,14.9,1,0,0,1,3.2,14.4,Concord (SuAsCo)
W0680,42.22778189,-71.78735524,2008.0,3.0,Spring,2.7,14.2,1,0,0,1,4.7,13.7,Blackstone
W0689,42.23053792,-71.70809238,2008.0,3.0,Spring,2.9,14.0,1,0,0,1,4.9,13.5,Blackstone
W0767,42.153873,-71.65203977,2008.0,3.0,Spring,3.2,14.2,1,0,0,1,5.2,13.7,Blackstone
W0515,42.1003609,-71.60111703,2008.0,3.0,Spring,2.7,13.4,1,0,0,1,4.7,12.9,Blackstone
W1898,42.02271855,-71.57054135999999,2008.0,3.0,Spring,3.9,13.6,1,0,0,1,5.9,13.1,Blackstone
W0481,42.4951686,-71.72192464,2008.0,3.0,Spring,3.6,13.2,1,0,0,1,5.6,12.7,Nashua
W0681,42.44473811,-71.67198789,2008.0,3.0,Spring,2.7,13.4,1,0,0,1,4.7,12.9,Nashua
W0487,42.62094186,-71.64380951,2008.0,3.0,Spring,2.7,13.4,1,0,0,1,4.7,12.9,Nashua
W0485,42.66968673,-71.56776529,2008.0,3.0,Spring,3.6,13.3,1,0,0,1,5.6,12.8,Nashua
W0496,42.62647657,-71.59314962,2008.0,3.0,Spring,3.5,13.4,1,0,0,1,5.5,12.9,Nashua
W0490,42.26477944,-72.00491606,2008.0,3.0,Spring,2.6,13.6,1,0,0,1,4.6,13.1,Chicopee
W0494,42.39121389,-72.0645552,2008.0,3.0,Spring,1.8,14.5,1,0,0,1,3.8,14.0,Chicopee
W0493,42.26797538,-72.33276108,2008.0,3.0,Spring,2.3,14.4,1,0,0,1,4.3,13.9,Chicopee
W0492,42.23872578,-72.285755,2008.0,3.0,Spring,3.0,14.3,1,0,0,1,5.0,13.8,Chicopee
W0491,42.18142994,-72.26354268,2008.0,3.0,Spring,4.6,13.8,1,0,0,1,6.6,13.3,Chicopee
W0601,42.10956147,-72.11856925,2008.0,3.0,Spring,4.9,13.6,1,0,0,1,6.9,13.1,Quinebaug
W0615,42.11947322,-72.00870444,2008.0,3.0,Spring,4.2,14.0,1,0,0,1,6.2,13.5,Quinebaug
W0600,42.02202663,-71.9543561,2008.0,3.0,Spring,5.3,13.6,1,0,0,1,7.3,13.1,Quinebaug
W0602,42.05094532,-71.88507359,2008.0,3.0,Spring,5.8,13.2,1,0,0,1,7.8,12.7,French
W0690,42.59751119,-72.43783955,2008.0,4.0,Spring,14.6,10.8,1,0,0,1,16.6,10.3,Millers
W0691,42.58812535,-72.04099473,2008.0,4.0,Spring,14.0,9.7,1,0,0,1,16.0,9.2,Millers
W0692,42.62969793,-72.15035652,2008.0,4.0,Spring,14.6,9.9,1,0,0,1,16.6,9.4,Millers
W0693,42.68279648,-72.11503734,2008.0,4.0,Spring,13.2,8.6,1,0,0,1,15.2,8.1,Millers
W0694,42.6723218,-72.09305542,2008.0,4.0,Spring,14.4,10.0,1,0,0,1,16.4,9.5,Millers
W0695,42.30485304,-71.62845076,2008.0,4.0,Spring,14.2,8.1,1,0,0,1,16.2,7.6,Concord (SuAsCo)
W0696,42.32543468,-71.39736431,2008.0,4.0,Spring,14.1,11.0,1,0,0,1,16.1,10.5,Concord (SuAsCo)
W0697,42.43206352,-71.44974106,2008.0,4.0,Spring,17.3,11.2,1,0,0,1,19.3,10.7,Concord (SuAsCo)
W0698,42.51227518,-71.40458554,2008.0,4.0,Spring,15.8,8.8,1,0,0,1,17.8,8.3,Concord (SuAsCo)
W1487,42.64172611,-71.30284563,2008.0,4.0,Spring,17.3,10.5,1,0,0,1,19.3,10.0,Concord (SuAsCo)
W0680,42.22778189,-71.78735524,2008.0,4.0,Spring,12.3,10.6,1,0,0,1,14.3,10.1,Blackstone
W0689,42.23053792,-71.70809238,2008.0,4.0,Spring,12.6,10.4,1,0,0,1,14.6,9.9,Blackstone
W0767,42.153873,-71.65203977,2008.0,4.0,Spring,11.8,10.3,1,0,0,1,13.8,9.8,Blackstone
W0515,42.1003609,-71.60111703,2008.0,4.0,Spring,11.4,8.3,1,0,0,1,13.4,7.800000000000001,Blackstone
W1898,42.02271855,-71.57054135999999,2008.0,4.0,Spring,12.4,9.1,1,0,0,1,14.4,8.6,Blackstone
W0481,42.4951686,-71.72192464,2008.0,5.0,Spring,13.4,9.4,1,0,0,1,15.4,8.9,Nashua
W0681,42.44473811,-71.67198789,2008.0,5.0,Spring,12.7,8.7,1,0,0,1,14.7,8.2,Nashua
W0487,42.62094186,-71.64380951,2008.0,5.0,Spring,14.0,9.3,1,0,0,1,16.0,8.8,Nashua
W0485,42.66968673,-71.56776529,2008.0,5.0,Spring,15.0,9.7,1,0,0,1,17.0,9.2,Nashua
W0496,42.62647657,-71.59314962,2008.0,5.0,Spring,14.5,9.3,1,0,0,1,16.5,8.8,Nashua
W0490,42.26477944,-72.00491606,2008.0,5.0,Spring,12.1,10.5,1,0,0,1,14.1,10.0,Chicopee
W0494,42.39121389,-72.0645552,2008.0,5.0,Spring,13.0,9.8,1,0,0,1,15.0,9.3,Chicopee
W0493,42.26797538,-72.33276108,2008.0,5.0,Spring,11.5,11.4,1,0,0,1,13.5,10.9,Chicopee
W0492,42.23872578,-72.285755,2008.0,5.0,Spring,14.4,10.5,1,0,0,1,16.4,10.0,Chicopee
W0491,42.18142994,-72.26354268,2008.0,5.0,Spring,14.8,10.5,1,0,0,1,16.8,10.0,Chicopee
W0601,42.10956147,-72.11856925,2008.0,5.0,Spring,14.7,10.1,1,0,0,1,16.7,9.6,Quinebaug
W0615,42.11947322,-72.00870444,2008.0,5.0,Spring,12.0,10.9,1,0,0,1,14.0,10.4,Quinebaug
W0600,42.02202663,-71.9543561,2008.0,5.0,Spring,14.5,10.2,1,0,0,1,16.5,9.7,Quinebaug
W0602,42.05094532,-71.88507359,2008.0,5.0,Spring,15.2,10.2,1,0,0,1,17.2,9.7,French
W0680,42.22778189,-71.78735524,2008.0,5.0,Spring,17.4,9.0,1,0,0,1,19.4,8.5,Blackstone
W0689,42.23053792,-71.70809238,2008.0,5.0,Spring,20.1,8.4,1,0,0,1,22.1,7.9,Blackstone
W0767,42.153873,-71.65203977,2008.0,5.0,Spring,18.2,6.7,1,0,0,1,20.2,6.2,Blackstone
W0515,42.1003609,-71.60111703,2008.0,5.0,Spring,18.7,7.8,1,0,0,1,20.7,7.3,Blackstone
W1898,42.02271855,-71.57054135999999,2008.0,5.0,Spring,18.2,7.6,1,0,0,1,20.2,7.1,Blackstone
W0490,42.26477944,-72.00491606,2008.0,6.0,Summer,17.7,8.8,2,0,0,1,19.7,8.3,Chicopee
W0494,42.39121389,-72.0645552,2008.0,6.0,Summer,19.3,9.3,2,0,0,1,21.3,8.8,Chicopee
W0493,42.26797538,-72.33276108,2008.0,6.0,Summer,15.5,10.5,2,0,0,1,17.5,10.0,Chicopee
W0492,42.23872578,-72.285755,2008.0,6.0,Summer,19.9,8.4,2,0,0,1,21.9,7.9,Chicopee
W0491,42.18142994,-72.26354268,2008.0,6.0,Summer,19.8,9.3,2,0,0,1,21.8,8.8,Chicopee
W0690,42.59751119,-72.43783955,2008.0,6.0,Summer,18.6,9.6,2,0,0,1,20.6,9.1,Millers
W0691,42.58812535,-72.04099473,2008.0,6.0,Summer,17.8,8.3,2,0,0,1,19.8,7.800000000000001,Millers
W0692,42.62969793,-72.15035652,2008.0,6.0,Summer,18.6,8.6,2,0,0,1,20.6,8.1,Millers
W0693,42.68279648,-72.11503734,2008.0,6.0,Summer,18.2,5.6,2,0,0,1,20.2,5.1,Millers
W0694,42.6723218,-72.09305542,2008.0,6.0,Summer,18.9,8.1,2,0,0,1,20.9,7.6,Millers
W0680,42.22778189,-71.78735524,2008.0,6.0,Summer,20.0,8.6,2,0,0,1,22.0,8.1,Blackstone
W0689,42.23053792,-71.70809238,2008.0,6.0,Summer,21.8,8.0,1,0,0,0,23.8,7.5,Blackstone
W0767,42.153873,-71.65203977,2008.0,6.0,Summer,20.4,8.1,2,0,0,1,22.4,7.6,Blackstone
W0515,42.1003609,-71.60111703,2008.0,6.0,Summer,21.6,5.5,2,0,0,1,23.6,5.0,Blackstone
W1898,42.02271855,-71.57054135999999,2008.0,6.0,Summer,20.6,6.9,2,0,0,1,22.6,6.4,Blackstone
W0481,42.4951686,-71.72192464,2008.0,7.0,Summer,21.5,7.2,2,0,0,1,23.5,6.7,Nashua
W0681,42.44473811,-71.67198789,2008.0,7.0,Summer,15.8,9.6,2,0,0,1,17.8,9.1,Nashua
W0487,42.62094186,-71.64380951,2008.0,7.0,Summer,22.2,6.4,2,0,0,1,24.2,5.9,Nashua
W0485,42.66968673,-71.56776529,2008.0,7.0,Summer,24.6,7.2,2,0,0,1,26.6,6.7,Nashua
W0496,42.62647657,-71.59314962,2008.0,7.0,Summer,23.3,8.4,2,0,0,1,25.3,7.9,Nashua
W0490,42.26477944,-72.00491606,2008.0,7.0,Summer,21.4,7.9,2,0,0,1,23.4,7.4,Chicopee
W0494,42.39121389,-72.0645552,2008.0,7.0,Summer,23.9,8.0,2,0,0,1,25.9,7.5,Chicopee
W0493,42.26797538,-72.33276108,2008.0,7.0,Summer,12.1,11.4,2,0,0,1,14.1,10.9,Chicopee
W0492,42.23872578,-72.285755,2008.0,7.0,Summer,24.8,8.4,2,0,0,1,26.8,7.9,Chicopee
W0491,42.18142994,-72.26354268,2008.0,7.0,Summer,25.6,8.9,2,0,0,1,27.6,8.4,Chicopee
W0601,42.10956147,-72.11856925,2008.0,7.0,Summer,25.1,7.5,2,0,0,1,27.1,7.0,Quinebaug
W0615,42.11947322,-72.00870444,2008.0,7.0,Summer,22.4,8.3,2,0,0,1,24.4,7.800000000000001,Quinebaug
W0600,42.02202663,-71.9543561,2008.0,7.0,Summer,24.1,7.6,2,0,0,1,26.1,7.1,Quinebaug
W0602,42.05094532,-71.88507359,2008.0,7.0,Summer,24.4,7.7,2,0,0,1,26.4,7.2,French
W0680,42.22778189,-71.78735524,2008.0,8.0,Summer,22.1,8.2,2,0,0,1,24.1,7.699999999999999,Blackstone
W0689,42.23053792,-71.70809238,2008.0,8.0,Summer,24.6,7.7,2,0,0,1,26.6,7.2,Blackstone
W0767,42.153873,-71.65203977,2008.0,8.0,Summer,22.2,7.7,2,0,0,1,24.2,7.2,Blackstone
W0515,42.1003609,-71.60111703,2008.0,8.0,Summer,21.8,3.6,3,1,0,1,23.8,3.1,Blackstone
W1898,42.02271855,-71.57054135999999,2008.0,8.0,Summer,22.3,7.6,2,0,0,1,24.3,7.1,Blackstone
W0481,42.4951686,-71.72192464,2008.0,8.0,Summer,19.5,8.3,2,0,0,1,21.5,7.800000000000001,Nashua
W0681,42.44473811,-71.67198789,2008.0,8.0,Summer,14.4,9.5,2,0,0,1,16.4,9.0,Nashua
W0487,42.62094186,-71.64380951,2008.0,8.0,Summer,18.9,8.0,2,0,0,1,20.9,7.5,Nashua
W0485,42.66968673,-71.56776529,2008.0,8.0,Summer,19.5,7.4,2,0,0,1,21.5,6.9,Nashua
W0496,42.62647657,-71.59314962,2008.0,8.0,Summer,19.4,7.9,2,0,0,1,21.4,7.4,Nashua
W0490,42.26477944,-72.00491606,2008.0,8.0,Summer,18.5,8.5,2,0,0,1,20.5,8.0,Chicopee
W0494,42.39121389,-72.0645552,2008.0,8.0,Summer,20.2,9.0,2,0,0,1,22.2,8.5,Chicopee
W0493,42.26797538,-72.33276108,2008.0,8.0,Summer,15.8,10.5,2,0,0,1,17.8,10.0,Chicopee
W0492,42.23872578,-72.285755,2008.0,8.0,Summer,21.4,9.1,2,0,0,1,23.4,8.6,Chicopee
W0491,42.18142994,-72.26354268,2008.0,8.0,Summer,22.2,8.9,2,0,0,1,24.2,8.4,Chicopee
W0690,42.59751119,-72.43783955,2008.0,8.0,Summer,20.8,8.8,2,0,0,1,22.8,8.3,Millers
W0691,42.58812535,-72.04099473,2008.0,8.0,Summer,20.8,7.7,2,0,0,1,22.8,7.2,Millers
W0692,42.62969793,-72.15035652,2008.0,8.0,Summer,21.4,7.8,2,0,0,1,23.4,7.3,Millers
W0693,42.68279648,-72.11503734,2008.0,8.0,Summer,20.1,5.8,2,0,0,1,22.1,5.3,Millers
W0694,42.6723218,-72.09305542,2008.0,8.0,Summer,21.0,7.9,2,0,0,1,23.0,7.4,Millers
W0695,42.30485304,-71.62845076,2008.0,8.0,Summer,18.7,7.2,2,0,0,1,20.7,6.7,Concord (SuAsCo)
W0696,42.32543468,-71.39736431,2008.0,8.0,Summer,21.4,8.8,2,0,0,1,23.4,8.3,Concord (SuAsCo)
W0697,42.43206352,-71.44974106,2008.0,8.0,Summer,20.8,8.5,2,0,0,1,22.8,8.0,Concord (SuAsCo)
W0698,42.51227518,-71.40458554,2008.0,8.0,Summer,17.3,6.6,2,0,0,1,19.3,6.1,Concord (SuAsCo)
W1487,42.64172611,-71.30284563,2008.0,8.0,Summer,21.6,8.4,2,0,0,1,23.6,7.9,Concord (SuAsCo)
W0680,42.22778189,-71.78735524,2008.0,8.0,Summer,19.0,8.8,2,0,0,1,21.0,8.3,Blackstone
W0689,42.23053792,-71.70809238,2008.0,8.0,Summer,21.8,8.0,2,0,0,1,23.8,7.5,Blackstone
W0767,42.153873,-71.65203977,2008.0,8.0,Summer,19.9,8.4,2,0,0,1,21.9,7.9,Blackstone
W0515,42.1003609,-71.60111703,2008.0,8.0,Summer,19.4,5.0,2,0,0,1,21.4,4.5,Blackstone
W1898,42.02271855,-71.57054135999999,2008.0,8.0,Summer,20.2,8.6,2,0,0,1,22.2,8.1,Blackstone
W0481,42.4951686,-71.72192464,2008.0,9.0,Fall,16.4,9.0,1,0,0,1,18.4,8.5,Nashua
W0681,42.44473811,-71.67198789,2008.0,9.0,Fall,15.8,8.4,1,0,0,1,17.8,7.9,Nashua
W0487,42.62094186,-71.64380951,2008.0,9.0,Fall,16.5,8.3,1,0,0,1,18.5,7.800000000000001,Nashua
W0485,42.66968673,-71.56776529,2008.0,9.0,Fall,18.7,7.7,1,0,0,1,20.7,7.2,Nashua
W0496,42.62647657,-71.59314962,2008.0,9.0,Fall,18.1,8.0,1,0,0,1,20.1,7.5,Nashua
W0490,42.26477944,-72.00491606,2008.0,9.0,Fall,11.9,10.2,1,0,0,1,13.9,9.7,Chicopee
W0494,42.39121389,-72.0645552,2008.0,9.0,Fall,13.7,10.4,1,0,0,1,15.7,9.9,Chicopee
W0493,42.26797538,-72.33276108,2008.0,9.0,Fall,14.1,10.6,1,0,0,1,16.1,10.1,Chicopee
W0492,42.23872578,-72.285755,2008.0,9.0,Fall,14.4,10.9,1,0,0,1,16.4,10.4,Chicopee
W0491,42.18142994,-72.26354268,2008.0,9.0,Fall,16.0,10.2,1,0,0,1,18.0,9.7,Chicopee
W0601,42.10956147,-72.11856925,2008.0,9.0,Fall,16.6,9.4,1,0,0,1,18.6,8.9,Quinebaug
W0615,42.11947322,-72.00870444,2008.0,9.0,Fall,12.1,10.5,1,0,0,1,14.1,10.0,Quinebaug
W0600,42.02202663,-71.9543561,2008.0,9.0,Fall,15.2,10.0,1,0,0,1,17.2,9.5,Quinebaug
W0602,42.05094532,-71.88507359,2008.0,9.0,Fall,16.2,9.3,1,0,0,1,18.2,8.8,French
W0680,42.22778189,-71.78735524,2008.0,10.0,Fall,14.2,9.9,1,0,0,1,16.2,9.4,Blackstone
W0689,42.23053792,-71.70809238,2008.0,10.0,Fall,15.5,9.4,1,0,0,1,17.5,8.9,Blackstone
W0767,42.153873,-71.65203977,2008.0,10.0,Fall,15.2,9.3,1,0,0,1,17.2,8.8,Blackstone
W0515,42.1003609,-71.60111703,2008.0,10.0,Fall,13.1,6.4,1,0,0,1,15.1,5.9,Blackstone
W1898,42.02271855,-71.57054135999999,2008.0,10.0,Fall,14.7,9.0,1,0,0,1,16.7,8.5,Blackstone
W0690,42.59751119,-72.43783955,2008.0,10.0,Fall,7.8,12.1,1,0,0,1,9.8,11.6,Millers
W0691,42.58812535,-72.04099473,2008.0,10.0,Fall,8.7,10.4,1,0,0,1,10.7,9.9,Millers
W0692,42.62969793,-72.15035652,2008.0,10.0,Fall,7.7,11.2,1,0,0,1,9.7,10.7,Millers
W0693,42.68279648,-72.11503734,2008.0,10.0,Fall,6.9,8.9,1,0,0,1,8.9,8.4,Millers
W0694,42.6723218,-72.09305542,2008.0,10.0,Fall,8.5,10.3,1,0,0,1,10.5,9.8,Millers
W0695,42.30485304,-71.62845076,2008.0,10.0,Fall,11.7,7.3,1,0,0,1,13.7,6.8,Concord (SuAsCo)
W0696,42.32543468,-71.39736431,2008.0,10.0,Fall,10.9,11.1,1,0,0,1,12.9,10.6,Concord (SuAsCo)
W0697,42.43206352,-71.44974106,2008.0,10.0,Fall,10.0,11.1,1,0,0,1,12.0,10.6,Concord (SuAsCo)
W0698,42.51227518,-71.40458554,2008.0,10.0,Fall,8.6,8.9,1,0,0,1,10.6,8.4,Concord (SuAsCo)
W1487,42.64172611,-71.30284563,2008.0,10.0,Fall,10.8,11.0,1,0,0,1,12.8,10.5,Concord (SuAsCo)
W0481,42.4951686,-71.72192464,2008.0,11.0,Fall,7.7,11.5,1,0,0,1,9.7,11.0,Nashua
W0681,42.44473811,-71.67198789,2008.0,11.0,Fall,7.9,10.9,1,0,0,1,9.9,10.4,Nashua
W0487,42.62094186,-71.64380951,2008.0,11.0,Fall,7.5,10.8,1,0,0,1,9.5,10.3,Nashua
W0485,42.66968673,-71.56776529,2008.0,11.0,Fall,9.8,10.0,1,0,0,1,11.8,9.5,Nashua
W0496,42.62647657,-71.59314962,2008.0,11.0,Fall,9.4,10.4,1,0,0,1,11.4,9.9,Nashua
W0490,42.26477944,-72.00491606,2008.0,11.0,Fall,3.9,12.6,1,0,0,1,5.9,12.1,Chicopee
W0494,42.39121389,-72.0645552,2008.0,11.0,Fall,5.0,12.8,1,0,0,1,7.0,12.3,Chicopee
W0493,42.26797538,-72.33276108,2008.0,11.0,Fall,9.5,11.3,1,0,0,1,11.5,10.8,Chicopee
W0492,42.23872578,-72.285755,2008.0,11.0,Fall,5.7,12.6,1,0,0,1,7.7,12.1,Chicopee
W0491,42.18142994,-72.26354268,2008.0,11.0,Fall,6.0,13.2,1,0,0,1,8.0,12.7,Chicopee
W0601,42.10956147,-72.11856925,2008.0,11.0,Fall,5.7,11.4,1,0,0,1,7.7,10.9,Quinebaug
W0615,42.11947322,-72.00870444,2008.0,11.0,Fall,3.5,13.4,1,0,0,1,5.5,12.9,Quinebaug
W0600,42.02202663,-71.9543561,2008.0,11.0,Fall,3.6,13.4,1,0,0,1,5.6,12.9,Quinebaug
W0602,42.05094532,-71.88507359,2008.0,11.0,Fall,4.3,12.6,1,0,0,1,6.3,12.1,French
W1549,42.5618409,-73.15602051,2007.0,4.0,Spring,10.6,11.0,1,0,0,1,12.6,10.5,Hoosic
W1118,42.56297435,-73.1513593,2007.0,4.0,Spring,7.5,11.5,1,0,0,1,9.5,11.0,Hoosic
W1122,42.61555021,-73.10401557,2007.0,4.0,Spring,4.8,12.3,1,0,0,1,6.8,11.8,Hoosic
W1548,42.62352837,-73.10381504,2007.0,4.0,Spring,6.4,12.1,1,0,0,1,8.4,11.6,Hoosic
W1550,42.63964638,-73.10788165,2007.0,4.0,Spring,6.3,12.0,1,0,0,1,8.3,11.5,Hoosic
W0426,42.63945736,-73.10863082,2007.0,4.0,Spring,8.4,12.1,1,0,0,1,10.4,11.6,Hoosic
W0427,42.66508241,-73.10397409,2007.0,4.0,Spring,8.9,11.5,1,0,0,1,10.9,11.0,Hoosic
W1123,42.70282919,-73.09265888,2007.0,4.0,Spring,6.2,12.0,1,0,0,1,8.2,11.5,Hoosic
W1591,42.5579253,-73.29638783,2007.0,4.0,Spring,6.8,12.6,1,0,0,1,8.8,12.1,Kinderhook
W1557,42.54233667,-73.31705757,2007.0,4.0,Spring,8.4,11.9,1,0,0,1,10.4,11.4,Kinderhook
W1129,42.62919087,-73.22485795,2007.0,4.0,Spring,8.7,12.1,1,0,0,1,10.7,11.6,Hoosic
W1553,42.62860937,-73.22483259,2007.0,4.0,Spring,8.8,12.1,1,0,0,1,10.8,11.6,Hoosic
W1128,42.67641159,-73.23043812,2007.0,4.0,Spring,9.0,12.3,1,0,0,1,11.0,11.8,Hoosic
W1555,42.67792696,-73.21148309,2007.0,4.0,Spring,9.2,12.1,1,0,0,1,11.2,11.6,Hoosic
W1556,42.67786326,-73.21036889,2007.0,4.0,Spring,7.7,12.6,1,0,0,1,9.7,12.1,Hoosic
W1130,42.70927484,-73.19643748,2007.0,4.0,Spring,9.6,12.1,1,0,0,1,11.6,11.6,Hoosic
W1124,42.73458234,-73.070872,2007.0,4.0,Spring,5.3,12.7,1,0,0,1,7.3,12.2,Hoosic
W1551,42.70300585,-73.16777029,2007.0,4.0,Spring,7.5,12.8,1,0,0,1,9.5,12.3,Hoosic
W1125,42.70247111,-73.17415789,2007.0,4.0,Spring,8.2,12.2,1,0,0,1,10.2,11.7,Hoosic
W1547,42.71698762,-73.22601093,2007.0,4.0,Spring,9.3,11.8,1,0,0,1,11.3,11.3,Hoosic
W1127,42.72935227,-73.20907615,2007.0,4.0,Spring,8.1,12.5,1,0,0,1,10.1,12.0,Hoosic
W1593,42.73466428,-73.21844343,2007.0,4.0,Spring,8.3,12.4,1,0,0,1,10.3,11.9,Hoosic
W1552,42.7358265,-73.20646698,2007.0,4.0,Spring,7.7,12.4,1,0,0,1,9.7,11.9,Hoosic
W1119,42.56453119,-73.17364871,2007.0,5.0,Spring,11.8,10.6,1,0,0,1,13.8,10.1,Hoosic
W1549,42.5618409,-73.15602051,2007.0,5.0,Spring,18.8,8.7,1,0,0,1,20.8,8.2,Hoosic
W1118,42.56297435,-73.1513593,2007.0,5.0,Spring,13.2,10.0,0,0,0,0,15.2,9.5,Hoosic
W1122,42.61555021,-73.10401557,2007.0,5.0,Spring,14.0,10.1,1,0,0,1,16.0,9.6,Hoosic
W1548,42.62352837,-73.10381504,2007.0,5.0,Spring,13.2,9.8,1,0,0,1,15.2,9.3,Hoosic
W1598,42.64003572,-73.10863477,2007.0,5.0,Spring,17.7,11.0,1,0,0,1,19.7,10.5,Hoosic
W1731,42.66552038,-73.10395974,2007.0,5.0,Spring,17.7,10.3,1,0,0,1,19.7,9.8,Hoosic
W1124,42.73458234,-73.070872,2007.0,5.0,Spring,17.3,9.2,1,0,0,1,19.3,8.7,Hoosic
W1551,42.70300585,-73.16777029,2007.0,5.0,Spring,18.7,10.9,1,0,0,1,20.7,10.4,Hoosic
W1125,42.70247111,-73.17415789,2007.0,5.0,Spring,20.0,9.3,1,0,0,1,22.0,8.8,Hoosic
W1591,42.5579253,-73.29638783,2007.0,5.0,Spring,15.4,9.4,1,0,0,1,17.4,8.9,Kinderhook
W1557,42.54233667,-73.31705757,2007.0,5.0,Spring,14.9,9.8,1,0,0,1,16.9,9.3,Kinderhook
W1552,42.7358265,-73.20646698,2007.0,5.0,Spring,13.0,10.3,1,0,0,1,15.0,9.8,Hoosic
W1129,42.62919087,-73.22485795,2007.0,5.0,Spring,14.8,9.6,1,0,0,1,16.8,9.1,Hoosic
W1128,42.67641159,-73.23043812,2007.0,5.0,Spring,17.3,9.9,1,0,0,1,19.3,9.4,Hoosic
W1729,42.67662579,-73.21005425,2007.0,5.0,Spring,14.7,9.8,1,0,0,1,16.7,9.3,Hoosic
W1130,42.70927484,-73.19643748,2007.0,5.0,Spring,16.3,9.8,1,0,0,1,18.3,9.3,Hoosic
W1547,42.71698762,-73.22601093,2007.0,5.0,Spring,13.4,9.9,1,0,0,1,15.4,9.4,Hoosic
W1127,42.72935227,-73.20907615,2007.0,5.0,Spring,16.0,11.7,1,0,0,1,18.0,11.2,Hoosic
W1593,42.73466428,-73.21844343,2007.0,5.0,Spring,15.5,11.4,1,0,0,1,17.5,10.9,Hoosic
W1549,42.5618409,-73.15602051,2007.0,5.0,Spring,17.9,8.4,1,0,0,1,19.9,7.9,Hoosic
W1118,42.56297435,-73.1513593,2007.0,5.0,Spring,12.2,10.3,0,0,0,0,14.2,9.8,Hoosic
W1122,42.61555021,-73.10401557,2007.0,5.0,Spring,12.9,10.1,1,0,0,1,14.9,9.6,Hoosic
W1548,42.62352837,-73.10381504,2007.0,5.0,Spring,12.3,10.1,1,0,0,1,14.3,9.6,Hoosic
W1598,42.64003572,-73.10863477,2007.0,5.0,Spring,16.9,12.0,1,0,0,1,18.9,11.5,Hoosic
W1731,42.66552038,-73.10395974,2007.0,5.0,Spring,16.4,10.8,1,0,0,1,18.4,10.3,Hoosic
W1124,42.73458234,-73.070872,2007.0,5.0,Spring,16.6,9.4,1,0,0,1,18.6,8.9,Hoosic
W1551,42.70300585,-73.16777029,2007.0,5.0,Spring,17.9,11.2,1,0,0,1,19.9,10.7,Hoosic
W1125,42.70247111,-73.17415789,2007.0,5.0,Spring,18.7,9.3,1,0,0,1,20.7,8.8,Hoosic
W1591,42.5579253,-73.29638783,2007.0,5.0,Spring,14.6,9.5,1,0,0,1,16.6,9.0,Kinderhook
W1557,42.54233667,-73.31705757,2007.0,5.0,Spring,13.9,9.9,1,0,0,1,15.9,9.4,Kinderhook
W1552,42.7358265,-73.20646698,2007.0,5.0,Spring,11.9,10.6,1,0,0,1,13.9,10.1,Hoosic
W1129,42.62919087,-73.22485795,2007.0,5.0,Spring,13.0,9.8,1,0,0,1,15.0,9.3,Hoosic
W1128,42.67641159,-73.23043812,2007.0,5.0,Spring,16.2,10.4,1,0,0,1,18.2,9.9,Hoosic
W1556,42.67786326,-73.21036889,2007.0,5.0,Spring,13.9,9.9,1,0,0,1,15.9,9.4,Hoosic
W1130,42.70927484,-73.19643748,2007.0,5.0,Spring,14.1,10.5,1,0,0,1,16.1,10.0,Hoosic
W1547,42.71698762,-73.22601093,2007.0,5.0,Spring,11.9,10.2,1,0,0,1,13.9,9.7,Hoosic
W1127,42.72935227,-73.20907615,2007.0,5.0,Spring,15.0,11.5,1,0,0,1,17.0,11.0,Hoosic
W1593,42.73466428,-73.21844343,2007.0,5.0,Spring,14.9,11.5,1,0,0,1,16.9,11.0,Hoosic
W1119,42.56453119,-73.17364871,2007.0,5.0,Spring,11.2,10.6,1,0,0,1,13.2,10.1,Hoosic
W1553,42.62860937,-73.22483259,2007.0,5.0,Spring,12.9,10.0,1,0,0,1,14.9,9.5,Hoosic
W1549,42.5618409,-73.15602051,2007.0,6.0,Summer,19.1,7.8,2,0,0,1,21.1,7.3,Hoosic
W1118,42.56297435,-73.1513593,2007.0,6.0,Summer,13.3,9.9,2,0,0,1,15.3,9.4,Hoosic
W1122,42.61555021,-73.10401557,2007.0,6.0,Summer,13.9,9.8,2,0,0,1,15.9,9.3,Hoosic
W1548,42.62352837,-73.10381504,2007.0,6.0,Summer,13.4,9.7,2,0,0,1,15.4,9.2,Hoosic
W1598,42.64003572,-73.10863477,2007.0,6.0,Summer,16.8,9.6,2,0,0,1,18.8,9.1,Hoosic
W1731,42.66552038,-73.10395974,2007.0,6.0,Summer,16.7,8.9,2,0,0,1,18.7,8.4,Hoosic
W1551,42.70300585,-73.16777029,2007.0,6.0,Summer,17.0,9.5,2,0,0,1,19.0,9.0,Hoosic
W1125,42.70247111,-73.17415789,2007.0,6.0,Summer,16.7,8.7,2,0,0,1,18.7,8.2,Hoosic
W1119,42.56453119,-73.17364871,2007.0,6.0,Summer,15.1,9.6,2,0,0,1,17.1,9.1,Hoosic
W1549,42.5618409,-73.15602051,2007.0,6.0,Summer,22.3,7.6,2,0,0,1,24.3,7.1,Hoosic
W1118,42.56297435,-73.1513593,2007.0,6.0,Summer,17.9,9.3,2,0,0,1,19.9,8.8,Hoosic
W1122,42.61555021,-73.10401557,2007.0,6.0,Summer,18.5,9.1,2,0,0,1,20.5,8.6,Hoosic
W1548,42.62352837,-73.10381504,2007.0,6.0,Summer,16.9,9.1,2,0,0,1,18.9,8.6,Hoosic
W1731,42.66552038,-73.10395974,2007.0,6.0,Summer,20.8,8.9,2,0,0,1,22.8,8.4,Hoosic
W1598,42.64003572,-73.10863477,2007.0,6.0,Summer,22.8,9.5,2,0,0,1,24.8,9.0,Hoosic
W1124,42.73458234,-73.070872,2007.0,6.0,Summer,21.3,9.6,2,0,0,1,23.3,9.1,Hoosic
W1551,42.70300585,-73.16777029,2007.0,6.0,Summer,23.6,9.5,2,0,0,1,25.6,9.0,Hoosic
W1125,42.70247111,-73.17415789,2007.0,6.0,Summer,24.8,8.3,2,0,0,1,26.8,7.800000000000001,Hoosic
W1552,42.7358265,-73.20646698,2007.0,6.0,Summer,13.4,9.9,2,0,0,1,15.4,9.4,Hoosic
W1593,42.73466428,-73.21844343,2007.0,6.0,Summer,16.8,10.0,2,0,0,1,18.8,9.5,Hoosic
W1127,42.72935227,-73.20907615,2007.0,6.0,Summer,16.8,9.9,2,0,0,1,18.8,9.4,Hoosic
W1547,42.71698762,-73.22601093,2007.0,6.0,Summer,13.3,9.8,2,0,0,1,15.3,9.3,Hoosic
W1130,42.70927484,-73.19643748,2007.0,6.0,Summer,15.5,9.6,2,0,0,1,17.5,9.1,Hoosic
W1729,42.67662579,-73.21005425,2007.0,6.0,Summer,13.7,9.9,2,0,0,1,15.7,9.4,Hoosic
W1128,42.67641159,-73.23043812,2007.0,6.0,Summer,15.7,10.8,2,0,0,1,17.7,10.3,Hoosic
W1129,42.62919087,-73.22485795,2007.0,6.0,Summer,13.3,9.7,2,0,0,1,15.3,9.2,Hoosic
W1553,42.62860937,-73.22483259,2007.0,6.0,Summer,13.2,9.8,2,0,0,1,15.2,9.3,Hoosic
W1557,42.54233667,-73.31705757,2007.0,6.0,Summer,12.0,9.7,2,0,0,1,14.0,9.2,Kinderhook
W1591,42.5579253,-73.29638783,2007.0,6.0,Summer,13.3,9.6,2,0,0,1,15.3,9.1,Kinderhook
W1552,42.7358265,-73.20646698,2007.0,6.0,Summer,16.4,9.9,2,0,0,1,18.4,9.4,Hoosic
W1593,42.73466428,-73.21844343,2007.0,6.0,Summer,21.2,9.6,2,0,0,1,23.2,9.1,Hoosic
W1127,42.72935227,-73.20907615,2007.0,6.0,Summer,21.3,9.8,2,0,0,1,23.3,9.3,Hoosic
W1547,42.71698762,-73.22601093,2007.0,6.0,Summer,16.4,9.4,2,0,0,1,18.4,8.9,Hoosic
W1130,42.70927484,-73.19643748,2007.0,6.0,Summer,20.5,9.0,2,0,0,1,22.5,8.5,Hoosic
W1729,42.67662579,-73.21005425,2007.0,6.0,Summer,17.9,9.3,2,0,0,1,19.9,8.8,Hoosic
W1128,42.67641159,-73.23043812,2007.0,6.0,Summer,22.4,9.9,2,0,0,1,24.4,9.4,Hoosic
W1129,42.62919087,-73.22485795,2007.0,6.0,Summer,17.4,9.3,2,0,0,1,19.4,8.8,Hoosic
W1553,42.62860937,-73.22483259,2007.0,6.0,Summer,17.0,9.2,2,0,0,1,19.0,8.7,Hoosic
W1557,42.54233667,-73.31705757,2007.0,6.0,Summer,14.8,9.8,2,0,0,1,16.8,9.3,Kinderhook
W1591,42.5579253,-73.29638783,2007.0,6.0,Summer,18.6,8.9,2,0,0,1,20.6,8.4,Kinderhook
W1746,42.62109755,-73.11900412,2007.0,7.0,Summer,17.6,9.9,2,0,0,1,19.6,9.4,Hoosic
W1745,42.62172166,-73.11552029,2007.0,7.0,Summer,18.2,10.3,2,0,0,1,20.2,9.8,Hoosic
W1744,42.62899767,-73.11505043,2007.0,7.0,Summer,18.9,10.1,2,0,0,1,20.9,9.6,Hoosic
W1742,42.63422896,-73.11122105,2007.0,7.0,Summer,20.1,10.0,2,0,0,1,22.1,9.5,Hoosic
W1743,42.63195602,-73.11277761,2007.0,7.0,Summer,20.4,9.7,2,0,0,1,22.4,9.2,Hoosic
W1741,42.63496026,-73.11025329,2007.0,7.0,Summer,21.2,9.5,2,0,0,1,23.2,9.0,Hoosic
W1598,42.64003572,-73.10863477,2007.0,7.0,Summer,21.9,9.8,2,0,0,1,23.9,9.3,Hoosic
W0427,42.66508241,-73.10397409,2007.0,7.0,Summer,21.0,9.2,2,0,0,1,23.0,8.7,Hoosic
W1738,42.6635028,-73.10459204,2007.0,7.0,Summer,21.4,9.1,2,0,0,1,23.4,8.6,Hoosic
W1739,42.66222642,-73.10417147,2007.0,7.0,Summer,21.7,9.0,2,0,0,1,23.7,8.5,Hoosic
W1740,42.66037434,-73.10464289,2007.0,7.0,Summer,21.8,9.0,2,0,0,1,23.8,8.5,Hoosic
W1119,42.56453119,-73.17364871,2007.0,9.0,Fall,13.8,10.0,1,0,0,1,15.8,9.5,Hoosic
W1549,42.5618409,-73.15602051,2007.0,9.0,Fall,18.3,8.1,1,0,0,1,20.3,7.6,Hoosic
W1118,42.56297435,-73.1513593,2007.0,9.0,Fall,15.4,10.5,1,0,0,1,17.4,10.0,Hoosic
W1122,42.61555021,-73.10401557,2007.0,9.0,Fall,16.9,9.9,1,0,0,1,18.9,9.4,Hoosic
W1548,42.62352837,-73.10381504,2007.0,9.0,Fall,16.2,9.1,1,0,0,1,18.2,8.6,Hoosic
W1598,42.64003572,-73.10863477,2007.0,9.0,Fall,20.3,12.2,1,0,0,1,22.3,11.7,Hoosic
W1731,42.66552038,-73.10395974,2007.0,9.0,Fall,18.4,10.7,1,0,0,1,20.4,10.2,Hoosic
W1124,42.73458234,-73.070872,2007.0,9.0,Fall,20.3,9.4,1,0,0,1,22.3,8.9,Hoosic
W1551,42.70300585,-73.16777029,2007.0,9.0,Fall,20.2,11.5,1,0,0,1,22.2,11.0,Hoosic
W1119,42.56453119,-73.17364871,2007.0,9.0,Fall,12.3,10.3,1,0,0,1,14.3,9.8,Hoosic
W1549,42.5618409,-73.15602051,2007.0,9.0,Fall,17.9,8.4,1,0,0,1,19.9,7.9,Hoosic
W1118,42.56297435,-73.1513593,2007.0,9.0,Fall,12.5,10.6,1,0,0,1,14.5,10.1,Hoosic
W1122,42.61555021,-73.10401557,2007.0,9.0,Fall,13.2,10.2,1,0,0,1,15.2,9.7,Hoosic
W1119,42.56453119,-73.17364871,2007.0,8.0,Summer,16.6,9.3,2,0,0,1,18.6,8.8,Hoosic
W1549,42.5618409,-73.15602051,2007.0,8.0,Summer,23.6,7.6,2,0,0,1,25.6,7.1,Hoosic
W1118,42.56297435,-73.1513593,2007.0,8.0,Summer,19.1,9.4,2,0,0,1,21.1,8.9,Hoosic
W1122,42.61555021,-73.10401557,2007.0,8.0,Summer,19.8,9.0,2,0,0,1,21.8,8.5,Hoosic
W1548,42.62352837,-73.10381504,2007.0,8.0,Summer,18.6,8.8,2,0,0,1,20.6,8.3,Hoosic
W1598,42.64003572,-73.10863477,2007.0,8.0,Summer,23.9,10.5,2,0,0,1,25.9,10.0,Hoosic
W1731,42.66552038,-73.10395974,2007.0,8.0,Summer,22.0,9.7,2,0,0,1,24.0,9.2,Hoosic
W1124,42.73458234,-73.070872,2007.0,8.0,Summer,23.2,8.5,2,0,0,1,25.2,8.0,Hoosic
W1551,42.70300585,-73.16777029,2007.0,8.0,Summer,24.5,11.7,2,0,0,1,26.5,11.2,Hoosic
W1734,42.59663655,-73.14780275,2007.0,8.0,Summer,17.4,8.8,2,0,0,1,19.4,8.3,Hoosic
W1552,42.7358265,-73.20646698,2007.0,8.0,Summer,18.6,8.3,2,0,0,1,20.6,7.800000000000001,Hoosic
W1593,42.73466428,-73.21844343,2007.0,8.0,Summer,22.5,9.0,2,0,0,1,24.5,8.5,Hoosic
W1127,42.72935227,-73.20907615,2007.0,8.0,Summer,22.5,8.7,2,0,0,1,24.5,8.2,Hoosic
W1547,42.71698762,-73.22601093,2007.0,8.0,Summer,18.5,7.5,2,0,0,1,20.5,7.0,Hoosic
W1130,42.70927484,-73.19643748,2007.0,8.0,Summer,21.0,8.6,2,0,0,1,23.0,8.1,Hoosic
W1729,42.67662579,-73.21005425,2007.0,8.0,Summer,19.2,8.7,2,0,0,1,21.2,8.2,Hoosic
W1128,42.67641159,-73.23043812,2007.0,8.0,Summer,23.4,9.0,2,0,0,1,25.4,8.5,Hoosic
W1129,42.62919087,-73.22485795,2007.0,8.0,Summer,18.8,9.0,2,0,0,1,20.8,8.5,Hoosic
W1553,42.62860937,-73.22483259,2007.0,8.0,Summer,18.8,8.1,2,0,0,1,20.8,7.6,Hoosic
W1557,42.54233667,-73.31705757,2007.0,8.0,Summer,16.4,9.0,2,0,0,1,18.4,8.5,Kinderhook
W1119,42.56453119,-73.17364871,2007.0,8.0,Summer,16.7,8.9,2,0,0,1,18.7,8.4,Hoosic
W1549,42.5618409,-73.15602051,2007.0,8.0,Summer,21.1,7.2,2,0,0,1,23.1,6.7,Hoosic
W1118,42.56297435,-73.1513593,2007.0,8.0,Summer,18.1,8.8,2,0,0,1,20.1,8.3,Hoosic
W1122,42.61555021,-73.10401557,2007.0,8.0,Summer,18.5,8.7,2,0,0,1,20.5,8.2,Hoosic
W1548,42.62352837,-73.10381504,2007.0,8.0,Summer,18.4,8.4,2,0,0,1,20.4,7.9,Hoosic
W1598,42.64003572,-73.10863477,2007.0,8.0,Summer,21.5,9.1,2,0,0,1,23.5,8.6,Hoosic
W1731,42.66552038,-73.10395974,2007.0,8.0,Summer,20.8,8.5,2,0,0,1,22.8,8.0,Hoosic
W1124,42.73458234,-73.070872,2007.0,8.0,Summer,19.9,8.3,2,0,0,1,21.9,7.800000000000001,Hoosic
W1551,42.70300585,-73.16777029,2007.0,8.0,Summer,21.4,9.2,2,0,0,1,23.4,8.7,Hoosic
W1734,42.59663655,-73.14780275,2007.0,8.0,Summer,16.6,8.6,2,0,0,1,18.6,8.1,Hoosic
W1552,42.7358265,-73.20646698,2007.0,8.0,Summer,17.8,9.0,2,0,0,1,19.8,8.5,Hoosic
W1593,42.73466428,-73.21844343,2007.0,8.0,Summer,20.8,8.4,2,0,0,1,22.8,7.9,Hoosic
W1127,42.72935227,-73.20907615,2007.0,8.0,Summer,20.7,8.7,2,0,0,1,22.7,8.2,Hoosic
W1547,42.71698762,-73.22601093,2007.0,8.0,Summer,19.1,8.7,2,0,0,1,21.1,8.2,Hoosic
W1130,42.70927484,-73.19643748,2007.0,8.0,Summer,20.6,9.0,2,0,0,1,22.6,8.5,Hoosic
W1729,42.67662579,-73.21005425,2007.0,8.0,Summer,18.6,8.9,2,0,0,1,20.6,8.4,Hoosic
W1128,42.67641159,-73.23043812,2007.0,8.0,Summer,21.9,9.2,2,0,0,1,23.9,8.7,Hoosic
W1129,42.62919087,-73.22485795,2007.0,8.0,Summer,18.5,9.0,2,0,0,1,20.5,8.5,Hoosic
W1553,42.62860937,-73.22483259,2007.0,8.0,Summer,18.6,8.7,2,0,0,1,20.6,8.2,Hoosic
W1557,42.54233667,-73.31705757,2007.0,8.0,Summer,16.8,9.4,2,0,0,1,18.8,8.9,Kinderhook
W1591,42.5579253,-73.29638783,2007.0,8.0,Summer,20.3,8.4,2,0,0,1,22.3,7.9,Kinderhook
W1591,42.5579253,-73.29638783,2007.0,8.0,Summer,19.7,8.2,2,0,0,1,21.7,7.699999999999999,Kinderhook
W1548,42.62352837,-73.10381504,2007.0,9.0,Fall,13.7,9.9,1,0,0,1,15.7,9.4,Hoosic
W1598,42.64003572,-73.10863477,2007.0,9.0,Fall,15.7,10.5,1,0,0,1,17.7,10.0,Hoosic
W1731,42.66552038,-73.10395974,2007.0,9.0,Fall,15.4,9.5,1,0,0,1,17.4,9.0,Hoosic
W1124,42.73458234,-73.070872,2007.0,9.0,Fall,15.2,9.3,1,0,0,1,17.2,8.8,Hoosic
W1551,42.70300585,-73.16777029,2007.0,9.0,Fall,15.8,10.2,1,0,0,1,17.8,9.7,Hoosic
W1125,42.70247111,-73.17415789,2007.0,9.0,Fall,16.8,9.3,1,0,0,1,18.8,8.8,Hoosic
W1552,42.7358265,-73.20646698,2007.0,9.0,Fall,16.0,9.3,1,0,0,1,18.0,8.8,Hoosic
W1593,42.73466428,-73.21844343,2007.0,9.0,Fall,19.2,10.7,1,0,0,1,21.2,10.2,Hoosic
W1127,42.72935227,-73.20907615,2007.0,9.0,Fall,19.4,10.2,1,0,0,1,21.4,9.7,Hoosic
W1547,42.71698762,-73.22601093,2007.0,9.0,Fall,16.1,7.4,1,0,0,1,18.1,6.9,Hoosic
W1130,42.70927484,-73.19643748,2007.0,9.0,Fall,19.1,9.2,1,0,0,1,21.1,8.7,Hoosic
W1729,42.67662579,-73.21005425,2007.0,9.0,Fall,17.5,8.5,1,0,0,1,19.5,8.0,Hoosic
W1128,42.67641159,-73.23043812,2007.0,9.0,Fall,24.0,9.1,1,0,0,1,26.0,8.6,Hoosic
W1129,42.62919087,-73.22485795,2007.0,9.0,Fall,17.0,8.4,1,0,0,1,19.0,7.9,Hoosic
W1553,42.62860937,-73.22483259,2007.0,9.0,Fall,16.5,8.4,1,0,0,1,18.5,7.9,Hoosic
W1557,42.54233667,-73.31705757,2007.0,9.0,Fall,14.8,9.1,1,0,0,1,16.8,8.6,Kinderhook
W1591,42.5579253,-73.29638783,2007.0,9.0,Fall,18.2,8.1,1,0,0,1,20.2,7.6,Kinderhook
W1552,42.7358265,-73.20646698,2007.0,9.0,Fall,13.0,10.1,1,0,0,1,15.0,9.6,Hoosic
W1593,42.73466428,-73.21844343,2007.0,9.0,Fall,14.8,9.4,1,0,0,1,16.8,8.9,Hoosic
W1127,42.72935227,-73.20907615,2007.0,9.0,Fall,14.7,9.6,1,0,0,1,16.7,9.1,Hoosic
W1547,42.71698762,-73.22601093,2007.0,9.0,Fall,13.4,9.7,1,0,0,1,15.4,9.2,Hoosic
W1130,42.70927484,-73.19643748,2007.0,9.0,Fall,14.3,10.0,1,0,0,1,16.3,9.5,Hoosic
W1729,42.67662579,-73.21005425,2007.0,9.0,Fall,14.6,9.6,1,0,0,1,16.6,9.1,Hoosic
W1128,42.67641159,-73.23043812,2007.0,9.0,Fall,16.6,9.6,1,0,0,1,18.6,9.1,Hoosic
W1129,42.62919087,-73.22485795,2007.0,9.0,Fall,13.6,9.7,1,0,0,1,15.6,9.2,Hoosic
W1553,42.62860937,-73.22483259,2007.0,9.0,Fall,13.5,9.6,1,0,0,1,15.5,9.1,Hoosic
W1557,42.54233667,-73.31705757,2007.0,9.0,Fall,13.0,9.6,1,0,0,1,15.0,9.1,Kinderhook
W1591,42.5579253,-73.29638783,2007.0,9.0,Fall,14.3,9.3,1,0,0,1,16.3,8.8,Kinderhook
W1746,42.62109755,-73.11900412,2007.0,9.0,Fall,14.7,10.4,1,0,0,1,16.7,9.9,Hoosic
W1568,42.48426175,-73.14844847,2007.0,5.0,Spring,8.4,12.3,1,0,0,1,10.4,11.8,Housatonic
W1572,42.47369635,-73.14121003,2007.0,5.0,Spring,11.8,11.5,1,0,0,1,13.8,11.0,Housatonic
W1563,42.42448531,-73.22544541,2007.0,5.0,Spring,11.6,11.5,1,0,0,1,13.6,11.0,Housatonic
W1100,42.23176916,-73.35486942,2007.0,5.0,Spring,12.6,11.8,1,0,0,1,14.6,11.3,Housatonic
W1567,42.27325997,-73.26943338,2007.0,5.0,Spring,9.2,12.1,1,0,0,1,11.2,11.6,Housatonic
W1110,42.29472214,-73.2389525,2007.0,5.0,Spring,12.7,11.0,1,0,0,1,14.7,10.5,Housatonic
W1564,42.32836092,-73.24079273,2007.0,5.0,Spring,12.2,10.9,1,0,0,1,14.2,10.4,Housatonic
W1112,42.17937551,-73.37925653,2007.0,5.0,Spring,8.8,10.9,1,0,0,1,10.8,10.4,Housatonic
W0375,42.07601465,-73.28282617,2007.0,5.0,Spring,12.0,10.8,1,0,0,1,14.0,10.3,Housatonic
W0377,42.11316821,-73.26853192,2007.0,5.0,Spring,13.3,10.3,1,0,0,1,15.3,9.8,Housatonic
W1103,42.3447034,-73.24553172,2007.0,5.0,Spring,14.8,12.8,1,0,0,1,16.8,12.3,Housatonic
W1568,42.48426175,-73.14844847,2007.0,6.0,Summer,15.6,9.4,2,0,0,1,17.6,8.9,Housatonic
W1572,42.47369635,-73.14121003,2007.0,6.0,Summer,18.6,8.8,2,0,0,1,20.6,8.3,Housatonic
W1563,42.42448531,-73.22544541,2007.0,6.0,Summer,16.3,9.1,2,0,0,1,18.3,8.6,Housatonic
W1100,42.23176916,-73.35486942,2007.0,6.0,Summer,20.8,8.9,1,0,0,0,22.8,8.4,Housatonic
W1567,42.27325997,-73.26943338,2007.0,6.0,Summer,15.6,9.7,2,0,0,1,17.6,9.2,Housatonic
W1110,42.29472214,-73.2389525,2007.0,6.0,Summer,16.0,9.6,2,0,0,1,18.0,9.1,Housatonic
W1564,42.32836092,-73.24079273,2007.0,6.0,Summer,16.6,9.3,2,0,0,1,18.6,8.8,Housatonic
W1103,42.3447034,-73.24553172,2007.0,6.0,Summer,19.2,7.6,2,0,0,1,21.2,7.1,Housatonic
W1112,42.17937551,-73.37925653,2007.0,6.0,Summer,14.5,9.9,2,0,0,1,16.5,9.4,Housatonic
W0375,42.07601465,-73.28282617,2007.0,6.0,Summer,17.9,9.5,2,0,0,1,19.9,9.0,Housatonic
W0377,42.11316821,-73.26853192,2007.0,6.0,Summer,18.2,9.2,2,0,0,1,20.2,8.7,Housatonic
W1560,42.30142427,-73.38113211,2007.0,6.0,Summer,17.7,8.0,2,0,0,1,19.7,7.5,Housatonic
W1101,42.27559351,-73.35974157,2007.0,6.0,Summer,18.4,8.7,2,0,0,1,20.4,8.2,Housatonic
W1561,42.30190509,-73.33437114,2007.0,6.0,Summer,18.7,8.2,2,0,0,1,20.7,7.699999999999999,Housatonic
W1562,42.50972044,-73.23499529,2007.0,6.0,Summer,13.7,9.2,2,0,0,1,15.7,8.7,Housatonic
W1570,42.46948757,-73.25654237,2007.0,6.0,Summer,21.0,8.4,2,0,0,1,23.0,7.9,Housatonic
W1573,42.43958522,-73.2666178,2007.0,6.0,Summer,18.5,9.0,2,0,0,1,20.5,8.5,Housatonic
W1575,42.44203653,-73.26046405,2007.0,6.0,Summer,21.2,8.2,2,0,0,1,23.2,7.699999999999999,Housatonic
W1107,42.43543023,-73.2495137,2007.0,6.0,Summer,19.8,8.8,2,0,0,1,21.8,8.3,Housatonic
W1105,42.42992197,-73.23875622,2007.0,6.0,Summer,20.2,8.6,2,0,0,1,22.2,8.1,Housatonic
W1104,42.39403803,-73.24040084,2007.0,6.0,Summer,18.3,8.1,2,0,0,1,20.3,7.6,Housatonic
W1115,42.27042046,-73.25110436,2007.0,6.0,Summer,15.9,7.7,2,0,0,1,17.9,7.2,Housatonic
W1567,42.27325997,-73.26943338,2007.0,6.0,Summer,13.8,9.5,2,0,0,1,15.8,9.0,Housatonic
W1098,42.22630117,-73.36572655,2007.0,6.0,Summer,18.0,9.5,2,0,0,1,20.0,9.0,Housatonic
W1099,42.1439533,-73.35976951,2007.0,6.0,Summer,17.6,8.6,2,0,0,1,19.6,8.1,Housatonic
W1113,42.11411457,-73.35102043,2007.0,6.0,Summer,20.2,7.6,2,0,0,1,22.2,7.1,Housatonic
W1559,42.11302905,-73.35223003,2007.0,6.0,Summer,19.0,7.3,2,0,0,1,21.0,6.8,Housatonic
W1566,42.05873805,-73.34872974,2007.0,6.0,Summer,19.3,8.1,2,0,0,1,21.3,7.6,Housatonic
W0371,42.05490025,-73.33400325,2007.0,6.0,Summer,17.9,9.0,2,0,0,1,19.9,8.5,Housatonic
W1569,42.17339594,-73.23476863,2007.0,6.0,Summer,20.0,9.2,2,0,0,1,22.0,8.7,Housatonic
W1560,42.30142427,-73.38113211,2007.0,6.0,Summer,20.3,7.0,2,0,0,1,22.3,6.5,Housatonic
W1101,42.27559351,-73.35974157,2007.0,6.0,Summer,20.2,7.7,2,0,0,1,22.2,7.2,Housatonic
W1561,42.30190509,-73.33437114,2007.0,6.0,Summer,19.8,7.2,2,0,0,1,21.8,6.7,Housatonic
W1562,42.50972044,-73.23499529,2007.0,6.0,Summer,14.1,8.4,2,0,0,1,16.1,7.9,Housatonic
W1570,42.46948757,-73.25654237,2007.0,6.0,Summer,20.8,8.2,2,0,0,1,22.8,7.699999999999999,Housatonic
W1573,42.43958522,-73.2666178,2007.0,6.0,Summer,17.5,8.3,2,0,0,1,19.5,7.800000000000001,Housatonic
W1575,42.44203653,-73.26046405,2007.0,6.0,Summer,19.5,7.9,2,0,0,1,21.5,7.4,Housatonic
W1107,42.43543023,-73.2495137,2007.0,6.0,Summer,18.2,7.8,2,0,0,1,20.2,7.3,Housatonic
W1105,42.42992197,-73.23875622,2007.0,6.0,Summer,18.4,7.7,2,0,0,1,20.4,7.2,Housatonic
W1104,42.39403803,-73.24040084,2007.0,6.0,Summer,18.2,7.0,2,0,0,1,20.2,6.5,Housatonic
W1115,42.27042046,-73.25110436,2007.0,6.0,Summer,18.5,7.0,2,0,0,1,20.5,6.5,Housatonic
W1567,42.27325997,-73.26943338,2007.0,6.0,Summer,15.0,9.6,2,0,0,1,17.0,9.1,Housatonic
W1098,42.22630117,-73.36572655,2007.0,6.0,Summer,19.2,8.6,2,0,0,1,21.2,8.1,Housatonic
W1113,42.11411457,-73.35102043,2007.0,6.0,Summer,21.5,7.0,2,0,0,1,23.5,6.5,Housatonic
W1559,42.11302905,-73.35223003,2007.0,6.0,Summer,20.5,6.6,2,0,0,1,22.5,6.1,Housatonic
W1566,42.05873805,-73.34872974,2007.0,6.0,Summer,20.4,7.0,2,0,0,1,22.4,6.5,Housatonic
W0371,42.05490025,-73.33400325,2007.0,6.0,Summer,16.6,8.0,2,0,0,1,18.6,7.5,Housatonic
W1569,42.17339594,-73.23476863,2007.0,6.0,Summer,18.4,8.9,2,0,0,1,20.4,8.4,Housatonic
W1560,42.30142427,-73.38113211,2007.0,7.0,Summer,22.6,6.8,2,0,0,1,24.6,6.3,Housatonic
W1101,42.27559351,-73.35974157,2007.0,7.0,Summer,23.1,7.8,2,0,0,1,25.1,7.3,Housatonic
W1561,42.30190509,-73.33437114,2007.0,7.0,Summer,19.5,8.0,2,0,0,1,21.5,7.5,Housatonic
W1723,42.50956168,-73.23496633,2007.0,7.0,Summer,17.0,7.0,2,0,0,1,19.0,6.5,Housatonic
W1570,42.46948757,-73.25654237,2007.0,7.0,Summer,24.5,7.4,2,0,0,1,26.5,6.9,Housatonic
W1573,42.43958522,-73.2666178,2007.0,7.0,Summer,19.6,7.7,2,0,0,1,21.6,7.2,Housatonic
W1575,42.44203653,-73.26046405,2007.0,7.0,Summer,22.6,7.6,2,0,0,1,24.6,7.1,Housatonic
W1726,42.43642895,-73.24767116,2007.0,7.0,Summer,22.0,7.8,2,0,0,1,24.0,7.3,Housatonic
W1105,42.42992197,-73.23875622,2007.0,7.0,Summer,22.5,7.8,2,0,0,1,24.5,7.3,Housatonic
W1104,42.39403803,-73.24040084,2007.0,7.0,Summer,21.3,7.3,2,0,0,1,23.3,6.8,Housatonic
W1115,42.27042046,-73.25110436,2007.0,7.0,Summer,19.3,6.6,2,0,0,1,21.3,6.1,Housatonic
W1567,42.27325997,-73.26943338,2007.0,7.0,Summer,16.2,9.4,2,0,0,1,18.2,8.9,Housatonic
W1098,42.22630117,-73.36572655,2007.0,7.0,Summer,20.9,8.9,2,0,0,1,22.9,8.4,Housatonic
W1099,42.1439533,-73.35976951,2007.0,7.0,Summer,23.2,7.9,2,0,0,1,25.2,7.4,Housatonic
W1113,42.11411457,-73.35102043,2007.0,7.0,Summer,23.1,7.3,2,0,0,1,25.1,6.8,Housatonic
W1559,42.11302905,-73.35223003,2007.0,7.0,Summer,21.9,7.4,2,0,0,1,23.9,6.9,Housatonic
W1566,42.05873805,-73.34872974,2007.0,7.0,Summer,23.9,7.4,2,0,0,1,25.9,6.9,Housatonic
W0371,42.05490025,-73.33400325,2007.0,7.0,Summer,20.3,8.9,2,0,0,1,22.3,8.4,Housatonic
W1569,42.17339594,-73.23476863,2007.0,7.0,Summer,22.1,8.6,2,0,0,1,24.1,8.1,Housatonic
W1560,42.30142427,-73.38113211,2007.0,7.0,Summer,23.2,7.1,2,0,0,1,25.2,6.6,Housatonic
W1101,42.27559351,-73.35974157,2007.0,7.0,Summer,23.4,8.0,2,0,0,1,25.4,7.5,Housatonic
W1561,42.30190509,-73.33437114,2007.0,7.0,Summer,19.4,7.6,2,0,0,1,21.4,7.1,Housatonic
W1723,42.50956168,-73.23496633,2007.0,7.0,Summer,17.4,6.2,2,0,0,1,19.4,5.7,Housatonic
W1570,42.46948757,-73.25654237,2007.0,7.0,Summer,23.9,7.8,2,0,0,1,25.9,7.3,Housatonic
W1573,42.43958522,-73.2666178,2007.0,7.0,Summer,19.2,7.2,2,0,0,1,21.2,6.7,Housatonic
W1575,42.44203653,-73.26046405,2007.0,7.0,Summer,21.9,7.4,2,0,0,1,23.9,6.9,Housatonic
W1726,42.43642895,-73.24767116,2007.0,7.0,Summer,20.4,6.8,2,0,0,1,22.4,6.3,Housatonic
W1105,42.42992197,-73.23875622,2007.0,7.0,Summer,20.6,6.6,2,0,0,1,22.6,6.1,Housatonic
W1104,42.39403803,-73.24040084,2007.0,7.0,Summer,20.6,6.6,2,0,0,1,22.6,6.1,Housatonic
W1115,42.27042046,-73.25110436,2007.0,7.0,Summer,20.6,6.1,2,0,0,1,22.6,5.6,Housatonic
W1567,42.27325997,-73.26943338,2007.0,7.0,Summer,16.8,8.7,2,0,0,1,18.8,8.2,Housatonic
W1098,42.22630117,-73.36572655,2007.0,7.0,Summer,20.7,7.6,2,0,0,1,22.7,7.1,Housatonic
W1099,42.1439533,-73.35976951,2007.0,7.0,Summer,22.7,6.8,2,0,0,1,24.7,6.3,Housatonic
W1113,42.11411457,-73.35102043,2007.0,7.0,Summer,23.8,6.0,2,0,0,1,25.8,5.5,Housatonic
W1559,42.11302905,-73.35223003,2007.0,7.0,Summer,22.3,6.2,2,0,0,1,24.3,5.7,Housatonic
W1566,42.05873805,-73.34872974,2007.0,7.0,Summer,23.8,6.2,2,0,0,1,25.8,5.7,Housatonic
W0371,42.05490025,-73.33400325,2007.0,7.0,Summer,19.6,7.8,2,0,0,1,21.6,7.3,Housatonic
W1569,42.17339594,-73.23476863,2007.0,7.0,Summer,20.6,8.0,2,0,0,1,22.6,7.5,Housatonic
W1568,42.48426175,-73.14844847,2007.0,7.0,Summer,17.2,9.2,2,0,0,1,19.2,8.7,Housatonic
W1572,42.47369635,-73.14121003,2007.0,7.0,Summer,19.4,9.3,2,0,0,1,21.4,8.8,Housatonic
W1563,42.42448531,-73.22544541,2007.0,7.0,Summer,17.3,9.6,2,0,0,1,19.3,9.1,Housatonic
W1100,42.23176916,-73.35486942,2007.0,7.0,Summer,24.2,9.2,2,0,0,1,26.2,8.7,Housatonic
W1567,42.27325997,-73.26943338,2007.0,7.0,Summer,16.8,9.5,2,0,0,1,18.8,9.0,Housatonic
W1110,42.29472214,-73.2389525,2007.0,7.0,Summer,20.2,9.0,2,0,0,1,22.2,8.5,Housatonic
W1564,42.32836092,-73.24079273,2007.0,7.0,Summer,15.4,9.0,1,0,0,0,17.4,8.5,Housatonic
W1103,42.3447034,-73.24553172,2007.0,7.0,Summer,22.1,7.8,2,0,0,1,24.1,7.3,Housatonic
W1112,42.17937551,-73.37925653,2007.0,7.0,Summer,17.2,8.6,2,0,0,1,19.2,8.1,Housatonic
W0375,42.07601465,-73.28282617,2007.0,7.0,Summer,20.6,8.8,2,0,0,1,22.6,8.3,Housatonic
W0377,42.11316821,-73.26853192,2007.0,7.0,Summer,21.5,8.6,2,0,0,1,23.5,8.1,Housatonic
W1560,42.30142427,-73.38113211,2007.0,8.0,Summer,21.6,8.2,2,0,0,1,23.6,7.699999999999999,Housatonic
W1101,42.27559351,-73.35974157,2007.0,8.0,Summer,22.6,8.8,2,0,0,1,24.6,8.3,Housatonic
W1561,42.30190509,-73.33437114,2007.0,8.0,Summer,18.8,7.7,2,0,0,1,20.8,7.2,Housatonic
W1562,42.50972044,-73.23499529,2007.0,8.0,Summer,17.6,6.9,2,0,0,1,19.6,6.4,Housatonic
W1570,42.46948757,-73.25654237,2007.0,8.0,Summer,20.9,8.0,2,0,0,1,22.9,7.5,Housatonic
W1573,42.43958522,-73.2666178,2007.0,8.0,Summer,20.6,7.5,2,0,0,1,22.6,7.0,Housatonic
W1575,42.44203653,-73.26046405,2007.0,8.0,Summer,22.6,8.0,2,0,0,1,24.6,7.5,Housatonic
W1107,42.43543023,-73.2495137,2007.0,8.0,Summer,23.3,6.7,2,0,0,1,25.3,6.2,Housatonic
W1105,42.42992197,-73.23875622,2007.0,8.0,Summer,21.8,6.8,2,0,0,1,23.8,6.3,Housatonic
W1104,42.39403803,-73.24040084,2007.0,8.0,Summer,21.5,6.1,2,0,0,1,23.5,5.6,Housatonic
W1115,42.27042046,-73.25110436,2007.0,8.0,Summer,21.8,6.3,2,0,0,1,23.8,5.8,Housatonic
W1567,42.27325997,-73.26943338,2007.0,8.0,Summer,17.4,8.8,2,0,0,1,19.4,8.3,Housatonic
W1098,42.22630117,-73.36572655,2007.0,8.0,Summer,21.2,8.9,2,0,0,1,23.2,8.4,Housatonic
W1099,42.1439533,-73.35976951,2007.0,8.0,Summer,23.0,8.6,2,0,0,1,25.0,8.1,Housatonic
W1113,42.11411457,-73.35102043,2007.0,8.0,Summer,22.9,6.8,2,0,0,1,24.9,6.3,Housatonic
W1559,42.11302905,-73.35223003,2007.0,8.0,Summer,21.2,6.6,2,0,0,1,23.2,6.1,Housatonic
W1566,42.05873805,-73.34872974,2007.0,8.0,Summer,23.2,7.7,2,0,0,1,25.2,7.2,Housatonic
W0371,42.05490025,-73.33400325,2007.0,8.0,Summer,20.4,9.7,2,0,0,1,22.4,9.2,Housatonic
W1569,42.17339594,-73.23476863,2007.0,8.0,Summer,21.9,8.8,2,0,0,1,23.9,8.3,Housatonic
W1560,42.30142427,-73.38113211,2007.0,8.0,Summer,17.2,8.8,2,0,0,1,19.2,8.3,Housatonic
W1101,42.27559351,-73.35974157,2007.0,8.0,Summer,18.7,9.3,2,0,0,1,20.7,8.8,Housatonic
W1561,42.30190509,-73.33437114,2007.0,8.0,Summer,15.9,8.3,2,0,0,1,17.9,7.800000000000001,Housatonic
W1562,42.50972044,-73.23499529,2007.0,8.0,Summer,14.4,7.4,2,0,0,1,16.4,6.9,Housatonic
W1570,42.46948757,-73.25654237,2007.0,8.0,Summer,16.9,8.9,2,0,0,1,18.9,8.4,Housatonic
W1573,42.43958522,-73.2666178,2007.0,8.0,Summer,15.4,8.8,2,0,0,1,17.4,8.3,Housatonic
W1575,42.44203653,-73.26046405,2007.0,8.0,Summer,16.9,9.2,2,0,0,1,18.9,8.7,Housatonic
W1107,42.43543023,-73.2495137,2007.0,8.0,Summer,17.0,8.8,2,0,0,1,19.0,8.3,Housatonic
W1105,42.42992197,-73.23875622,2007.0,8.0,Summer,16.2,8.1,2,0,0,1,18.2,7.6,Housatonic
W1104,42.39403803,-73.24040084,2007.0,8.0,Summer,16.1,7.5,2,0,0,1,18.1,7.0,Housatonic
W1115,42.27042046,-73.25110436,2007.0,8.0,Summer,17.0,7.7,2,0,0,1,19.0,7.2,Housatonic
W1567,42.27325997,-73.26943338,2007.0,8.0,Summer,14.8,9.0,2,0,0,1,16.8,8.5,Housatonic
W1098,42.22630117,-73.36572655,2007.0,8.0,Summer,16.7,9.6,2,0,0,1,18.7,9.1,Housatonic
W1099,42.1439533,-73.35976951,2007.0,8.0,Summer,18.4,9.0,2,0,0,1,20.4,8.5,Housatonic
W1113,42.11411457,-73.35102043,2007.0,8.0,Summer,18.9,7.2,2,0,0,1,20.9,6.7,Housatonic
W1559,42.11302905,-73.35223003,2007.0,8.0,Summer,17.5,7.2,2,0,0,1,19.5,6.7,Housatonic
W1566,42.05873805,-73.34872974,2007.0,8.0,Summer,18.7,7.9,2,0,0,1,20.7,7.4,Housatonic
W0371,42.05490025,-73.33400325,2007.0,8.0,Summer,15.8,10.1,2,0,0,1,17.8,9.6,Housatonic
W1569,42.17339594,-73.23476863,2007.0,8.0,Summer,16.5,9.6,2,0,0,1,18.5,9.1,Housatonic
W1568,42.48426175,-73.14844847,2007.0,8.0,Summer,14.4,10.8,2,0,0,1,16.4,10.3,Housatonic
W1572,42.47369635,-73.14121003,2007.0,8.0,Summer,14.6,11.3,2,0,0,1,16.6,10.8,Housatonic
W1563,42.42448531,-73.22544541,2007.0,8.0,Summer,12.2,10.7,2,0,0,1,14.2,10.2,Housatonic
W1100,42.23176916,-73.35486942,2007.0,8.0,Summer,19.7,9.4,2,0,0,1,21.7,8.9,Housatonic
W1567,42.27325997,-73.26943338,2007.0,8.0,Summer,13.9,10.6,2,0,0,1,15.9,10.1,Housatonic
W1110,42.29472214,-73.2389525,2007.0,8.0,Summer,14.1,10.0,2,0,0,1,16.1,9.5,Housatonic
W1564,42.32836092,-73.24079273,2007.0,8.0,Summer,12.6,9.3,2,0,0,1,14.6,8.8,Housatonic
W1103,42.3447034,-73.24553172,2007.0,8.0,Summer,18.7,7.7,2,0,0,1,20.7,7.2,Housatonic
W1112,42.17937551,-73.37925653,2007.0,8.0,Summer,16.0,9.0,2,0,0,1,18.0,8.5,Housatonic
W0375,42.07601465,-73.28282617,2007.0,8.0,Summer,15.6,10.2,2,0,0,1,17.6,9.7,Housatonic
W0377,42.11316821,-73.26853192,2007.0,8.0,Summer,15.5,9.9,2,0,0,1,17.5,9.4,Housatonic
W1560,42.30142427,-73.38113211,2007.0,9.0,Fall,16.0,9.3,1,0,0,1,18.0,8.8,Housatonic
W1101,42.27559351,-73.35974157,2007.0,9.0,Fall,17.0,10.2,1,0,0,1,19.0,9.7,Housatonic
W1561,42.30190509,-73.33437114,2007.0,9.0,Fall,15.4,8.7,1,0,0,1,17.4,8.2,Housatonic
W1562,42.50972044,-73.23499529,2007.0,9.0,Fall,14.3,7.8,1,0,0,1,16.3,7.3,Housatonic
W1570,42.46948757,-73.25654237,2007.0,9.0,Fall,17.1,9.2,1,0,0,1,19.1,8.7,Housatonic
W1573,42.43958522,-73.2666178,2007.0,9.0,Fall,16.7,8.8,1,0,0,1,18.7,8.3,Housatonic
W1575,42.44203653,-73.26046405,2007.0,9.0,Fall,18.5,9.0,1,0,0,1,20.5,8.5,Housatonic
W1107,42.43543023,-73.2495137,2007.0,9.0,Fall,19.6,9.0,1,0,0,1,21.6,8.5,Housatonic
W1105,42.42992197,-73.23875622,2007.0,9.0,Fall,17.2,8.1,1,0,0,1,19.2,7.6,Housatonic
W1104,42.39403803,-73.24040084,2007.0,9.0,Fall,17.0,7.1,1,0,0,1,19.0,6.6,Housatonic
W1115,42.27042046,-73.25110436,2007.0,9.0,Fall,15.0,7.4,1,0,0,1,17.0,6.9,Housatonic
W1567,42.27325997,-73.26943338,2007.0,9.0,Fall,12.7,10.4,1,0,0,1,14.7,9.9,Housatonic
W1098,42.22630117,-73.36572655,2007.0,9.0,Fall,16.0,9.3,1,0,0,1,18.0,8.8,Housatonic
W1099,42.1439533,-73.35976951,2007.0,9.0,Fall,17.5,9.2,1,0,0,1,19.5,8.7,Housatonic
W1113,42.11411457,-73.35102043,2007.0,9.0,Fall,16.5,7.0,1,0,0,1,18.5,6.5,Housatonic
W1559,42.11302905,-73.35223003,2007.0,9.0,Fall,14.5,7.2,1,0,0,1,16.5,6.7,Housatonic
W1566,42.05873805,-73.34872974,2007.0,9.0,Fall,17.7,8.5,1,0,0,1,19.7,8.0,Housatonic
W0371,42.05490025,-73.33400325,2007.0,9.0,Fall,16.5,10.5,1,0,0,1,18.5,10.0,Housatonic
W1569,42.17339594,-73.23476863,2007.0,9.0,Fall,16.9,9.4,1,0,0,1,18.9,8.9,Housatonic
W1560,42.30142427,-73.38113211,2007.0,9.0,Fall,17.7,8.9,1,0,0,1,19.7,8.4,Housatonic
W1101,42.27559351,-73.35974157,2007.0,9.0,Fall,19.0,10.1,1,0,0,1,21.0,9.6,Housatonic
W1561,42.30190509,-73.33437114,2007.0,9.0,Fall,17.1,8.3,1,0,0,1,19.1,7.800000000000001,Housatonic
W1562,42.50972044,-73.23499529,2007.0,9.0,Fall,15.5,7.2,1,0,0,1,17.5,6.7,Housatonic
W1570,42.46948757,-73.25654237,2007.0,9.0,Fall,19.0,8.7,1,0,0,1,21.0,8.2,Housatonic
W1573,42.43958522,-73.2666178,2007.0,9.0,Fall,17.2,8.8,1,0,0,1,19.2,8.3,Housatonic
W1575,42.44203653,-73.26046405,2007.0,9.0,Fall,20.1,8.8,1,0,0,1,22.1,8.3,Housatonic
W1107,42.43543023,-73.2495137,2007.0,9.0,Fall,22.0,9.2,1,0,0,1,24.0,8.7,Housatonic
W1105,42.42992197,-73.23875622,2007.0,9.0,Fall,19.3,7.9,1,0,0,1,21.3,7.4,Housatonic
W1104,42.39403803,-73.24040084,2007.0,9.0,Fall,18.1,7.2,1,0,0,1,20.1,6.7,Housatonic
W1115,42.27042046,-73.25110436,2007.0,9.0,Fall,16.9,6.6,1,0,0,1,18.9,6.1,Housatonic
W1567,42.27325997,-73.26943338,2007.0,9.0,Fall,14.7,9.6,1,0,0,1,16.7,9.1,Housatonic
W1098,42.22630117,-73.36572655,2007.0,9.0,Fall,17.6,9.2,1,0,0,1,19.6,8.7,Housatonic
W1099,42.1439533,-73.35976951,2007.0,9.0,Fall,19.1,9.5,1,0,0,1,21.1,9.0,Housatonic
W1113,42.11411457,-73.35102043,2007.0,9.0,Fall,18.0,6.0,1,0,0,1,20.0,5.5,Housatonic
W1559,42.11302905,-73.35223003,2007.0,9.0,Fall,16.6,6.1,1,0,0,1,18.6,5.6,Housatonic
W1566,42.05873805,-73.34872974,2007.0,9.0,Fall,19.6,8.1,1,0,0,1,21.6,7.6,Housatonic
W0371,42.05490025,-73.33400325,2007.0,9.0,Fall,18.7,9.9,1,0,0,1,20.7,9.4,Housatonic
W1569,42.17339594,-73.23476863,2007.0,9.0,Fall,19.5,9.0,1,0,0,1,21.5,8.5,Housatonic
W1568,42.48426175,-73.14844847,2007.0,9.0,Fall,14.6,10.6,1,0,0,1,16.6,10.1,Housatonic
W1572,42.47369635,-73.14121003,2007.0,9.0,Fall,14.3,11.3,1,0,0,1,16.3,10.8,Housatonic
W1563,42.42448531,-73.22544541,2007.0,9.0,Fall,11.5,10.7,0,0,0,0,13.5,10.2,Housatonic
W1100,42.23176916,-73.35486942,2007.0,9.0,Fall,19.5,10.4,1,0,0,1,21.5,9.9,Housatonic
W1567,42.27325997,-73.26943338,2007.0,9.0,Fall,13.5,9.8,1,0,0,1,15.5,9.3,Housatonic
W1110,42.29472214,-73.2389525,2007.0,9.0,Fall,13.1,10.0,1,0,0,1,15.1,9.5,Housatonic
W1564,42.32836092,-73.24079273,2007.0,9.0,Fall,12.3,9.2,1,0,0,1,14.3,8.7,Housatonic
W1103,42.3447034,-73.24553172,2007.0,9.0,Fall,17.5,8.5,1,0,0,1,19.5,8.0,Housatonic
W1112,42.17937551,-73.37925653,2007.0,9.0,Fall,14.7,8.6,1,0,0,1,16.7,8.1,Housatonic
W0375,42.07601465,-73.28282617,2007.0,9.0,Fall,14.2,10.3,1,0,0,1,16.2,9.8,Housatonic
W0377,42.11316821,-73.26853192,2007.0,9.0,Fall,14.1,10.2,1,0,0,1,16.1,9.7,Housatonic
W0168,42.01272012,-71.34763073,2007.0,4.0,Spring,7.0,11.1,1,0,0,1,9.0,10.6,Ten Mile
W0905,42.00286304,-71.33840362,2007.0,4.0,Spring,6.7,10.2,1,0,0,1,8.7,9.7,Ten Mile
W1580,41.98856171,-71.3474734,2007.0,4.0,Spring,5.8,11.7,1,0,0,1,7.8,11.2,Ten Mile
W1581,41.97762993,-71.33453815,2007.0,4.0,Spring,5.9,12.6,1,0,0,1,7.9,12.1,Ten Mile
W0169,41.97463265,-71.32957594,2007.0,4.0,Spring,6.7,11.3,1,0,0,1,8.7,10.8,Ten Mile
W0170,41.96096078,-71.30757184,2007.0,4.0,Spring,7.0,12.1,1,0,0,1,9.0,11.6,Ten Mile
W1577,41.95326227,-71.30781311,2007.0,4.0,Spring,7.4,11.6,1,0,0,1,9.4,11.1,Ten Mile
W0179,41.95360395,-71.28005181,2007.0,4.0,Spring,6.2,5.8,1,0,0,1,8.2,5.3,Ten Mile
W0901,41.95002381,-71.29133543,2007.0,4.0,Spring,6.4,8.3,1,0,0,1,8.4,7.800000000000001,Ten Mile
W0172,41.93742221,-71.29026644,2007.0,4.0,Spring,7.1,11.6,1,0,0,1,9.1,11.1,Ten Mile
W0176,41.89026914,-71.34011441,2007.0,4.0,Spring,6.8,10.7,1,0,0,1,8.8,10.2,Ten Mile
W0184,41.85773302,-71.32945548,2007.0,4.0,Spring,6.1,10.7,1,0,0,1,8.1,10.2,Ten Mile
W0175,41.89609284,-71.32576502,2007.0,4.0,Spring,6.8,11.4,1,0,0,1,8.8,10.9,Ten Mile
W0183,41.90125767,-71.3434294,2007.0,4.0,Spring,6.6,10.0,1,0,0,1,8.6,9.5,Ten Mile
W0181,41.93648287,-71.32433494,2007.0,4.0,Spring,7.0,10.6,1,0,0,1,9.0,10.1,Ten Mile
W0182,41.95117817,-71.34184089,2007.0,4.0,Spring,6.3,11.5,0,0,0,0,8.3,11.0,Ten Mile
W0173,41.91782609,-71.30583763,2007.0,4.0,Spring,6.9,11.3,1,0,0,1,8.9,10.8,Ten Mile
W0180,41.92726089,-71.2852236,2007.0,4.0,Spring,6.3,9.3,1,0,0,1,8.3,8.8,Ten Mile
W1904,41.92703603,-71.28535834,2007.0,4.0,Spring,6.1,11.0,1,0,0,1,8.1,10.5,Ten Mile
W0905,42.00286304,-71.33840362,2007.0,5.0,Spring,11.2,8.8,1,0,0,1,13.2,8.3,Ten Mile
W0905,42.00286304,-71.33840362,2007.0,5.0,Spring,15.8,8.5,1,0,0,1,17.8,8.0,Ten Mile
W1580,41.98856171,-71.3474734,2007.0,5.0,Spring,9.5,9.5,1,0,0,1,11.5,9.0,Ten Mile
W1580,41.98856171,-71.3474734,2007.0,5.0,Spring,15.1,8.8,1,0,0,1,17.1,8.3,Ten Mile
W0169,41.97463265,-71.32957594,2007.0,5.0,Spring,11.0,8.9,1,0,0,1,13.0,8.4,Ten Mile
W0169,41.97463265,-71.32957594,2007.0,5.0,Spring,15.4,8.6,1,0,0,1,17.4,8.1,Ten Mile
W0170,41.96096078,-71.30757184,2007.0,5.0,Spring,13.9,9.0,1,0,0,1,15.9,8.5,Ten Mile
W0170,41.96096078,-71.30757184,2007.0,5.0,Spring,16.2,9.1,1,0,0,1,18.2,8.6,Ten Mile
W1595,41.95661339,-71.30844976,2007.0,5.0,Spring,13.6,9.0,1,0,0,1,15.6,8.5,Ten Mile
W1595,41.95661339,-71.30844976,2007.0,5.0,Spring,15.4,9.0,1,0,0,1,17.4,8.5,Ten Mile
W0172,41.93742221,-71.29026644,2007.0,5.0,Spring,12.3,9.2,1,0,0,1,14.3,8.7,Ten Mile
W0172,41.93742221,-71.29026644,2007.0,5.0,Spring,14.6,8.3,1,0,0,1,16.6,7.800000000000001,Ten Mile
W0179,41.95360395,-71.28005181,2007.0,5.0,Spring,11.9,7.0,1,0,0,1,13.9,6.5,Ten Mile
W0179,41.95360395,-71.28005181,2007.0,5.0,Spring,14.1,2.8,2,1,0,1,16.1,2.3,Ten Mile
W0180,41.92726089,-71.2852236,2007.0,5.0,Spring,10.7,8.6,1,0,0,1,12.7,8.1,Ten Mile
W0180,41.92726089,-71.2852236,2007.0,5.0,Spring,12.9,8.0,1,0,0,1,14.9,7.5,Ten Mile
W0176,41.89026914,-71.34011441,2007.0,5.0,Spring,12.8,9.4,1,0,0,1,14.8,8.9,Ten Mile
W0176,41.89026914,-71.34011441,2007.0,5.0,Spring,14.8,9.0,1,0,0,1,16.8,8.5,Ten Mile
W0184,41.85773302,-71.32945548,2007.0,5.0,Spring,11.9,9.1,1,0,0,1,13.9,8.6,Ten Mile
W0184,41.85773302,-71.32945548,2007.0,5.0,Spring,14.2,8.9,1,0,0,1,16.2,8.4,Ten Mile
W0175,41.89609284,-71.32576502,2007.0,5.0,Spring,13.5,9.4,1,0,0,1,15.5,8.9,Ten Mile
W0175,41.89609284,-71.32576502,2007.0,5.0,Spring,15.6,8.8,1,0,0,1,17.6,8.3,Ten Mile
W0183,41.90125767,-71.3434294,2007.0,5.0,Spring,10.7,9.2,1,0,0,1,12.7,8.7,Ten Mile
W0183,41.90125767,-71.3434294,2007.0,5.0,Spring,14.0,8.2,1,0,0,1,16.0,7.699999999999999,Ten Mile
W0181,41.93648287,-71.32433494,2007.0,5.0,Spring,9.4,9.7,1,0,0,1,11.4,9.2,Ten Mile
W0181,41.93648287,-71.32433494,2007.0,5.0,Spring,16.2,8.7,1,0,0,1,18.2,8.2,Ten Mile
W0182,41.95117817,-71.34184089,2007.0,5.0,Spring,10.4,10.0,1,0,0,1,12.4,9.5,Ten Mile
W0182,41.95117817,-71.34184089,2007.0,5.0,Spring,14.5,9.5,1,0,0,1,16.5,9.0,Ten Mile
W0173,41.91782609,-71.30583763,2007.0,5.0,Spring,13.2,9.7,1,0,0,1,15.2,9.2,Ten Mile
W0173,41.91782609,-71.30583763,2007.0,5.0,Spring,15.5,9.0,1,0,0,1,17.5,8.5,Ten Mile
W0168,42.01272012,-71.34763073,2007.0,5.0,Spring,13.3,10.5,1,0,0,1,15.3,10.0,Ten Mile
W1581,41.97762993,-71.33453815,2007.0,5.0,Spring,11.4,11.7,1,0,0,1,13.4,11.2,Ten Mile
W0901,41.95002381,-71.29133543,2007.0,5.0,Spring,13.9,6.5,1,0,0,1,15.9,6.0,Ten Mile
W0168,42.01272012,-71.34763073,2007.0,6.0,Summer,21.8,8.6,2,0,0,1,23.8,8.1,Ten Mile
W0168,42.01272012,-71.34763073,2007.0,7.0,Summer,18.9,9.0,2,0,0,1,20.9,8.5,Ten Mile
W0905,42.00286304,-71.33840362,2007.0,6.0,Summer,19.8,6.4,2,0,0,1,21.8,5.9,Ten Mile
W0905,42.00286304,-71.33840362,2007.0,7.0,Summer,17.3,7.3,2,0,0,1,19.3,6.8,Ten Mile
W1580,41.98856171,-71.3474734,2007.0,6.0,Summer,18.4,5.9,2,0,0,1,20.4,5.4,Ten Mile
W1580,41.98856171,-71.3474734,2007.0,7.0,Summer,14.5,0.6,3,1,0,1,16.5,0.09999999999999998,Ten Mile
W1931,41.97749007,-71.33385627,2007.0,6.0,Summer,19.3,8.4,2,0,0,1,21.3,7.9,Ten Mile
W0169,41.97463265,-71.32957594,2007.0,6.0,Summer,21.4,4.6,3,1,0,1,23.4,4.1,Ten Mile
W0169,41.97463265,-71.32957594,2007.0,7.0,Summer,17.2,6.2,2,0,0,1,19.2,5.7,Ten Mile
W0170,41.96096078,-71.30757184,2007.0,6.0,Summer,21.1,6.4,2,0,0,1,23.1,5.9,Ten Mile
W0170,41.96096078,-71.30757184,2007.0,7.0,Summer,16.5,7.6,2,0,0,1,18.5,7.1,Ten Mile
W1595,41.95661339,-71.30844976,2007.0,6.0,Summer,19.4,7.6,2,0,0,1,21.4,7.1,Ten Mile
W1595,41.95661339,-71.30844976,2007.0,7.0,Summer,16.7,8.2,2,0,0,1,18.7,7.699999999999999,Ten Mile
W0179,41.95360395,-71.28005181,2007.0,6.0,Summer,24.9,4.9,3,1,0,1,26.9,4.4,Ten Mile
W0179,41.95360395,-71.28005181,2007.0,7.0,Summer,19.2,5.1,2,0,0,1,21.2,4.6,Ten Mile
W0901,41.95002381,-71.29133543,2007.0,6.0,Summer,24.8,6.3,2,0,0,1,26.8,5.8,Ten Mile
W0901,41.95002381,-71.29133543,2007.0,7.0,Summer,21.2,8.3,2,0,0,1,23.2,7.800000000000001,Ten Mile
W0172,41.93742221,-71.29026644,2007.0,6.0,Summer,22.6,6.8,2,0,0,1,24.6,6.3,Ten Mile
W0172,41.93742221,-71.29026644,2007.0,7.0,Summer,19.4,7.8,2,0,0,1,21.4,7.3,Ten Mile
W0182,41.95117817,-71.34184089,2007.0,6.0,Summer,18.8,7.8,2,0,0,1,20.8,7.3,Ten Mile
W0182,41.95117817,-71.34184089,2007.0,7.0,Summer,14.3,8.8,2,0,0,1,16.3,8.3,Ten Mile
W0181,41.93648287,-71.32433494,2007.0,6.0,Summer,13.9,8.5,2,0,0,1,15.9,8.0,Ten Mile
W0181,41.93648287,-71.32433494,2007.0,7.0,Summer,12.0,8.8,2,0,0,1,14.0,8.3,Ten Mile
W0173,41.91782609,-71.30583763,2007.0,6.0,Summer,23.9,6.6,2,0,0,1,25.9,6.1,Ten Mile
W0173,41.91782609,-71.30583763,2007.0,7.0,Summer,19.9,7.8,2,0,0,1,21.9,7.3,Ten Mile
W1904,41.92703603,-71.28535834,2007.0,6.0,Summer,16.7,8.1,2,0,0,1,18.7,7.6,Ten Mile
W0180,41.92726089,-71.2852236,2007.0,7.0,Summer,15.2,6.1,2,0,0,1,17.2,5.6,Ten Mile
W0175,41.89609284,-71.32576502,2007.0,6.0,Summer,23.3,6.0,2,0,0,1,25.3,5.5,Ten Mile
W0175,41.89609284,-71.32576502,2007.0,7.0,Summer,19.6,7.2,2,0,0,1,21.6,6.7,Ten Mile
W0184,41.85773302,-71.32945548,2007.0,6.0,Summer,21.5,2.4,3,1,0,1,23.5,1.9,Ten Mile
W0184,41.85773302,-71.32945548,2007.0,7.0,Summer,18.2,3.9,3,1,0,1,20.2,3.4,Ten Mile
W0176,41.89026914,-71.34011441,2007.0,6.0,Summer,22.2,7.1,2,0,0,1,24.2,6.6,Ten Mile
W0176,41.89026914,-71.34011441,2007.0,7.0,Summer,18.8,8.4,2,0,0,1,20.8,7.9,Ten Mile
W0183,41.90125767,-71.3434294,2007.0,6.0,Summer,19.2,6.1,2,0,0,1,21.2,5.6,Ten Mile
W0183,41.90125767,-71.3434294,2007.0,7.0,Summer,14.6,7.6,2,0,0,1,16.6,7.1,Ten Mile
W0168,42.01272012,-71.34763073,2007.0,7.0,Summer,22.2,8.6,2,0,0,1,24.2,8.1,Ten Mile
W0168,42.01272012,-71.34763073,2007.0,8.0,Summer,22.5,7.7,2,0,0,1,24.5,7.2,Ten Mile
W0905,42.00286304,-71.33840362,2007.0,7.0,Summer,21.2,6.5,2,0,0,1,23.2,6.0,Ten Mile
W0905,42.00286304,-71.33840362,2007.0,8.0,Summer,21.8,6.2,2,0,0,1,23.8,5.7,Ten Mile
W1580,41.98856171,-71.3474734,2007.0,7.0,Summer,17.7,0.8,3,1,0,1,19.7,0.30000000000000004,Ten Mile
W1580,41.98856171,-71.3474734,2007.0,8.0,Summer,19.3,2.0,3,1,0,1,21.3,1.5,Ten Mile
W1581,41.97762993,-71.33453815,2007.0,8.0,Summer,21.8,7.4,2,0,0,1,23.8,6.9,Ten Mile
W0169,41.97463265,-71.32957594,2007.0,7.0,Summer,21.9,5.4,2,0,0,1,23.9,4.9,Ten Mile
W0169,41.97463265,-71.32957594,2007.0,8.0,Summer,22.5,4.5,3,1,0,1,24.5,4.0,Ten Mile
W0170,41.96096078,-71.30757184,2007.0,7.0,Summer,20.9,6.9,2,0,0,1,22.9,6.4,Ten Mile
W0170,41.96096078,-71.30757184,2007.0,8.0,Summer,24.8,6.6,2,0,0,1,26.8,6.1,Ten Mile
W1595,41.95661339,-71.30844976,2007.0,7.0,Summer,21.0,7.9,2,0,0,1,23.0,7.4,Ten Mile
W1595,41.95661339,-71.30844976,2007.0,8.0,Summer,22.8,7.1,2,0,0,1,24.8,6.6,Ten Mile
W0179,41.95360395,-71.28005181,2007.0,7.0,Summer,25.2,5.6,2,0,0,1,27.2,5.1,Ten Mile
W0179,41.95360395,-71.28005181,2007.0,8.0,Summer,24.5,2.8,3,1,0,1,26.5,2.3,Ten Mile
W0901,41.95002381,-71.29133543,2007.0,7.0,Summer,27.8,9.1,2,0,0,1,29.8,8.6,Ten Mile
W0901,41.95002381,-71.29133543,2007.0,8.0,Summer,26.3,6.5,2,0,0,1,28.3,6.0,Ten Mile
W0172,41.93742221,-71.29026644,2007.0,7.0,Summer,25.4,6.7,2,0,0,1,27.4,6.2,Ten Mile
W0172,41.93742221,-71.29026644,2007.0,8.0,Summer,24.7,6.4,2,0,0,1,26.7,5.9,Ten Mile
W0182,41.95117817,-71.34184089,2007.0,8.0,Summer,20.4,7.6,2,0,0,1,22.4,7.1,Ten Mile
W0181,41.93648287,-71.32433494,2007.0,7.0,Summer,14.9,7.2,2,0,0,1,16.9,6.7,Ten Mile
W0181,41.93648287,-71.32433494,2007.0,8.0,Summer,15.2,8.4,2,0,0,1,17.2,7.9,Ten Mile
W0173,41.91782609,-71.30583763,2007.0,7.0,Summer,24.5,6.0,2,0,0,1,26.5,5.5,Ten Mile
W0173,41.91782609,-71.30583763,2007.0,8.0,Summer,25.4,7.0,2,0,0,1,27.4,6.5,Ten Mile
W0180,41.92726089,-71.2852236,2007.0,7.0,Summer,20.5,3.8,2,1,0,0,22.5,3.3,Ten Mile
W0180,41.92726089,-71.2852236,2007.0,8.0,Summer,21.7,5.6,1,0,0,0,23.7,5.1,Ten Mile
W0175,41.89609284,-71.32576502,2007.0,7.0,Summer,24.8,5.2,2,0,0,1,26.8,4.7,Ten Mile
W0175,41.89609284,-71.32576502,2007.0,8.0,Summer,25.0,6.1,2,0,0,1,27.0,5.6,Ten Mile
W0184,41.85773302,-71.32945548,2007.0,7.0,Summer,23.6,3.1,3,1,0,1,25.6,2.6,Ten Mile
W0184,41.85773302,-71.32945548,2007.0,8.0,Summer,23.9,4.6,3,1,0,1,25.9,4.1,Ten Mile
W0176,41.89026914,-71.34011441,2007.0,7.0,Summer,23.1,6.1,2,0,0,1,25.1,5.6,Ten Mile
W0176,41.89026914,-71.34011441,2007.0,8.0,Summer,25.0,7.6,2,0,0,1,27.0,7.1,Ten Mile
W0183,41.90125767,-71.3434294,2007.0,7.0,Summer,19.0,5.6,2,0,0,1,21.0,5.1,Ten Mile
W0183,41.90125767,-71.3434294,2007.0,8.0,Summer,19.5,6.9,2,0,0,1,21.5,6.4,Ten Mile
W0168,42.01272012,-71.34763073,2007.0,8.0,Summer,21.4,7.8,2,0,0,1,23.4,7.3,Ten Mile
W0168,42.01272012,-71.34763073,2007.0,9.0,Fall,18.8,7.1,1,0,0,1,20.8,6.6,Ten Mile
W0905,42.00286304,-71.33840362,2007.0,8.0,Summer,16.7,6.7,2,0,0,1,18.7,6.2,Ten Mile
W0905,42.00286304,-71.33840362,2007.0,9.0,Fall,14.6,6.9,1,0,0,1,16.6,6.4,Ten Mile
W0169,41.97463265,-71.32957594,2007.0,8.0,Summer,19.4,4.3,3,1,0,1,21.4,3.8,Ten Mile
W0169,41.97463265,-71.32957594,2007.0,9.0,Fall,16.8,5.7,1,0,0,1,18.8,5.2,Ten Mile
W0170,41.96096078,-71.30757184,2007.0,8.0,Summer,18.6,7.3,2,0,0,1,20.6,6.8,Ten Mile
W0170,41.96096078,-71.30757184,2007.0,9.0,Fall,15.5,7.7,1,0,0,1,17.5,7.2,Ten Mile
W1595,41.95661339,-71.30844976,2007.0,8.0,Summer,20.2,7.7,2,0,0,1,22.2,7.2,Ten Mile
W1595,41.95661339,-71.30844976,2007.0,9.0,Fall,18.6,7.2,1,0,0,1,20.6,6.7,Ten Mile
W0179,41.95360395,-71.28005181,2007.0,8.0,Summer,22.3,5.8,2,0,0,1,24.3,5.3,Ten Mile
W0179,41.95360395,-71.28005181,2007.0,9.0,Fall,19.1,5.9,1,0,0,1,21.1,5.4,Ten Mile
W0901,41.95002381,-71.29133543,2007.0,8.0,Summer,24.1,6.6,2,0,0,1,26.1,6.1,Ten Mile
W0901,41.95002381,-71.29133543,2007.0,9.0,Fall,20.6,7.0,1,0,0,1,22.6,6.5,Ten Mile
W0172,41.93742221,-71.29026644,2007.0,8.0,Summer,23.0,6.4,2,0,0,1,25.0,5.9,Ten Mile
W0172,41.93742221,-71.29026644,2007.0,9.0,Fall,19.7,6.6,1,0,0,1,21.7,6.1,Ten Mile
W0182,41.95117817,-71.34184089,2007.0,8.0,Summer,17.8,7.7,2,0,0,1,19.8,7.2,Ten Mile
W0182,41.95117817,-71.34184089,2007.0,9.0,Fall,14.3,8.3,1,0,0,1,16.3,7.800000000000001,Ten Mile
W0181,41.93648287,-71.32433494,2007.0,8.0,Summer,15.3,8.3,2,0,0,1,17.3,7.800000000000001,Ten Mile
W0181,41.93648287,-71.32433494,2007.0,9.0,Fall,13.3,8.7,1,0,0,1,15.3,8.2,Ten Mile
W0173,41.91782609,-71.30583763,2007.0,8.0,Summer,22.9,6.1,2,0,0,1,24.9,5.6,Ten Mile
W0173,41.91782609,-71.30583763,2007.0,9.0,Fall,19.9,6.5,1,0,0,1,21.9,6.0,Ten Mile
W0180,41.92726089,-71.2852236,2007.0,8.0,Summer,18.5,5.4,2,0,0,1,20.5,4.9,Ten Mile
W0180,41.92726089,-71.2852236,2007.0,9.0,Fall,15.8,6.2,1,0,0,1,17.8,5.7,Ten Mile
W0175,41.89609284,-71.32576502,2007.0,8.0,Summer,22.2,4.9,3,1,0,1,24.2,4.4,Ten Mile
W0175,41.89609284,-71.32576502,2007.0,9.0,Fall,19.0,5.4,1,0,0,1,21.0,4.9,Ten Mile
W0183,41.90125767,-71.3434294,2007.0,8.0,Summer,17.6,7.1,2,0,0,1,19.6,6.6,Ten Mile
W0183,41.90125767,-71.3434294,2007.0,9.0,Fall,15.2,7.1,1,0,0,1,17.2,6.6,Ten Mile
W0176,41.89026914,-71.34011441,2007.0,8.0,Summer,20.9,7.2,2,0,0,1,22.9,6.7,Ten Mile
W0176,41.89026914,-71.34011441,2007.0,9.0,Fall,18.0,7.1,1,0,0,1,20.0,6.6,Ten Mile
W1592,42.17383927,-71.50839357,2007.0,5.0,Spring,16.8,6.8,1,0,0,1,18.8,6.3,Charles
W1592,42.17383927,-71.50839357,2007.0,5.0,Spring,11.0,7.9,1,0,0,1,13.0,7.4,Charles
W1585,42.13103033,-71.5155242,2007.0,5.0,Spring,14.4,10.0,1,0,0,1,16.4,9.5,Charles
W1585,42.13103033,-71.5155242,2007.0,5.0,Spring,10.8,10.8,1,0,0,1,12.8,10.3,Charles
W1142,42.09620732,-71.47958751,2007.0,5.0,Spring,17.5,8.3,1,0,0,1,19.5,7.800000000000001,Charles
W1142,42.09620732,-71.47958751,2007.0,5.0,Spring,12.6,9.2,1,0,0,1,14.6,8.7,Charles
W1588,42.09047755,-71.43283604,2007.0,5.0,Spring,19.7,8.8,1,0,0,1,21.7,8.3,Charles
W1588,42.09047755,-71.43283604,2007.0,5.0,Spring,14.1,9.4,1,0,0,1,16.1,8.9,Charles
W1135,42.11943443,-71.45344443,2007.0,5.0,Spring,20.5,7.2,1,0,0,1,22.5,6.7,Charles
W1135,42.11943443,-71.45344443,2007.0,5.0,Spring,16.1,8.5,1,0,0,1,18.1,8.0,Charles
W1584,42.13445842,-71.44602039,2007.0,5.0,Spring,20.3,7.8,1,0,0,1,22.3,7.3,Charles
W1584,42.13445842,-71.44602039,2007.0,5.0,Spring,15.7,8.9,1,0,0,1,17.7,8.4,Charles
W1147,42.12453197,-71.43065489,2007.0,5.0,Spring,21.6,4.4,2,1,0,1,23.6,3.9000000000000004,Charles
W1147,42.12453197,-71.43065489,2007.0,5.0,Spring,14.2,5.2,1,0,0,1,16.2,4.7,Charles
W1583,42.15140376,-71.42713966,2007.0,5.0,Spring,21.5,7.5,1,0,0,1,23.5,7.0,Charles
W1583,42.15140376,-71.42713966,2007.0,5.0,Spring,16.2,7.8,1,0,0,1,18.2,7.3,Charles
W0414,42.14007115,-71.3896734,2007.0,5.0,Spring,16.8,9.6,1,0,0,1,18.8,9.1,Charles
W0414,42.14007115,-71.3896734,2007.0,5.0,Spring,16.9,8.9,1,0,0,1,18.9,8.4,Charles
W1136,42.13828143,-71.35867289,2007.0,5.0,Spring,18.1,8.6,1,0,0,1,20.1,8.1,Charles
W1136,42.13828143,-71.35867289,2007.0,5.0,Spring,17.4,7.6,1,0,0,1,19.4,7.1,Charles
W1150,42.12911182,-71.30503034,2007.0,5.0,Spring,19.9,9.0,1,0,0,1,21.9,8.5,Charles
W1150,42.12911182,-71.30503034,2007.0,5.0,Spring,18.3,8.9,1,0,0,1,20.3,8.4,Charles
W1151,42.15866554,-71.30280984,2007.0,5.0,Spring,20.0,9.3,0,0,0,0,22.0,8.8,Charles
W1151,42.15866554,-71.30280984,2007.0,5.0,Spring,17.6,6.6,0,0,0,0,19.6,6.1,Charles
W1586,42.19598069,-71.33022096,2007.0,5.0,Spring,16.5,9.4,1,0,0,1,18.5,8.9,Charles
W1586,42.19598069,-71.33022096,2007.0,5.0,Spring,16.1,7.9,1,0,0,1,18.1,7.4,Charles
W0423,42.18829134,-71.36280624,2007.0,5.0,Spring,18.0,9.0,1,0,0,1,20.0,8.5,Charles
W0423,42.18829134,-71.36280624,2007.0,5.0,Spring,19.0,7.6,1,0,0,1,21.0,7.1,Charles
W0416,42.21553968,-71.40765942,2007.0,5.0,Spring,12.9,8.5,1,0,0,1,14.9,8.0,Charles
W0416,42.21553968,-71.40765942,2007.0,5.0,Spring,17.0,7.2,1,0,0,1,19.0,6.7,Charles
W1589,42.22237155,-71.40927393,2007.0,5.0,Spring,14.0,6.0,1,0,0,1,16.0,5.5,Charles
W1589,42.22237155,-71.40927393,2007.0,5.0,Spring,17.0,5.3,1,0,0,1,19.0,4.8,Charles
W0384,42.36514506,-71.1903328,2007.0,5.0,Spring,20.2,8.4,1,0,0,1,22.2,7.9,Charles
W0384,42.36514506,-71.1903328,2007.0,5.0,Spring,18.6,8.4,1,0,0,1,20.6,7.9,Charles
W1143,42.39554541,-71.19710167,2007.0,5.0,Spring,17.3,8.4,1,0,0,1,19.3,7.9,Charles
W1143,42.39554541,-71.19710167,2007.0,5.0,Spring,12.6,8.9,1,0,0,1,14.6,8.4,Charles
W1144,42.38300416,-71.2078492,2007.0,5.0,Spring,18.6,7.1,1,0,0,1,20.6,6.6,Charles
W1144,42.38300416,-71.2078492,2007.0,5.0,Spring,14.0,8.8,1,0,0,1,16.0,8.3,Charles
W1157,42.36795531,-71.27033164,2007.0,5.0,Spring,18.6,7.9,1,0,0,1,20.6,7.4,Charles
W1157,42.36795531,-71.27033164,2007.0,5.0,Spring,15.9,9.3,1,0,0,1,17.9,8.8,Charles
W1156,42.31931329,-71.24624794,2007.0,5.0,Spring,21.6,8.0,1,0,0,1,23.6,7.5,Charles
W1156,42.31931329,-71.24624794,2007.0,5.0,Spring,18.2,8.7,1,0,0,1,20.2,8.2,Charles
W1139,42.32584268,-71.25439259,2007.0,5.0,Spring,21.0,8.5,1,0,0,1,23.0,8.0,Charles
W1139,42.32584268,-71.25439259,2007.0,5.0,Spring,19.6,9.9,1,0,0,1,21.6,9.4,Charles
W1590,42.34154459,-71.26662505,2007.0,5.0,Spring,15.6,8.8,1,0,0,1,17.6,8.3,Charles
W1590,42.34154459,-71.26662505,2007.0,5.0,Spring,13.3,11.0,1,0,0,1,15.3,10.5,Charles
W0406,42.24980728,-71.22270212,2007.0,5.0,Spring,20.8,8.0,1,0,0,1,22.8,7.5,Charles
W0406,42.24980728,-71.22270212,2007.0,5.0,Spring,19.1,8.4,1,0,0,1,21.1,7.9,Charles
W0407,42.25123356,-71.23970713,2007.0,5.0,Spring,18.2,7.9,1,0,0,1,20.2,7.4,Charles
W0407,42.25123356,-71.23970713,2007.0,5.0,Spring,17.3,7.7,1,0,0,1,19.3,7.2,Charles
W1141,42.25781415,-71.26256067,2007.0,5.0,Spring,19.6,8.3,1,0,0,1,21.6,7.800000000000001,Charles
W1141,42.25781415,-71.26256067,2007.0,5.0,Spring,18.4,8.2,1,0,0,1,20.4,7.699999999999999,Charles
W0408,42.25417326,-71.29337351,2007.0,5.0,Spring,17.8,8.7,1,0,0,1,19.8,8.2,Charles
W0408,42.25417326,-71.29337351,2007.0,5.0,Spring,15.8,6.1,1,0,0,1,17.8,5.6,Charles
W1138,42.26439957,-71.32538186,2007.0,5.0,Spring,20.1,7.4,1,0,0,1,22.1,6.9,Charles
W1138,42.26439957,-71.32538186,2007.0,5.0,Spring,18.6,7.5,1,0,0,1,20.6,7.0,Charles
W1587,42.25505525,-71.33009248,2007.0,5.0,Spring,23.2,8.7,1,0,0,1,25.2,8.2,Charles
W1587,42.25505525,-71.33009248,2007.0,5.0,Spring,21.1,8.7,1,0,0,1,23.1,8.2,Charles
W1137,42.21006156,-71.35172497,2007.0,5.0,Spring,19.6,7.8,1,0,0,1,21.6,7.3,Charles
W1137,42.21006156,-71.35172497,2007.0,5.0,Spring,18.4,6.5,1,0,0,1,20.4,6.0,Charles
W0409,42.28652324,-71.29384261,2007.0,5.0,Spring,14.9,10.0,1,0,0,1,16.9,9.5,Charles
W0409,42.28652324,-71.29384261,2007.0,5.0,Spring,15.5,9.4,1,0,0,1,17.5,8.9,Charles
W1582,42.30510355,-71.3252761,2007.0,5.0,Spring,18.2,8.9,1,0,0,1,20.2,8.4,Charles
W1582,42.30510355,-71.3252761,2007.0,5.0,Spring,18.4,8.2,1,0,0,1,20.4,7.699999999999999,Charles
W1592,42.17383927,-71.50839357,2007.0,6.0,Summer,12.4,7.1,2,0,0,1,14.4,6.6,Charles
W1592,42.17383927,-71.50839357,2007.0,6.0,Summer,15.9,6.4,2,0,0,1,17.9,5.9,Charles
W1585,42.13103033,-71.5155242,2007.0,6.0,Summer,12.8,8.9,2,0,0,1,14.8,8.4,Charles
W1585,42.13103033,-71.5155242,2007.0,6.0,Summer,16.5,7.3,2,0,0,1,18.5,6.8,Charles
W1142,42.09620732,-71.47958751,2007.0,6.0,Summer,14.2,7.4,2,0,0,1,16.2,6.9,Charles
W1142,42.09620732,-71.47958751,2007.0,6.0,Summer,17.6,6.1,2,0,0,1,19.6,5.6,Charles
W1588,42.09047755,-71.43283604,2007.0,6.0,Summer,14.7,9.3,2,0,0,1,16.7,8.8,Charles
W1588,42.09047755,-71.43283604,2007.0,6.0,Summer,19.6,7.9,2,0,0,1,21.6,7.4,Charles
W1135,42.11943443,-71.45344443,2007.0,6.0,Summer,16.8,8.3,2,0,0,1,18.8,7.800000000000001,Charles
W1135,42.11943443,-71.45344443,2007.0,6.0,Summer,21.9,6.9,2,0,0,1,23.9,6.4,Charles
W1584,42.13445842,-71.44602039,2007.0,6.0,Summer,15.3,8.4,2,0,0,1,17.3,7.9,Charles
W1584,42.13445842,-71.44602039,2007.0,6.0,Summer,19.2,7.5,2,0,0,1,21.2,7.0,Charles
W1147,42.12453197,-71.43065489,2007.0,6.0,Summer,16.4,5.0,2,0,0,1,18.4,4.5,Charles
W1147,42.12453197,-71.43065489,2007.0,6.0,Summer,19.6,3.8,3,1,0,1,21.6,3.3,Charles
W1583,42.15140376,-71.42713966,2007.0,6.0,Summer,17.2,7.5,2,0,0,1,19.2,7.0,Charles
W1583,42.15140376,-71.42713966,2007.0,6.0,Summer,20.2,8.1,2,0,0,1,22.2,7.6,Charles
W0414,42.14007115,-71.3896734,2007.0,6.0,Summer,21.5,8.1,2,0,0,1,23.5,7.6,Charles
W0414,42.14007115,-71.3896734,2007.0,6.0,Summer,21.9,7.9,2,0,0,1,23.9,7.4,Charles
W1136,42.13828143,-71.35867289,2007.0,6.0,Summer,22.4,7.4,2,0,0,1,24.4,6.9,Charles
W1136,42.13828143,-71.35867289,2007.0,6.0,Summer,23.0,6.3,2,0,0,1,25.0,5.8,Charles
W1150,42.12911182,-71.30503034,2007.0,6.0,Summer,23.8,7.7,2,0,0,1,25.8,7.2,Charles
W1150,42.12911182,-71.30503034,2007.0,6.0,Summer,24.3,7.5,2,0,0,1,26.3,7.0,Charles
W1151,42.15866554,-71.30280984,2007.0,6.0,Summer,23.9,8.6,2,0,0,1,25.9,8.1,Charles
W1151,42.15866554,-71.30280984,2007.0,6.0,Summer,22.4,4.6,3,1,0,1,24.4,4.1,Charles
W1586,42.19598069,-71.33022096,2007.0,6.0,Summer,20.5,7.2,2,0,0,1,22.5,6.7,Charles
W1586,42.19598069,-71.33022096,2007.0,6.0,Summer,19.1,6.8,2,0,0,1,21.1,6.3,Charles
W0423,42.18829134,-71.36280624,2007.0,6.0,Summer,23.5,6.9,2,0,0,1,25.5,6.4,Charles
W0423,42.18829134,-71.36280624,2007.0,6.0,Summer,21.7,6.5,2,0,0,1,23.7,6.0,Charles
W0416,42.21553968,-71.40765942,2007.0,6.0,Summer,16.0,8.1,2,0,0,1,18.0,7.6,Charles
W0416,42.21553968,-71.40765942,2007.0,6.0,Summer,17.7,7.1,2,0,0,1,19.7,6.6,Charles
W1589,42.22237155,-71.40927393,2007.0,6.0,Summer,16.2,5.5,2,0,0,1,18.2,5.0,Charles
W1589,42.22237155,-71.40927393,2007.0,6.0,Summer,17.2,4.6,3,1,0,1,19.2,4.1,Charles
W0384,42.36514506,-71.1903328,2007.0,6.0,Summer,17.8,8.3,2,0,0,1,19.8,7.800000000000001,Charles
W0384,42.36514506,-71.1903328,2007.0,6.0,Summer,21.3,7.3,2,0,0,1,23.3,6.8,Charles
W1143,42.39554541,-71.19710167,2007.0,6.0,Summer,13.6,8.3,2,0,0,1,15.6,7.800000000000001,Charles
W1143,42.39554541,-71.19710167,2007.0,6.0,Summer,16.6,7.6,2,0,0,1,18.6,7.1,Charles
W1144,42.38300416,-71.2078492,2007.0,6.0,Summer,14.9,7.4,2,0,0,1,16.9,6.9,Charles
W1144,42.38300416,-71.2078492,2007.0,6.0,Summer,19.4,6.0,2,0,0,1,21.4,5.5,Charles
W1157,42.36795531,-71.27033164,2007.0,6.0,Summer,15.6,9.1,2,0,0,1,17.6,8.6,Charles
W1157,42.36795531,-71.27033164,2007.0,6.0,Summer,19.2,8.3,2,0,0,1,21.2,7.800000000000001,Charles
W1590,42.34154459,-71.26662505,2007.0,6.0,Summer,14.5,9.8,2,0,0,1,16.5,9.3,Charles
W1590,42.34154459,-71.26662505,2007.0,6.0,Summer,16.1,10.0,2,0,0,1,18.1,9.5,Charles
W1139,42.32584268,-71.25439259,2007.0,6.0,Summer,19.3,9.4,2,0,0,1,21.3,8.9,Charles
W1139,42.32584268,-71.25439259,2007.0,6.0,Summer,23.6,8.5,2,0,0,1,25.6,8.0,Charles
W1156,42.31931329,-71.24624794,2007.0,6.0,Summer,18.5,7.8,2,0,0,1,20.5,7.3,Charles
W1156,42.31931329,-71.24624794,2007.0,6.0,Summer,22.1,6.4,2,0,0,1,24.1,5.9,Charles
W0406,42.24980728,-71.22270212,2007.0,6.0,Summer,18.0,8.7,2,0,0,1,20.0,8.2,Charles
W0406,42.24980728,-71.22270212,2007.0,6.0,Summer,21.1,8.1,2,0,0,1,23.1,7.6,Charles
W0407,42.25123356,-71.23970713,2007.0,6.0,Summer,24.0,7.2,2,0,0,1,26.0,6.7,Charles
W0407,42.25123356,-71.23970713,2007.0,6.0,Summer,23.2,6.6,2,0,0,1,25.2,6.1,Charles
W1141,42.25781415,-71.26256067,2007.0,6.0,Summer,22.9,8.1,2,0,0,1,24.9,7.6,Charles
W1141,42.25781415,-71.26256067,2007.0,6.0,Summer,23.6,7.8,2,0,0,1,25.6,7.3,Charles
W0408,42.25417326,-71.29337351,2007.0,6.0,Summer,20.0,4.9,3,1,0,1,22.0,4.4,Charles
W0408,42.25417326,-71.29337351,2007.0,6.0,Summer,18.3,4.3,3,1,0,1,20.3,3.8,Charles
W0409,42.28652324,-71.29384261,2007.0,6.0,Summer,18.7,8.4,2,0,0,1,20.7,7.9,Charles
W0409,42.28652324,-71.29384261,2007.0,6.0,Summer,17.6,8.0,2,0,0,1,19.6,7.5,Charles
W1138,42.26439957,-71.32538186,2007.0,6.0,Summer,23.5,7.6,2,0,0,1,25.5,7.1,Charles
W1138,42.26439957,-71.32538186,2007.0,6.0,Summer,23.3,5.8,2,0,0,1,25.3,5.3,Charles
W1587,42.25505525,-71.33009248,2007.0,6.0,Summer,26.8,8.6,2,0,0,1,28.8,8.1,Charles
W1587,42.25505525,-71.33009248,2007.0,6.0,Summer,21.6,6.4,2,0,0,1,23.6,5.9,Charles
W1137,42.21006156,-71.35172497,2007.0,6.0,Summer,22.9,6.9,2,0,0,1,24.9,6.4,Charles
W1137,42.21006156,-71.35172497,2007.0,6.0,Summer,23.1,5.9,2,0,0,1,25.1,5.4,Charles
W1582,42.30510355,-71.3252761,2007.0,6.0,Summer,21.4,7.3,2,0,0,1,23.4,6.8,Charles
W0384,42.36514506,-71.1903328,2007.0,6.0,Summer,21.9,6.5,2,0,0,1,23.9,6.0,Charles
W1585,42.13103033,-71.5155242,2007.0,7.0,Summer,19.8,6.8,2,0,0,1,21.8,6.3,Charles
W1585,42.13103033,-71.5155242,2007.0,7.0,Summer,17.7,7.4,2,0,0,1,19.7,6.9,Charles
W1142,42.09620732,-71.47958751,2007.0,7.0,Summer,20.4,6.0,2,0,0,1,22.4,5.5,Charles
W1142,42.09620732,-71.47958751,2007.0,7.0,Summer,17.9,6.7,2,0,0,1,19.9,6.2,Charles
W1588,42.09047755,-71.43283604,2007.0,7.0,Summer,21.4,7.6,2,0,0,1,23.4,7.1,Charles
W1588,42.09047755,-71.43283604,2007.0,7.0,Summer,19.7,8.1,2,0,0,1,21.7,7.6,Charles
W1135,42.11943443,-71.45344443,2007.0,7.0,Summer,23.5,6.6,2,0,0,1,25.5,6.1,Charles
W1135,42.11943443,-71.45344443,2007.0,7.0,Summer,21.6,6.9,2,0,0,1,23.6,6.4,Charles
W1584,42.13445842,-71.44602039,2007.0,7.0,Summer,21.4,7.0,2,0,0,1,23.4,6.5,Charles
W1584,42.13445842,-71.44602039,2007.0,7.0,Summer,19.0,7.4,2,0,0,1,21.0,6.9,Charles
W1147,42.12453197,-71.43065489,2007.0,7.0,Summer,22.9,3.5,3,1,0,1,24.9,3.0,Charles
W1583,42.15140376,-71.42713966,2007.0,7.0,Summer,23.9,6.8,2,0,0,1,25.9,6.3,Charles
W0414,42.14007115,-71.3896734,2007.0,7.0,Summer,21.9,8.2,2,0,0,1,23.9,7.699999999999999,Charles
W0414,42.14007115,-71.3896734,2007.0,7.0,Summer,21.3,8.4,2,0,0,1,23.3,7.9,Charles
W1136,42.13828143,-71.35867289,2007.0,7.0,Summer,22.5,6.8,2,0,0,1,24.5,6.3,Charles
W1136,42.13828143,-71.35867289,2007.0,7.0,Summer,22.4,6.4,2,0,0,1,24.4,5.9,Charles
W1150,42.12911182,-71.30503034,2007.0,7.0,Summer,23.4,7.5,2,0,0,1,25.4,7.0,Charles
W1150,42.12911182,-71.30503034,2007.0,7.0,Summer,23.4,7.5,2,0,0,1,25.4,7.0,Charles
W1151,42.15866554,-71.30280984,2007.0,7.0,Summer,21.2,4.9,3,1,0,1,23.2,4.4,Charles
W1151,42.15866554,-71.30280984,2007.0,7.0,Summer,22.0,4.7,3,1,0,1,24.0,4.2,Charles
W1586,42.19598069,-71.33022096,2007.0,7.0,Summer,18.0,7.4,2,0,0,1,20.0,6.9,Charles
W1586,42.19598069,-71.33022096,2007.0,7.0,Summer,19.2,7.8,2,0,0,1,21.2,7.3,Charles
W0423,42.18829134,-71.36280624,2007.0,7.0,Summer,21.3,6.3,2,0,0,1,23.3,5.8,Charles
W0423,42.18829134,-71.36280624,2007.0,7.0,Summer,22.8,6.3,2,0,0,1,24.8,5.8,Charles
W0416,42.21553968,-71.40765942,2007.0,7.0,Summer,19.2,6.9,2,0,0,1,21.2,6.4,Charles
W1589,42.22237155,-71.40927393,2007.0,7.0,Summer,18.5,4.9,3,1,0,1,20.5,4.4,Charles
W0384,42.36514506,-71.1903328,2007.0,7.0,Summer,23.9,3.6,3,1,0,1,25.9,3.1,Charles
W0384,42.36514506,-71.1903328,2007.0,7.0,Summer,23.0,4.2,3,1,0,1,25.0,3.7,Charles
W1143,42.39554541,-71.19710167,2007.0,7.0,Summer,19.8,6.4,2,0,0,1,21.8,5.9,Charles
W1143,42.39554541,-71.19710167,2007.0,7.0,Summer,17.5,7.6,2,0,0,1,19.5,7.1,Charles
W1144,42.38300416,-71.2078492,2007.0,7.0,Summer,21.0,3.9,3,1,0,1,23.0,3.4,Charles
W1144,42.38300416,-71.2078492,2007.0,7.0,Summer,19.6,4.3,3,1,0,1,21.6,3.8,Charles
W1157,42.36795531,-71.27033164,2007.0,7.0,Summer,20.2,8.1,2,0,0,1,22.2,7.6,Charles
W1157,42.36795531,-71.27033164,2007.0,7.0,Summer,19.8,8.2,2,0,0,1,21.8,7.699999999999999,Charles
W1590,42.34154459,-71.26662505,2007.0,7.0,Summer,19.3,8.8,2,0,0,1,21.3,8.3,Charles
W1139,42.32584268,-71.25439259,2007.0,7.0,Summer,24.4,4.5,3,1,0,1,26.4,4.0,Charles
W1156,42.31931329,-71.24624794,2007.0,7.0,Summer,22.4,5.5,2,0,0,1,24.4,5.0,Charles
W0406,42.24980728,-71.22270212,2007.0,7.0,Summer,23.6,7.6,2,0,0,1,25.6,7.1,Charles
W0406,42.24980728,-71.22270212,2007.0,7.0,Summer,20.6,8.2,2,0,0,1,22.6,7.699999999999999,Charles
W0407,42.25123356,-71.23970713,2007.0,7.0,Summer,21.7,4.5,3,1,0,1,23.7,4.0,Charles
W0407,42.25123356,-71.23970713,2007.0,7.0,Summer,22.9,5.2,2,0,0,1,24.9,4.7,Charles
W1141,42.25781415,-71.26256067,2007.0,7.0,Summer,24.0,7.8,2,0,0,1,26.0,7.3,Charles
W1141,42.25781415,-71.26256067,2007.0,7.0,Summer,24.3,8.2,2,0,0,1,26.3,7.699999999999999,Charles
W0408,42.25417326,-71.29337351,2007.0,7.0,Summer,17.6,5.4,2,0,0,1,19.6,4.9,Charles
W0408,42.25417326,-71.29337351,2007.0,7.0,Summer,18.8,5.3,2,0,0,1,20.8,4.8,Charles
W0409,42.28652324,-71.29384261,2007.0,7.0,Summer,18.1,8.0,2,0,0,1,20.1,7.5,Charles
W0409,42.28652324,-71.29384261,2007.0,7.0,Summer,19.7,8.3,2,0,0,1,21.7,7.800000000000001,Charles
W1138,42.26439957,-71.32538186,2007.0,7.0,Summer,25.1,9.3,2,0,0,1,27.1,8.8,Charles
W1587,42.25505525,-71.33009248,2007.0,7.0,Summer,19.9,6.4,2,0,0,1,21.9,5.9,Charles
W1137,42.21006156,-71.35172497,2007.0,7.0,Summer,23.5,7.3,2,0,0,1,25.5,6.8,Charles
W1582,42.30510355,-71.3252761,2007.0,7.0,Summer,20.8,7.4,2,0,0,1,22.8,6.9,Charles
W1582,42.30510355,-71.3252761,2007.0,7.0,Summer,22.0,7.8,2,0,0,1,24.0,7.3,Charles
W0414,42.14007115,-71.3896734,2007.0,8.0,Summer,19.7,8.4,2,0,0,1,21.7,7.9,Charles
W0414,42.14007115,-71.3896734,2007.0,8.0,Summer,23.0,8.8,2,0,0,1,25.0,8.3,Charles
W1585,42.13103033,-71.5155242,2007.0,8.0,Summer,19.1,7.4,2,0,0,1,21.1,6.9,Charles
W1585,42.13103033,-71.5155242,2007.0,8.0,Summer,19.6,7.0,2,0,0,1,21.6,6.5,Charles
W1142,42.09620732,-71.47958751,2007.0,8.0,Summer,18.5,7.2,2,0,0,1,20.5,6.7,Charles
W1142,42.09620732,-71.47958751,2007.0,8.0,Summer,18.6,6.9,2,0,0,1,20.6,6.4,Charles
W1588,42.09047755,-71.43283604,2007.0,8.0,Summer,19.3,8.7,2,0,0,1,21.3,8.2,Charles
W1588,42.09047755,-71.43283604,2007.0,8.0,Summer,20.7,8.4,2,0,0,1,22.7,7.9,Charles
W1135,42.11943443,-71.45344443,2007.0,8.0,Summer,21.2,8.4,2,0,0,1,23.2,7.9,Charles
W1135,42.11943443,-71.45344443,2007.0,8.0,Summer,23.0,7.2,2,0,0,1,25.0,6.7,Charles
W1584,42.13445842,-71.44602039,2007.0,8.0,Summer,17.3,6.1,2,0,0,1,19.3,5.6,Charles
W1584,42.13445842,-71.44602039,2007.0,8.0,Summer,19.2,5.1,2,0,0,1,21.2,4.6,Charles
W1147,42.12453197,-71.43065489,2007.0,8.0,Summer,20.6,6.0,2,0,0,1,22.6,5.5,Charles
W1147,42.12453197,-71.43065489,2007.0,8.0,Summer,21.3,4.1,3,1,0,1,23.3,3.5999999999999996,Charles
W1583,42.15140376,-71.42713966,2007.0,8.0,Summer,21.8,8.1,2,0,0,1,23.8,7.6,Charles
W1583,42.15140376,-71.42713966,2007.0,8.0,Summer,21.0,7.2,2,0,0,1,23.0,6.7,Charles
W0414,42.14007115,-71.3896734,2007.0,8.0,Summer,23.0,8.9,2,0,0,1,25.0,8.4,Charles
W0414,42.14007115,-71.3896734,2007.0,8.0,Summer,20.9,7.9,2,0,0,1,22.9,7.4,Charles
W1136,42.13828143,-71.35867289,2007.0,8.0,Summer,23.6,9.8,2,0,0,1,25.6,9.3,Charles
W1136,42.13828143,-71.35867289,2007.0,8.0,Summer,22.4,8.9,2,0,0,1,24.4,8.4,Charles
W1150,42.12911182,-71.30503034,2007.0,8.0,Summer,23.9,7.6,2,0,0,1,25.9,7.1,Charles
W1150,42.12911182,-71.30503034,2007.0,8.0,Summer,23.1,7.8,2,0,0,1,25.1,7.3,Charles
W1151,42.15866554,-71.30280984,2007.0,8.0,Summer,23.8,5.3,2,0,0,1,25.8,4.8,Charles
W1151,42.15866554,-71.30280984,2007.0,8.0,Summer,21.8,5.4,2,0,0,1,23.8,4.9,Charles
W1586,42.19598069,-71.33022096,2007.0,8.0,Summer,21.5,6.3,2,0,0,1,23.5,5.8,Charles
W1586,42.19598069,-71.33022096,2007.0,8.0,Summer,19.8,6.7,2,0,0,1,21.8,6.2,Charles
W0416,42.21553968,-71.40765942,2007.0,8.0,Summer,18.5,4.9,3,1,0,1,20.5,4.4,Charles
W0416,42.21553968,-71.40765942,2007.0,8.0,Summer,19.4,5.6,2,0,0,1,21.4,5.1,Charles
W1589,42.22237155,-71.40927393,2007.0,8.0,Summer,17.2,4.7,3,1,0,1,19.2,4.2,Charles
W1589,42.22237155,-71.40927393,2007.0,8.0,Summer,16.4,4.4,3,1,0,1,18.4,3.9000000000000004,Charles
W0384,42.36514506,-71.1903328,2007.0,8.0,Summer,20.9,3.5,3,1,0,1,22.9,3.0,Charles
W0384,42.36514506,-71.1903328,2007.0,8.0,Summer,23.7,2.8,3,1,0,1,25.7,2.3,Charles
W1143,42.39554541,-71.19710167,2007.0,8.0,Summer,18.8,5.5,2,0,0,1,20.8,5.0,Charles
W1143,42.39554541,-71.19710167,2007.0,8.0,Summer,19.7,5.7,2,0,0,1,21.7,5.2,Charles
W1144,42.38300416,-71.2078492,2007.0,8.0,Summer,19.7,2.8,3,1,0,1,21.7,2.3,Charles
W1144,42.38300416,-71.2078492,2007.0,8.0,Summer,20.4,3.9,3,1,0,1,22.4,3.4,Charles
W1157,42.36795531,-71.27033164,2007.0,8.0,Summer,21.8,8.0,2,0,0,1,23.8,7.5,Charles
W1157,42.36795531,-71.27033164,2007.0,8.0,Summer,22.1,7.8,2,0,0,1,24.1,7.3,Charles
W1590,42.34154459,-71.26662505,2007.0,8.0,Summer,19.1,8.5,2,0,0,1,21.1,8.0,Charles
W1590,42.34154459,-71.26662505,2007.0,8.0,Summer,19.2,8.3,2,0,0,1,21.2,7.800000000000001,Charles
W1139,42.32584268,-71.25439259,2007.0,8.0,Summer,22.0,8.5,2,0,0,1,24.0,8.0,Charles
W1139,42.32584268,-71.25439259,2007.0,8.0,Summer,24.3,6.8,2,0,0,1,26.3,6.3,Charles
W1156,42.31931329,-71.24624794,2007.0,8.0,Summer,15.1,5.0,2,0,0,1,17.1,4.5,Charles
W1156,42.31931329,-71.24624794,2007.0,8.0,Summer,15.6,5.0,2,0,0,1,17.6,4.5,Charles
W0406,42.24980728,-71.22270212,2007.0,8.0,Summer,22.5,7.6,2,0,0,1,24.5,7.1,Charles
W0406,42.24980728,-71.22270212,2007.0,8.0,Summer,20.3,8.1,2,0,0,1,22.3,7.6,Charles
W0407,42.25123356,-71.23970713,2007.0,8.0,Summer,22.8,4.7,3,1,0,1,24.8,4.2,Charles
W0407,42.25123356,-71.23970713,2007.0,8.0,Summer,20.4,4.4,3,1,0,1,22.4,3.9000000000000004,Charles
W1141,42.25781415,-71.26256067,2007.0,8.0,Summer,24.7,8.2,2,0,0,1,26.7,7.699999999999999,Charles
W1141,42.25781415,-71.26256067,2007.0,8.0,Summer,22.7,7.0,2,0,0,1,24.7,6.5,Charles
W0408,42.25417326,-71.29337351,2007.0,8.0,Summer,20.6,5.0,2,0,0,1,22.6,4.5,Charles
W0408,42.25417326,-71.29337351,2007.0,8.0,Summer,17.7,4.7,3,1,0,1,19.7,4.2,Charles
W0409,42.28652324,-71.29384261,2007.0,8.0,Summer,20.4,8.4,2,0,0,1,22.4,7.9,Charles
W0409,42.28652324,-71.29384261,2007.0,8.0,Summer,18.4,7.7,2,0,0,1,20.4,7.2,Charles
W1138,42.26439957,-71.32538186,2007.0,8.0,Summer,24.9,1.6,3,1,0,1,26.9,1.1,Charles
W1138,42.26439957,-71.32538186,2007.0,8.0,Summer,23.3,2.9,3,1,0,1,25.3,2.4,Charles
W1587,42.25505525,-71.33009248,2007.0,8.0,Summer,20.1,5.8,2,0,0,1,22.1,5.3,Charles
W1587,42.25505525,-71.33009248,2007.0,8.0,Summer,17.5,5.0,2,0,0,1,19.5,4.5,Charles
W1137,42.21006156,-71.35172497,2007.0,8.0,Summer,25.2,8.7,2,0,0,1,27.2,8.2,Charles
W1137,42.21006156,-71.35172497,2007.0,8.0,Summer,24.4,11.5,2,0,0,1,26.4,11.0,Charles
W1582,42.30510355,-71.3252761,2007.0,8.0,Summer,22.9,7.7,2,0,0,1,24.9,7.2,Charles
W1582,42.30510355,-71.3252761,2007.0,8.0,Summer,21.6,7.4,2,0,0,1,23.6,6.9,Charles
W0414,42.14007115,-71.3896734,2007.0,10.0,Fall,15.7,9.5,0,0,0,0,17.7,9.0,Charles
W1585,42.13103033,-71.5155242,2007.0,10.0,Fall,12.3,8.2,1,0,0,1,14.3,7.699999999999999,Charles
W1142,42.09620732,-71.47958751,2007.0,10.0,Fall,10.8,7.3,1,0,0,1,12.8,6.8,Charles
W1588,42.09047755,-71.43283604,2007.0,10.0,Fall,13.8,9.6,1,0,0,1,15.8,9.1,Charles
W1135,42.11943443,-71.45344443,2007.0,10.0,Fall,14.8,8.7,1,0,0,1,16.8,8.2,Charles
W1584,42.13445842,-71.44602039,2007.0,10.0,Fall,11.9,4.8,2,1,0,1,13.9,4.3,Charles
W1147,42.12453197,-71.43065489,2007.0,10.0,Fall,14.1,1.5,2,1,0,1,16.1,1.0,Charles
W1583,42.15140376,-71.42713966,2007.0,10.0,Fall,11.9,8.4,1,0,0,1,13.9,7.9,Charles
W0414,42.14007115,-71.3896734,2007.0,10.0,Fall,15.7,9.5,1,0,0,1,17.7,9.0,Charles
W0414,42.14007115,-71.3896734,2007.0,10.0,Fall,16.6,6.0,1,0,0,1,18.6,5.5,Charles
W1136,42.13828143,-71.35867289,2007.0,10.0,Fall,17.8,7.5,1,0,0,1,19.8,7.0,Charles
W1136,42.13828143,-71.35867289,2007.0,10.0,Fall,16.1,4.2,2,1,0,1,18.1,3.7,Charles
W1150,42.12911182,-71.30503034,2007.0,10.0,Fall,19.1,8.0,1,0,0,1,21.1,7.5,Charles
W1150,42.12911182,-71.30503034,2007.0,10.0,Fall,18.6,7.7,1,0,0,1,20.6,7.2,Charles
W1151,42.15866554,-71.30280984,2007.0,10.0,Fall,17.1,5.8,1,0,0,1,19.1,5.3,Charles
W1151,42.15866554,-71.30280984,2007.0,10.0,Fall,16.3,6.6,1,0,0,1,18.3,6.1,Charles
W1586,42.19598069,-71.33022096,2007.0,10.0,Fall,15.8,8.9,1,0,0,1,17.8,8.4,Charles
W1586,42.19598069,-71.33022096,2007.0,10.0,Fall,14.6,7.6,1,0,0,1,16.6,7.1,Charles
W0416,42.21553968,-71.40765942,2007.0,10.0,Fall,11.2,5.1,1,0,0,1,13.2,4.6,Charles
W0416,42.21553968,-71.40765942,2007.0,10.0,Fall,15.6,4.5,2,1,0,1,17.6,4.0,Charles
W1589,42.22237155,-71.40927393,2007.0,10.0,Fall,12.7,3.1,2,1,0,1,14.7,2.6,Charles
W1589,42.22237155,-71.40927393,2007.0,10.0,Fall,13.6,1.4,2,1,0,1,15.6,0.8999999999999999,Charles
W0384,42.36514506,-71.1903328,2007.0,9.0,Fall,22.8,4.0,2,1,0,1,24.8,3.5,Charles
W0384,42.36514506,-71.1903328,2007.0,10.0,Fall,17.9,5.8,1,0,0,1,19.9,5.3,Charles
W1143,42.39554541,-71.19710167,2007.0,9.0,Fall,20.2,6.5,1,0,0,1,22.2,6.0,Charles
W1143,42.39554541,-71.19710167,2007.0,10.0,Fall,14.2,2.3,2,1,0,1,16.2,1.7999999999999998,Charles
W1144,42.38300416,-71.2078492,2007.0,9.0,Fall,20.3,1.0,2,1,0,1,22.3,0.5,Charles
W1144,42.38300416,-71.2078492,2007.0,10.0,Fall,15.2,2.3,2,1,0,1,17.2,1.7999999999999998,Charles
W1157,42.36795531,-71.27033164,2007.0,9.0,Fall,21.4,8.2,1,0,0,1,23.4,7.699999999999999,Charles
W1157,42.36795531,-71.27033164,2007.0,10.0,Fall,17.9,9.0,1,0,0,1,19.9,8.5,Charles
W1139,42.32584268,-71.25439259,2007.0,9.0,Fall,23.0,7.8,1,0,0,1,25.0,7.3,Charles
W1139,42.32584268,-71.25439259,2007.0,10.0,Fall,17.6,7.7,1,0,0,1,19.6,7.2,Charles
W1156,42.31931329,-71.24624794,2007.0,9.0,Fall,17.6,4.7,2,1,0,1,19.6,4.2,Charles
W1156,42.31931329,-71.24624794,2007.0,10.0,Fall,13.2,3.8,2,1,0,1,15.2,3.3,Charles
W0406,42.24980728,-71.22270212,2007.0,9.0,Fall,21.2,7.3,1,0,0,1,23.2,6.8,Charles
W0406,42.24980728,-71.22270212,2007.0,10.0,Fall,13.8,8.3,1,0,0,1,15.8,7.800000000000001,Charles
W0407,42.25123356,-71.23970713,2007.0,10.0,Fall,14.6,3.5,2,1,0,1,16.6,3.0,Charles
W0407,42.25123356,-71.23970713,2007.0,10.0,Fall,15.6,2.1,2,1,0,1,17.6,1.6,Charles
W1141,42.25781415,-71.26256067,2007.0,10.0,Fall,19.4,8.6,1,0,0,1,21.4,8.1,Charles
W1141,42.25781415,-71.26256067,2007.0,10.0,Fall,18.5,8.5,1,0,0,1,20.5,8.0,Charles
W0408,42.25417326,-71.29337351,2007.0,10.0,Fall,13.9,3.9,2,1,0,1,15.9,3.4,Charles
W0408,42.25417326,-71.29337351,2007.0,10.0,Fall,14.3,3.7,2,1,0,1,16.3,3.2,Charles
W0409,42.28652324,-71.29384261,2007.0,10.0,Fall,14.3,9.4,1,0,0,1,16.3,8.9,Charles
W0409,42.28652324,-71.29384261,2007.0,10.0,Fall,15.1,8.4,1,0,0,1,17.1,7.9,Charles
W1138,42.26439957,-71.32538186,2007.0,10.0,Fall,18.5,6.9,1,0,0,1,20.5,6.4,Charles
W1138,42.26439957,-71.32538186,2007.0,10.0,Fall,18.4,5.5,1,0,0,1,20.4,5.0,Charles
W1587,42.25505525,-71.33009248,2007.0,10.0,Fall,14.2,5.3,1,0,0,1,16.2,4.8,Charles
W1587,42.25505525,-71.33009248,2007.0,10.0,Fall,16.0,4.6,2,1,0,1,18.0,4.1,Charles
W1137,42.21006156,-71.35172497,2007.0,10.0,Fall,19.1,8.3,1,0,0,1,21.1,7.800000000000001,Charles
W1137,42.21006156,-71.35172497,2007.0,10.0,Fall,18.3,9.4,1,0,0,1,20.3,8.9,Charles
W1582,42.30510355,-71.3252761,2007.0,10.0,Fall,17.2,8.9,1,0,0,1,19.2,8.4,Charles
W1582,42.30510355,-71.3252761,2007.0,10.0,Fall,17.0,8.6,1,0,0,1,19.0,8.1,Charles
W0882,42.52475475,-71.06594804,2007.0,5.0,Spring,10.0,8.6,1,0,0,1,12.0,8.1,North Coastal
W0437,42.49963725,-71.0509709,2007.0,5.0,Spring,11.0,9.4,1,0,0,1,13.0,8.9,North Coastal
W1545,42.49547353,-71.02759475,2007.0,5.0,Spring,10.9,9.8,1,0,0,1,12.9,9.3,North Coastal
W0883,42.47228295,-71.00682261,2007.0,5.0,Spring,11.0,10.3,1,0,0,1,13.0,9.8,North Coastal
W0877,42.46230471,-71.01047988,2007.0,5.0,Spring,11.3,11.8,1,0,0,1,13.3,11.3,North Coastal
W0878,42.47966229,-71.02508341,2007.0,5.0,Spring,11.8,11.5,1,0,0,1,13.8,11.0,North Coastal
W0435,42.49577249,-71.01907398,2007.0,5.0,Spring,13.6,9.4,1,0,0,1,15.6,8.9,North Coastal
W0436,42.51244839,-71.02729939,2007.0,5.0,Spring,12.5,10.7,1,0,0,1,14.5,10.2,North Coastal
W0448,42.53696863,-71.05650757,2007.0,5.0,Spring,8.5,9.4,1,0,0,1,10.5,8.9,North Coastal
W0454,42.5222057,-70.931093,2007.0,5.0,Spring,11.8,11.8,1,0,0,1,13.8,11.3,North Coastal
W0453,42.52452276,-70.9185959,2007.0,5.0,Spring,11.3,12.0,1,0,0,1,13.3,11.5,North Coastal
W0452,42.55761002,-70.9378767,2007.0,5.0,Spring,11.4,11.8,1,0,0,1,13.4,11.3,North Coastal
W0451,42.55986066,-70.94856366,2007.0,5.0,Spring,10.4,11.6,1,0,0,1,12.4,11.1,North Coastal
W1541,42.56745044,-70.94474512,2007.0,5.0,Spring,12.5,12.1,1,0,0,1,14.5,11.6,North Coastal
W1540,42.57421165,-70.92938807,2007.0,5.0,Spring,10.6,13.1,1,0,0,1,12.6,12.6,North Coastal
W1543,42.56181929,-70.84839351,2007.0,5.0,Spring,8.7,10.2,1,0,0,1,10.7,9.7,North Coastal
W1542,42.56289945,-70.81029863,2007.0,5.0,Spring,9.3,11.4,1,0,0,1,11.3,10.9,North Coastal
W0888,42.58004022,-70.7636231,2007.0,5.0,Spring,11.4,12.1,1,0,0,1,13.4,11.6,North Coastal
W0889,42.58035633,-70.76491831,2007.0,5.0,Spring,9.6,11.1,1,0,0,1,11.6,10.6,North Coastal
W1546,42.62587325,-70.79312269,2007.0,5.0,Spring,11.7,11.0,1,0,0,1,13.7,10.5,North Coastal
W1544,42.85004383,-70.86465857,2007.0,5.0,Spring,11.3,10.8,1,0,0,1,13.3,10.3,North Coastal
W0882,42.52475475,-71.06594804,2007.0,6.0,Summer,16.9,5.6,2,0,0,1,18.9,5.1,North Coastal
W0448,42.53696863,-71.05650757,2007.0,6.0,Summer,14.6,7.3,2,0,0,1,16.6,6.8,North Coastal
W0437,42.49963725,-71.0509709,2007.0,6.0,Summer,18.4,6.0,2,0,0,1,20.4,5.5,North Coastal
W1545,42.49547353,-71.02759475,2007.0,6.0,Summer,19.3,6.6,2,0,0,1,21.3,6.1,North Coastal
W0883,42.47228295,-71.00682261,2007.0,6.0,Summer,18.6,7.5,2,0,0,1,20.6,7.0,North Coastal
W0877,42.46230471,-71.01047988,2007.0,6.0,Summer,16.5,7.1,2,0,0,1,18.5,6.6,North Coastal
W0878,42.47966229,-71.02508341,2007.0,6.0,Summer,17.7,9.5,2,0,0,1,19.7,9.0,North Coastal
W0435,42.49577249,-71.01907398,2007.0,6.0,Summer,15.5,4.5,3,1,0,1,17.5,4.0,North Coastal
W0436,42.51244839,-71.02729939,2007.0,6.0,Summer,17.7,7.8,2,0,0,1,19.7,7.3,North Coastal
W0454,42.5222057,-70.931093,2007.0,6.0,Summer,23.4,9.0,2,0,0,1,25.4,8.5,North Coastal
W0453,42.52452276,-70.9185959,2007.0,6.0,Summer,20.8,7.9,2,0,0,1,22.8,7.4,North Coastal
W0452,42.55761002,-70.9378767,2007.0,6.0,Summer,16.7,8.2,2,0,0,1,18.7,7.699999999999999,North Coastal
W0451,42.55986066,-70.94856366,2007.0,6.0,Summer,15.3,6.5,2,0,0,1,17.3,6.0,North Coastal
W1541,42.56745044,-70.94474512,2007.0,6.0,Summer,16.8,8.8,2,0,0,1,18.8,8.3,North Coastal
W1540,42.57421165,-70.92938807,2007.0,6.0,Summer,14.5,8.8,2,0,0,1,16.5,8.3,North Coastal
W1543,42.56181929,-70.84839351,2007.0,6.0,Summer,14.9,7.1,2,0,0,1,16.9,6.6,North Coastal
W1542,42.56289945,-70.81029863,2007.0,6.0,Summer,15.4,8.6,2,0,0,1,17.4,8.1,North Coastal
W0888,42.58004022,-70.7636231,2007.0,6.0,Summer,21.9,6.2,2,0,0,1,23.9,5.7,North Coastal
W0889,42.58035633,-70.76491831,2007.0,6.0,Summer,17.4,8.3,2,0,0,1,19.4,7.800000000000001,North Coastal
W1546,42.62587325,-70.79312269,2007.0,6.0,Summer,19.9,8.0,2,0,0,1,21.9,7.5,North Coastal
W1544,42.85004383,-70.86465857,2007.0,6.0,Summer,18.7,8.3,2,0,0,1,20.7,7.800000000000001,North Coastal
W0882,42.52475475,-71.06594804,2007.0,6.0,Summer,16.2,5.6,2,0,0,1,18.2,5.1,North Coastal
W0448,42.53696863,-71.05650757,2007.0,6.0,Summer,14.5,5.4,2,0,0,1,16.5,4.9,North Coastal
W0437,42.49963725,-71.0509709,2007.0,6.0,Summer,16.4,5.8,2,0,0,1,18.4,5.3,North Coastal
W1545,42.49547353,-71.02759475,2007.0,6.0,Summer,17.9,6.6,2,0,0,1,19.9,6.1,North Coastal
W0883,42.47228295,-71.00682261,2007.0,6.0,Summer,17.5,7.5,2,0,0,1,19.5,7.0,North Coastal
W0877,42.46230471,-71.01047988,2007.0,6.0,Summer,14.7,8.9,1,0,0,0,16.7,8.4,North Coastal
W0878,42.47966229,-71.02508341,2007.0,6.0,Summer,14.9,8.6,1,0,0,0,16.9,8.1,North Coastal
W0435,42.49577249,-71.01907398,2007.0,6.0,Summer,13.8,5.6,2,0,0,1,15.8,5.1,North Coastal
W0436,42.51244839,-71.02729939,2007.0,6.0,Summer,15.0,8.3,2,0,0,1,17.0,7.800000000000001,North Coastal
W0454,42.5222057,-70.931093,2007.0,6.0,Summer,18.8,8.9,2,0,0,1,20.8,8.4,North Coastal
W0453,42.52452276,-70.9185959,2007.0,6.0,Summer,18.0,8.3,2,0,0,1,20.0,7.800000000000001,North Coastal
W0452,42.55761002,-70.9378767,2007.0,6.0,Summer,17.2,7.3,2,0,0,1,19.2,6.8,North Coastal
W0451,42.55986066,-70.94856366,2007.0,6.0,Summer,15.1,6.4,2,0,0,1,17.1,5.9,North Coastal
W1541,42.56745044,-70.94474512,2007.0,6.0,Summer,16.6,6.9,2,0,0,1,18.6,6.4,North Coastal
W1540,42.57421165,-70.92938807,2007.0,6.0,Summer,14.5,8.5,2,0,0,1,16.5,8.0,North Coastal
W1543,42.56181929,-70.84839351,2007.0,6.0,Summer,15.0,7.1,2,0,0,1,17.0,6.6,North Coastal
W1542,42.56289945,-70.81029863,2007.0,6.0,Summer,14.7,8.2,2,0,0,1,16.7,7.699999999999999,North Coastal
W0888,42.58004022,-70.7636231,2007.0,6.0,Summer,18.3,7.3,2,0,0,1,20.3,6.8,North Coastal
W0889,42.58035633,-70.76491831,2007.0,6.0,Summer,16.0,7.8,2,0,0,1,18.0,7.3,North Coastal
W1546,42.62587325,-70.79312269,2007.0,6.0,Summer,18.6,6.2,2,0,0,1,20.6,5.7,North Coastal
W1544,42.85004383,-70.86465857,2007.0,6.0,Summer,16.1,7.5,2,0,0,1,18.1,7.0,North Coastal
W0882,42.52475475,-71.06594804,2007.0,7.0,Summer,20.2,4.2,3,1,0,1,22.2,3.7,North Coastal
W0448,42.53696863,-71.05650757,2007.0,7.0,Summer,18.2,4.2,3,1,0,1,20.2,3.7,North Coastal
W0437,42.49963725,-71.0509709,2007.0,7.0,Summer,20.4,4.5,3,1,0,1,22.4,4.0,North Coastal
W1545,42.49547353,-71.02759475,2007.0,7.0,Summer,20.6,5.7,2,0,0,1,22.6,5.2,North Coastal
W0883,42.47228295,-71.00682261,2007.0,7.0,Summer,20.6,6.9,2,0,0,1,22.6,6.4,North Coastal
W0877,42.46230471,-71.01047988,2007.0,7.0,Summer,19.8,7.7,2,0,0,1,21.8,7.2,North Coastal
W0878,42.47966229,-71.02508341,2007.0,7.0,Summer,21.4,8.4,2,0,0,1,23.4,7.9,North Coastal
W0435,42.49577249,-71.01907398,2007.0,7.0,Summer,18.4,4.7,3,1,0,1,20.4,4.2,North Coastal
W0436,42.51244839,-71.02729939,2007.0,7.0,Summer,20.4,7.0,2,0,0,1,22.4,6.5,North Coastal
W0454,42.5222057,-70.931093,2007.0,7.0,Summer,24.7,7.1,2,0,0,1,26.7,6.6,North Coastal
W0453,42.52452276,-70.9185959,2007.0,7.0,Summer,22.4,7.3,2,0,0,1,24.4,6.8,North Coastal
W0452,42.55761002,-70.9378767,2007.0,7.0,Summer,20.9,7.0,2,0,0,1,22.9,6.5,North Coastal
W0451,42.55986066,-70.94856366,2007.0,7.0,Summer,19.4,5.7,2,0,0,1,21.4,5.2,North Coastal
W1541,42.56745044,-70.94474512,2007.0,7.0,Summer,18.1,5.9,2,0,0,1,20.1,5.4,North Coastal
W1540,42.57421165,-70.92938807,2007.0,7.0,Summer,19.5,7.8,2,0,0,1,21.5,7.3,North Coastal
W1543,42.56181929,-70.84839351,2007.0,7.0,Summer,18.3,6.1,2,0,0,1,20.3,5.6,North Coastal
W1542,42.56289945,-70.81029863,2007.0,7.0,Summer,18.6,8.0,2,0,0,1,20.6,7.5,North Coastal
W0888,42.58004022,-70.7636231,2007.0,7.0,Summer,22.6,3.8,3,1,0,1,24.6,3.3,North Coastal
W0889,42.58035633,-70.76491831,2007.0,7.0,Summer,20.8,8.0,2,0,0,1,22.8,7.5,North Coastal
W1546,42.62587325,-70.79312269,2007.0,7.0,Summer,20.9,7.3,2,0,0,1,22.9,6.8,North Coastal
W1544,42.85004383,-70.86465857,2007.0,7.0,Summer,22.7,6.9,2,0,0,1,24.7,6.4,North Coastal
W0452,42.55761002,-70.9378767,2007.0,7.0,Summer,21.3,7.4,2,0,0,1,23.3,6.9,North Coastal
W0451,42.55986066,-70.94856366,2007.0,7.0,Summer,18.4,5.9,2,0,0,1,20.4,5.4,North Coastal
W1541,42.56745044,-70.94474512,2007.0,7.0,Summer,19.5,7.5,2,0,0,1,21.5,7.0,North Coastal
W1540,42.57421165,-70.92938807,2007.0,7.0,Summer,18.1,8.1,2,0,0,1,20.1,7.6,North Coastal
W1542,42.56289945,-70.81029863,2007.0,7.0,Summer,17.2,8.2,2,0,0,1,19.2,7.699999999999999,North Coastal
W0888,42.58004022,-70.7636231,2007.0,7.0,Summer,21.0,2.3,3,1,0,1,23.0,1.7999999999999998,North Coastal
W0889,42.58035633,-70.76491831,2007.0,7.0,Summer,19.6,7.9,2,0,0,1,21.6,7.4,North Coastal
W1546,42.62587325,-70.79312269,2007.0,7.0,Summer,21.5,7.7,2,0,0,1,23.5,7.2,North Coastal
W1544,42.85004383,-70.86465857,2007.0,7.0,Summer,21.2,8.3,2,0,0,1,23.2,7.800000000000001,North Coastal
W0882,42.52475475,-71.06594804,2007.0,8.0,Summer,19.2,3.7,3,1,0,1,21.2,3.2,North Coastal
W0448,42.53696863,-71.05650757,2007.0,8.0,Summer,16.2,4.3,3,1,0,1,18.2,3.8,North Coastal
W0437,42.49963725,-71.0509709,2007.0,8.0,Summer,18.5,3.4,3,1,0,1,20.5,2.9,North Coastal
W1545,42.49547353,-71.02759475,2007.0,8.0,Summer,19.2,7.2,2,0,0,1,21.2,6.7,North Coastal
W0883,42.47228295,-71.00682261,2007.0,8.0,Summer,19.8,7.5,2,0,0,1,21.8,7.0,North Coastal
W0877,42.46230471,-71.01047988,2007.0,8.0,Summer,17.3,8.5,2,0,0,1,19.3,8.0,North Coastal
W0878,42.47966229,-71.02508341,2007.0,8.0,Summer,16.9,9.4,2,0,0,1,18.9,8.9,North Coastal
W0435,42.49577249,-71.01907398,2007.0,8.0,Summer,16.4,5.8,2,0,0,1,18.4,5.3,North Coastal
W0436,42.51244839,-71.02729939,2007.0,8.0,Summer,17.2,7.7,2,0,0,1,19.2,7.2,North Coastal
W0454,42.5222057,-70.931093,2007.0,8.0,Summer,19.6,7.2,2,0,0,1,21.6,6.7,North Coastal
W0453,42.52452276,-70.9185959,2007.0,8.0,Summer,20.0,7.7,2,0,0,1,22.0,7.2,North Coastal
W0452,42.55761002,-70.9378767,2007.0,8.0,Summer,20.1,6.5,2,0,0,1,22.1,6.0,North Coastal
W0451,42.55986066,-70.94856366,2007.0,8.0,Summer,17.7,6.2,2,0,0,1,19.7,5.7,North Coastal
W1541,42.56745044,-70.94474512,2007.0,8.0,Summer,17.9,6.7,2,0,0,1,19.9,6.2,North Coastal
W1540,42.57421165,-70.92938807,2007.0,8.0,Summer,17.4,8.2,2,0,0,1,19.4,7.699999999999999,North Coastal
W1542,42.56289945,-70.81029863,2007.0,8.0,Summer,15.6,8.3,2,0,0,1,17.6,7.800000000000001,North Coastal
W0889,42.58035633,-70.76491831,2007.0,8.0,Summer,17.6,6.9,2,0,0,1,19.6,6.4,North Coastal
W1546,42.62587325,-70.79312269,2007.0,8.0,Summer,18.2,7.3,2,0,0,1,20.2,6.8,North Coastal
W1544,42.85004383,-70.86465857,2007.0,8.0,Summer,18.7,5.5,2,0,0,1,20.7,5.0,North Coastal
W0882,42.52475475,-71.06594804,2007.0,8.0,Summer,18.7,3.8,3,1,0,1,20.7,3.3,North Coastal
W0448,42.53696863,-71.05650757,2007.0,8.0,Summer,15.0,4.4,3,1,0,1,17.0,3.9000000000000004,North Coastal
W0437,42.49963725,-71.0509709,2007.0,8.0,Summer,17.8,3.9,3,1,0,1,19.8,3.4,North Coastal
W1545,42.49547353,-71.02759475,2007.0,8.0,Summer,18.8,7.6,2,0,0,1,20.8,7.1,North Coastal
W0883,42.47228295,-71.00682261,2007.0,8.0,Summer,19.7,7.8,2,0,0,1,21.7,7.3,North Coastal
W0877,42.46230471,-71.01047988,2007.0,8.0,Summer,18.0,8.7,2,0,0,1,20.0,8.2,North Coastal
W0878,42.47966229,-71.02508341,2007.0,8.0,Summer,19.9,10.0,2,0,0,1,21.9,9.5,North Coastal
W0435,42.49577249,-71.01907398,2007.0,8.0,Summer,16.7,5.5,2,0,0,1,18.7,5.0,North Coastal
W0436,42.51244839,-71.02729939,2007.0,8.0,Summer,18.5,7.8,2,0,0,1,20.5,7.3,North Coastal
W0454,42.5222057,-70.931093,2007.0,8.0,Summer,20.1,6.3,2,0,0,1,22.1,5.8,North Coastal
W0453,42.52452276,-70.9185959,2007.0,8.0,Summer,21.5,8.2,2,0,0,1,23.5,7.699999999999999,North Coastal
W0452,42.55761002,-70.9378767,2007.0,8.0,Summer,19.0,6.9,2,0,0,1,21.0,6.4,North Coastal
W0451,42.55986066,-70.94856366,2007.0,8.0,Summer,17.2,6.4,2,0,0,1,19.2,5.9,North Coastal
W1541,42.56745044,-70.94474512,2007.0,8.0,Summer,16.5,5.6,2,0,0,1,18.5,5.1,North Coastal
W1540,42.57421165,-70.92938807,2007.0,8.0,Summer,17.4,8.3,2,0,0,1,19.4,7.800000000000001,North Coastal
W1542,42.56289945,-70.81029863,2007.0,8.0,Summer,16.3,8.5,2,0,0,1,18.3,8.0,North Coastal
W0889,42.58035633,-70.76491831,2007.0,8.0,Summer,17.3,6.6,2,0,0,1,19.3,6.1,North Coastal
W1546,42.62587325,-70.79312269,2007.0,8.0,Summer,18.6,6.9,2,0,0,1,20.6,6.4,North Coastal
W1544,42.85004383,-70.86465857,2007.0,8.0,Summer,18.5,4.0,3,1,0,1,20.5,3.5,North Coastal
W0882,42.52475475,-71.06594804,2007.0,9.0,Fall,13.2,4.9,2,1,0,1,15.2,4.4,North Coastal
W0448,42.53696863,-71.05650757,2007.0,9.0,Fall,8.7,6.4,1,0,0,1,10.7,5.9,North Coastal
W0437,42.49963725,-71.0509709,2007.0,9.0,Fall,11.2,6.0,1,0,0,1,13.2,5.5,North Coastal
W1545,42.49547353,-71.02759475,2007.0,9.0,Fall,12.1,9.4,1,0,0,1,14.1,8.9,North Coastal
W0883,42.47228295,-71.00682261,2007.0,9.0,Fall,13.9,9.4,1,0,0,1,15.9,8.9,North Coastal
W0877,42.46230471,-71.01047988,2007.0,9.0,Fall,13.1,10.2,1,0,0,1,15.1,9.7,North Coastal
W0878,42.47966229,-71.02508341,2007.0,9.0,Fall,14.8,10.3,1,0,0,1,16.8,9.8,North Coastal
W0435,42.49577249,-71.01907398,2007.0,9.0,Fall,12.3,7.9,1,0,0,1,14.3,7.4,North Coastal
W0436,42.51244839,-71.02729939,2007.0,9.0,Fall,13.2,9.2,1,0,0,1,15.2,8.7,North Coastal
W0454,42.5222057,-70.931093,2007.0,9.0,Fall,14.3,4.1,2,1,0,1,16.3,3.5999999999999996,North Coastal
W0453,42.52452276,-70.9185959,2007.0,9.0,Fall,16.3,9.6,1,0,0,1,18.3,9.1,North Coastal
W0452,42.55761002,-70.9378767,2007.0,9.0,Fall,13.1,8.3,1,0,0,1,15.1,7.800000000000001,North Coastal
W0451,42.55986066,-70.94856366,2007.0,9.0,Fall,12.6,7.2,1,0,0,1,14.6,6.7,North Coastal
W1541,42.56745044,-70.94474512,2007.0,9.0,Fall,11.3,5.6,1,0,0,1,13.3,5.1,North Coastal
W1540,42.57421165,-70.92938807,2007.0,9.0,Fall,11.8,9.4,1,0,0,1,13.8,8.9,North Coastal
W1543,42.56181929,-70.84839351,2007.0,9.0,Fall,14.2,3.7,2,1,0,1,16.2,3.2,North Coastal
W1542,42.56289945,-70.81029863,2007.0,9.0,Fall,12.3,9.5,1,0,0,1,14.3,9.0,North Coastal
W0888,42.58004022,-70.7636231,2007.0,9.0,Fall,13.4,3.9,2,1,0,1,15.4,3.4,North Coastal
W0889,42.58035633,-70.76491831,2007.0,9.0,Fall,14.2,7.8,1,0,0,1,16.2,7.3,North Coastal
W1546,42.62587325,-70.79312269,2007.0,9.0,Fall,12.4,6.8,1,0,0,1,14.4,6.3,North Coastal
W1544,42.85004383,-70.86465857,2007.0,9.0,Fall,12.9,8.1,1,0,0,1,14.9,7.6,North Coastal
W0882,42.52475475,-71.06594804,2007.0,9.0,Fall,12.0,4.5,2,1,0,1,14.0,4.0,North Coastal
W0448,42.53696863,-71.05650757,2007.0,9.0,Fall,9.5,6.9,1,0,0,1,11.5,6.4,North Coastal
W0437,42.49963725,-71.0509709,2007.0,9.0,Fall,11.8,6.0,1,0,0,1,13.8,5.5,North Coastal
W0883,42.47228295,-71.00682261,2007.0,9.0,Fall,12.9,9.9,1,0,0,1,14.9,9.4,North Coastal
W1545,42.49547353,-71.02759475,2007.0,9.0,Fall,11.5,10.1,1,0,0,1,13.5,9.6,North Coastal
W0877,42.46230471,-71.01047988,2007.0,9.0,Fall,13.1,10.4,1,0,0,1,15.1,9.9,North Coastal
W0878,42.47966229,-71.02508341,2007.0,9.0,Fall,16.0,10.3,1,0,0,1,18.0,9.8,North Coastal
W0435,42.49577249,-71.01907398,2007.0,9.0,Fall,12.9,7.8,1,0,0,1,14.9,7.3,North Coastal
W0436,42.51244839,-71.02729939,2007.0,9.0,Fall,13.7,9.0,1,0,0,1,15.7,8.5,North Coastal
W0454,42.5222057,-70.931093,2007.0,9.0,Fall,14.5,4.4,2,1,0,1,16.5,3.9000000000000004,North Coastal
W0453,42.52452276,-70.9185959,2007.0,9.0,Fall,17.0,10.0,1,0,0,1,19.0,9.5,North Coastal
W0452,42.55761002,-70.9378767,2007.0,9.0,Fall,12.8,8.3,1,0,0,1,14.8,7.800000000000001,North Coastal
W0451,42.55986066,-70.94856366,2007.0,9.0,Fall,12.3,7.4,1,0,0,1,14.3,6.9,North Coastal
W1541,42.56745044,-70.94474512,2007.0,9.0,Fall,11.5,5.5,1,0,0,1,13.5,5.0,North Coastal
W1540,42.57421165,-70.92938807,2007.0,9.0,Fall,11.4,9.4,1,0,0,1,13.4,8.9,North Coastal
W1543,42.56181929,-70.84839351,2007.0,9.0,Fall,14.0,4.1,2,1,0,1,16.0,3.5999999999999996,North Coastal
W1542,42.56289945,-70.81029863,2007.0,9.0,Fall,12.1,9.7,1,0,0,1,14.1,9.2,North Coastal
W0888,42.58004022,-70.7636231,2007.0,9.0,Fall,13.1,5.3,1,0,0,1,15.1,4.8,North Coastal
W0889,42.58035633,-70.76491831,2007.0,9.0,Fall,12.9,8.3,1,0,0,1,14.9,7.800000000000001,North Coastal
W1546,42.62587325,-70.79312269,2007.0,9.0,Fall,12.3,7.1,1,0,0,1,14.3,6.6,North Coastal
W1544,42.85004383,-70.86465857,2007.0,9.0,Fall,11.9,7.1,1,0,0,1,13.9,6.6,North Coastal
W0762,41.80918339,-70.61753091,2007.0,6.0,Summer,23.8,9.0,2,0,0,1,25.8,8.5,Buzzards Bay
W0762,41.80918339,-70.61753091,2007.0,6.0,Summer,23.4,8.6,2,0,0,1,25.4,8.1,Buzzards Bay
W0762,41.80918339,-70.61753091,2007.0,6.0,Summer,21.7,4.9,3,1,0,1,23.7,4.4,Buzzards Bay
W0762,41.80918339,-70.61753091,2007.0,6.0,Summer,20.5,1.0,3,1,0,1,22.5,0.5,Buzzards Bay
W0754,41.80999411,-70.62755574,2007.0,6.0,Summer,24.7,8.0,2,0,0,1,26.7,7.5,Buzzards Bay
W0754,41.80999411,-70.62755574,2007.0,6.0,Summer,24.2,7.7,2,0,0,1,26.2,7.2,Buzzards Bay
W0754,41.80999411,-70.62755574,2007.0,6.0,Summer,23.6,7.6,2,0,0,1,25.6,7.1,Buzzards Bay
W0754,41.80999411,-70.62755574,2007.0,6.0,Summer,20.8,0.2,3,1,0,1,22.8,0.0,Buzzards Bay
W0762,41.80918339,-70.61753091,2007.0,7.0,Summer,25.3,10.3,2,0,0,1,27.3,9.8,Buzzards Bay
W0762,41.80918339,-70.61753091,2007.0,7.0,Summer,24.3,7.6,2,0,0,1,26.3,7.1,Buzzards Bay
W0762,41.80918339,-70.61753091,2007.0,7.0,Summer,24.0,5.0,2,0,0,1,26.0,4.5,Buzzards Bay
W0754,41.80999411,-70.62755574,2007.0,7.0,Summer,26.4,8.9,2,0,0,1,28.4,8.4,Buzzards Bay
W0754,41.80999411,-70.62755574,2007.0,7.0,Summer,26.2,9.0,2,0,0,1,28.2,8.5,Buzzards Bay
W0754,41.80999411,-70.62755574,2007.0,7.0,Summer,24.7,4.8,3,1,0,1,26.7,4.3,Buzzards Bay
W0762,41.80918339,-70.61753091,2007.0,8.0,Summer,23.2,9.7,1,0,0,0,25.2,9.2,Buzzards Bay
W0762,41.80918339,-70.61753091,2007.0,8.0,Summer,23.0,9.3,1,0,0,0,25.0,8.8,Buzzards Bay
W0762,41.80918339,-70.61753091,2007.0,8.0,Summer,23.0,9.1,1,0,0,0,25.0,8.6,Buzzards Bay
W0762,41.80918339,-70.61753091,2007.0,8.0,Summer,22.8,8.0,1,0,0,0,24.8,7.5,Buzzards Bay
W0754,41.80999411,-70.62755574,2007.0,8.0,Summer,23.5,9.0,1,0,0,0,25.5,8.5,Buzzards Bay
W0754,41.80999411,-70.62755574,2007.0,8.0,Summer,23.4,8.9,1,0,0,0,25.4,8.4,Buzzards Bay
W0754,41.80999411,-70.62755574,2007.0,8.0,Summer,23.2,8.3,1,0,0,0,25.2,7.800000000000001,Buzzards Bay
W0754,41.80999411,-70.62755574,2007.0,8.0,Summer,23.1,7.7,1,0,0,0,25.1,7.2,Buzzards Bay
W0690,42.59751119,-72.43783955,2007.0,1.0,Winter,2.0,13.8,1,0,0,1,4.0,13.3,Millers
W0691,42.58812535,-72.04099473,2007.0,1.0,Winter,1.6,12.8,1,0,0,1,3.6,12.3,Millers
W0692,42.62969793,-72.15035652,2007.0,1.0,Winter,1.6,13.3,1,0,0,1,3.6,12.8,Millers
W0693,42.68279648,-72.11503734,2007.0,1.0,Winter,1.0,12.3,1,0,0,1,3.0,11.8,Millers
W0694,42.6723218,-72.09305542,2007.0,1.0,Winter,1.4,13.4,1,0,0,1,3.4,12.9,Millers
W0695,42.30485304,-71.62845076,2007.0,1.0,Winter,0.8,13.0,1,0,0,1,2.8,12.5,Concord (SuAsCo)
W0696,42.32543468,-71.39736431,2007.0,1.0,Winter,0.9,14.7,1,0,0,1,2.9,14.2,Concord (SuAsCo)
W0697,42.43206352,-71.44974106,2007.0,1.0,Winter,0.6,14.5,1,0,0,1,2.6,14.0,Concord (SuAsCo)
W0698,42.51227518,-71.40458554,2007.0,1.0,Winter,0.1,13.7,1,0,0,1,2.1,13.2,Concord (SuAsCo)
W0679,42.63670884,-71.3017484,2007.0,1.0,Winter,0.8,14.7,1,0,0,1,2.8,14.2,Concord (SuAsCo)
W0680,42.22778189,-71.78735524,2007.0,1.0,Winter,1.7,13.8,1,0,0,1,3.7,13.3,Blackstone
W1898,42.02271855,-71.57054135999999,2007.0,1.0,Winter,1.0,13.3,1,0,0,1,3.0,12.8,Blackstone
W0515,42.1003609,-71.60111703,2007.0,1.0,Winter,0.1,12.5,1,0,0,1,2.1,12.0,Blackstone
W0767,42.153873,-71.65203977,2007.0,1.0,Winter,2.8,13.7,1,0,0,1,4.8,13.2,Blackstone
W0689,42.23053792,-71.70809238,2007.0,1.0,Winter,0.5,14.1,1,0,0,1,2.5,13.6,Blackstone
W0681,42.44473811,-71.67198789,2007.0,2.0,Winter,0.1,14.6,1,0,0,1,2.1,14.1,Nashua
W0485,42.66968673,-71.56776529,2007.0,2.0,Winter,0.4,14.7,1,0,0,1,2.4,14.2,Nashua
W0490,42.26477944,-72.00491606,2007.0,3.0,Spring,0.0,13.8,1,0,0,1,2.0,13.3,Chicopee
W0494,42.39121389,-72.0645552,2007.0,3.0,Spring,0.0,13.9,1,0,0,1,2.0,13.4,Chicopee
W0493,42.26797538,-72.33276108,2007.0,3.0,Spring,2.0,15.8,1,0,0,1,4.0,15.3,Chicopee
W0492,42.23872578,-72.285755,2007.0,3.0,Spring,0.4,14.3,1,0,0,1,2.4,13.8,Chicopee
W0491,42.18142994,-72.26354268,2007.0,3.0,Spring,2.6,13.7,1,0,0,1,4.6,13.2,Chicopee
W0601,42.10956147,-72.11856925,2007.0,2.0,Winter,1.2,14.6,1,0,0,1,3.2,14.1,Quinebaug
W0602,42.05094532,-71.88507359,2007.0,2.0,Winter,0.4,15.3,1,0,0,1,2.4,14.8,French
W0690,42.59751119,-72.43783955,2007.0,3.0,Spring,0.3,14.6,1,0,0,1,2.3,14.1,Millers
W0691,42.58812535,-72.04099473,2007.0,3.0,Spring,0.5,13.0,1,0,0,1,2.5,12.5,Millers
W0692,42.62969793,-72.15035652,2007.0,3.0,Spring,0.1,13.7,1,0,0,1,2.1,13.2,Millers
W0693,42.68279648,-72.11503734,2007.0,3.0,Spring,0.1,12.6,1,0,0,1,2.1,12.1,Millers
W0694,42.6723218,-72.09305542,2007.0,3.0,Spring,0.9,13.8,1,0,0,1,2.9,13.3,Millers
W0695,42.30485304,-71.62845076,2007.0,3.0,Spring,3.7,12.0,1,0,0,1,5.7,11.5,Concord (SuAsCo)
W0696,42.32543468,-71.39736431,2007.0,3.0,Spring,3.9,13.6,1,0,0,1,5.9,13.1,Concord (SuAsCo)
W0697,42.43206352,-71.44974106,2007.0,3.0,Spring,3.2,13.8,1,0,0,1,5.2,13.3,Concord (SuAsCo)
W0698,42.51227518,-71.40458554,2007.0,3.0,Spring,1.1,12.7,1,0,0,1,3.1,12.2,Concord (SuAsCo)
W0679,42.63670884,-71.3017484,2007.0,3.0,Spring,2.0,14.2,1,0,0,1,4.0,13.7,Concord (SuAsCo)
W0481,42.4951686,-71.72192464,2007.0,4.0,Spring,4.4,12.7,1,0,0,1,6.4,12.2,Nashua
W0681,42.44473811,-71.67198789,2007.0,4.0,Spring,3.7,13.2,1,0,0,1,5.7,12.7,Nashua
W0487,42.62094186,-71.64380951,2007.0,4.0,Spring,4.3,12.7,1,0,0,1,6.3,12.2,Nashua
W0485,42.66968673,-71.56776529,2007.0,4.0,Spring,5.4,12.6,1,0,0,1,7.4,12.1,Nashua
W0496,42.62647657,-71.59314962,2007.0,4.0,Spring,5.4,12.5,1,0,0,1,7.4,12.0,Nashua
W0490,42.26477944,-72.00491606,2007.0,4.0,Spring,4.2,12.0,1,0,0,1,6.2,11.5,Chicopee
W0494,42.39121389,-72.0645552,2007.0,4.0,Spring,3.0,13.2,1,0,0,1,5.0,12.7,Chicopee
W0493,42.26797538,-72.33276108,2007.0,4.0,Spring,3.4,13.4,1,0,0,1,5.4,12.9,Chicopee
W0492,42.23872578,-72.285755,2007.0,4.0,Spring,4.2,12.9,1,0,0,1,6.2,12.4,Chicopee
W0491,42.18142994,-72.26354268,2007.0,4.0,Spring,5.4,12.5,1,0,0,1,7.4,12.0,Chicopee
W0601,42.10956147,-72.11856925,2007.0,4.0,Spring,5.7,12.0,1,0,0,1,7.7,11.5,Quinebaug
W0615,42.11947322,-72.00870444,2007.0,4.0,Spring,5.2,12.4,1,0,0,1,7.2,11.9,Quinebaug
W0600,42.02202663,-71.9543561,2007.0,4.0,Spring,5.5,12.4,1,0,0,1,7.5,11.9,Quinebaug
W0602,42.05094532,-71.88507359,2007.0,4.0,Spring,5.8,12.1,1,0,0,1,7.8,11.6,French
W0690,42.59751119,-72.43783955,2007.0,5.0,Spring,14.5,10.1,1,0,0,1,16.5,9.6,Millers
W0691,42.58812535,-72.04099473,2007.0,5.0,Spring,14.7,9.2,1,0,0,1,16.7,8.7,Millers
W0692,42.62969793,-72.15035652,2007.0,5.0,Spring,15.4,9.4,1,0,0,1,17.4,8.9,Millers
W0693,42.68279648,-72.11503734,2007.0,5.0,Spring,13.9,7.8,1,0,0,1,15.9,7.3,Millers
W0694,42.6723218,-72.09305542,2007.0,5.0,Spring,14.8,9.4,1,0,0,1,16.8,8.9,Millers
W0695,42.30485304,-71.62845076,2007.0,5.0,Spring,16.0,7.2,1,0,0,1,18.0,6.7,Concord (SuAsCo)
W0696,42.32543468,-71.39736431,2007.0,5.0,Spring,17.3,9.8,1,0,0,1,19.3,9.3,Concord (SuAsCo)
W0697,42.43206352,-71.44974106,2007.0,5.0,Spring,18.4,9.2,1,0,0,1,20.4,8.7,Concord (SuAsCo)
W0698,42.51227518,-71.40458554,2007.0,5.0,Spring,17.8,7.2,1,0,0,1,19.8,6.7,Concord (SuAsCo)
W0679,42.63670884,-71.3017484,2007.0,5.0,Spring,19.0,9.1,1,0,0,1,21.0,8.6,Concord (SuAsCo)
W0680,42.22778189,-71.78735524,2007.0,5.0,Spring,15.6,10.1,1,0,0,1,17.6,9.6,Blackstone
W1898,42.02271855,-71.57054135999999,2007.0,5.0,Spring,15.2,9.3,1,0,0,1,17.2,8.8,Blackstone
W0515,42.1003609,-71.60111703,2007.0,5.0,Spring,15.0,7.8,1,0,0,1,17.0,7.3,Blackstone
W0767,42.153873,-71.65203977,2007.0,5.0,Spring,15.7,9.8,1,0,0,1,17.7,9.3,Blackstone
W0689,42.23053792,-71.70809238,2007.0,5.0,Spring,17.6,9.6,1,0,0,1,19.6,9.1,Blackstone
W0481,42.4951686,-71.72192464,2007.0,6.0,Summer,18.6,8.6,2,0,0,1,20.6,8.1,Nashua
W0681,42.44473811,-71.67198789,2007.0,6.0,Summer,17.0,8.0,2,0,0,1,19.0,7.5,Nashua
W0487,42.62094186,-71.64380951,2007.0,6.0,Summer,18.5,7.6,2,0,0,1,20.5,7.1,Nashua
W0485,42.66968673,-71.56776529,2007.0,6.0,Summer,20.0,7.2,2,0,0,1,22.0,6.7,Nashua
W0496,42.62647657,-71.59314962,2007.0,6.0,Summer,19.6,7.6,2,0,0,1,21.6,7.1,Nashua
W0490,42.26477944,-72.00491606,2007.0,6.0,Summer,19.9,8.4,2,0,0,1,21.9,7.9,Chicopee
W0494,42.39121389,-72.0645552,2007.0,6.0,Summer,20.6,8.1,2,0,0,1,22.6,7.6,Chicopee
W0493,42.26797538,-72.33276108,2007.0,6.0,Summer,17.8,9.9,2,0,0,1,19.8,9.4,Chicopee
W0492,42.23872578,-72.285755,2007.0,6.0,Summer,21.1,8.8,2,0,0,1,23.1,8.3,Chicopee
W0491,42.18142994,-72.26354268,2007.0,6.0,Summer,23.0,9.0,2,0,0,1,25.0,8.5,Chicopee
W0601,42.10956147,-72.11856925,2007.0,6.0,Summer,22.4,8.2,2,0,0,1,24.4,7.699999999999999,Quinebaug
W0615,42.11947322,-72.00870444,2007.0,6.0,Summer,17.6,9.3,2,0,0,1,19.6,8.8,Quinebaug
W0600,42.02202663,-71.9543561,2007.0,6.0,Summer,21.6,9.1,2,0,0,1,23.6,8.6,Quinebaug
W0602,42.05094532,-71.88507359,2007.0,6.0,Summer,22.5,8.4,2,0,0,1,24.5,7.9,French
W0690,42.59751119,-72.43783955,2007.0,7.0,Summer,22.4,8.8,2,0,0,1,24.4,8.3,Millers
W0691,42.58812535,-72.04099473,2007.0,7.0,Summer,21.6,7.4,2,0,0,1,23.6,6.9,Millers
W0692,42.62969793,-72.15035652,2007.0,7.0,Summer,23.5,8.0,2,0,0,1,25.5,7.5,Millers
W0693,42.68279648,-72.11503734,2007.0,7.0,Summer,22.1,4.4,3,1,0,1,24.1,3.9000000000000004,Millers
W0694,42.6723218,-72.09305542,2007.0,7.0,Summer,22.5,7.2,2,0,0,1,24.5,6.7,Millers
W0695,42.30485304,-71.62845076,2007.0,7.0,Summer,20.6,6.2,2,0,0,1,22.6,5.7,Concord (SuAsCo)
W0696,42.32543468,-71.39736431,2007.0,7.0,Summer,23.6,7.2,2,0,0,1,25.6,6.7,Concord (SuAsCo)
W0697,42.43206352,-71.44974106,2007.0,7.0,Summer,24.8,7.1,2,0,0,1,26.8,6.6,Concord (SuAsCo)
W0698,42.51227518,-71.40458554,2007.0,7.0,Summer,22.5,5.4,2,0,0,1,24.5,4.9,Concord (SuAsCo)
W0679,42.63670884,-71.3017484,2007.0,7.0,Summer,25.7,7.3,2,0,0,1,27.7,6.8,Concord (SuAsCo)
W0680,42.22778189,-71.78735524,2007.0,7.0,Summer,20.4,8.1,2,0,0,1,22.4,7.6,Blackstone
W1898,42.02271855,-71.57054135999999,2007.0,7.0,Summer,21.7,6.8,2,0,0,1,23.7,6.3,Blackstone
W0515,42.1003609,-71.60111703,2007.0,7.0,Summer,22.4,5.6,2,0,0,1,24.4,5.1,Blackstone
W0767,42.153873,-71.65203977,2007.0,7.0,Summer,22.5,0.8,3,1,0,1,24.5,0.30000000000000004,Blackstone
W0689,42.23053792,-71.70809238,2007.0,7.0,Summer,23.2,7.8,2,0,0,1,25.2,7.3,Blackstone
W0481,42.4951686,-71.72192464,2007.0,8.0,Summer,16.4,8.6,2,0,0,1,18.4,8.1,Nashua
W0681,42.44473811,-71.67198789,2007.0,8.0,Summer,13.2,10.3,2,0,0,1,15.2,9.8,Nashua
W0487,42.62094186,-71.64380951,2007.0,8.0,Summer,16.4,7.1,2,0,0,1,18.4,6.6,Nashua
W0485,42.66968673,-71.56776529,2007.0,8.0,Summer,19.1,8.7,2,0,0,1,21.1,8.2,Nashua
W0496,42.62647657,-71.59314962,2007.0,8.0,Summer,18.1,12.6,2,0,0,1,20.1,12.1,Nashua
W0490,42.26477944,-72.00491606,2007.0,8.0,Summer,18.2,8.8,2,0,0,1,20.2,8.3,Chicopee
W0494,42.39121389,-72.0645552,2007.0,8.0,Summer,22.0,8.2,2,0,0,1,24.0,7.699999999999999,Chicopee
W0493,42.26797538,-72.33276108,2007.0,8.0,Summer,12.6,11.6,2,0,0,1,14.6,11.1,Chicopee
W0492,42.23872578,-72.285755,2007.0,8.0,Summer,22.7,8.9,2,0,0,1,24.7,8.4,Chicopee
W0491,42.18142994,-72.26354268,2007.0,8.0,Summer,23.3,9.6,2,0,0,1,25.3,9.1,Chicopee
W0601,42.10956147,-72.11856925,2007.0,8.0,Summer,21.0,7.9,2,0,0,1,23.0,7.4,Quinebaug
W0615,42.11947322,-72.00870444,2007.0,8.0,Summer,16.1,9.4,2,0,0,1,18.1,8.9,Quinebaug
W0600,42.02202663,-71.9543561,2007.0,8.0,Summer,20.3,9.1,2,0,0,1,22.3,8.6,Quinebaug
W0602,42.05094532,-71.88507359,2007.0,8.0,Summer,21.5,7.8,2,0,0,1,23.5,7.3,French
W0690,42.59751119,-72.43783955,2007.0,9.0,Fall,19.2,8.9,1,0,0,1,21.2,8.4,Millers
W0691,42.58812535,-72.04099473,2007.0,9.0,Fall,17.2,8.2,1,0,0,1,19.2,7.699999999999999,Millers
W0692,42.62969793,-72.15035652,2007.0,9.0,Fall,18.6,7.9,1,0,0,1,20.6,7.4,Millers
W0693,42.68279648,-72.11503734,2007.0,9.0,Fall,17.1,5.1,1,0,0,1,19.1,4.6,Millers
W0694,42.6723218,-72.09305542,2007.0,9.0,Fall,17.2,6.3,1,0,0,1,19.2,5.8,Millers
W0695,42.30485304,-71.62845076,2007.0,9.0,Fall,18.0,6.6,1,0,0,1,20.0,6.1,Concord (SuAsCo)
W0696,42.32543468,-71.39736431,2007.0,9.0,Fall,18.9,8.6,1,0,0,1,20.9,8.1,Concord (SuAsCo)
W0697,42.43206352,-71.44974106,2007.0,9.0,Fall,19.6,8.1,1,0,0,1,21.6,7.6,Concord (SuAsCo)
W0698,42.51227518,-71.40458554,2007.0,9.0,Fall,16.4,8.0,1,0,0,1,18.4,7.5,Concord (SuAsCo)
W0679,42.63670884,-71.3017484,2007.0,9.0,Fall,20.2,8.6,1,0,0,1,22.2,8.1,Concord (SuAsCo)
W0680,42.22778189,-71.78735524,2007.0,9.0,Fall,14.2,9.6,1,0,0,1,16.2,9.1,Blackstone
W1898,42.02271855,-71.57054135999999,2007.0,9.0,Fall,14.5,8.9,1,0,0,1,16.5,8.4,Blackstone
W0515,42.1003609,-71.60111703,2007.0,9.0,Fall,13.4,7.5,1,0,0,1,15.4,7.0,Blackstone
W0767,42.153873,-71.65203977,2007.0,9.0,Fall,15.4,9.2,1,0,0,1,17.4,8.7,Blackstone
W0689,42.23053792,-71.70809238,2007.0,9.0,Fall,14.6,8.4,1,0,0,1,16.6,7.9,Blackstone
W0481,42.4951686,-71.72192464,2007.0,10.0,Fall,15.8,8.2,1,0,0,1,17.8,7.699999999999999,Nashua
W0681,42.44473811,-71.67198789,2007.0,10.0,Fall,14.7,8.2,1,0,0,1,16.7,7.699999999999999,Nashua
W0487,42.62094186,-71.64380951,2007.0,10.0,Fall,15.3,5.6,1,0,0,1,17.3,5.1,Nashua
W0485,42.66968673,-71.56776529,2007.0,10.0,Fall,16.8,6.5,1,0,0,1,18.8,6.0,Nashua
W0496,42.62647657,-71.59314962,2007.0,10.0,Fall,16.0,6.4,1,0,0,1,18.0,5.9,Nashua
W0490,42.26477944,-72.00491606,2007.0,10.0,Fall,8.1,10.6,1,0,0,1,10.1,10.1,Chicopee
W0494,42.39121389,-72.0645552,2007.0,10.0,Fall,11.4,6.1,1,0,0,1,13.4,5.6,Chicopee
W0493,42.26797538,-72.33276108,2007.0,10.0,Fall,14.6,10.4,1,0,0,1,16.6,9.9,Chicopee
W0492,42.23872578,-72.285755,2007.0,10.0,Fall,11.9,10.7,1,0,0,1,13.9,10.2,Chicopee
W0491,42.18142994,-72.26354268,2007.0,10.0,Fall,12.1,12.3,1,0,0,1,14.1,11.8,Chicopee
W0601,42.10956147,-72.11856925,2007.0,10.0,Fall,12.8,10.1,1,0,0,1,14.8,9.6,Quinebaug
W0615,42.11947322,-72.00870444,2007.0,10.0,Fall,10.1,11.2,1,0,0,1,12.1,10.7,Quinebaug
W0600,42.02202663,-71.9543561,2007.0,10.0,Fall,10.8,11.3,1,0,0,1,12.8,10.8,Quinebaug
W0602,42.05094532,-71.88507359,2007.0,10.0,Fall,11.9,9.2,1,0,0,1,13.9,8.7,French
W0695,42.30485304,-71.62845076,2007.0,11.0,Fall,7.5,10.1,1,0,0,1,9.5,9.6,Concord (SuAsCo)
W0696,42.32543468,-71.39736431,2007.0,11.0,Fall,9.1,12.1,1,0,0,1,11.1,11.6,Concord (SuAsCo)
W0697,42.43206352,-71.44974106,2007.0,11.0,Fall,7.6,12.0,1,0,0,1,9.6,11.5,Concord (SuAsCo)
W0698,42.51227518,-71.40458554,2007.0,11.0,Fall,5.9,11.4,1,0,0,1,7.9,10.9,Concord (SuAsCo)
W0679,42.63670884,-71.3017484,2007.0,11.0,Fall,8.8,12.0,1,0,0,1,10.8,11.5,Concord (SuAsCo)
W0680,42.22778189,-71.78735524,2007.0,11.0,Fall,5.9,12.9,1,0,0,1,7.9,12.4,Blackstone
W1898,42.02271855,-71.57054135999999,2007.0,11.0,Fall,6.2,11.6,1,0,0,1,8.2,11.1,Blackstone
W0515,42.1003609,-71.60111703,2007.0,11.0,Fall,4.1,11.4,1,0,0,1,6.1,10.9,Blackstone
W0767,42.153873,-71.65203977,2007.0,11.0,Fall,8.5,11.8,1,0,0,1,10.5,11.3,Blackstone
W0689,42.23053792,-71.70809238,2007.0,11.0,Fall,5.7,13.2,1,0,0,1,7.7,12.7,Blackstone
W1440,42.07043228,-73.06197898,2006.0,4.0,Spring,7.6,12.3,1,0,0,1,9.6,11.8,Farmington
W0201,42.07885841,-73.0731024,2006.0,4.0,Spring,8.1,12.0,1,0,0,1,10.1,11.5,Farmington
W0206,42.09474599,-73.08665689,2006.0,4.0,Spring,8.1,12.0,1,0,0,1,10.1,11.5,Farmington
W0210,42.15892543,-73.06950719,2006.0,4.0,Spring,8.0,11.8,1,0,0,1,10.0,11.3,Farmington
W0198,42.15688759,-73.07352832,2006.0,4.0,Spring,9.7,11.7,0,0,0,0,11.7,11.2,Farmington
W1444,42.18603661,-73.10016182,2006.0,4.0,Spring,8.5,11.4,1,0,0,1,10.5,10.9,Farmington
W0351,42.19714978,-73.09707925,2006.0,4.0,Spring,9.4,11.2,1,0,0,1,11.4,10.7,Farmington
W1441,42.25967399,-73.13269316,2006.0,4.0,Spring,9.4,11.2,1,0,0,1,11.4,10.7,Farmington
W0201,42.07885841,-73.0731024,2006.0,5.0,Spring,19.4,9.2,1,0,0,1,21.4,8.7,Farmington
W1440,42.07043228,-73.06197898,2006.0,5.0,Spring,18.8,9.6,1,0,0,1,20.8,9.1,Farmington
W0206,42.09474599,-73.08665689,2006.0,5.0,Spring,18.5,9.6,1,0,0,1,20.5,9.1,Farmington
W1441,42.25967399,-73.13269316,2006.0,5.0,Spring,18.9,9.3,1,0,0,1,20.9,8.8,Farmington
W0351,42.19714978,-73.09707925,2006.0,5.0,Spring,17.9,9.7,1,0,0,1,19.9,9.2,Farmington
W1444,42.18603661,-73.10016182,2006.0,5.0,Spring,20.1,8.8,1,0,0,1,22.1,8.3,Farmington
W0198,42.15688759,-73.07352832,2006.0,5.0,Spring,19.8,9.2,1,0,0,1,21.8,8.7,Farmington
W0210,42.15892543,-73.06950719,2006.0,5.0,Spring,19.3,9.4,1,0,0,1,21.3,8.9,Farmington
W0201,42.07885841,-73.0731024,2006.0,7.0,Summer,20.2,9.1,2,0,0,1,22.2,8.6,Farmington
W1440,42.07043228,-73.06197898,2006.0,7.0,Summer,20.1,9.4,2,0,0,1,22.1,8.9,Farmington
W0206,42.09474599,-73.08665689,2006.0,7.0,Summer,18.8,9.4,2,0,0,1,20.8,8.9,Farmington
W1441,42.25967399,-73.13269316,2006.0,7.0,Summer,17.9,8.7,2,0,0,1,19.9,8.2,Farmington
W0351,42.19714978,-73.09707925,2006.0,7.0,Summer,18.3,8.9,2,0,0,1,20.3,8.4,Farmington
W1444,42.18603661,-73.10016182,2006.0,7.0,Summer,21.6,8.1,2,0,0,1,23.6,7.6,Farmington
W0198,42.15688759,-73.07352832,2006.0,7.0,Summer,21.2,9.0,2,0,0,1,23.2,8.5,Farmington
W0210,42.15892543,-73.06950719,2006.0,7.0,Summer,18.0,9.2,2,0,0,1,20.0,8.7,Farmington
W0201,42.07885841,-73.0731024,2006.0,8.0,Summer,19.0,9.3,2,0,0,1,21.0,8.8,Farmington
W1440,42.07043228,-73.06197898,2006.0,8.0,Summer,19.4,9.6,2,0,0,1,21.4,9.1,Farmington
W0206,42.09474599,-73.08665689,2006.0,8.0,Summer,18.7,9.3,2,0,0,1,20.7,8.8,Farmington
W1441,42.25967399,-73.13269316,2006.0,8.0,Summer,16.8,8.7,2,0,0,1,18.8,8.2,Farmington
W0351,42.19714978,-73.09707925,2006.0,8.0,Summer,16.6,9.3,2,0,0,1,18.6,8.8,Farmington
W1444,42.18603661,-73.10016182,2006.0,8.0,Summer,18.6,8.6,2,0,0,1,20.6,8.1,Farmington
W0198,42.15688759,-73.07352832,2006.0,8.0,Summer,20.4,9.3,1,0,0,0,22.4,8.8,Farmington
W0210,42.15892543,-73.06950719,2006.0,8.0,Summer,19.2,8.9,2,0,0,1,21.2,8.4,Farmington
W1440,42.07043228,-73.06197898,2006.0,9.0,Fall,18.7,10.0,1,0,0,1,20.7,9.5,Farmington
W0201,42.07885841,-73.0731024,2006.0,9.0,Fall,18.0,9.9,1,0,0,1,20.0,9.4,Farmington
W0206,42.09474599,-73.08665689,2006.0,9.0,Fall,17.5,9.9,1,0,0,1,19.5,9.4,Farmington
W0210,42.15892543,-73.06950719,2006.0,9.0,Fall,19.0,9.1,1,0,0,1,21.0,8.6,Farmington
W0198,42.15688759,-73.07352832,2006.0,9.0,Fall,18.3,9.7,1,0,0,1,20.3,9.2,Farmington
W1444,42.18603661,-73.10016182,2006.0,9.0,Fall,17.6,9.1,1,0,0,1,19.6,8.6,Farmington
W0351,42.19714978,-73.09707925,2006.0,9.0,Fall,15.6,9.8,1,0,0,1,17.6,9.3,Farmington
W1441,42.25967399,-73.13269316,2006.0,9.0,Fall,15.8,9.1,1,0,0,1,17.8,8.6,Farmington
W0474,42.09002807,-72.62686454,2006.0,5.0,Spring,13.1,10.8,1,0,0,1,15.1,10.3,Westfield
W1465,42.10632704,-72.69776972,2006.0,5.0,Spring,12.8,10.6,1,0,0,1,14.8,10.1,Westfield
W0805,42.11440451,-72.71424125,2006.0,5.0,Spring,11.9,10.8,1,0,0,1,13.9,10.3,Westfield
W1464,42.11652506,-72.72435552,2006.0,5.0,Spring,12.8,11.0,1,0,0,1,14.8,10.5,Westfield
W0812,42.14152543,-72.78888168,2006.0,5.0,Spring,11.5,11.4,1,0,0,1,13.5,10.9,Westfield
W1463,42.13083697,-72.75434911,2006.0,5.0,Spring,12.7,11.1,1,0,0,1,14.7,10.6,Westfield
W0221,42.22568842,-72.87073188,2006.0,5.0,Spring,11.8,11.6,1,0,0,1,13.8,11.1,Westfield
W1449,42.41095836,-72.93953408,2006.0,5.0,Spring,10.8,11.0,1,0,0,1,12.8,10.5,Westfield
W0257,42.33094293,-73.09171257,2006.0,5.0,Spring,10.1,11.2,1,0,0,1,12.1,10.7,Westfield
W0474,42.09002807,-72.62686454,2006.0,6.0,Summer,17.6,9.7,2,0,0,1,19.6,9.2,Westfield
W1465,42.10632704,-72.69776972,2006.0,6.0,Summer,16.9,9.7,2,0,0,1,18.9,9.2,Westfield
W0805,42.11440451,-72.71424125,2006.0,6.0,Summer,16.4,9.6,2,0,0,1,18.4,9.1,Westfield
W1464,42.11652506,-72.72435552,2006.0,6.0,Summer,17.8,10.0,2,0,0,1,19.8,9.5,Westfield
W0812,42.14152543,-72.78888168,2006.0,6.0,Summer,17.1,10.1,2,0,0,1,19.1,9.6,Westfield
W1463,42.13083697,-72.75434911,2006.0,6.0,Summer,18.6,10.0,2,0,0,1,20.6,9.5,Westfield
W0221,42.22568842,-72.87073188,2006.0,6.0,Summer,18.0,10.2,2,0,0,1,20.0,9.7,Westfield
W1449,42.41095836,-72.93953408,2006.0,6.0,Summer,16.6,9.8,2,0,0,1,18.6,9.3,Westfield
W0257,42.33094293,-73.09171257,2006.0,6.0,Summer,15.3,10.1,2,0,0,1,17.3,9.6,Westfield
W0474,42.09002807,-72.62686454,2006.0,7.0,Summer,22.6,9.0,2,0,0,1,24.6,8.5,Westfield
W1465,42.10632704,-72.69776972,2006.0,7.0,Summer,21.9,8.0,2,0,0,1,23.9,7.5,Westfield
W0805,42.11440451,-72.71424125,2006.0,7.0,Summer,17.7,9.3,2,0,0,1,19.7,8.8,Westfield
W1464,42.11652506,-72.72435552,2006.0,7.0,Summer,21.9,8.7,2,0,0,1,23.9,8.2,Westfield
W0812,42.14152543,-72.78888168,2006.0,7.0,Summer,22.3,8.5,2,0,0,1,24.3,8.0,Westfield
W1463,42.13083697,-72.75434911,2006.0,7.0,Summer,22.4,9.2,2,0,0,1,24.4,8.7,Westfield
W0221,42.22568842,-72.87073188,2006.0,7.0,Summer,22.9,9.6,2,0,0,1,24.9,9.1,Westfield
W1449,42.41095836,-72.93953408,2006.0,7.0,Summer,19.2,8.4,2,0,0,1,21.2,7.9,Westfield
W0257,42.33094293,-73.09171257,2006.0,7.0,Summer,17.0,9.4,2,0,0,1,19.0,8.9,Westfield
W0257,42.33094293,-73.09171257,2006.0,8.0,Summer,16.0,9.4,2,0,0,1,18.0,8.9,Westfield
W0474,42.09002807,-72.62686454,2006.0,8.0,Summer,18.3,9.9,2,0,0,1,20.3,9.4,Westfield
W1465,42.10632704,-72.69776972,2006.0,8.0,Summer,17.9,8.8,2,0,0,1,19.9,8.3,Westfield
W0805,42.11440451,-72.71424125,2006.0,8.0,Summer,15.7,9.0,2,0,0,1,17.7,8.5,Westfield
W1464,42.11652506,-72.72435552,2006.0,8.0,Summer,18.5,9.4,2,0,0,1,20.5,8.9,Westfield
W0812,42.14152543,-72.78888168,2006.0,8.0,Summer,16.9,8.9,2,0,0,1,18.9,8.4,Westfield
W1463,42.13083697,-72.75434911,2006.0,8.0,Summer,18.8,9.8,2,0,0,1,20.8,9.3,Westfield
W0221,42.22568842,-72.87073188,2006.0,8.0,Summer,19.6,9.8,2,0,0,1,21.6,9.3,Westfield
W1449,42.41095836,-72.93953408,2006.0,8.0,Summer,17.9,8.9,2,0,0,1,19.9,8.4,Westfield
W0474,42.09002807,-72.62686454,2006.0,10.0,Fall,14.6,10.7,1,0,0,1,16.6,10.2,Westfield
W1465,42.10632704,-72.69776972,2006.0,10.0,Fall,13.7,10.4,1,0,0,1,15.7,9.9,Westfield
W0805,42.11440451,-72.71424125,2006.0,10.0,Fall,13.4,10.0,1,0,0,1,15.4,9.5,Westfield
W1464,42.11652506,-72.72435552,2006.0,10.0,Fall,13.8,11.0,1,0,0,1,15.8,10.5,Westfield
W0812,42.14152543,-72.78888168,2006.0,10.0,Fall,14.0,10.2,1,0,0,1,16.0,9.7,Westfield
W1463,42.13083697,-72.75434911,2006.0,10.0,Fall,14.8,10.8,1,0,0,1,16.8,10.3,Westfield
W0221,42.22568842,-72.87073188,2006.0,10.0,Fall,15.5,11.0,1,0,0,1,17.5,10.5,Westfield
W1449,42.41095836,-72.93953408,2006.0,10.0,Fall,15.1,9.8,1,0,0,1,17.1,9.3,Westfield
W0257,42.33094293,-73.09171257,2006.0,10.0,Fall,10.3,11.2,1,0,0,1,12.3,10.7,Westfield
W1505,42.06332498,-71.1950417,2006.0,5.0,Spring,11.8,9.0,1,0,0,1,13.8,8.5,Taunton
W1506,42.0629044,-71.21586808,2006.0,5.0,Spring,14.0,8.9,1,0,0,1,16.0,8.4,Taunton
W0819,42.01885627,-71.26670227,2006.0,5.0,Spring,13.5,6.8,1,0,0,1,15.5,6.3,Taunton
W1507,42.01241069,-71.22159533,2006.0,5.0,Spring,14.1,8.8,1,0,0,1,16.1,8.3,Taunton
W0311,41.96604487,-71.175902,2006.0,5.0,Spring,15.4,9.6,1,0,0,1,17.4,9.1,Taunton
W0823,41.95185108,-71.22372756,2006.0,5.0,Spring,14.0,9.1,1,0,0,1,16.0,8.6,Taunton
W0858,41.9471012,-71.1769499,2006.0,5.0,Spring,14.7,9.3,1,0,0,1,16.7,8.8,Taunton
W0821,41.93332037,-71.15426672,2006.0,5.0,Spring,15.0,9.2,1,0,0,1,17.0,8.7,Taunton
W1496,42.08153842,-70.98603732,2006.0,5.0,Spring,13.7,7.3,1,0,0,1,15.7,6.8,Taunton
W1493,42.07964645,-71.00930657,2006.0,5.0,Spring,12.4,9.2,1,0,0,1,14.4,8.7,Taunton
W1490,42.07936711,-71.01406198,2006.0,5.0,Spring,14.3,10.6,1,0,0,1,16.3,10.1,Taunton
W1494,42.05376462,-71.00977821,2006.0,5.0,Spring,14.0,9.8,1,0,0,1,16.0,9.3,Taunton
W1495,42.03776122,-70.98465422,2006.0,5.0,Spring,14.5,7.3,1,0,0,1,16.5,6.8,Taunton
W1498,42.03148922,-70.96656207,2006.0,5.0,Spring,16.0,9.8,1,0,0,1,18.0,9.3,Taunton
W1500,42.03108873,-70.97065835,2006.0,5.0,Spring,15.0,8.9,1,0,0,1,17.0,8.4,Taunton
W1499,42.02160209,-70.9505329,2006.0,5.0,Spring,14.5,8.7,1,0,0,1,16.5,8.2,Taunton
W1501,41.99937253,-70.93768479,2006.0,5.0,Spring,14.1,8.3,1,0,0,1,16.1,7.800000000000001,Taunton
W1502,41.99258858,-70.9397646,2006.0,5.0,Spring,14.6,8.7,1,0,0,1,16.6,8.2,Taunton
W1503,41.93629311,-70.98734776,2006.0,5.0,Spring,14.8,8.0,1,0,0,1,16.8,7.5,Taunton
W1504,41.88611169,-71.02994049,2006.0,5.0,Spring,15.3,8.2,1,0,0,1,17.3,7.699999999999999,Taunton
W1508,41.88590512,-71.13411655,2006.0,5.0,Spring,15.2,9.8,1,0,0,1,17.2,9.3,Taunton
W1505,42.06332498,-71.1950417,2006.0,6.0,Summer,19.4,6.8,2,0,0,1,21.4,6.3,Taunton
W1506,42.0629044,-71.21586808,2006.0,6.0,Summer,20.6,5.9,2,0,0,1,22.6,5.4,Taunton
W0819,42.01885627,-71.26670227,2006.0,6.0,Summer,22.0,3.6,3,1,0,1,24.0,3.1,Taunton
W1507,42.01241069,-71.22159533,2006.0,6.0,Summer,20.7,7.6,2,0,0,1,22.7,7.1,Taunton
W0311,41.96604487,-71.175902,2006.0,6.0,Summer,22.7,6.4,2,0,0,1,24.7,5.9,Taunton
W0823,41.95185108,-71.22372756,2006.0,6.0,Summer,21.1,5.6,2,0,0,1,23.1,5.1,Taunton
W0858,41.9471012,-71.1769499,2006.0,6.0,Summer,21.4,7.2,2,0,0,1,23.4,6.7,Taunton
W0821,41.93332037,-71.15426672,2006.0,6.0,Summer,21.7,5.8,2,0,0,1,23.7,5.3,Taunton
W1496,42.08153842,-70.98603732,2006.0,6.0,Summer,21.2,2.1,3,1,0,1,23.2,1.6,Taunton
W1493,42.07964645,-71.00930657,2006.0,6.0,Summer,18.2,6.6,2,0,0,1,20.2,6.1,Taunton
W1490,42.07936711,-71.01406198,2006.0,6.0,Summer,20.8,8.3,2,0,0,1,22.8,7.800000000000001,Taunton
W1494,42.05376462,-71.00977821,2006.0,6.0,Summer,19.3,7.6,2,0,0,1,21.3,7.1,Taunton
W1495,42.03776122,-70.98465422,2006.0,6.0,Summer,18.7,6.6,2,0,0,1,20.7,6.1,Taunton
W1498,42.03148922,-70.96656207,2006.0,6.0,Summer,20.2,7.7,2,0,0,1,22.2,7.2,Taunton
W1500,42.03108873,-70.97065835,2006.0,6.0,Summer,19.6,6.9,2,0,0,1,21.6,6.4,Taunton
W1499,42.02160209,-70.9505329,2006.0,6.0,Summer,22.0,4.7,3,1,0,1,24.0,4.2,Taunton
W1501,41.99937253,-70.93768479,2006.0,6.0,Summer,21.0,4.8,3,1,0,1,23.0,4.3,Taunton
W1502,41.99258858,-70.9397646,2006.0,6.0,Summer,21.4,5.2,2,0,0,1,23.4,4.7,Taunton
W1503,41.93629311,-70.98734776,2006.0,6.0,Summer,22.1,3.2,3,1,0,1,24.1,2.7,Taunton
W1504,41.88611169,-71.02994049,2006.0,6.0,Summer,22.1,4.3,3,1,0,1,24.1,3.8,Taunton
W1508,41.88590512,-71.13411655,2006.0,6.0,Summer,21.7,7.3,2,0,0,1,23.7,6.8,Taunton
W1505,42.06332498,-71.1950417,2006.0,8.0,Summer,17.6,8.1,2,0,0,1,19.6,7.6,Taunton
W1506,42.0629044,-71.21586808,2006.0,8.0,Summer,17.9,7.0,2,0,0,1,19.9,6.5,Taunton
W0819,42.01885627,-71.26670227,2006.0,8.0,Summer,21.4,5.5,2,0,0,1,23.4,5.0,Taunton
W1507,42.01241069,-71.22159533,2006.0,8.0,Summer,24.7,7.1,2,0,0,1,26.7,6.6,Taunton
W0311,41.96604487,-71.175902,2006.0,8.0,Summer,23.6,7.6,2,0,0,1,25.6,7.1,Taunton
W0823,41.95185108,-71.22372756,2006.0,8.0,Summer,21.9,6.8,2,0,0,1,23.9,6.3,Taunton
W0858,41.9471012,-71.1769499,2006.0,8.0,Summer,22.5,6.7,2,0,0,1,24.5,6.2,Taunton
W0821,41.93332037,-71.15426672,2006.0,8.0,Summer,21.6,6.9,2,0,0,1,23.6,6.4,Taunton
W1496,42.08153842,-70.98603732,2006.0,8.0,Summer,20.3,4.6,3,1,0,1,22.3,4.1,Taunton
W1493,42.07964645,-71.00930657,2006.0,8.0,Summer,19.8,7.2,2,0,0,1,21.8,6.7,Taunton
W1490,42.07936711,-71.01406198,2006.0,8.0,Summer,19.5,8.1,2,0,0,1,21.5,7.6,Taunton
W1494,42.05376462,-71.00977821,2006.0,8.0,Summer,19.2,6.3,2,0,0,1,21.2,5.8,Taunton
W1495,42.03776122,-70.98465422,2006.0,8.0,Summer,21.4,2.0,3,1,0,1,23.4,1.5,Taunton
W1498,42.03148922,-70.96656207,2006.0,8.0,Summer,21.2,6.3,2,0,0,1,23.2,5.8,Taunton
W1500,42.03108873,-70.97065835,2006.0,8.0,Summer,21.8,3.6,3,1,0,1,23.8,3.1,Taunton
W1499,42.02160209,-70.9505329,2006.0,8.0,Summer,23.6,7.3,2,0,0,1,25.6,6.8,Taunton
W1501,41.99937253,-70.93768479,2006.0,8.0,Summer,21.8,4.2,3,1,0,1,23.8,3.7,Taunton
W1502,41.99258858,-70.9397646,2006.0,8.0,Summer,22.6,5.4,2,0,0,1,24.6,4.9,Taunton
W1503,41.93629311,-70.98734776,2006.0,8.0,Summer,24.1,5.2,2,0,0,1,26.1,4.7,Taunton
W1504,41.88611169,-71.02994049,2006.0,8.0,Summer,24.5,7.0,2,0,0,1,26.5,6.5,Taunton
W1508,41.88590512,-71.13411655,2006.0,8.0,Summer,23.8,6.9,2,0,0,1,25.8,6.4,Taunton
W1505,42.06332498,-71.1950417,2006.0,9.0,Fall,13.1,9.4,1,0,0,1,15.1,8.9,Taunton
W1506,42.0629044,-71.21586808,2006.0,9.0,Fall,13.6,8.2,1,0,0,1,15.6,7.699999999999999,Taunton
W0819,42.01885627,-71.26670227,2006.0,9.0,Fall,15.2,7.7,1,0,0,1,17.2,7.2,Taunton
W1507,42.01241069,-71.22159533,2006.0,9.0,Fall,18.1,7.7,1,0,0,1,20.1,7.2,Taunton
W0311,41.96604487,-71.175902,2006.0,9.0,Fall,17.0,9.0,1,0,0,1,19.0,8.5,Taunton
W0823,41.95185108,-71.22372756,2006.0,9.0,Fall,14.6,8.9,1,0,0,1,16.6,8.4,Taunton
W0858,41.9471012,-71.1769499,2006.0,9.0,Fall,16.4,8.4,1,0,0,1,18.4,7.9,Taunton
W0821,41.93332037,-71.15426672,2006.0,9.0,Fall,15.9,8.5,1,0,0,1,17.9,8.0,Taunton
W1496,42.08153842,-70.98603732,2006.0,9.0,Fall,13.8,7.1,1,0,0,1,15.8,6.6,Taunton
W1493,42.07964645,-71.00930657,2006.0,9.0,Fall,15.3,8.0,1,0,0,1,17.3,7.5,Taunton
W1490,42.07936711,-71.01406198,2006.0,9.0,Fall,15.9,9.6,1,0,0,1,17.9,9.1,Taunton
W1494,42.05376462,-71.00977821,2006.0,9.0,Fall,15.2,7.0,1,0,0,1,17.2,6.5,Taunton
W1495,42.03776122,-70.98465422,2006.0,9.0,Fall,18.9,3.8,2,1,0,1,20.9,3.3,Taunton
W1498,42.03148922,-70.96656207,2006.0,9.0,Fall,16.6,7.9,1,0,0,1,18.6,7.4,Taunton
W1500,42.03108873,-70.97065835,2006.0,9.0,Fall,18.4,4.1,2,1,0,1,20.4,3.5999999999999996,Taunton
W1499,42.02160209,-70.9505329,2006.0,9.0,Fall,15.8,9.4,1,0,0,1,17.8,8.9,Taunton
W1501,41.99937253,-70.93768479,2006.0,9.0,Fall,16.3,6.4,1,0,0,1,18.3,5.9,Taunton
W1502,41.99258858,-70.9397646,2006.0,9.0,Fall,16.2,7.3,1,0,0,1,18.2,6.8,Taunton
W1503,41.93629311,-70.98734776,2006.0,9.0,Fall,15.8,8.0,1,0,0,1,17.8,7.5,Taunton
W1504,41.88611169,-71.02994049,2006.0,9.0,Fall,16.8,9.1,1,0,0,1,18.8,8.6,Taunton
W1508,41.88590512,-71.13411655,2006.0,9.0,Fall,16.4,9.0,1,0,0,1,18.4,8.5,Taunton
W1505,42.06332498,-71.1950417,2006.0,10.0,Fall,14.2,8.5,1,0,0,1,16.2,8.0,Taunton
W1506,42.0629044,-71.21586808,2006.0,10.0,Fall,14.0,7.8,1,0,0,1,16.0,7.3,Taunton
W0819,42.01885627,-71.26670227,2006.0,10.0,Fall,16.8,5.9,1,0,0,1,18.8,5.4,Taunton
W1507,42.01241069,-71.22159533,2006.0,10.0,Fall,17.4,8.2,1,0,0,1,19.4,7.699999999999999,Taunton
W0311,41.96604487,-71.175902,2006.0,10.0,Fall,17.5,8.5,1,0,0,1,19.5,8.0,Taunton
W0823,41.95185108,-71.22372756,2006.0,10.0,Fall,16.0,7.8,1,0,0,1,18.0,7.3,Taunton
W0858,41.9471012,-71.1769499,2006.0,10.0,Fall,16.2,7.8,1,0,0,1,18.2,7.3,Taunton
W0821,41.93332037,-71.15426672,2006.0,10.0,Fall,16.7,8.0,1,0,0,1,18.7,7.5,Taunton
W1496,42.08153842,-70.98603732,2006.0,10.0,Fall,15.2,6.2,1,0,0,1,17.2,5.7,Taunton
W1493,42.07964645,-71.00930657,2006.0,10.0,Fall,16.4,6.4,1,0,0,1,18.4,5.9,Taunton
W1490,42.07936711,-71.01406198,2006.0,10.0,Fall,16.0,9.0,1,0,0,1,18.0,8.5,Taunton
W1494,42.05376462,-71.00977821,2006.0,10.0,Fall,16.3,5.9,1,0,0,1,18.3,5.4,Taunton
W1495,42.03776122,-70.98465422,2006.0,10.0,Fall,18.2,3.8,2,1,0,1,20.2,3.3,Taunton
W1498,42.03148922,-70.96656207,2006.0,10.0,Fall,16.4,8.8,1,0,0,1,18.4,8.3,Taunton
W1500,42.03108873,-70.97065835,2006.0,10.0,Fall,17.8,4.0,1,1,0,0,19.8,3.5,Taunton
W1499,42.02160209,-70.9505329,2006.0,10.0,Fall,16.1,8.6,1,0,0,1,18.1,8.1,Taunton
W1501,41.99937253,-70.93768479,2006.0,10.0,Fall,17.2,5.9,1,0,0,1,19.2,5.4,Taunton
W1502,41.99258858,-70.9397646,2006.0,10.0,Fall,16.8,7.1,1,0,0,1,18.8,6.6,Taunton
W1503,41.93629311,-70.98734776,2006.0,10.0,Fall,16.2,7.9,1,0,0,1,18.2,7.4,Taunton
W1504,41.88611169,-71.02994049,2006.0,10.0,Fall,16.4,8.4,1,0,0,1,18.4,7.9,Taunton
W1508,41.88590512,-71.13411655,2006.0,10.0,Fall,16.4,8.8,1,0,0,1,18.4,8.3,Taunton
W1468,42.27406018,-71.63224204,2006.0,5.0,Spring,12.1,10.4,1,0,0,1,14.1,9.9,Concord (SuAsCo)
W1469,42.28350805,-71.63858701,2006.0,5.0,Spring,12.7,9.0,1,0,0,1,14.7,8.5,Concord (SuAsCo)
W0695,42.30485304,-71.62845076,2006.0,5.0,Spring,11.6,8.6,1,0,0,1,13.6,8.1,Concord (SuAsCo)
W1470,42.32036993,-71.63553499,2006.0,5.0,Spring,11.8,8.2,1,0,0,1,13.8,7.699999999999999,Concord (SuAsCo)
W1471,42.32949677,-71.63006336,2006.0,5.0,Spring,12.0,10.2,1,0,0,1,14.0,9.7,Concord (SuAsCo)
W1472,42.34151216,-71.61641,2006.0,5.0,Spring,11.9,10.5,1,0,0,1,13.9,10.0,Concord (SuAsCo)
W1473,42.3465007,-71.61460331,2006.0,5.0,Spring,12.0,10.3,1,0,0,1,14.0,9.8,Concord (SuAsCo)
W1474,42.38030934,-71.58613633,2006.0,5.0,Spring,11.7,7.7,1,0,0,1,13.7,7.2,Concord (SuAsCo)
W1475,42.39979789,-71.54598569,2006.0,5.0,Spring,12.6,9.2,1,0,0,1,14.6,8.7,Concord (SuAsCo)
W1476,42.40462155,-71.52654108,2006.0,5.0,Spring,12.9,9.4,1,0,0,1,14.9,8.9,Concord (SuAsCo)
W1477,42.41163442,-71.50844219,2006.0,5.0,Spring,12.9,8.5,1,0,0,1,14.9,8.0,Concord (SuAsCo)
W1478,42.4231785,-71.47472183,2006.0,5.0,Spring,14.1,9.1,1,0,0,1,16.1,8.6,Concord (SuAsCo)
W1479,42.44086923,-71.42935628,2006.0,5.0,Spring,13.1,9.9,1,0,0,1,15.1,9.4,Concord (SuAsCo)
W0843,42.46568803,-71.39143422,2006.0,5.0,Spring,12.7,9.1,1,0,0,1,14.7,8.6,Concord (SuAsCo)
W0844,42.45974876,-71.35935869,2006.0,5.0,Spring,13.5,9.4,1,0,0,1,15.5,8.9,Concord (SuAsCo)
W1482,42.47116456,-71.34989446,2006.0,5.0,Spring,13.0,9.0,1,0,0,1,15.0,8.5,Concord (SuAsCo)
W1487,42.64172611,-71.30284563,2006.0,5.0,Spring,13.6,10.2,1,0,0,1,15.6,9.7,Concord (SuAsCo)
W1488,42.57826214,-71.33253012,2006.0,5.0,Spring,13.3,9.8,1,0,0,1,15.3,9.3,Concord (SuAsCo)
W1489,42.63380122,-71.30119731,2006.0,5.0,Spring,11.3,10.0,1,0,0,1,13.3,9.5,Concord (SuAsCo)
W1486,42.58482438,-71.28718593,2006.0,5.0,Spring,13.4,9.4,1,0,0,1,15.4,8.9,Concord (SuAsCo)
W1485,42.55747509,-71.28252509,2006.0,5.0,Spring,13.6,9.6,1,0,0,1,15.6,9.1,Concord (SuAsCo)
W1483,42.50902782,-71.31411783,2006.0,5.0,Spring,13.3,9.6,1,0,0,1,15.3,9.1,Concord (SuAsCo)
W0832,42.26764467,-71.55276363,2006.0,5.0,Spring,11.4,7.0,1,0,0,1,13.4,6.5,Concord (SuAsCo)
W0838,42.25849843,-71.45547229,2006.0,5.0,Spring,12.5,10.2,1,0,0,1,14.5,9.7,Concord (SuAsCo)
W0696,42.32543468,-71.39736431,2006.0,5.0,Spring,12.1,10.4,1,0,0,1,14.1,9.9,Concord (SuAsCo)
W1480,42.3386459,-71.39498427,2006.0,5.0,Spring,12.4,10.4,1,0,0,1,14.4,9.9,Concord (SuAsCo)
W0850,42.35926526,-71.36883338,2006.0,5.0,Spring,12.6,9.6,1,0,0,1,14.6,9.1,Concord (SuAsCo)
W0847,42.39635089,-71.36467086,2006.0,5.0,Spring,12.4,9.5,1,0,0,1,14.4,9.0,Concord (SuAsCo)
W0849,42.35708626,-71.40313662,2006.0,5.0,Spring,10.9,9.1,1,0,0,1,12.9,8.6,Concord (SuAsCo)
W1481,42.44111379,-71.36805603,2006.0,5.0,Spring,13.4,10.0,1,0,0,1,15.4,9.5,Concord (SuAsCo)
W1468,42.27406018,-71.63224204,2006.0,6.0,Summer,18.2,9.4,2,0,0,1,20.2,8.9,Concord (SuAsCo)
W1469,42.28350805,-71.63858701,2006.0,6.0,Summer,17.2,8.7,2,0,0,1,19.2,8.2,Concord (SuAsCo)
W0695,42.30485304,-71.62845076,2006.0,6.0,Summer,15.6,8.0,2,0,0,1,17.6,7.5,Concord (SuAsCo)
W1470,42.32036993,-71.63553499,2006.0,6.0,Summer,15.8,7.6,2,0,0,1,17.8,7.1,Concord (SuAsCo)
W1471,42.32949677,-71.63006336,2006.0,6.0,Summer,15.4,9.6,2,0,0,1,17.4,9.1,Concord (SuAsCo)
W1472,42.34151216,-71.61641,2006.0,6.0,Summer,15.9,8.9,2,0,0,1,17.9,8.4,Concord (SuAsCo)
W1473,42.3465007,-71.61460331,2006.0,6.0,Summer,16.0,8.4,2,0,0,1,18.0,7.9,Concord (SuAsCo)
W1474,42.38030934,-71.58613633,2006.0,6.0,Summer,16.3,7.6,2,0,0,1,18.3,7.1,Concord (SuAsCo)
W1475,42.39979789,-71.54598569,2006.0,6.0,Summer,15.6,8.4,2,0,0,1,17.6,7.9,Concord (SuAsCo)
W1476,42.40462155,-71.52654108,2006.0,6.0,Summer,15.8,8.9,2,0,0,1,17.8,8.4,Concord (SuAsCo)
W1477,42.41163442,-71.50844219,2006.0,6.0,Summer,16.2,7.2,2,0,0,1,18.2,6.7,Concord (SuAsCo)
W1478,42.4231785,-71.47472183,2006.0,6.0,Summer,16.3,6.7,2,0,0,1,18.3,6.2,Concord (SuAsCo)
W1479,42.44086923,-71.42935628,2006.0,6.0,Summer,16.6,9.0,2,0,0,1,18.6,8.5,Concord (SuAsCo)
W0843,42.46568803,-71.39143422,2006.0,6.0,Summer,16.9,8.9,2,0,0,1,18.9,8.4,Concord (SuAsCo)
W0844,42.45974876,-71.35935869,2006.0,6.0,Summer,18.7,3.9,3,1,0,1,20.7,3.4,Concord (SuAsCo)
W0832,42.26764467,-71.55276363,2006.0,6.0,Summer,15.9,3.3,3,1,0,1,17.9,2.8,Concord (SuAsCo)
W0838,42.25849843,-71.45547229,2006.0,6.0,Summer,16.1,9.9,2,0,0,1,18.1,9.4,Concord (SuAsCo)
W0696,42.32543468,-71.39736431,2006.0,6.0,Summer,17.4,10.0,2,0,0,1,19.4,9.5,Concord (SuAsCo)
W1480,42.3386459,-71.39498427,2006.0,6.0,Summer,17.9,9.0,2,0,0,1,19.9,8.5,Concord (SuAsCo)
W0850,42.35926526,-71.36883338,2006.0,6.0,Summer,18.4,6.9,2,0,0,1,20.4,6.4,Concord (SuAsCo)
W0847,42.39635089,-71.36467086,2006.0,6.0,Summer,19.0,5.6,2,0,0,1,21.0,5.1,Concord (SuAsCo)
W0849,42.35708626,-71.40313662,2006.0,6.0,Summer,17.6,6.7,2,0,0,1,19.6,6.2,Concord (SuAsCo)
W1481,42.44111379,-71.36805603,2006.0,6.0,Summer,18.8,4.7,3,1,0,1,20.8,4.2,Concord (SuAsCo)
W1487,42.64172611,-71.30284563,2006.0,6.0,Summer,17.0,8.7,2,0,0,1,19.0,8.2,Concord (SuAsCo)
W1488,42.57826214,-71.33253012,2006.0,6.0,Summer,17.2,9.0,2,0,0,1,19.2,8.5,Concord (SuAsCo)
W1489,42.63380122,-71.30119731,2006.0,6.0,Summer,15.6,8.9,2,0,0,1,17.6,8.4,Concord (SuAsCo)
W1486,42.58482438,-71.28718593,2006.0,6.0,Summer,17.3,6.3,2,0,0,1,19.3,5.8,Concord (SuAsCo)
W1485,42.55747509,-71.28252509,2006.0,6.0,Summer,17.3,6.3,2,0,0,1,19.3,5.8,Concord (SuAsCo)
W1483,42.50902782,-71.31411783,2006.0,6.0,Summer,17.6,6.1,2,0,0,1,19.6,5.6,Concord (SuAsCo)
W1482,42.47116456,-71.34989446,2006.0,6.0,Summer,17.5,6.7,2,0,0,1,19.5,6.2,Concord (SuAsCo)
W1468,42.27406018,-71.63224204,2006.0,7.0,Summer,26.5,6.2,2,0,0,1,28.5,5.7,Concord (SuAsCo)
W1469,42.28350805,-71.63858701,2006.0,7.0,Summer,23.7,6.2,2,0,0,1,25.7,5.7,Concord (SuAsCo)
W0695,42.30485304,-71.62845076,2006.0,7.0,Summer,23.4,5.2,2,0,0,1,25.4,4.7,Concord (SuAsCo)
W1470,42.32036993,-71.63553499,2006.0,7.0,Summer,24.2,3.7,3,1,0,1,26.2,3.2,Concord (SuAsCo)
W1471,42.32949677,-71.63006336,2006.0,7.0,Summer,24.6,5.3,2,0,0,1,26.6,4.8,Concord (SuAsCo)
W1472,42.34151216,-71.61641,2006.0,7.0,Summer,25.5,6.4,2,0,0,1,27.5,5.9,Concord (SuAsCo)
W1473,42.3465007,-71.61460331,2006.0,7.0,Summer,24.4,6.7,2,0,0,1,26.4,6.2,Concord (SuAsCo)
W1474,42.38030934,-71.58613633,2006.0,7.0,Summer,25.9,6.6,2,0,0,1,27.9,6.1,Concord (SuAsCo)
W1475,42.39979789,-71.54598569,2006.0,7.0,Summer,25.9,6.2,2,0,0,1,27.9,5.7,Concord (SuAsCo)
W1476,42.40462155,-71.52654108,2006.0,7.0,Summer,26.8,6.6,2,0,0,1,28.8,6.1,Concord (SuAsCo)
W1477,42.41163442,-71.50844219,2006.0,7.0,Summer,26.9,5.1,2,0,0,1,28.9,4.6,Concord (SuAsCo)
W1479,42.44086923,-71.42935628,2006.0,7.0,Summer,28.2,6.6,2,0,0,1,30.2,6.1,Concord (SuAsCo)
W0843,42.46568803,-71.39143422,2006.0,7.0,Summer,27.5,6.9,2,0,0,1,29.5,6.4,Concord (SuAsCo)
W0844,42.45974876,-71.35935869,2006.0,7.0,Summer,28.1,5.4,2,0,0,1,30.1,4.9,Concord (SuAsCo)
W0832,42.26764467,-71.55276363,2006.0,7.0,Summer,25.3,2.0,4,1,1,1,27.3,1.5,Concord (SuAsCo)
W0838,42.25849843,-71.45547229,2006.0,7.0,Summer,25.1,7.2,2,0,0,1,27.1,6.7,Concord (SuAsCo)
W0696,42.32543468,-71.39736431,2006.0,7.0,Summer,27.0,7.0,2,0,0,1,29.0,6.5,Concord (SuAsCo)
W1480,42.3386459,-71.39498427,2006.0,7.0,Summer,26.8,6.9,2,0,0,1,28.8,6.4,Concord (SuAsCo)
W0849,42.35708626,-71.40313662,2006.0,7.0,Summer,25.8,2.2,4,1,1,1,27.8,1.7000000000000002,Concord (SuAsCo)
W0850,42.35926526,-71.36883338,2006.0,7.0,Summer,27.8,4.6,4,1,1,1,29.8,4.1,Concord (SuAsCo)
W0847,42.39635089,-71.36467086,2006.0,7.0,Summer,28.5,1.6,4,1,1,1,30.5,1.1,Concord (SuAsCo)
W1481,42.44111379,-71.36805603,2006.0,7.0,Summer,29.0,8.1,2,0,0,1,31.0,7.6,Concord (SuAsCo)
W1487,42.64172611,-71.30284563,2006.0,7.0,Summer,27.4,7.7,2,0,0,1,29.4,7.2,Concord (SuAsCo)
W1489,42.63380122,-71.30119731,2006.0,7.0,Summer,24.7,8.1,2,0,0,1,26.7,7.6,Concord (SuAsCo)
W1488,42.57826214,-71.33253012,2006.0,7.0,Summer,29.1,7.4,2,0,0,1,31.1,6.9,Concord (SuAsCo)
W1486,42.58482438,-71.28718593,2006.0,7.0,Summer,28.2,8.6,2,0,0,1,30.2,8.1,Concord (SuAsCo)
W1485,42.55747509,-71.28252509,2006.0,7.0,Summer,28.1,9.0,2,0,0,1,30.1,8.5,Concord (SuAsCo)
W1483,42.50902782,-71.31411783,2006.0,7.0,Summer,30.2,10.0,2,0,0,1,32.2,9.5,Concord (SuAsCo)
W1482,42.47116456,-71.34989446,2006.0,7.0,Summer,28.1,6.7,2,0,0,1,30.1,6.2,Concord (SuAsCo)
W1468,42.27406018,-71.63224204,2006.0,8.0,Summer,17.2,8.7,2,0,0,1,19.2,8.2,Concord (SuAsCo)
W1469,42.28350805,-71.63858701,2006.0,8.0,Summer,21.0,7.2,2,0,0,1,23.0,6.7,Concord (SuAsCo)
W0695,42.30485304,-71.62845076,2006.0,8.0,Summer,19.4,6.2,2,0,0,1,21.4,5.7,Concord (SuAsCo)
W1470,42.32036993,-71.63553499,2006.0,8.0,Summer,19.6,6.4,2,0,0,1,21.6,5.9,Concord (SuAsCo)
W1471,42.32949677,-71.63006336,2006.0,8.0,Summer,19.5,8.1,2,0,0,1,21.5,7.6,Concord (SuAsCo)
W1472,42.34151216,-71.61641,2006.0,8.0,Summer,20.4,9.1,2,0,0,1,22.4,8.6,Concord (SuAsCo)
W1473,42.3465007,-71.61460331,2006.0,8.0,Summer,20.6,8.6,2,0,0,1,22.6,8.1,Concord (SuAsCo)
W1474,42.38030934,-71.58613633,2006.0,8.0,Summer,21.4,8.2,2,0,0,1,23.4,7.699999999999999,Concord (SuAsCo)
W1475,42.39979789,-71.54598569,2006.0,8.0,Summer,21.0,7.3,2,0,0,1,23.0,6.8,Concord (SuAsCo)
W1476,42.40462155,-71.52654108,2006.0,8.0,Summer,21.2,8.2,2,0,0,1,23.2,7.699999999999999,Concord (SuAsCo)
W1477,42.41163442,-71.50844219,2006.0,8.0,Summer,21.6,6.3,2,0,0,1,23.6,5.8,Concord (SuAsCo)
W1478,42.4231785,-71.47472183,2006.0,8.0,Summer,23.0,7.8,2,0,0,1,25.0,7.3,Concord (SuAsCo)
W1479,42.44086923,-71.42935628,2006.0,8.0,Summer,23.9,8.9,2,0,0,1,25.9,8.4,Concord (SuAsCo)
W0843,42.46568803,-71.39143422,2006.0,8.0,Summer,22.9,8.8,2,0,0,1,24.9,8.3,Concord (SuAsCo)
W0844,42.45974876,-71.35935869,2006.0,8.0,Summer,24.0,8.2,2,0,0,1,26.0,7.699999999999999,Concord (SuAsCo)
W0832,42.26764467,-71.55276363,2006.0,8.0,Summer,19.7,4.2,3,1,0,1,21.7,3.7,Concord (SuAsCo)
W0838,42.25849843,-71.45547229,2006.0,8.0,Summer,20.8,7.4,2,0,0,1,22.8,6.9,Concord (SuAsCo)
W0696,42.32543468,-71.39736431,2006.0,8.0,Summer,21.9,7.4,2,0,0,1,23.9,6.9,Concord (SuAsCo)
W1480,42.3386459,-71.39498427,2006.0,8.0,Summer,21.5,7.4,2,0,0,1,23.5,6.9,Concord (SuAsCo)
W0850,42.35926526,-71.36883338,2006.0,8.0,Summer,21.7,5.6,2,0,0,1,23.7,5.1,Concord (SuAsCo)
W0847,42.39635089,-71.36467086,2006.0,8.0,Summer,22.3,1.2,3,1,0,1,24.3,0.7,Concord (SuAsCo)
W1481,42.44111379,-71.36805603,2006.0,8.0,Summer,23.4,6.4,2,0,0,1,25.4,5.9,Concord (SuAsCo)
W1487,42.64172611,-71.30284563,2006.0,8.0,Summer,23.2,8.5,2,0,0,1,25.2,8.0,Concord (SuAsCo)
W1489,42.63380122,-71.30119731,2006.0,8.0,Summer,19.1,8.5,2,0,0,1,21.1,8.0,Concord (SuAsCo)
W1486,42.58482438,-71.28718593,2006.0,8.0,Summer,23.7,8.3,2,0,0,1,25.7,7.800000000000001,Concord (SuAsCo)
W1488,42.57826214,-71.33253012,2006.0,8.0,Summer,22.2,8.3,2,0,0,1,24.2,7.800000000000001,Concord (SuAsCo)
W1485,42.55747509,-71.28252509,2006.0,8.0,Summer,24.3,9.0,2,0,0,1,26.3,8.5,Concord (SuAsCo)
W1483,42.50902782,-71.31411783,2006.0,8.0,Summer,23.8,9.1,2,0,0,1,25.8,8.6,Concord (SuAsCo)
W1482,42.47116456,-71.34989446,2006.0,8.0,Summer,23.1,8.5,2,0,0,1,25.1,8.0,Concord (SuAsCo)
W1468,42.27406018,-71.63224204,2006.0,9.0,Fall,17.7,9.2,1,0,0,1,19.7,8.7,Concord (SuAsCo)
W1469,42.28350805,-71.63858701,2006.0,9.0,Fall,17.6,8.4,1,0,0,1,19.6,7.9,Concord (SuAsCo)
W0695,42.30485304,-71.62845076,2006.0,9.0,Fall,16.1,7.4,1,0,0,1,18.1,6.9,Concord (SuAsCo)
W1470,42.32036993,-71.63553499,2006.0,9.0,Fall,15.9,7.3,1,0,0,1,17.9,6.8,Concord (SuAsCo)
W1471,42.32949677,-71.63006336,2006.0,9.0,Fall,15.7,9.0,1,0,0,1,17.7,8.5,Concord (SuAsCo)
W1472,42.34151216,-71.61641,2006.0,9.0,Fall,15.3,10.1,1,0,0,1,17.3,9.6,Concord (SuAsCo)
W1473,42.3465007,-71.61460331,2006.0,9.0,Fall,15.7,9.1,1,0,0,1,17.7,8.6,Concord (SuAsCo)
W1474,42.38030934,-71.58613633,2006.0,9.0,Fall,16.0,8.1,1,0,0,1,18.0,7.6,Concord (SuAsCo)
W1475,42.39979789,-71.54598569,2006.0,9.0,Fall,15.8,7.4,1,0,0,1,17.8,6.9,Concord (SuAsCo)
W1476,42.40462155,-71.52654108,2006.0,9.0,Fall,16.6,9.2,1,0,0,1,18.6,8.7,Concord (SuAsCo)
W1477,42.41163442,-71.50844219,2006.0,9.0,Fall,16.4,7.6,1,0,0,1,18.4,7.1,Concord (SuAsCo)
W1478,42.4231785,-71.47472183,2006.0,9.0,Fall,16.9,7.1,1,0,0,1,18.9,6.6,Concord (SuAsCo)
W1479,42.44086923,-71.42935628,2006.0,9.0,Fall,16.9,8.7,1,0,0,1,18.9,8.2,Concord (SuAsCo)
W0843,42.46568803,-71.39143422,2006.0,9.0,Fall,16.0,8.5,1,0,0,1,18.0,8.0,Concord (SuAsCo)
W0844,42.45974876,-71.35935869,2006.0,9.0,Fall,17.4,7.4,1,0,0,1,19.4,6.9,Concord (SuAsCo)
W0832,42.26764467,-71.55276363,2006.0,9.0,Fall,14.4,6.4,1,0,0,1,16.4,5.9,Concord (SuAsCo)
W0838,42.25849843,-71.45547229,2006.0,9.0,Fall,15.4,8.8,1,0,0,1,17.4,8.3,Concord (SuAsCo)
W0696,42.32543468,-71.39736431,2006.0,9.0,Fall,16.6,8.8,1,0,0,1,18.6,8.3,Concord (SuAsCo)
W1480,42.3386459,-71.39498427,2006.0,9.0,Fall,16.1,6.7,1,0,0,1,18.1,6.2,Concord (SuAsCo)
W0849,42.35708626,-71.40313662,2006.0,9.0,Fall,13.7,6.7,1,0,0,1,15.7,6.2,Concord (SuAsCo)
W0850,42.35926526,-71.36883338,2006.0,9.0,Fall,16.2,8.6,1,0,0,1,18.2,8.1,Concord (SuAsCo)
W1481,42.44111379,-71.36805603,2006.0,9.0,Fall,17.8,8.1,1,0,0,1,19.8,7.6,Concord (SuAsCo)
W1487,42.64172611,-71.30284563,2006.0,9.0,Fall,18.2,9.6,1,0,0,1,20.2,9.1,Concord (SuAsCo)
W1489,42.63380122,-71.30119731,2006.0,9.0,Fall,15.1,8.8,1,0,0,1,17.1,8.3,Concord (SuAsCo)
W1486,42.58482438,-71.28718593,2006.0,9.0,Fall,17.9,9.7,1,0,0,1,19.9,9.2,Concord (SuAsCo)
W1488,42.57826214,-71.33253012,2006.0,9.0,Fall,16.6,8.2,1,0,0,1,18.6,7.699999999999999,Concord (SuAsCo)
W1485,42.55747509,-71.28252509,2006.0,9.0,Fall,17.8,9.5,1,0,0,1,19.8,9.0,Concord (SuAsCo)
W1483,42.50902782,-71.31411783,2006.0,9.0,Fall,18.0,8.6,1,0,0,1,20.0,8.1,Concord (SuAsCo)
W1482,42.47116456,-71.34989446,2006.0,9.0,Fall,16.7,7.9,1,0,0,1,18.7,7.4,Concord (SuAsCo)
W0898,42.10912662,-70.90927444,2006.0,6.0,Summer,22.1,7.8,2,0,0,1,24.1,7.3,South Coastal
W0897,42.1055521,-70.89536679,2006.0,6.0,Summer,21.0,7.1,2,0,0,1,23.0,6.6,South Coastal
W0895,42.11232662,-70.87925085,2006.0,6.0,Summer,18.0,7.3,2,0,0,1,20.0,6.8,South Coastal
W1528,42.09611122,-70.84860507,2006.0,6.0,Summer,22.4,7.7,2,0,0,1,24.4,7.2,South Coastal
W0910,42.10540565,-70.82006123,2006.0,6.0,Summer,17.2,8.5,2,0,0,1,19.2,8.0,South Coastal
W0917,42.10734882,-70.80841733,2006.0,6.0,Summer,23.8,4.6,3,1,0,1,25.8,4.1,South Coastal
W1509,42.11721557,-70.80924461,2006.0,6.0,Summer,22.2,7.5,2,0,0,1,24.2,7.0,South Coastal
W1511,42.17667032,-70.74803083,2006.0,6.0,Summer,25.8,7.3,2,0,0,1,27.8,6.8,South Coastal
W1510,42.1918378,-70.77968605,2006.0,6.0,Summer,19.4,6.2,2,0,0,1,21.4,5.7,South Coastal
W0338,41.91104346,-70.64385015,2006.0,6.0,Summer,15.3,10.6,2,0,0,1,17.3,10.1,South Coastal
W0339,41.91774475,-70.6264616,2006.0,6.0,Summer,22.7,9.2,2,0,0,1,24.7,8.7,South Coastal
W0333,41.92602695,-70.61353249,2006.0,6.0,Summer,22.5,8.0,2,0,0,1,24.5,7.5,South Coastal
W1512,41.95436218,-70.66398316,2006.0,6.0,Summer,22.9,9.1,2,0,0,1,24.9,8.6,South Coastal
W1524,41.99075214,-70.73411426,2006.0,6.0,Summer,22.1,8.7,2,0,0,1,24.1,8.2,South Coastal
W1539,42.09449426,-70.71789649,2006.0,6.0,Summer,23.1,8.0,2,0,0,1,25.1,7.5,South Coastal
W0921,42.07998887,-70.74566501,2006.0,6.0,Summer,25.0,5.6,2,0,0,1,27.0,5.1,South Coastal
W1510,42.1918378,-70.77968605,2006.0,7.0,Summer,18.3,6.6,2,0,0,1,20.3,6.1,South Coastal
W1511,42.17667032,-70.74803083,2006.0,7.0,Summer,23.2,7.5,2,0,0,1,25.2,7.0,South Coastal
W1539,42.09449426,-70.71789649,2006.0,7.0,Summer,22.2,7.5,2,0,0,1,24.2,7.0,South Coastal
W0921,42.07998887,-70.74566501,2006.0,7.0,Summer,22.9,2.9,3,1,0,1,24.9,2.4,South Coastal
W0917,42.10734882,-70.80841733,2006.0,7.0,Summer,22.6,6.1,2,0,0,1,24.6,5.6,South Coastal
W0898,42.10912662,-70.90927444,2006.0,7.0,Summer,21.4,7.6,2,0,0,1,23.4,7.1,South Coastal
W0895,42.11232662,-70.87925085,2006.0,7.0,Summer,18.8,5.9,2,0,0,1,20.8,5.4,South Coastal
W1528,42.09611122,-70.84860507,2006.0,7.0,Summer,21.7,7.2,2,0,0,1,23.7,6.7,South Coastal
W0910,42.10540565,-70.82006123,2006.0,7.0,Summer,18.1,7.1,2,0,0,1,20.1,6.6,South Coastal
W1509,42.11721557,-70.80924461,2006.0,7.0,Summer,21.0,7.0,2,0,0,1,23.0,6.5,South Coastal
W0338,41.91104346,-70.64385015,2006.0,7.0,Summer,14.3,10.0,2,0,0,1,16.3,9.5,South Coastal
W0339,41.91774475,-70.6264616,2006.0,7.0,Summer,21.4,9.2,2,0,0,1,23.4,8.7,South Coastal
W0333,41.92602695,-70.61353249,2006.0,7.0,Summer,21.2,7.6,2,0,0,1,23.2,7.1,South Coastal
W1512,41.95436218,-70.66398316,2006.0,7.0,Summer,22.8,8.8,2,0,0,1,24.8,8.3,South Coastal
W1524,41.99075214,-70.73411426,2006.0,7.0,Summer,21.8,8.1,2,0,0,1,23.8,7.6,South Coastal
W1511,42.17667032,-70.74803083,2006.0,8.0,Summer,25.6,8.7,2,0,0,1,27.6,8.2,South Coastal
W1510,42.1918378,-70.77968605,2006.0,8.0,Summer,22.2,4.3,3,1,0,1,24.2,3.8,South Coastal
W1539,42.09449426,-70.71789649,2006.0,8.0,Summer,25.9,7.2,2,0,0,1,27.9,6.7,South Coastal
W0337,42.08647762,-70.65128516,2006.0,8.0,Summer,25.6,7.6,2,0,0,1,27.6,7.1,South Coastal
W0921,42.07998887,-70.74566501,2006.0,8.0,Summer,27.6,3.1,4,1,1,1,29.6,2.6,South Coastal
W0917,42.10734882,-70.80841733,2006.0,8.0,Summer,28.6,5.2,2,0,0,1,30.6,4.7,South Coastal
W0898,42.10912662,-70.90927444,2006.0,8.0,Summer,26.5,6.2,2,0,0,1,28.5,5.7,South Coastal
W0895,42.11232662,-70.87925085,2006.0,8.0,Summer,23.2,4.4,3,1,0,1,25.2,3.9000000000000004,South Coastal
W1528,42.09611122,-70.84860507,2006.0,8.0,Summer,27.3,6.4,2,0,0,1,29.3,5.9,South Coastal
W0910,42.10540565,-70.82006123,2006.0,8.0,Summer,21.5,6.7,2,0,0,1,23.5,6.2,South Coastal
W1509,42.11721557,-70.80924461,2006.0,8.0,Summer,25.3,6.0,2,0,0,1,27.3,5.5,South Coastal
W0338,41.91104346,-70.64385015,2006.0,8.0,Summer,18.3,10.0,2,0,0,1,20.3,9.5,South Coastal
W0339,41.91774475,-70.6264616,2006.0,8.0,Summer,26.1,8.1,2,0,0,1,28.1,7.6,South Coastal
W0333,41.92602695,-70.61353249,2006.0,8.0,Summer,26.2,7.8,2,0,0,1,28.2,7.3,South Coastal
W1512,41.95436218,-70.66398316,2006.0,8.0,Summer,27.0,8.2,2,0,0,1,29.0,7.699999999999999,South Coastal
W1524,41.99075214,-70.73411426,2006.0,8.0,Summer,25.7,8.0,2,0,0,1,27.7,7.5,South Coastal
W1510,42.1918378,-70.77968605,2006.0,9.0,Fall,16.5,7.2,1,0,0,1,18.5,6.7,South Coastal
W1511,42.17667032,-70.74803083,2006.0,9.0,Fall,18.5,5.8,1,0,0,1,20.5,5.3,South Coastal
W1539,42.09449426,-70.71789649,2006.0,9.0,Fall,18.4,8.5,1,0,0,1,20.4,8.0,South Coastal
W0921,42.07998887,-70.74566501,2006.0,9.0,Fall,19.0,4.9,2,1,0,1,21.0,4.4,South Coastal
W0917,42.10734882,-70.80841733,2006.0,9.0,Fall,19.2,6.3,1,0,0,1,21.2,5.8,South Coastal
W0898,42.10912662,-70.90927444,2006.0,9.0,Fall,19.3,8.0,1,0,0,1,21.3,7.5,South Coastal
W0897,42.1055521,-70.89536679,2006.0,9.0,Fall,20.6,7.3,1,0,0,1,22.6,6.8,South Coastal
W0895,42.11232662,-70.87925085,2006.0,9.0,Fall,16.8,6.8,1,0,0,1,18.8,6.3,South Coastal
W1528,42.09611122,-70.84860507,2006.0,9.0,Fall,19.0,7.5,1,0,0,1,21.0,7.0,South Coastal
W0910,42.10540565,-70.82006123,2006.0,9.0,Fall,16.3,8.2,1,0,0,1,18.3,7.699999999999999,South Coastal
W1509,42.11721557,-70.80924461,2006.0,9.0,Fall,17.8,8.0,1,0,0,1,19.8,7.5,South Coastal
W0338,41.91104346,-70.64385015,2006.0,9.0,Fall,15.6,8.8,1,0,0,1,17.6,8.3,South Coastal
W0339,41.91774475,-70.6264616,2006.0,9.0,Fall,18.2,9.8,1,0,0,1,20.2,9.3,South Coastal
W0333,41.92602695,-70.61353249,2006.0,9.0,Fall,18.3,8.7,1,0,0,1,20.3,8.2,South Coastal
W1512,41.95436218,-70.66398316,2006.0,9.0,Fall,19.2,9.6,1,0,0,1,21.2,9.1,South Coastal
W1524,41.99075214,-70.73411426,2006.0,9.0,Fall,17.9,9.5,1,0,0,1,19.9,9.0,South Coastal
W1510,42.1918378,-70.77968605,2006.0,10.0,Fall,12.0,4.9,2,1,0,1,14.0,4.4,South Coastal
W1511,42.17667032,-70.74803083,2006.0,10.0,Fall,14.9,10.7,1,0,0,1,16.9,10.2,South Coastal
W1539,42.09449426,-70.71789649,2006.0,10.0,Fall,14.2,9.1,1,0,0,1,16.2,8.6,South Coastal
W0337,42.08647762,-70.65128516,2006.0,10.0,Fall,14.2,7.8,1,0,0,1,16.2,7.3,South Coastal
W0921,42.07998887,-70.74566501,2006.0,10.0,Fall,13.0,2.5,2,1,0,1,15.0,2.0,South Coastal
W0917,42.10734882,-70.80841733,2006.0,10.0,Fall,13.6,6.6,1,0,0,1,15.6,6.1,South Coastal
W0898,42.10912662,-70.90927444,2006.0,10.0,Fall,13.9,8.6,1,0,0,1,15.9,8.1,South Coastal
W0897,42.1055521,-70.89536679,2006.0,10.0,Fall,16.6,6.8,1,0,0,1,18.6,6.3,South Coastal
W0895,42.11232662,-70.87925085,2006.0,10.0,Fall,12.3,6.8,1,0,0,1,14.3,6.3,South Coastal
W1528,42.09611122,-70.84860507,2006.0,10.0,Fall,14.1,8.1,1,0,0,1,16.1,7.6,South Coastal
W0910,42.10540565,-70.82006123,2006.0,10.0,Fall,11.7,8.8,1,0,0,1,13.7,8.3,South Coastal
W1509,42.11721557,-70.80924461,2006.0,10.0,Fall,13.0,8.5,1,0,0,1,15.0,8.0,South Coastal
W0338,41.91104346,-70.64385015,2006.0,10.0,Fall,12.3,9.0,1,0,0,1,14.3,8.5,South Coastal
W0339,41.91774475,-70.6264616,2006.0,10.0,Fall,13.9,10.6,1,0,0,1,15.9,10.1,South Coastal
W0333,41.92602695,-70.61353249,2006.0,10.0,Fall,14.0,9.7,1,0,0,1,16.0,9.2,South Coastal
W1512,41.95436218,-70.66398316,2006.0,10.0,Fall,14.8,10.5,1,0,0,1,16.8,10.0,South Coastal
W1524,41.99075214,-70.73411426,2006.0,10.0,Fall,13.6,10.5,1,0,0,1,15.6,10.0,South Coastal
W0348,42.25214199,-73.12277522,2006.0,7.0,Summer,23.9,7.2,2,0,0,1,25.9,6.7,Farmington
W0348,42.25214199,-73.12277522,2006.0,7.0,Summer,23.8,7.1,2,0,0,1,25.8,6.6,Farmington
W0348,42.25214199,-73.12277522,2006.0,7.0,Summer,23.9,7.2,2,0,0,1,25.9,6.7,Farmington
W0348,42.25214199,-73.12277522,2006.0,7.0,Summer,22.4,6.4,2,0,0,1,24.4,5.9,Farmington
W0348,42.25214199,-73.12277522,2006.0,7.0,Summer,20.1,5.7,2,0,0,1,22.1,5.2,Farmington
W0348,42.25214199,-73.12277522,2006.0,7.0,Summer,17.6,4.0,3,1,0,1,19.6,3.5,Farmington
W0348,42.25214199,-73.12277522,2006.0,7.0,Summer,16.2,2.2,3,1,0,1,18.2,1.7000000000000002,Farmington
W0348,42.25214199,-73.12277522,2006.0,7.0,Summer,15.5,1.2,3,1,0,1,17.5,0.7,Farmington
W0348,42.25214199,-73.12277522,2006.0,7.0,Summer,14.7,0.6,3,1,0,1,16.7,0.09999999999999998,Farmington
W0348,42.25214199,-73.12277522,2006.0,7.0,Summer,14.3,0.2,3,1,0,1,16.3,0.0,Farmington
W0347,42.18359566,-73.04390073,2006.0,7.0,Summer,24.3,7.5,2,0,0,1,26.3,7.0,Farmington
W0347,42.18359566,-73.04390073,2006.0,7.0,Summer,24.3,7.5,2,0,0,1,26.3,7.0,Farmington
W0347,42.18359566,-73.04390073,2006.0,7.0,Summer,21.0,8.9,2,0,0,1,23.0,8.4,Farmington
W0347,42.18359566,-73.04390073,2006.0,7.0,Summer,18.7,9.1,2,0,0,1,20.7,8.6,Farmington
W0347,42.18359566,-73.04390073,2006.0,7.0,Summer,18.2,8.7,2,0,0,1,20.2,8.2,Farmington
W0347,42.18359566,-73.04390073,2006.0,7.0,Summer,17.8,6.7,2,0,0,1,19.8,6.2,Farmington
W0347,42.18359566,-73.04390073,2006.0,7.0,Summer,17.1,4.8,3,1,0,1,19.1,4.3,Farmington
W0347,42.18359566,-73.04390073,2006.0,7.0,Summer,16.6,3.6,3,1,0,1,18.6,3.1,Farmington
W0347,42.18359566,-73.04390073,2006.0,7.0,Summer,16.0,1.4,3,1,0,1,18.0,0.8999999999999999,Farmington
W1750,42.18062732,-72.69799702,2006.0,7.0,Summer,26.8,8.2,2,0,0,1,28.8,7.699999999999999,Westfield
W1750,42.18062732,-72.69799702,2006.0,7.0,Summer,26.6,8.2,2,0,0,1,28.6,7.699999999999999,Westfield
W1750,42.18062732,-72.69799702,2006.0,7.0,Summer,26.4,7.0,2,0,0,1,28.4,6.5,Westfield
W1751,42.18432523,-72.69383159,2006.0,7.0,Summer,27.4,8.6,2,0,0,1,29.4,8.1,Westfield
W1751,42.18432523,-72.69383159,2006.0,7.0,Summer,26.8,8.4,2,0,0,1,28.8,7.9,Westfield
W1751,42.18432523,-72.69383159,2006.0,7.0,Summer,26.8,8.2,2,0,0,1,28.8,7.699999999999999,Westfield
W1751,42.18432523,-72.69383159,2006.0,7.0,Summer,23.5,3.3,3,1,0,1,25.5,2.8,Westfield
W1751,42.18432523,-72.69383159,2006.0,7.0,Summer,19.2,0.6,3,1,0,1,21.2,0.09999999999999998,Westfield
W1749,42.17533934,-72.69712736,2006.0,7.0,Summer,27.2,9.6,2,0,0,1,29.2,9.1,Westfield
W1749,42.17533934,-72.69712736,2006.0,7.0,Summer,26.6,4.6,4,1,1,1,28.6,4.1,Westfield
W1752,42.1709534,-72.70321114,2006.0,7.0,Summer,26.3,6.1,2,0,0,1,28.3,5.6,Westfield
W1752,42.1709534,-72.70321114,2006.0,7.0,Summer,25.2,2.6,4,1,1,1,27.2,2.1,Westfield
W1752,42.1709534,-72.70321114,2006.0,7.0,Summer,22.0,0.3,3,1,0,1,24.0,0.0,Westfield
W1752,42.1709534,-72.70321114,2006.0,7.0,Summer,15.6,2.5,3,1,0,1,17.6,2.0,Westfield
W1293,42.53700951,-72.97936418,2006.0,7.0,Summer,25.5,7.2,2,0,0,1,27.5,6.7,Westfield
W1293,42.53700951,-72.97936418,2006.0,7.0,Summer,25.2,7.1,2,0,0,1,27.2,6.6,Westfield
W1293,42.53700951,-72.97936418,2006.0,7.0,Summer,24.7,6.7,2,0,0,1,26.7,6.2,Westfield
W1293,42.53700951,-72.97936418,2006.0,7.0,Summer,22.6,7.5,2,0,0,1,24.6,7.0,Westfield
W1293,42.53700951,-72.97936418,2006.0,7.0,Summer,18.6,4.8,3,1,0,1,20.6,4.3,Westfield
W1293,42.53700951,-72.97936418,2006.0,7.0,Summer,16.6,5.1,2,0,0,1,18.6,4.6,Westfield
W1293,42.53700951,-72.97936418,2006.0,7.0,Summer,14.7,5.0,2,0,0,1,16.7,4.5,Westfield
W1293,42.53700951,-72.97936418,2006.0,7.0,Summer,10.8,4.6,3,1,0,1,12.8,4.1,Westfield
W1293,42.53700951,-72.97936418,2006.0,7.0,Summer,6.7,2.2,3,1,0,1,8.7,1.7000000000000002,Westfield
W1293,42.53700951,-72.97936418,2006.0,7.0,Summer,6.3,1.0,3,1,0,1,8.3,0.5,Westfield
W1293,42.53700951,-72.97936418,2006.0,7.0,Summer,7.9,3.2,3,1,0,1,9.9,2.7,Westfield
W1748,42.18134726,-73.11783511,2006.0,8.0,Summer,25.6,6.4,2,0,0,1,27.6,5.9,Farmington
W1748,42.18134726,-73.11783511,2006.0,8.0,Summer,25.2,4.9,4,1,1,1,27.2,4.4,Farmington
W1748,42.18134726,-73.11783511,2006.0,8.0,Summer,18.1,0.3,3,1,0,1,20.1,0.0,Farmington
W1748,42.18134726,-73.11783511,2006.0,8.0,Summer,6.2,0.2,3,1,0,1,8.2,0.0,Farmington
W1747,42.09569036,-73.18158829,2006.0,8.0,Summer,25.9,7.0,1,0,0,0,27.9,6.5,Farmington
W1747,42.09569036,-73.18158829,2006.0,8.0,Summer,25.9,7.0,1,0,0,0,27.9,6.5,Farmington
W1747,42.09569036,-73.18158829,2006.0,8.0,Summer,25.8,6.9,1,0,0,0,27.8,6.4,Farmington
W1747,42.09569036,-73.18158829,2006.0,8.0,Summer,19.0,0.3,2,1,0,0,21.0,0.0,Farmington
W0348,42.25214199,-73.12277522,2006.0,8.0,Summer,23.0,7.5,2,0,0,1,25.0,7.0,Farmington
W0348,42.25214199,-73.12277522,2006.0,8.0,Summer,23.0,7.5,2,0,0,1,25.0,7.0,Farmington
W0348,42.25214199,-73.12277522,2006.0,8.0,Summer,23.0,7.5,2,0,0,1,25.0,7.0,Farmington
W0348,42.25214199,-73.12277522,2006.0,8.0,Summer,22.5,6.5,2,0,0,1,24.5,6.0,Farmington
W0348,42.25214199,-73.12277522,2006.0,8.0,Summer,21.0,3.7,3,1,0,1,23.0,3.2,Farmington
W0348,42.25214199,-73.12277522,2006.0,8.0,Summer,16.3,0.3,3,1,0,1,18.3,0.0,Farmington
W0347,42.18359566,-73.04390073,2006.0,8.0,Summer,23.8,8.1,2,0,0,1,25.8,7.6,Farmington
W0347,42.18359566,-73.04390073,2006.0,8.0,Summer,23.8,8.1,2,0,0,1,25.8,7.6,Farmington
W0347,42.18359566,-73.04390073,2006.0,8.0,Summer,23.8,8.1,2,0,0,1,25.8,7.6,Farmington
W0347,42.18359566,-73.04390073,2006.0,8.0,Summer,23.8,8.1,2,0,0,1,25.8,7.6,Farmington
W0347,42.18359566,-73.04390073,2006.0,8.0,Summer,23.3,8.0,2,0,0,1,25.3,7.5,Farmington
W0347,42.18359566,-73.04390073,2006.0,8.0,Summer,23.1,7.6,2,0,0,1,25.1,7.1,Farmington
W0347,42.18359566,-73.04390073,2006.0,8.0,Summer,18.6,3.2,3,1,0,1,20.6,2.7,Farmington
W0347,42.18359566,-73.04390073,2006.0,8.0,Summer,16.3,0.3,3,1,0,1,18.3,0.0,Farmington
W1293,42.53700951,-72.97936418,2006.0,8.0,Summer,19.8,8.5,2,0,0,1,21.8,8.0,Westfield
W1293,42.53700951,-72.97936418,2006.0,8.0,Summer,19.4,7.9,2,0,0,1,21.4,7.4,Westfield
W1293,42.53700951,-72.97936418,2006.0,8.0,Summer,19.0,6.9,2,0,0,1,21.0,6.4,Westfield
W1293,42.53700951,-72.97936418,2006.0,8.0,Summer,17.8,5.0,2,0,0,1,19.8,4.5,Westfield
W1293,42.53700951,-72.97936418,2006.0,8.0,Summer,13.7,2.8,3,1,0,1,15.7,2.3,Westfield
W1293,42.53700951,-72.97936418,2006.0,8.0,Summer,11.8,2.8,3,1,0,1,13.8,2.3,Westfield
W1293,42.53700951,-72.97936418,2006.0,8.0,Summer,9.0,1.5,3,1,0,1,11.0,1.0,Westfield
W1293,42.53700951,-72.97936418,2006.0,8.0,Summer,7.0,0.5,3,1,0,1,9.0,0.0,Westfield
W1750,42.18062732,-72.69799702,2006.0,8.0,Summer,22.2,6.2,2,0,0,1,24.2,5.7,Westfield
W1750,42.18062732,-72.69799702,2006.0,8.0,Summer,22.2,6.0,2,0,0,1,24.2,5.5,Westfield
W1750,42.18062732,-72.69799702,2006.0,8.0,Summer,22.2,6.0,2,0,0,1,24.2,5.5,Westfield
W1750,42.18062732,-72.69799702,2006.0,8.0,Summer,21.9,1.9,3,1,0,1,23.9,1.4,Westfield
W1750,42.18062732,-72.69799702,2006.0,8.0,Summer,21.7,2.7,3,1,0,1,23.7,2.2,Westfield
W1751,42.18432523,-72.69383159,2006.0,8.0,Summer,21.7,5.7,2,0,0,1,23.7,5.2,Westfield
W1751,42.18432523,-72.69383159,2006.0,8.0,Summer,21.7,5.6,2,0,0,1,23.7,5.1,Westfield
W1751,42.18432523,-72.69383159,2006.0,8.0,Summer,21.7,5.6,2,0,0,1,23.7,5.1,Westfield
W1751,42.18432523,-72.69383159,2006.0,8.0,Summer,21.7,5.2,2,0,0,1,23.7,4.7,Westfield
W1751,42.18432523,-72.69383159,2006.0,8.0,Summer,21.5,2.6,3,1,0,1,23.5,2.1,Westfield
W1749,42.17533934,-72.69712736,2006.0,8.0,Summer,21.6,4.4,3,1,0,1,23.6,3.9000000000000004,Westfield
W1749,42.17533934,-72.69712736,2006.0,8.0,Summer,21.4,4.7,3,1,0,1,23.4,4.2,Westfield
W1749,42.17533934,-72.69712736,2006.0,8.0,Summer,21.2,5.0,2,0,0,1,23.2,4.5,Westfield
W1752,42.1709534,-72.70321114,2006.0,8.0,Summer,21.6,6.1,2,0,0,1,23.6,5.6,Westfield
W1752,42.1709534,-72.70321114,2006.0,8.0,Summer,21.2,5.5,2,0,0,1,23.2,5.0,Westfield
W1752,42.1709534,-72.70321114,2006.0,8.0,Summer,20.5,3.1,3,1,0,1,22.5,2.6,Westfield
W1752,42.1709534,-72.70321114,2006.0,8.0,Summer,17.4,0.7,3,1,0,1,19.4,0.19999999999999996,Westfield
W1748,42.18134726,-73.11783511,2006.0,9.0,Fall,18.2,8.1,1,0,0,1,20.2,7.6,Farmington
W1748,42.18134726,-73.11783511,2006.0,9.0,Fall,17.7,8.0,1,0,0,1,19.7,7.5,Farmington
W1748,42.18134726,-73.11783511,2006.0,9.0,Fall,17.2,7.3,1,0,0,1,19.2,6.8,Farmington
W1748,42.18134726,-73.11783511,2006.0,9.0,Fall,16.0,1.9,2,1,0,1,18.0,1.4,Farmington
W1748,42.18134726,-73.11783511,2006.0,9.0,Fall,13.0,0.2,2,1,0,1,15.0,0.0,Farmington
W1747,42.09569036,-73.18158829,2006.0,9.0,Fall,19.7,8.3,1,0,0,1,21.7,7.800000000000001,Farmington
W1747,42.09569036,-73.18158829,2006.0,9.0,Fall,18.3,8.3,1,0,0,1,20.3,7.800000000000001,Farmington
W1747,42.09569036,-73.18158829,2006.0,9.0,Fall,17.7,8.1,1,0,0,1,19.7,7.6,Farmington
W1747,42.09569036,-73.18158829,2006.0,9.0,Fall,17.4,7.1,1,0,0,1,19.4,6.6,Farmington
W1747,42.09569036,-73.18158829,2006.0,9.0,Fall,17.4,7.0,1,0,0,1,19.4,6.5,Farmington
W0347,42.18359566,-73.04390073,2006.0,9.0,Fall,20.0,8.2,1,0,0,1,22.0,7.699999999999999,Farmington
W0347,42.18359566,-73.04390073,2006.0,9.0,Fall,19.8,8.2,1,0,0,1,21.8,7.699999999999999,Farmington
W0347,42.18359566,-73.04390073,2006.0,9.0,Fall,18.8,8.2,1,0,0,1,20.8,7.699999999999999,Farmington
W0347,42.18359566,-73.04390073,2006.0,9.0,Fall,18.6,8.1,1,0,0,1,20.6,7.6,Farmington
W0347,42.18359566,-73.04390073,2006.0,9.0,Fall,18.6,8.0,1,0,0,1,20.6,7.5,Farmington
W0347,42.18359566,-73.04390073,2006.0,9.0,Fall,18.5,7.8,1,0,0,1,20.5,7.3,Farmington
W0347,42.18359566,-73.04390073,2006.0,9.0,Fall,18.4,7.3,1,0,0,1,20.4,6.8,Farmington
W0347,42.18359566,-73.04390073,2006.0,9.0,Fall,18.2,5.5,1,0,0,1,20.2,5.0,Farmington
W0348,42.25214199,-73.12277522,2006.0,9.0,Fall,19.1,7.4,1,0,0,1,21.1,6.9,Farmington
W0348,42.25214199,-73.12277522,2006.0,9.0,Fall,18.6,7.2,1,0,0,1,20.6,6.7,Farmington
W0348,42.25214199,-73.12277522,2006.0,9.0,Fall,18.4,6.8,1,0,0,1,20.4,6.3,Farmington
W0348,42.25214199,-73.12277522,2006.0,9.0,Fall,18.3,6.6,1,0,0,1,20.3,6.1,Farmington
W0348,42.25214199,-73.12277522,2006.0,9.0,Fall,18.2,5.4,1,0,0,1,20.2,4.9,Farmington
W1293,42.53700951,-72.97936418,2006.0,9.0,Fall,17.8,9.0,1,0,0,1,19.8,8.5,Westfield
W1293,42.53700951,-72.97936418,2006.0,9.0,Fall,17.6,9.1,1,0,0,1,19.6,8.6,Westfield
W1293,42.53700951,-72.97936418,2006.0,9.0,Fall,17.2,8.4,1,0,0,1,19.2,7.9,Westfield
W1293,42.53700951,-72.97936418,2006.0,9.0,Fall,16.5,6.6,1,0,0,1,18.5,6.1,Westfield
W1293,42.53700951,-72.97936418,2006.0,9.0,Fall,16.1,5.7,1,0,0,1,18.1,5.2,Westfield
W1293,42.53700951,-72.97936418,2006.0,9.0,Fall,13.5,1.7,2,1,0,1,15.5,1.2,Westfield
W1293,42.53700951,-72.97936418,2006.0,9.0,Fall,8.0,0.8,2,1,0,1,10.0,0.30000000000000004,Westfield
W1750,42.18062732,-72.69799702,2006.0,9.0,Fall,20.8,8.8,1,0,0,1,22.8,8.3,Westfield
W1750,42.18062732,-72.69799702,2006.0,9.0,Fall,20.7,8.8,1,0,0,1,22.7,8.3,Westfield
W1750,42.18062732,-72.69799702,2006.0,9.0,Fall,20.6,9.1,1,0,0,1,22.6,8.6,Westfield
W1750,42.18062732,-72.69799702,2006.0,9.0,Fall,20.6,9.0,1,0,0,1,22.6,8.5,Westfield
W1750,42.18062732,-72.69799702,2006.0,9.0,Fall,20.3,3.8,2,1,0,1,22.3,3.3,Westfield
W1751,42.18432523,-72.69383159,2006.0,9.0,Fall,20.3,9.0,1,0,0,1,22.3,8.5,Westfield
W1751,42.18432523,-72.69383159,2006.0,9.0,Fall,20.3,9.0,1,0,0,1,22.3,8.5,Westfield
W1751,42.18432523,-72.69383159,2006.0,9.0,Fall,20.3,8.9,1,0,0,1,22.3,8.4,Westfield
W1751,42.18432523,-72.69383159,2006.0,9.0,Fall,20.3,8.8,1,0,0,1,22.3,8.3,Westfield
W1751,42.18432523,-72.69383159,2006.0,9.0,Fall,20.3,8.8,1,0,0,1,22.3,8.3,Westfield
W1751,42.18432523,-72.69383159,2006.0,9.0,Fall,19.0,0.3,2,1,0,1,21.0,0.0,Westfield
W1749,42.17533934,-72.69712736,2006.0,9.0,Fall,20.4,7.6,1,0,0,1,22.4,7.1,Westfield
W1749,42.17533934,-72.69712736,2006.0,9.0,Fall,20.2,7.6,1,0,0,1,22.2,7.1,Westfield
W1749,42.17533934,-72.69712736,2006.0,9.0,Fall,19.8,7.5,1,0,0,1,21.8,7.0,Westfield
W1749,42.17533934,-72.69712736,2006.0,9.0,Fall,19.9,5.2,1,0,0,1,21.9,4.7,Westfield
W1752,42.1709534,-72.70321114,2006.0,9.0,Fall,20.6,6.7,1,0,0,1,22.6,6.2,Westfield
W1752,42.1709534,-72.70321114,2006.0,9.0,Fall,20.3,6.7,1,0,0,1,22.3,6.2,Westfield
W1752,42.1709534,-72.70321114,2006.0,9.0,Fall,19.1,5.2,1,0,0,1,21.1,4.7,Westfield
W1752,42.1709534,-72.70321114,2006.0,9.0,Fall,18.8,4.9,2,1,0,1,20.8,4.4,Westfield
W1752,42.1709534,-72.70321114,2006.0,9.0,Fall,17.4,0.2,2,1,0,1,19.4,0.0,Westfield
W0481,42.4951686,-71.72192464,2006.0,1.0,Winter,2.6,13.6,1,0,0,1,4.6,13.1,Nashua
W0681,42.44473811,-71.67198789,2006.0,1.0,Winter,2.9,13.6,1,0,0,1,4.9,13.1,Nashua
W0487,42.62094186,-71.64380951,2006.0,1.0,Winter,1.1,13.8,1,0,0,1,3.1,13.3,Nashua
W0485,42.66968673,-71.56776529,2006.0,1.0,Winter,1.5,14.6,1,0,0,1,3.5,14.1,Nashua
W0496,42.62647657,-71.59314962,2006.0,1.0,Winter,1.8,13.5,1,0,0,1,3.8,13.0,Nashua
W0490,42.26477944,-72.00491606,2006.0,1.0,Winter,0.5,13.3,1,0,0,1,2.5,12.8,Chicopee
W0494,42.39121389,-72.0645552,2006.0,1.0,Winter,0.1,14.2,1,0,0,1,2.1,13.7,Chicopee
W0493,42.26797538,-72.33276108,2006.0,1.0,Winter,3.7,13.1,1,0,0,1,5.7,12.6,Chicopee
W0492,42.23872578,-72.285755,2006.0,1.0,Winter,0.8,14.0,1,0,0,1,2.8,13.5,Chicopee
W0491,42.18142994,-72.26354268,2006.0,1.0,Winter,2.3,13.5,1,0,0,1,4.3,13.0,Chicopee
W0601,42.10956147,-72.11856925,2006.0,1.0,Winter,1.4,13.6,1,0,0,1,3.4,13.1,Quinebaug
W0615,42.11947322,-72.00870444,2006.0,1.0,Winter,2.1,13.6,0,0,0,0,4.1,13.1,Quinebaug
W0600,42.02202663,-71.9543561,2006.0,1.0,Winter,1.6,14.0,1,0,0,1,3.6,13.5,Quinebaug
W0602,42.05094532,-71.88507359,2006.0,1.0,Winter,1.9,13.5,1,0,0,1,3.9,13.0,French
W0691,42.58812535,-72.04099473,2006.0,2.0,Winter,0.3,13.2,1,0,0,1,2.3,12.7,Millers
W0692,42.62969793,-72.15035652,2006.0,2.0,Winter,0.3,13.9,1,0,0,1,2.3,13.4,Millers
W0693,42.68279648,-72.11503734,2006.0,2.0,Winter,0.2,12.0,1,0,0,1,2.2,11.5,Millers
W0694,42.6723218,-72.09305542,2006.0,2.0,Winter,1.2,14.0,1,0,0,1,3.2,13.5,Millers
W0695,42.30485304,-71.62845076,2006.0,2.0,Winter,2.2,12.6,1,0,0,1,4.2,12.1,Concord (SuAsCo)
W0696,42.32543468,-71.39736431,2006.0,2.0,Winter,1.6,14.7,1,0,0,1,3.6,14.2,Concord (SuAsCo)
W0697,42.43206352,-71.44974106,2006.0,2.0,Winter,0.8,14.8,1,0,0,1,2.8,14.3,Concord (SuAsCo)
W0698,42.51227518,-71.40458554,2006.0,2.0,Winter,0.4,12.5,1,0,0,1,2.4,12.0,Concord (SuAsCo)
W0679,42.63670884,-71.3017484,2006.0,2.0,Winter,1.1,15.0,1,0,0,1,3.1,14.5,Concord (SuAsCo)
W0680,42.22778189,-71.78735524,2006.0,2.0,Winter,2.5,14.3,1,0,0,1,4.5,13.8,Blackstone
W0688,42.02298331,-71.57206082,2006.0,2.0,Winter,2.0,13.9,1,0,0,1,4.0,13.4,Blackstone
W0515,42.1003609,-71.60111703,2006.0,2.0,Winter,0.9,13.2,1,0,0,1,2.9,12.7,Blackstone
W0767,42.153873,-71.65203977,2006.0,2.0,Winter,3.6,14.3,1,0,0,1,5.6,13.8,Blackstone
W0689,42.23053792,-71.70809238,2006.0,2.0,Winter,2.0,14.3,1,0,0,1,4.0,13.8,Blackstone
W0481,42.4951686,-71.72192464,2006.0,3.0,Spring,6.2,12.0,1,0,0,1,8.2,11.5,Nashua
W0681,42.44473811,-71.67198789,2006.0,3.0,Spring,6.2,11.6,1,0,0,1,8.2,11.1,Nashua
W0487,42.62094186,-71.64380951,2006.0,3.0,Spring,4.5,12.7,1,0,0,1,6.5,12.2,Nashua
W0485,42.66968673,-71.56776529,2006.0,3.0,Spring,6.0,13.2,1,0,0,1,8.0,12.7,Nashua
W0496,42.62647657,-71.59314962,2006.0,3.0,Spring,6.3,12.0,1,0,0,1,8.3,11.5,Nashua
W0490,42.26477944,-72.00491606,2006.0,3.0,Spring,2.9,13.2,1,0,0,1,4.9,12.7,Chicopee
W0494,42.39121389,-72.0645552,2006.0,3.0,Spring,3.1,13.2,1,0,0,1,5.1,12.7,Chicopee
W0493,42.26797538,-72.33276108,2006.0,3.0,Spring,2.2,14.4,1,0,0,1,4.2,13.9,Chicopee
W0492,42.23872578,-72.285755,2006.0,3.0,Spring,4.1,13.5,1,0,0,1,6.1,13.0,Chicopee
W0491,42.18142994,-72.26354268,2006.0,3.0,Spring,5.5,13.6,1,0,0,1,7.5,13.1,Chicopee
W0601,42.10956147,-72.11856925,2006.0,3.0,Spring,3.0,13.9,1,0,0,1,5.0,13.4,Quinebaug
W0615,42.11947322,-72.00870444,2006.0,3.0,Spring,2.4,15.9,1,0,0,1,4.4,15.4,Quinebaug
W0600,42.02202663,-71.9543561,2006.0,3.0,Spring,4.2,14.4,1,0,0,1,6.2,13.9,Quinebaug
W0602,42.05094532,-71.88507359,2006.0,3.0,Spring,4.6,13.6,1,0,0,1,6.6,13.1,French
W0690,42.59751119,-72.43783955,2006.0,4.0,Spring,5.8,12.9,1,0,0,1,7.8,12.4,Millers
W0691,42.58812535,-72.04099473,2006.0,4.0,Spring,4.7,12.4,1,0,0,1,6.7,11.9,Millers
W0692,42.62969793,-72.15035652,2006.0,4.0,Spring,5.2,12.5,1,0,0,1,7.2,12.0,Millers
W0693,42.68279648,-72.11503734,2006.0,4.0,Spring,3.4,11.2,1,0,0,1,5.4,10.7,Millers
W0694,42.6723218,-72.09305542,2006.0,4.0,Spring,5.2,12.6,1,0,0,1,7.2,12.1,Millers
W0695,42.30485304,-71.62845076,2006.0,4.0,Spring,10.0,9.3,1,0,0,1,12.0,8.8,Concord (SuAsCo)
W0696,42.32543468,-71.39736431,2006.0,4.0,Spring,11.6,11.8,1,0,0,1,13.6,11.3,Concord (SuAsCo)
W0697,42.43206352,-71.44974106,2006.0,4.0,Spring,11.8,12.8,1,0,0,1,13.8,12.3,Concord (SuAsCo)
W0698,42.51227518,-71.40458554,2006.0,4.0,Spring,10.1,10.2,1,0,0,1,12.1,9.7,Concord (SuAsCo)
W0679,42.63670884,-71.3017484,2006.0,4.0,Spring,11.4,11.9,1,0,0,1,13.4,11.4,Concord (SuAsCo)
W0680,42.22778189,-71.78735524,2006.0,4.0,Spring,10.0,11.2,1,0,0,1,12.0,10.7,Blackstone
W0688,42.02298331,-71.57206082,2006.0,4.0,Spring,10.3,9.9,1,0,0,1,12.3,9.4,Blackstone
W0515,42.1003609,-71.60111703,2006.0,4.0,Spring,9.8,9.9,1,0,0,1,11.8,9.4,Blackstone
W0767,42.153873,-71.65203977,2006.0,4.0,Spring,11.6,11.0,1,0,0,1,13.6,10.5,Blackstone
W0689,42.23053792,-71.70809238,2006.0,4.0,Spring,11.6,10.8,1,0,0,1,13.6,10.3,Blackstone
W0481,42.4951686,-71.72192464,2006.0,5.0,Spring,12.3,10.0,1,0,0,1,14.3,9.5,Nashua
W0681,42.44473811,-71.67198789,2006.0,5.0,Spring,11.7,9.9,1,0,0,1,13.7,9.4,Nashua
W0487,42.62094186,-71.64380951,2006.0,5.0,Spring,12.8,9.5,1,0,0,1,14.8,9.0,Nashua
W0485,42.66968673,-71.56776529,2006.0,5.0,Spring,14.6,9.5,1,0,0,1,16.6,9.0,Nashua
W0496,42.62647657,-71.59314962,2006.0,5.0,Spring,14.2,9.4,1,0,0,1,16.2,8.9,Nashua
W0490,42.26477944,-72.00491606,2006.0,5.0,Spring,10.9,10.4,1,0,0,1,12.9,9.9,Chicopee
W0494,42.39121389,-72.0645552,2006.0,5.0,Spring,10.2,10.4,1,0,0,1,12.2,9.9,Chicopee
W0493,42.26797538,-72.33276108,2006.0,5.0,Spring,10.7,11.1,1,0,0,1,12.7,10.6,Chicopee
W0492,42.23872578,-72.285755,2006.0,5.0,Spring,10.7,10.6,1,0,0,1,12.7,10.1,Chicopee
W0491,42.18142994,-72.26354268,2006.0,5.0,Spring,11.4,10.8,1,0,0,1,13.4,10.3,Chicopee
W0601,42.10956147,-72.11856925,2006.0,5.0,Spring,11.7,10.2,1,0,0,1,13.7,9.7,Quinebaug
W0615,42.11947322,-72.00870444,2006.0,5.0,Spring,11.5,10.9,1,0,0,1,13.5,10.4,Quinebaug
W0057,42.02769615,-71.95951089,2006.0,5.0,Spring,11.3,11.2,1,0,0,1,13.3,10.7,Quinebaug
W0602,42.05094532,-71.88507359,2006.0,5.0,Spring,11.8,10.8,1,0,0,1,13.8,10.3,French
W0690,42.59751119,-72.43783955,2006.0,6.0,Summer,18.1,9.6,2,0,0,1,20.1,9.1,Millers
W0691,42.58812535,-72.04099473,2006.0,6.0,Summer,19.0,7.9,2,0,0,1,21.0,7.4,Millers
W0692,42.62969793,-72.15035652,2006.0,6.0,Summer,18.1,8.7,2,0,0,1,20.1,8.2,Millers
W0693,42.68279648,-72.11503734,2006.0,6.0,Summer,18.3,6.2,2,0,0,1,20.3,5.7,Millers
W0694,42.6723218,-72.09305542,2006.0,6.0,Summer,18.5,9.0,2,0,0,1,20.5,8.5,Millers
W0695,42.30485304,-71.62845076,2006.0,6.0,Summer,18.8,7.8,2,0,0,1,20.8,7.3,Concord (SuAsCo)
W0696,42.32543468,-71.39736431,2006.0,6.0,Summer,18.7,9.7,2,0,0,1,20.7,9.2,Concord (SuAsCo)
W0697,42.43206352,-71.44974106,2006.0,6.0,Summer,20.3,8.3,2,0,0,1,22.3,7.800000000000001,Concord (SuAsCo)
W0698,42.51227518,-71.40458554,2006.0,6.0,Summer,18.5,7.1,2,0,0,1,20.5,6.6,Concord (SuAsCo)
W0679,42.63670884,-71.3017484,2006.0,6.0,Summer,20.1,8.5,2,0,0,1,22.1,8.0,Concord (SuAsCo)
W0680,42.22778189,-71.78735524,2006.0,6.0,Summer,22.0,7.9,2,0,0,1,24.0,7.4,Blackstone
W0688,42.02298331,-71.57206082,2006.0,6.0,Summer,22.3,7.6,2,0,0,1,24.3,7.1,Blackstone
W0515,42.1003609,-71.60111703,2006.0,6.0,Summer,21.9,4.2,3,1,0,1,23.9,3.7,Blackstone
W0767,42.153873,-71.65203977,2006.0,6.0,Summer,22.2,8.1,2,0,0,1,24.2,7.6,Blackstone
W0689,42.23053792,-71.70809238,2006.0,6.0,Summer,25.6,7.5,2,0,0,1,27.6,7.0,Blackstone
W0490,42.26477944,-72.00491606,2006.0,7.0,Summer,22.0,7.8,2,0,0,1,24.0,7.3,Chicopee
W0494,42.39121389,-72.0645552,2006.0,7.0,Summer,22.9,8.5,2,0,0,1,24.9,8.0,Chicopee
W0493,42.26797538,-72.33276108,2006.0,7.0,Summer,18.6,9.6,2,0,0,1,20.6,9.1,Chicopee
W0492,42.23872578,-72.285755,2006.0,7.0,Summer,23.8,8.3,2,0,0,1,25.8,7.800000000000001,Chicopee
W0491,42.18142994,-72.26354268,2006.0,7.0,Summer,24.7,8.3,2,0,0,1,26.7,7.800000000000001,Chicopee
W0481,42.4951686,-71.72192464,2006.0,7.0,Summer,21.1,7.5,2,0,0,1,23.1,7.0,Nashua
W0681,42.44473811,-71.67198789,2006.0,7.0,Summer,16.4,8.8,2,0,0,1,18.4,8.3,Nashua
W0487,42.62094186,-71.64380951,2006.0,7.0,Summer,21.3,5.8,2,0,0,1,23.3,5.3,Nashua
W0485,42.66968673,-71.56776529,2006.0,7.0,Summer,22.6,6.6,2,0,0,1,24.6,6.1,Nashua
W0496,42.62647657,-71.59314962,2006.0,7.0,Summer,21.5,6.2,2,0,0,1,23.5,5.7,Nashua
W0601,42.10956147,-72.11856925,2006.0,7.0,Summer,27.4,7.2,2,0,0,1,29.4,6.7,Quinebaug
W0615,42.11947322,-72.00870444,2006.0,7.0,Summer,22.7,8.6,2,0,0,1,24.7,8.1,Quinebaug
W0600,42.02202663,-71.9543561,2006.0,7.0,Summer,26.6,8.0,2,0,0,1,28.6,7.5,Quinebaug
W0602,42.05094532,-71.88507359,2006.0,7.0,Summer,26.6,7.7,2,0,0,1,28.6,7.2,French
W0690,42.59751119,-72.43783955,2006.0,8.0,Summer,23.3,8.6,2,0,0,1,25.3,8.1,Millers
W0691,42.58812535,-72.04099473,2006.0,8.0,Summer,22.4,7.6,2,0,0,1,24.4,7.1,Millers
W0692,42.62969793,-72.15035652,2006.0,8.0,Summer,24.1,7.8,2,0,0,1,26.1,7.3,Millers
W0693,42.68279648,-72.11503734,2006.0,8.0,Summer,23.0,4.8,3,1,0,1,25.0,4.3,Millers
W0694,42.6723218,-72.09305542,2006.0,8.0,Summer,22.9,7.2,2,0,0,1,24.9,6.7,Millers
W0695,42.30485304,-71.62845076,2006.0,8.0,Summer,20.2,5.5,2,0,0,1,22.2,5.0,Concord (SuAsCo)
W0696,42.32543468,-71.39736431,2006.0,8.0,Summer,23.4,7.3,2,0,0,1,25.4,6.8,Concord (SuAsCo)
W0697,42.43206352,-71.44974106,2006.0,8.0,Summer,25.2,7.9,2,0,0,1,27.2,7.4,Concord (SuAsCo)
W0324,42.45888846,-71.3973783,2006.0,8.0,Summer,25.1,7.2,2,0,0,1,27.1,6.7,Concord (SuAsCo)
W0679,42.63670884,-71.3017484,2006.0,8.0,Summer,26.1,9.8,2,0,0,1,28.1,9.3,Concord (SuAsCo)
W0680,42.22778189,-71.78735524,2006.0,8.0,Summer,18.1,9.0,2,0,0,1,20.1,8.5,Blackstone
W1596,42.02194765,-71.56822441,2006.0,8.0,Summer,18.2,8.3,2,0,0,1,20.2,7.800000000000001,Blackstone
W0506,42.1542015,-71.65266243,2006.0,8.0,Summer,19.4,8.6,2,0,0,1,21.4,8.1,Blackstone
W0481,42.4951686,-71.72192464,2006.0,9.0,Fall,14.8,8.7,1,0,0,1,16.8,8.2,Nashua
W0681,42.44473811,-71.67198789,2006.0,9.0,Fall,13.8,9.3,1,0,0,1,15.8,8.8,Nashua
W0487,42.62094186,-71.64380951,2006.0,9.0,Fall,14.7,6.5,1,0,0,1,16.7,6.0,Nashua
W0485,42.66968673,-71.56776529,2006.0,9.0,Fall,17.3,7.7,1,0,0,1,19.3,7.2,Nashua
W0496,42.62647657,-71.59314962,2006.0,9.0,Fall,15.8,6.6,1,0,0,1,17.8,6.1,Nashua
W0601,42.10956147,-72.11856925,2006.0,9.0,Fall,16.7,9.4,1,0,0,1,18.7,8.9,Quinebaug
W0615,42.11947322,-72.00870444,2006.0,9.0,Fall,10.6,11.6,1,0,0,1,12.6,11.1,Quinebaug
W0600,42.02202663,-71.9543561,2006.0,9.0,Fall,14.8,10.8,1,0,0,1,16.8,10.3,Quinebaug
W0602,42.05094532,-71.88507359,2006.0,9.0,Fall,15.8,10.0,1,0,0,1,17.8,9.5,French
W0490,42.26477944,-72.00491606,2006.0,10.0,Fall,13.4,10.2,1,0,0,1,15.4,9.7,Chicopee
W0494,42.39121389,-72.0645552,2006.0,10.0,Fall,14.1,10.5,1,0,0,1,16.1,10.0,Chicopee
W0493,42.26797538,-72.33276108,2006.0,10.0,Fall,13.4,11.2,1,0,0,1,15.4,10.7,Chicopee
W0492,42.23872578,-72.285755,2006.0,10.0,Fall,15.5,10.6,1,0,0,1,17.5,10.1,Chicopee
W0491,42.18142994,-72.26354268,2006.0,10.0,Fall,16.8,10.9,1,0,0,1,18.8,10.4,Chicopee
W0690,42.59751119,-72.43783955,2006.0,10.0,Fall,12.1,11.2,1,0,0,1,14.1,10.7,Millers
W0691,42.58812535,-72.04099473,2006.0,10.0,Fall,13.1,9.2,1,0,0,1,15.1,8.7,Millers
W0692,42.62969793,-72.15035652,2006.0,10.0,Fall,12.9,10.4,1,0,0,1,14.9,9.9,Millers
W0693,42.68279648,-72.11503734,2006.0,10.0,Fall,11.0,7.5,1,0,0,1,13.0,7.0,Millers
W0694,42.6723218,-72.09305542,2006.0,10.0,Fall,13.1,8.7,1,0,0,1,15.1,8.2,Millers
W0695,42.30485304,-71.62845076,2006.0,10.0,Fall,15.1,6.6,1,0,0,1,17.1,6.1,Concord (SuAsCo)
W0696,42.32543468,-71.39736431,2006.0,10.0,Fall,14.2,9.2,1,0,0,1,16.2,8.7,Concord (SuAsCo)
W0697,42.43206352,-71.44974106,2006.0,10.0,Fall,15.2,9.0,1,0,0,1,17.2,8.5,Concord (SuAsCo)
W0324,42.45888846,-71.3973783,2006.0,10.0,Fall,14.9,8.8,1,0,0,1,16.9,8.3,Concord (SuAsCo)
W0679,42.63670884,-71.3017484,2006.0,10.0,Fall,16.0,9.9,1,0,0,1,18.0,9.4,Concord (SuAsCo)
W0680,42.22778189,-71.78735524,2006.0,10.0,Fall,12.5,10.0,1,0,0,1,14.5,9.5,Blackstone
W1596,42.02194765,-71.56822441,2006.0,10.0,Fall,11.6,9.7,1,0,0,1,13.6,9.2,Blackstone
W0515,42.1003609,-71.60111703,2006.0,10.0,Fall,10.0,8.2,1,0,0,1,12.0,7.699999999999999,Blackstone
W0506,42.1542015,-71.65266243,2006.0,10.0,Fall,13.7,9.8,1,0,0,1,15.7,9.3,Blackstone
W0689,42.23053792,-71.70809238,2006.0,10.0,Fall,11.4,10.5,1,0,0,1,13.4,10.0,Blackstone
W0481,42.4951686,-71.72192464,2006.0,11.0,Fall,10.1,10.7,1,0,0,1,12.1,10.2,Nashua
W0681,42.44473811,-71.67198789,2006.0,11.0,Fall,10.8,9.2,1,0,0,1,12.8,8.7,Nashua
W0487,42.62094186,-71.64380951,2006.0,11.0,Fall,8.1,10.8,1,0,0,1,10.1,10.3,Nashua
W0485,42.66968673,-71.56776529,2006.0,11.0,Fall,8.4,10.7,1,0,0,1,10.4,10.2,Nashua
W0496,42.62647657,-71.59314962,2006.0,11.0,Fall,8.8,10.6,1,0,0,1,10.8,10.1,Nashua
W0490,42.26477944,-72.00491606,2006.0,11.0,Fall,3.9,12.8,1,0,0,1,5.9,12.3,Chicopee
W0494,42.39121389,-72.0645552,2006.0,11.0,Fall,4.2,13.6,1,0,0,1,6.2,13.1,Chicopee
W0493,42.26797538,-72.33276108,2006.0,11.0,Fall,11.2,10.9,1,0,0,1,13.2,10.4,Chicopee
W0492,42.23872578,-72.285755,2006.0,11.0,Fall,5.6,12.7,1,0,0,1,7.6,12.2,Chicopee
W0491,42.18142994,-72.26354268,2006.0,11.0,Fall,6.1,13.1,1,0,0,1,8.1,12.6,Chicopee
W0601,42.10956147,-72.11856925,2006.0,11.0,Fall,6.8,12.4,1,0,0,1,8.8,11.9,Quinebaug
W0615,42.11947322,-72.00870444,2006.0,11.0,Fall,8.6,11.9,1,0,0,1,10.6,11.4,Quinebaug
W0600,42.02202663,-71.9543561,2006.0,11.0,Fall,7.7,12.3,1,0,0,1,9.7,11.8,Quinebaug
W0602,42.05094532,-71.88507359,2006.0,11.0,Fall,7.6,12.3,1,0,0,1,9.6,11.8,French
W1361,42.5040765,-72.74702067,2005.0,5.0,Spring,6.2,12.8,0,0,0,0,8.2,12.3,Deerfield
W1362,42.4841721,-72.7542118,2005.0,5.0,Spring,7.2,12.6,0,0,0,0,9.2,12.1,Deerfield
W1325,42.50846668,-72.77584847,2005.0,5.0,Spring,8.1,12.4,0,0,0,0,10.1,11.9,Deerfield
W1361,42.5040765,-72.74702067,2005.0,6.0,Summer,15.9,8.9,1,0,0,0,17.9,8.4,Deerfield
W1362,42.4841721,-72.7542118,2005.0,6.0,Summer,15.8,9.0,1,0,0,0,17.8,8.5,Deerfield
W1325,42.50846668,-72.77584847,2005.0,6.0,Summer,13.9,10.0,1,0,0,0,15.9,9.5,Deerfield
W0013,42.52187793,-72.78051044,2005.0,6.0,Summer,13.4,8.3,1,0,0,0,15.4,7.800000000000001,Deerfield
W1363,42.55526318,-72.65917193,2005.0,6.0,Summer,16.4,8.7,1,0,0,0,18.4,8.2,Deerfield
W1345,42.58945452,-72.63359083,2005.0,6.0,Summer,14.8,9.4,1,0,0,0,16.8,8.9,Deerfield
W1351,42.67371332,-72.71882576,2005.0,6.0,Summer,13.8,10.3,1,0,0,0,15.8,9.8,Deerfield
W0029,42.61342804,-72.76746064,2005.0,6.0,Summer,15.2,9.9,1,0,0,0,17.2,9.4,Deerfield
W0026,42.61318632,-72.76875254,2005.0,6.0,Summer,14.5,10.5,1,0,0,0,16.5,10.0,Deerfield
W0035,42.62455322,-72.88079407,2005.0,6.0,Summer,14.2,10.4,1,0,0,0,16.2,9.9,Deerfield
W1348,42.66589546,-72.72298808,2005.0,6.0,Summer,15.7,10.7,2,0,0,1,17.7,10.2,Deerfield
W1347,42.66988592,-72.71885779,2005.0,6.0,Summer,16.8,10.3,2,0,0,1,18.8,9.8,Deerfield
W0026,42.61318632,-72.76875254,2005.0,6.0,Summer,16.1,10.6,2,0,0,1,18.1,10.1,Deerfield
W0029,42.61342804,-72.76746064,2005.0,6.0,Summer,15.9,10.2,2,0,0,1,17.9,9.7,Deerfield
W0040,42.63010011,-72.90142656,2005.0,6.0,Summer,18.6,10.0,2,0,0,1,20.6,9.5,Deerfield
W1325,42.50846668,-72.77584847,2005.0,6.0,Summer,16.7,9.8,2,0,0,1,18.7,9.3,Deerfield
W1362,42.4841721,-72.7542118,2005.0,6.0,Summer,18.1,9.4,2,0,0,1,20.1,8.9,Deerfield
W1361,42.5040765,-72.74702067,2005.0,6.0,Summer,21.3,8.7,2,0,0,1,23.3,8.2,Deerfield
W1348,42.66589546,-72.72298808,2005.0,7.0,Summer,18.8,9.8,2,0,0,1,20.8,9.3,Deerfield
W1347,42.66988592,-72.71885779,2005.0,7.0,Summer,19.1,9.7,2,0,0,1,21.1,9.2,Deerfield
W0026,42.61318632,-72.76875254,2005.0,7.0,Summer,19.6,9.9,2,0,0,1,21.6,9.4,Deerfield
W0029,42.61342804,-72.76746064,2005.0,7.0,Summer,19.4,9.2,2,0,0,1,21.4,8.7,Deerfield
W0040,42.63010011,-72.90142656,2005.0,7.0,Summer,19.3,9.6,2,0,0,1,21.3,9.1,Deerfield
W1325,42.50846668,-72.77584847,2005.0,7.0,Summer,18.9,9.1,2,0,0,1,20.9,8.6,Deerfield
W1362,42.4841721,-72.7542118,2005.0,7.0,Summer,20.1,9.1,2,0,0,1,22.1,8.6,Deerfield
W1361,42.5040765,-72.74702067,2005.0,7.0,Summer,22.2,8.5,2,0,0,1,24.2,8.0,Deerfield
W1361,42.5040765,-72.74702067,2005.0,7.0,Summer,18.9,8.4,1,0,0,0,20.9,7.9,Deerfield
W1361,42.5040765,-72.74702067,2005.0,7.0,Summer,20.4,7.8,1,0,0,0,22.4,7.3,Deerfield
W1362,42.4841721,-72.7542118,2005.0,7.0,Summer,18.6,8.6,1,0,0,0,20.6,8.1,Deerfield
W1362,42.4841721,-72.7542118,2005.0,7.0,Summer,19.6,8.3,1,0,0,0,21.6,7.800000000000001,Deerfield
W1325,42.50846668,-72.77584847,2005.0,7.0,Summer,17.7,9.1,1,0,0,0,19.7,8.6,Deerfield
W1325,42.50846668,-72.77584847,2005.0,7.0,Summer,18.5,8.9,1,0,0,0,20.5,8.4,Deerfield
W0013,42.52187793,-72.78051044,2005.0,7.0,Summer,15.9,8.6,1,0,0,0,17.9,8.1,Deerfield
W0013,42.52187793,-72.78051044,2005.0,7.0,Summer,16.0,8.3,1,0,0,0,18.0,7.800000000000001,Deerfield
W1363,42.55526318,-72.65917193,2005.0,7.0,Summer,19.7,8.1,1,0,0,0,21.7,7.6,Deerfield
W1363,42.55526318,-72.65917193,2005.0,7.0,Summer,21.5,7.1,1,0,0,0,23.5,6.6,Deerfield
W1345,42.58945452,-72.63359083,2005.0,7.0,Summer,18.1,8.4,1,0,0,0,20.1,7.9,Deerfield
W1345,42.58945452,-72.63359083,2005.0,7.0,Summer,18.6,7.2,1,0,0,0,20.6,6.7,Deerfield
W1351,42.67371332,-72.71882576,2005.0,7.0,Summer,17.1,9.6,1,0,0,0,19.1,9.1,Deerfield
W1351,42.67371332,-72.71882576,2005.0,7.0,Summer,17.6,8.6,1,0,0,0,19.6,8.1,Deerfield
W0029,42.61342804,-72.76746064,2005.0,7.0,Summer,19.0,9.3,1,0,0,0,21.0,8.8,Deerfield
W0029,42.61342804,-72.76746064,2005.0,7.0,Summer,20.4,8.1,1,0,0,0,22.4,7.6,Deerfield
W0026,42.61318632,-72.76875254,2005.0,7.0,Summer,19.3,8.5,1,0,0,0,21.3,8.0,Deerfield
W0026,42.61318632,-72.76875254,2005.0,7.0,Summer,19.1,8.3,1,0,0,0,21.1,7.800000000000001,Deerfield
W0035,42.62455322,-72.88079407,2005.0,7.0,Summer,18.3,9.0,1,0,0,0,20.3,8.5,Deerfield
W0035,42.62455322,-72.88079407,2005.0,7.0,Summer,18.7,8.6,1,0,0,0,20.7,8.1,Deerfield
W1361,42.5040765,-72.74702067,2005.0,8.0,Summer,19.5,7.6,1,0,0,0,21.5,7.1,Deerfield
W1361,42.5040765,-72.74702067,2005.0,8.0,Summer,19.7,7.9,1,0,0,0,21.7,7.4,Deerfield
W1362,42.4841721,-72.7542118,2005.0,8.0,Summer,18.4,8.6,1,0,0,0,20.4,8.1,Deerfield
W1362,42.4841721,-72.7542118,2005.0,8.0,Summer,19.7,8.6,1,0,0,0,21.7,8.1,Deerfield
W1325,42.50846668,-72.77584847,2005.0,8.0,Summer,18.2,9.4,1,0,0,0,20.2,8.9,Deerfield
W1325,42.50846668,-72.77584847,2005.0,8.0,Summer,18.6,8.4,1,0,0,0,20.6,7.9,Deerfield
W0013,42.52187793,-72.78051044,2005.0,8.0,Summer,15.6,8.2,1,0,0,0,17.6,7.699999999999999,Deerfield
W0013,42.52187793,-72.78051044,2005.0,8.0,Summer,16.3,7.6,1,0,0,0,18.3,7.1,Deerfield
W0026,42.61318632,-72.76875254,2005.0,8.0,Summer,19.6,8.6,1,0,0,0,21.6,8.1,Deerfield
W0026,42.61318632,-72.76875254,2005.0,8.0,Summer,18.9,8.3,1,0,0,0,20.9,7.800000000000001,Deerfield
W0029,42.61342804,-72.76746064,2005.0,8.0,Summer,19.2,7.7,1,0,0,0,21.2,7.2,Deerfield
W0029,42.61342804,-72.76746064,2005.0,8.0,Summer,19.0,8.5,1,0,0,0,21.0,8.0,Deerfield
W0035,42.62455322,-72.88079407,2005.0,8.0,Summer,18.5,8.4,1,0,0,0,20.5,7.9,Deerfield
W0035,42.62455322,-72.88079407,2005.0,8.0,Summer,18.3,8.3,1,0,0,0,20.3,7.800000000000001,Deerfield
W1351,42.67371332,-72.71882576,2005.0,8.0,Summer,17.9,8.6,1,0,0,0,19.9,8.1,Deerfield
W1351,42.67371332,-72.71882576,2005.0,8.0,Summer,17.4,8.5,1,0,0,0,19.4,8.0,Deerfield
W1363,42.55526318,-72.65917193,2005.0,8.0,Summer,19.8,7.4,1,0,0,0,21.8,6.9,Deerfield
W1363,42.55526318,-72.65917193,2005.0,8.0,Summer,19.0,7.5,1,0,0,0,21.0,7.0,Deerfield
W1348,42.66589546,-72.72298808,2005.0,8.0,Summer,17.8,9.8,2,0,0,1,19.8,9.3,Deerfield
W1347,42.66988592,-72.71885779,2005.0,8.0,Summer,18.8,9.6,2,0,0,1,20.8,9.1,Deerfield
W0026,42.61318632,-72.76875254,2005.0,8.0,Summer,17.6,9.8,2,0,0,1,19.6,9.3,Deerfield
W0029,42.61342804,-72.76746064,2005.0,8.0,Summer,18.0,9.5,2,0,0,1,20.0,9.0,Deerfield
W0040,42.63010011,-72.90142656,2005.0,8.0,Summer,17.8,9.8,2,0,0,1,19.8,9.3,Deerfield
W1325,42.50846668,-72.77584847,2005.0,8.0,Summer,17.8,9.4,2,0,0,1,19.8,8.9,Deerfield
W1362,42.4841721,-72.7542118,2005.0,8.0,Summer,18.1,9.3,2,0,0,1,20.1,8.8,Deerfield
W1361,42.5040765,-72.74702067,2005.0,8.0,Summer,21.5,8.8,2,0,0,1,23.5,8.3,Deerfield
W1348,42.66589546,-72.72298808,2005.0,9.0,Fall,15.0,10.5,1,0,0,1,17.0,10.0,Deerfield
W1347,42.66988592,-72.71885779,2005.0,9.0,Fall,16.2,10.1,1,0,0,1,18.2,9.6,Deerfield
W0026,42.61318632,-72.76875254,2005.0,9.0,Fall,15.1,10.4,1,0,0,1,17.1,9.9,Deerfield
W0029,42.61342804,-72.76746064,2005.0,9.0,Fall,14.7,10.1,1,0,0,1,16.7,9.6,Deerfield
W0040,42.63010011,-72.90142656,2005.0,9.0,Fall,14.9,10.5,1,0,0,1,16.9,10.0,Deerfield
W1325,42.50846668,-72.77584847,2005.0,9.0,Fall,15.5,10.0,1,0,0,1,17.5,9.5,Deerfield
W1362,42.4841721,-72.7542118,2005.0,9.0,Fall,15.6,9.9,1,0,0,1,17.6,9.4,Deerfield
W1361,42.5040765,-72.74702067,2005.0,9.0,Fall,17.3,9.3,1,0,0,1,19.3,8.8,Deerfield
W1312,42.59580713,-72.49616491,2005.0,5.0,Spring,14.4,10.5,1,0,0,1,16.4,10.0,Millers
W1334,42.57224827,-72.46385773,2005.0,5.0,Spring,11.9,10.9,1,0,0,1,13.9,10.4,Millers
W1335,42.58035292,-72.43788014,2005.0,5.0,Spring,11.1,10.9,1,0,0,1,13.1,10.4,Millers
W1344,42.60245737,-72.39951141,2005.0,5.0,Spring,11.4,10.9,1,0,0,1,13.4,10.4,Millers
W1336,42.59405647,-72.36116622,2005.0,5.0,Spring,11.7,10.6,1,0,0,1,13.7,10.1,Millers
W0682,42.59815453,-72.34135156,2005.0,5.0,Spring,15.0,9.9,1,0,0,1,17.0,9.4,Millers
W0684,42.59280929,-72.23911383,2005.0,5.0,Spring,14.1,10.6,1,0,0,1,16.1,10.1,Millers
W1314,42.59807107,-72.24048032,2005.0,5.0,Spring,13.2,10.1,1,0,0,1,15.2,9.6,Millers
W1340,42.61446662,-72.23836198,2005.0,5.0,Spring,12.7,10.4,1,0,0,1,14.7,9.9,Millers
W1337,42.63523154,-72.25160557,2005.0,5.0,Spring,15.3,9.8,1,0,0,1,17.3,9.3,Millers
W1338,42.64971888,-72.20054515,2005.0,5.0,Spring,15.8,9.4,1,0,0,1,17.8,8.9,Millers
W1339,42.68498467,-72.21159391,2005.0,5.0,Spring,14.0,10.9,1,0,0,1,16.0,10.4,Millers
W0051,42.5644422,-72.01154154,2005.0,5.0,Spring,14.4,8.1,1,0,0,1,16.4,7.6,Millers
W1315,42.57190512,-72.12740808,2005.0,5.0,Spring,12.6,7.0,1,0,0,1,14.6,6.5,Millers
W0685,42.60455306,-72.12462107,2005.0,5.0,Spring,14.1,10.4,1,0,0,1,16.1,9.9,Millers
W0686,42.60658022,-72.07525656,2005.0,5.0,Spring,15.8,10.4,1,0,0,1,17.8,9.9,Millers
W1311,42.677855,-72.0616056,2005.0,5.0,Spring,14.1,10.4,1,0,0,1,16.1,9.9,Millers
W1316,42.67430922,-72.02012671,2005.0,5.0,Spring,14.9,9.9,1,0,0,1,16.9,9.4,Millers
W1313,42.69531938,-72.01523098,2005.0,5.0,Spring,15.7,9.9,1,0,0,1,17.7,9.4,Millers
W1311,42.677855,-72.0616056,2005.0,5.0,Spring,14.4,9.9,0,0,0,0,16.4,9.4,Millers
W0686,42.60658022,-72.07525656,2005.0,5.0,Spring,13.6,10.2,0,0,0,0,15.6,9.7,Millers
W0692,42.62969793,-72.15035652,2005.0,5.0,Spring,13.9,9.6,0,0,0,0,15.9,9.1,Millers
W1311,42.677855,-72.0616056,2005.0,5.0,Spring,13.5,10.0,0,0,0,0,15.5,9.5,Millers
W0686,42.60658022,-72.07525656,2005.0,5.0,Spring,12.3,10.3,0,0,0,0,14.3,9.8,Millers
W0692,42.62969793,-72.15035652,2005.0,5.0,Spring,12.6,10.0,0,0,0,0,14.6,9.5,Millers
W1314,42.59807107,-72.24048032,2005.0,5.0,Spring,13.0,9.4,0,0,0,0,15.0,8.9,Millers
W1335,42.58035292,-72.43788014,2005.0,5.0,Spring,9.2,11.3,0,0,0,0,11.2,10.8,Millers
W1334,42.57224827,-72.46385773,2005.0,5.0,Spring,10.7,10.8,0,0,0,0,12.7,10.3,Millers
W1312,42.59580713,-72.49616491,2005.0,6.0,Summer,24.2,8.2,2,0,0,1,26.2,7.699999999999999,Millers
W1334,42.57224827,-72.46385773,2005.0,6.0,Summer,19.8,9.0,2,0,0,1,21.8,8.5,Millers
W1335,42.58035292,-72.43788014,2005.0,6.0,Summer,18.8,9.2,2,0,0,1,20.8,8.7,Millers
W0690,42.59751119,-72.43783955,2005.0,6.0,Summer,25.8,7.9,2,0,0,1,27.8,7.4,Millers
W1344,42.60245737,-72.39951141,2005.0,6.0,Summer,19.6,9.1,2,0,0,1,21.6,8.6,Millers
W1336,42.59405647,-72.36116622,2005.0,6.0,Summer,19.8,8.9,2,0,0,1,21.8,8.4,Millers
W0682,42.59815453,-72.34135156,2005.0,6.0,Summer,25.9,7.0,2,0,0,1,27.9,6.5,Millers
W0684,42.59280929,-72.23911383,2005.0,6.0,Summer,24.3,7.9,2,0,0,1,26.3,7.4,Millers
W1340,42.61446662,-72.23836198,2005.0,6.0,Summer,22.8,7.2,2,0,0,1,24.8,6.7,Millers
W1337,42.63523154,-72.25160557,2005.0,6.0,Summer,24.2,6.9,2,0,0,1,26.2,6.4,Millers
W1338,42.64971888,-72.20054515,2005.0,6.0,Summer,25.8,5.3,2,0,0,1,27.8,4.8,Millers
W1339,42.68498467,-72.21159391,2005.0,6.0,Summer,21.9,8.4,2,0,0,1,23.9,7.9,Millers
W0051,42.5644422,-72.01154154,2005.0,6.0,Summer,25.2,2.5,4,1,1,1,27.2,2.0,Millers
W1315,42.57190512,-72.12740808,2005.0,6.0,Summer,20.9,3.7,3,1,0,1,22.9,3.2,Millers
W0685,42.60455306,-72.12462107,2005.0,6.0,Summer,22.9,6.7,2,0,0,1,24.9,6.2,Millers
W0686,42.60658022,-72.07525656,2005.0,6.0,Summer,24.8,7.0,2,0,0,1,26.8,6.5,Millers
W1311,42.677855,-72.0616056,2005.0,6.0,Summer,25.3,7.4,2,0,0,1,27.3,6.9,Millers
W1316,42.67430922,-72.02012671,2005.0,6.0,Summer,23.8,6.6,2,0,0,1,25.8,6.1,Millers
W1313,42.69531938,-72.01523098,2005.0,6.0,Summer,25.6,7.1,2,0,0,1,27.6,6.6,Millers
W1312,42.59580713,-72.49616491,2005.0,9.0,Fall,17.5,9.9,0,0,0,0,19.5,9.4,Millers
W1334,42.57224827,-72.46385773,2005.0,9.0,Fall,13.6,9.7,0,0,0,0,15.6,9.2,Millers
W1335,42.58035292,-72.43788014,2005.0,9.0,Fall,13.3,9.8,0,0,0,0,15.3,9.3,Millers
W1344,42.60245737,-72.39951141,2005.0,9.0,Fall,14.6,9.6,0,0,0,0,16.6,9.1,Millers
W1336,42.59405647,-72.36116622,2005.0,9.0,Fall,13.0,10.0,0,0,0,0,15.0,9.5,Millers
W0682,42.59815453,-72.34135156,2005.0,9.0,Fall,20.0,9.2,0,0,0,0,22.0,8.7,Millers
W1314,42.59807107,-72.24048032,2005.0,9.0,Fall,17.1,8.0,0,0,0,0,19.1,7.5,Millers
W1340,42.61446662,-72.23836198,2005.0,9.0,Fall,17.5,7.4,0,0,0,0,19.5,6.9,Millers
W1337,42.63523154,-72.25160557,2005.0,9.0,Fall,19.5,8.2,0,0,0,0,21.5,7.699999999999999,Millers
W1339,42.68498467,-72.21159391,2005.0,9.0,Fall,17.0,9.2,0,0,0,0,19.0,8.7,Millers
W1316,42.67430922,-72.02012671,2005.0,9.0,Fall,16.6,2.7,1,1,0,0,18.6,2.2,Millers
W1311,42.677855,-72.0616056,2005.0,9.0,Fall,21.5,8.0,0,0,0,0,23.5,7.5,Millers
W1311,42.677855,-72.0616056,2005.0,9.0,Fall,22.4,8.0,0,0,0,0,24.4,7.5,Millers
W1312,42.59580713,-72.49616491,2005.0,6.0,Summer,23.5,7.8,1,0,0,0,25.5,7.3,Millers
W1334,42.57224827,-72.46385773,2005.0,6.0,Summer,19.8,8.6,1,0,0,0,21.8,8.1,Millers
W1335,42.58035292,-72.43788014,2005.0,6.0,Summer,18.6,8.7,1,0,0,0,20.6,8.2,Millers
W1344,42.60245737,-72.39951141,2005.0,6.0,Summer,18.8,8.4,1,0,0,0,20.8,7.9,Millers
W1336,42.59405647,-72.36116622,2005.0,6.0,Summer,19.1,8.0,1,0,0,0,21.1,7.5,Millers
W0682,42.59815453,-72.34135156,2005.0,6.0,Summer,24.8,6.8,1,0,0,0,26.8,6.3,Millers
W1314,42.59807107,-72.24048032,2005.0,6.0,Summer,22.4,6.8,1,0,0,0,24.4,6.3,Millers
W1340,42.61446662,-72.23836198,2005.0,6.0,Summer,22.4,7.1,1,0,0,0,24.4,6.6,Millers
W1337,42.63523154,-72.25160557,2005.0,6.0,Summer,23.7,6.6,1,0,0,0,25.7,6.1,Millers
W1411,42.69052242,-72.22451735,2005.0,6.0,Summer,21.9,7.1,1,0,0,0,23.9,6.6,Millers
W1411,42.69052242,-72.22451735,2005.0,6.0,Summer,18.3,7.5,1,0,0,0,20.3,7.0,Millers
W1316,42.67430922,-72.02012671,2005.0,6.0,Summer,24.0,6.7,1,0,0,0,26.0,6.2,Millers
W1316,42.67430922,-72.02012671,2005.0,6.0,Summer,19.6,7.1,1,0,0,0,21.6,6.6,Millers
W1311,42.677855,-72.0616056,2005.0,6.0,Summer,25.1,7.4,1,0,0,0,27.1,6.9,Millers
W1311,42.677855,-72.0616056,2005.0,6.0,Summer,22.5,7.9,1,0,0,0,24.5,7.4,Millers
W0694,42.6723218,-72.09305542,2005.0,6.0,Summer,24.9,7.4,1,0,0,0,26.9,6.9,Millers
W0694,42.6723218,-72.09305542,2005.0,6.0,Summer,20.8,7.9,1,0,0,0,22.8,7.4,Millers
W0686,42.60658022,-72.07525656,2005.0,6.0,Summer,25.1,7.4,1,0,0,0,27.1,6.9,Millers
W0686,42.60658022,-72.07525656,2005.0,6.0,Summer,19.5,8.1,1,0,0,0,21.5,7.6,Millers
W0692,42.62969793,-72.15035652,2005.0,6.0,Summer,24.7,7.0,1,0,0,0,26.7,6.5,Millers
W0692,42.62969793,-72.15035652,2005.0,6.0,Summer,21.2,7.5,1,0,0,0,23.2,7.0,Millers
W0685,42.60455306,-72.12462107,2005.0,6.0,Summer,23.8,7.1,1,0,0,0,25.8,6.6,Millers
W0685,42.60455306,-72.12462107,2005.0,6.0,Summer,19.2,7.5,1,0,0,0,21.2,7.0,Millers
W1315,42.57190512,-72.12740808,2005.0,6.0,Summer,23.8,4.1,2,1,0,0,25.8,3.5999999999999996,Millers
W1315,42.57190512,-72.12740808,2005.0,6.0,Summer,16.2,5.4,1,0,0,0,18.2,4.9,Millers
W0051,42.5644422,-72.01154154,2005.0,6.0,Summer,27.3,4.3,3,1,1,0,29.3,3.8,Millers
W0051,42.5644422,-72.01154154,2005.0,6.0,Summer,19.3,3.0,2,1,0,0,21.3,2.5,Millers
W1312,42.59580713,-72.49616491,2005.0,7.0,Summer,19.5,8.4,1,0,0,0,21.5,7.9,Millers
W1312,42.59580713,-72.49616491,2005.0,7.0,Summer,21.5,8.4,1,0,0,0,23.5,7.9,Millers
W1334,42.57224827,-72.46385773,2005.0,7.0,Summer,16.4,9.3,1,0,0,0,18.4,8.8,Millers
W1334,42.57224827,-72.46385773,2005.0,7.0,Summer,17.9,9.1,1,0,0,0,19.9,8.6,Millers
W1335,42.58035292,-72.43788014,2005.0,7.0,Summer,18.4,9.1,1,0,0,0,20.4,8.6,Millers
W1344,42.60245737,-72.39951141,2005.0,7.0,Summer,17.8,9.1,1,0,0,0,19.8,8.6,Millers
W1336,42.59405647,-72.36116622,2005.0,7.0,Summer,18.3,8.2,1,0,0,0,20.3,7.699999999999999,Millers
W0682,42.59815453,-72.34135156,2005.0,7.0,Summer,21.6,8.2,1,0,0,0,23.6,7.699999999999999,Millers
W1314,42.59807107,-72.24048032,2005.0,7.0,Summer,22.6,6.9,1,0,0,0,24.6,6.4,Millers
W1340,42.61446662,-72.23836198,2005.0,7.0,Summer,23.2,7.5,1,0,0,0,25.2,7.0,Millers
W1337,42.63523154,-72.25160557,2005.0,7.0,Summer,22.2,7.6,1,0,0,0,24.2,7.1,Millers
W1339,42.68498467,-72.21159391,2005.0,7.0,Summer,20.1,8.9,1,0,0,0,22.1,8.4,Millers
W0692,42.62969793,-72.15035652,2005.0,7.0,Summer,23.4,6.9,1,0,0,0,25.4,6.4,Millers
W1316,42.67430922,-72.02012671,2005.0,7.0,Summer,22.7,6.8,1,0,0,0,24.7,6.3,Millers
W1316,42.67430922,-72.02012671,2005.0,7.0,Summer,21.7,6.2,1,0,0,0,23.7,5.7,Millers
W1311,42.677855,-72.0616056,2005.0,7.0,Summer,22.0,8.4,1,0,0,0,24.0,7.9,Millers
W1311,42.677855,-72.0616056,2005.0,7.0,Summer,23.6,7.7,1,0,0,0,25.6,7.2,Millers
W0694,42.6723218,-72.09305542,2005.0,7.0,Summer,22.8,8.6,1,0,0,0,24.8,8.1,Millers
W0694,42.6723218,-72.09305542,2005.0,7.0,Summer,22.7,7.6,1,0,0,0,24.7,7.1,Millers
W0686,42.60658022,-72.07525656,2005.0,7.0,Summer,23.8,7.7,1,0,0,0,25.8,7.2,Millers
W0686,42.60658022,-72.07525656,2005.0,7.0,Summer,23.0,7.4,1,0,0,0,25.0,6.9,Millers
W0692,42.62969793,-72.15035652,2005.0,7.0,Summer,22.4,7.8,1,0,0,0,24.4,7.3,Millers
W1339,42.68498467,-72.21159391,2005.0,7.0,Summer,19.7,8.6,1,0,0,0,21.7,8.1,Millers
W0685,42.60455306,-72.12462107,2005.0,7.0,Summer,22.5,7.8,1,0,0,0,24.5,7.3,Millers
W0685,42.60455306,-72.12462107,2005.0,7.0,Summer,21.2,7.5,1,0,0,0,23.2,7.0,Millers
W1315,42.57190512,-72.12740808,2005.0,7.0,Summer,23.5,5.5,1,0,0,0,25.5,5.0,Millers
W1315,42.57190512,-72.12740808,2005.0,7.0,Summer,19.2,4.7,2,1,0,0,21.2,4.2,Millers
W0051,42.5644422,-72.01154154,2005.0,7.0,Summer,24.5,4.5,2,1,0,0,26.5,4.0,Millers
W0051,42.5644422,-72.01154154,2005.0,7.0,Summer,23.5,3.5,2,1,0,0,25.5,3.0,Millers
W1312,42.59580713,-72.49616491,2005.0,7.0,Summer,22.3,8.6,2,0,0,1,24.3,8.1,Millers
W1334,42.57224827,-72.46385773,2005.0,7.0,Summer,17.8,9.5,2,0,0,1,19.8,9.0,Millers
W1335,42.58035292,-72.43788014,2005.0,7.0,Summer,18.1,9.4,2,0,0,1,20.1,8.9,Millers
W1344,42.60245737,-72.39951141,2005.0,7.0,Summer,17.8,9.7,2,0,0,1,19.8,9.2,Millers
W1336,42.59405647,-72.36116622,2005.0,7.0,Summer,18.2,9.3,2,0,0,1,20.2,8.8,Millers
W0682,42.59815453,-72.34135156,2005.0,7.0,Summer,23.7,7.4,2,0,0,1,25.7,6.9,Millers
W0684,42.59280929,-72.23911383,2005.0,7.0,Summer,22.6,7.9,2,0,0,1,24.6,7.4,Millers
W1314,42.59807107,-72.24048032,2005.0,7.0,Summer,22.4,7.2,2,0,0,1,24.4,6.7,Millers
W1340,42.61446662,-72.23836198,2005.0,7.0,Summer,22.2,7.6,2,0,0,1,24.2,7.1,Millers
W1337,42.63523154,-72.25160557,2005.0,7.0,Summer,23.4,7.5,2,0,0,1,25.4,7.0,Millers
W1338,42.64971888,-72.20054515,2005.0,7.0,Summer,23.7,5.7,2,0,0,1,25.7,5.2,Millers
W1339,42.68498467,-72.21159391,2005.0,7.0,Summer,20.0,9.1,2,0,0,1,22.0,8.6,Millers
W0051,42.5644422,-72.01154154,2005.0,7.0,Summer,22.6,3.2,3,1,0,1,24.6,2.7,Millers
W1315,42.57190512,-72.12740808,2005.0,7.0,Summer,18.9,5.0,2,0,0,1,20.9,4.5,Millers
W0685,42.60455306,-72.12462107,2005.0,7.0,Summer,21.0,6.7,2,0,0,1,23.0,6.2,Millers
W0686,42.60658022,-72.07525656,2005.0,7.0,Summer,22.8,7.8,2,0,0,1,24.8,7.3,Millers
W1311,42.677855,-72.0616056,2005.0,7.0,Summer,23.5,8.1,1,0,0,0,25.5,7.6,Millers
W1316,42.67430922,-72.02012671,2005.0,7.0,Summer,22.0,7.0,2,0,0,1,24.0,6.5,Millers
W1313,42.69531938,-72.01523098,2005.0,7.0,Summer,23.7,7.0,2,0,0,1,25.7,6.5,Millers
W1312,42.59580713,-72.49616491,2005.0,8.0,Summer,24.0,8.3,2,0,0,1,26.0,7.800000000000001,Millers
W1334,42.57224827,-72.46385773,2005.0,8.0,Summer,18.7,9.4,2,0,0,1,20.7,8.9,Millers
W1335,42.58035292,-72.43788014,2005.0,8.0,Summer,18.6,9.4,2,0,0,1,20.6,8.9,Millers
W1344,42.60245737,-72.39951141,2005.0,8.0,Summer,20.1,9.1,2,0,0,1,22.1,8.6,Millers
W1336,42.59405647,-72.36116622,2005.0,8.0,Summer,18.9,9.2,2,0,0,1,20.9,8.7,Millers
W0682,42.59815453,-72.34135156,2005.0,8.0,Summer,24.2,7.4,2,0,0,1,26.2,6.9,Millers
W0684,42.59280929,-72.23911383,2005.0,8.0,Summer,24.1,7.8,2,0,0,1,26.1,7.3,Millers
W1314,42.59807107,-72.24048032,2005.0,8.0,Summer,23.4,6.9,2,0,0,1,25.4,6.4,Millers
W1340,42.61446662,-72.23836198,2005.0,8.0,Summer,23.6,6.4,2,0,0,1,25.6,5.9,Millers
W1337,42.63523154,-72.25160557,2005.0,8.0,Summer,23.0,7.4,2,0,0,1,25.0,6.9,Millers
W1338,42.64971888,-72.20054515,2005.0,8.0,Summer,23.7,5.6,2,0,0,1,25.7,5.1,Millers
W1339,42.68498467,-72.21159391,2005.0,8.0,Summer,20.5,8.8,2,0,0,1,22.5,8.3,Millers
W0051,42.5644422,-72.01154154,2005.0,8.0,Summer,23.9,1.6,3,1,0,1,25.9,1.1,Millers
W1315,42.57190512,-72.12740808,2005.0,8.0,Summer,21.9,3.0,2,1,0,0,23.9,2.5,Millers
W0685,42.60455306,-72.12462107,2005.0,8.0,Summer,22.5,6.5,2,0,0,1,24.5,6.0,Millers
W0686,42.60658022,-72.07525656,2005.0,8.0,Summer,23.7,6.2,2,0,0,1,25.7,5.7,Millers
W1311,42.677855,-72.0616056,2005.0,8.0,Summer,24.8,7.2,2,0,0,1,26.8,6.7,Millers
W1316,42.67430922,-72.02012671,2005.0,8.0,Summer,23.4,3.8,2,1,0,0,25.4,3.3,Millers
W1313,42.69531938,-72.01523098,2005.0,8.0,Summer,23.8,6.0,2,0,0,1,25.8,5.5,Millers
W0694,42.6723218,-72.09305542,2005.0,9.0,Fall,20.2,7.7,0,0,0,0,22.2,7.2,Millers
W0694,42.6723218,-72.09305542,2005.0,9.0,Fall,20.8,7.2,0,0,0,0,22.8,6.7,Millers
W0686,42.60658022,-72.07525656,2005.0,9.0,Fall,20.9,7.4,0,0,0,0,22.9,6.9,Millers
W0686,42.60658022,-72.07525656,2005.0,9.0,Fall,20.5,6.8,0,0,0,0,22.5,6.3,Millers
W0692,42.62969793,-72.15035652,2005.0,9.0,Fall,20.0,8.1,0,0,0,0,22.0,7.6,Millers
W0692,42.62969793,-72.15035652,2005.0,9.0,Fall,21.9,8.4,0,0,0,0,23.9,7.9,Millers
W0685,42.60455306,-72.12462107,2005.0,9.0,Fall,19.9,7.7,0,0,0,0,21.9,7.2,Millers
W0685,42.60455306,-72.12462107,2005.0,9.0,Fall,20.7,7.5,0,0,0,0,22.7,7.0,Millers
W1315,42.57190512,-72.12740808,2005.0,9.0,Fall,17.4,4.0,1,1,0,0,19.4,3.5,Millers
W1315,42.57190512,-72.12740808,2005.0,9.0,Fall,19.2,4.2,1,1,0,0,21.2,3.7,Millers
W0051,42.5644422,-72.01154154,2005.0,9.0,Fall,21.2,3.8,1,1,0,0,23.2,3.3,Millers
W0051,42.5644422,-72.01154154,2005.0,9.0,Fall,23.0,3.4,1,1,0,0,25.0,2.9,Millers
W1312,42.59580713,-72.49616491,2005.0,8.0,Summer,24.3,7.7,1,0,0,0,26.3,7.2,Millers
W1312,42.59580713,-72.49616491,2005.0,8.0,Summer,23.0,8.2,1,0,0,0,25.0,7.699999999999999,Millers
W1334,42.57224827,-72.46385773,2005.0,8.0,Summer,19.8,7.9,1,0,0,0,21.8,7.4,Millers
W1334,42.57224827,-72.46385773,2005.0,8.0,Summer,17.9,8.5,1,0,0,0,19.9,8.0,Millers
W1335,42.58035292,-72.43788014,2005.0,8.0,Summer,19.0,8.4,1,0,0,0,21.0,7.9,Millers
W1335,42.58035292,-72.43788014,2005.0,8.0,Summer,17.8,8.7,1,0,0,0,19.8,8.2,Millers
W1344,42.60245737,-72.39951141,2005.0,8.0,Summer,20.0,8.1,1,0,0,0,22.0,7.6,Millers
W1344,42.60245737,-72.39951141,2005.0,8.0,Summer,19.0,8.4,1,0,0,0,21.0,7.9,Millers
W1336,42.59405647,-72.36116622,2005.0,8.0,Summer,19.5,8.2,1,0,0,0,21.5,7.699999999999999,Millers
W1336,42.59405647,-72.36116622,2005.0,8.0,Summer,18.2,8.7,1,0,0,0,20.2,8.2,Millers
W0682,42.59815453,-72.34135156,2005.0,8.0,Summer,25.1,7.1,1,0,0,0,27.1,6.6,Millers
W0682,42.59815453,-72.34135156,2005.0,8.0,Summer,24.6,7.4,1,0,0,0,26.6,6.9,Millers
W1314,42.59807107,-72.24048032,2005.0,8.0,Summer,24.1,6.6,1,0,0,0,26.1,6.1,Millers
W1314,42.59807107,-72.24048032,2005.0,8.0,Summer,22.8,7.1,1,0,0,0,24.8,6.6,Millers
W1340,42.61446662,-72.23836198,2005.0,8.0,Summer,24.2,5.8,1,0,0,0,26.2,5.3,Millers
W1340,42.61446662,-72.23836198,2005.0,8.0,Summer,22.9,6.2,1,0,0,0,24.9,5.7,Millers
W1337,42.63523154,-72.25160557,2005.0,8.0,Summer,24.6,6.3,1,0,0,0,26.6,5.8,Millers
W1337,42.63523154,-72.25160557,2005.0,8.0,Summer,23.3,7.0,1,0,0,0,25.3,6.5,Millers
W1411,42.69052242,-72.22451735,2005.0,8.0,Summer,21.5,7.1,1,0,0,0,23.5,6.6,Millers
W1411,42.69052242,-72.22451735,2005.0,8.0,Summer,20.7,6.4,1,0,0,0,22.7,5.9,Millers
W1316,42.67430922,-72.02012671,2005.0,8.0,Summer,23.8,4.5,2,1,0,0,25.8,4.0,Millers
W1316,42.67430922,-72.02012671,2005.0,8.0,Summer,22.0,1.9,2,1,0,0,24.0,1.4,Millers
W1311,42.677855,-72.0616056,2005.0,8.0,Summer,26.2,7.6,1,0,0,0,28.2,7.1,Millers
W1311,42.677855,-72.0616056,2005.0,8.0,Summer,24.1,7.2,1,0,0,0,26.1,6.7,Millers
W0694,42.6723218,-72.09305542,2005.0,8.0,Summer,23.8,7.5,1,0,0,0,25.8,7.0,Millers
W0694,42.6723218,-72.09305542,2005.0,8.0,Summer,22.4,5.6,1,0,0,0,24.4,5.1,Millers
W0686,42.60658022,-72.07525656,2005.0,8.0,Summer,26.4,6.0,1,0,0,0,28.4,5.5,Millers
W0686,42.60658022,-72.07525656,2005.0,8.0,Summer,23.8,6.3,1,0,0,0,25.8,5.8,Millers
W0692,42.62969793,-72.15035652,2005.0,8.0,Summer,25.5,7.8,1,0,0,0,27.5,7.3,Millers
W0692,42.62969793,-72.15035652,2005.0,8.0,Summer,24.7,7.3,1,0,0,0,26.7,6.8,Millers
W0685,42.60455306,-72.12462107,2005.0,8.0,Summer,25.2,6.6,1,0,0,0,27.2,6.1,Millers
W0685,42.60455306,-72.12462107,2005.0,8.0,Summer,22.3,6.6,1,0,0,0,24.3,6.1,Millers
W1315,42.57190512,-72.12740808,2005.0,8.0,Summer,21.8,4.4,2,1,0,0,23.8,3.9000000000000004,Millers
W1315,42.57190512,-72.12740808,2005.0,8.0,Summer,20.8,2.6,2,1,0,0,22.8,2.1,Millers
W0051,42.5644422,-72.01154154,2005.0,8.0,Summer,25.9,3.4,3,1,1,0,27.9,2.9,Millers
W0051,42.5644422,-72.01154154,2005.0,8.0,Summer,24.0,2.3,2,1,0,0,26.0,1.7999999999999998,Millers
W1312,42.59580713,-72.49616491,2005.0,9.0,Fall,20.7,8.4,1,0,0,1,22.7,7.9,Millers
W1334,42.57224827,-72.46385773,2005.0,9.0,Fall,16.3,9.8,1,0,0,1,18.3,9.3,Millers
W1335,42.58035292,-72.43788014,2005.0,9.0,Fall,16.3,9.6,1,0,0,1,18.3,9.1,Millers
W1344,42.60245737,-72.39951141,2005.0,9.0,Fall,17.7,9.3,1,0,0,1,19.7,8.8,Millers
W1336,42.59405647,-72.36116622,2005.0,9.0,Fall,16.5,9.7,1,0,0,1,18.5,9.2,Millers
W0682,42.59815453,-72.34135156,2005.0,9.0,Fall,21.2,8.9,1,0,0,1,23.2,8.4,Millers
W0684,42.59280929,-72.23911383,2005.0,9.0,Fall,20.8,8.7,1,0,0,1,22.8,8.2,Millers
W1314,42.59807107,-72.24048032,2005.0,9.0,Fall,18.4,7.2,1,0,0,1,20.4,6.7,Millers
W1340,42.61446662,-72.23836198,2005.0,9.0,Fall,19.7,7.2,1,0,0,1,21.7,6.7,Millers
W1337,42.63523154,-72.25160557,2005.0,9.0,Fall,18.0,7.5,1,0,0,1,20.0,7.0,Millers
W1338,42.64971888,-72.20054515,2005.0,9.0,Fall,19.7,7.0,0,0,0,0,21.7,6.5,Millers
W1339,42.68498467,-72.21159391,2005.0,9.0,Fall,17.5,9.5,1,0,0,1,19.5,9.0,Millers
W0051,42.5644422,-72.01154154,2005.0,9.0,Fall,21.3,1.2,2,1,0,1,23.3,0.7,Millers
W1315,42.57190512,-72.12740808,2005.0,9.0,Fall,17.7,3.6,2,1,0,1,19.7,3.1,Millers
W0685,42.60455306,-72.12462107,2005.0,9.0,Fall,18.1,6.8,1,0,0,1,20.1,6.3,Millers
W0686,42.60658022,-72.07525656,2005.0,9.0,Fall,21.0,6.6,1,0,0,1,23.0,6.1,Millers
W1311,42.677855,-72.0616056,2005.0,9.0,Fall,21.8,7.7,1,0,0,1,23.8,7.2,Millers
W1313,42.69531938,-72.01523098,2005.0,9.0,Fall,22.1,7.1,1,0,0,1,24.1,6.6,Millers
W0099,42.48702713,-71.26400361,2005.0,5.0,Spring,10.1,9.7,0,0,0,0,12.1,9.2,Shawsheen
W0093,42.47371552,-71.26389288,2005.0,5.0,Spring,12.6,6.6,0,0,0,0,14.6,6.1,Shawsheen
W0357,42.49645261,-71.2242658,2005.0,5.0,Spring,14.2,6.5,0,0,0,0,16.2,6.0,Shawsheen
W0099,42.48702713,-71.26400361,2005.0,5.0,Spring,10.5,8.6,0,0,0,0,12.5,8.1,Shawsheen
W0093,42.47371552,-71.26389288,2005.0,5.0,Spring,11.8,6.5,0,0,0,0,13.8,6.0,Shawsheen
W0357,42.49645261,-71.2242658,2005.0,5.0,Spring,12.0,5.2,0,0,0,0,14.0,4.7,Shawsheen
W0099,42.48702713,-71.26400361,2005.0,6.0,Summer,14.9,8.2,2,0,0,1,16.9,7.699999999999999,Shawsheen
W0093,42.47371552,-71.26389288,2005.0,6.0,Summer,16.5,5.1,2,0,0,1,18.5,4.6,Shawsheen
W0357,42.49645261,-71.2242658,2005.0,6.0,Summer,17.3,3.2,3,1,0,1,19.3,2.7,Shawsheen
W0091,42.53441868,-71.23357266,2005.0,6.0,Summer,18.2,7.5,2,0,0,1,20.2,7.0,Shawsheen
W0750,42.57967087,-71.21821677,2005.0,6.0,Summer,18.0,8.3,2,0,0,1,20.0,7.800000000000001,Shawsheen
W0097,42.59577308,-71.19608409,2005.0,6.0,Summer,19.2,6.4,2,0,0,1,21.2,5.9,Shawsheen
W1392,42.59966289,-71.19306072,2005.0,6.0,Summer,19.5,8.3,2,0,0,1,21.5,7.800000000000001,Shawsheen
W1393,42.62887805,-71.19940031,2005.0,6.0,Summer,21.3,8.1,2,0,0,1,23.3,7.6,Shawsheen
W0086,42.64744612,-71.15080259,2005.0,6.0,Summer,19.8,9.5,2,0,0,1,21.8,9.0,Shawsheen
W0989,42.6539503,-71.14749048,2005.0,6.0,Summer,17.7,9.4,2,0,0,1,19.7,8.9,Shawsheen
W0099,42.48702713,-71.26400361,2005.0,7.0,Summer,19.6,6.8,2,0,0,1,21.6,6.3,Shawsheen
W0093,42.47371552,-71.26389288,2005.0,7.0,Summer,19.9,5.4,2,0,0,1,21.9,4.9,Shawsheen
W0357,42.49645261,-71.2242658,2005.0,7.0,Summer,22.1,0.5,2,1,0,0,24.1,0.0,Shawsheen
W0091,42.53441868,-71.23357266,2005.0,7.0,Summer,24.1,4.6,3,1,0,1,26.1,4.1,Shawsheen
W0750,42.57967087,-71.21821677,2005.0,7.0,Summer,23.2,6.9,2,0,0,1,25.2,6.4,Shawsheen
W0097,42.59577308,-71.19608409,2005.0,7.0,Summer,24.6,4.9,3,1,0,1,26.6,4.4,Shawsheen
W1392,42.59966289,-71.19306072,2005.0,7.0,Summer,24.9,7.9,2,0,0,1,26.9,7.4,Shawsheen
W1393,42.62887805,-71.19940031,2005.0,7.0,Summer,25.2,6.8,2,0,0,1,27.2,6.3,Shawsheen
W0086,42.64744612,-71.15080259,2005.0,7.0,Summer,25.5,7.9,2,0,0,1,27.5,7.4,Shawsheen
W0989,42.6539503,-71.14749048,2005.0,7.0,Summer,20.3,8.4,2,0,0,1,22.3,7.9,Shawsheen
W0093,42.47371552,-71.26389288,2005.0,8.0,Summer,19.1,4.8,3,1,0,1,21.1,4.3,Shawsheen
W0357,42.49645261,-71.2242658,2005.0,8.0,Summer,19.2,0.3,2,1,0,0,21.2,0.0,Shawsheen
W0091,42.53441868,-71.23357266,2005.0,8.0,Summer,21.9,4.8,3,1,0,1,23.9,4.3,Shawsheen
W0750,42.57967087,-71.21821677,2005.0,8.0,Summer,20.4,6.9,2,0,0,1,22.4,6.4,Shawsheen
W0097,42.59577308,-71.19608409,2005.0,8.0,Summer,22.7,5.4,2,0,0,1,24.7,4.9,Shawsheen
W1392,42.59966289,-71.19306072,2005.0,8.0,Summer,23.2,8.3,2,0,0,1,25.2,7.800000000000001,Shawsheen
W1393,42.62887805,-71.19940031,2005.0,8.0,Summer,21.1,8.0,2,0,0,1,23.1,7.5,Shawsheen
W0086,42.64744612,-71.15080259,2005.0,8.0,Summer,23.3,7.5,2,0,0,1,25.3,7.0,Shawsheen
W0989,42.6539503,-71.14749048,2005.0,8.0,Summer,18.3,9.0,2,0,0,1,20.3,8.5,Shawsheen
W0099,42.48702713,-71.26400361,2005.0,6.0,Summer,12.8,7.5,1,0,0,0,14.8,7.0,Shawsheen
W0099,42.48702713,-71.26400361,2005.0,6.0,Summer,12.4,8.5,1,0,0,0,14.4,8.0,Shawsheen
W0093,42.47371552,-71.26389288,2005.0,6.0,Summer,14.7,4.9,2,1,0,0,16.7,4.4,Shawsheen
W0093,42.47371552,-71.26389288,2005.0,6.0,Summer,14.5,5.2,1,0,0,0,16.5,4.7,Shawsheen
W0357,42.49645261,-71.2242658,2005.0,6.0,Summer,14.8,3.4,2,1,0,0,16.8,2.9,Shawsheen
W0357,42.49645261,-71.2242658,2005.0,6.0,Summer,14.4,2.8,2,1,0,0,16.4,2.3,Shawsheen
W0091,42.53441868,-71.23357266,2005.0,6.0,Summer,14.6,6.3,1,0,0,0,16.6,5.8,Shawsheen
W0091,42.53441868,-71.23357266,2005.0,6.0,Summer,15.3,6.1,1,0,0,0,17.3,5.6,Shawsheen
W0097,42.59577308,-71.19608409,2005.0,6.0,Summer,14.7,5.7,1,0,0,0,16.7,5.2,Shawsheen
W0097,42.59577308,-71.19608409,2005.0,6.0,Summer,15.2,6.2,1,0,0,0,17.2,5.7,Shawsheen
W1392,42.59966289,-71.19306072,2005.0,6.0,Summer,14.9,7.3,1,0,0,0,16.9,6.8,Shawsheen
W1392,42.59966289,-71.19306072,2005.0,6.0,Summer,15.7,7.6,1,0,0,0,17.7,7.1,Shawsheen
W0086,42.64744612,-71.15080259,2005.0,6.0,Summer,15.4,9.0,1,0,0,0,17.4,8.5,Shawsheen
W0086,42.64744612,-71.15080259,2005.0,6.0,Summer,16.5,9.2,1,0,0,0,18.5,8.7,Shawsheen
W0989,42.6539503,-71.14749048,2005.0,6.0,Summer,14.7,9.6,1,0,0,0,16.7,9.1,Shawsheen
W0989,42.6539503,-71.14749048,2005.0,6.0,Summer,14.7,9.6,1,0,0,0,16.7,9.1,Shawsheen
W0099,42.48702713,-71.26400361,2005.0,9.0,Fall,19.6,5.4,0,0,0,0,21.6,4.9,Shawsheen
W0099,42.48702713,-71.26400361,2005.0,9.0,Fall,15.8,7.1,0,0,0,0,17.8,6.6,Shawsheen
W0093,42.47371552,-71.26389288,2005.0,9.0,Fall,20.9,3.3,1,1,0,0,22.9,2.8,Shawsheen
W0093,42.47371552,-71.26389288,2005.0,9.0,Fall,17.6,4.7,1,1,0,0,19.6,4.2,Shawsheen
W0357,42.49645261,-71.2242658,2005.0,9.0,Fall,20.3,0.3,1,1,0,0,22.3,0.0,Shawsheen
W0357,42.49645261,-71.2242658,2005.0,9.0,Fall,17.1,0.4,1,1,0,0,19.1,0.0,Shawsheen
W0091,42.53441868,-71.23357266,2005.0,9.0,Fall,20.9,3.0,1,1,0,0,22.9,2.5,Shawsheen
W0091,42.53441868,-71.23357266,2005.0,9.0,Fall,18.6,4.2,1,1,0,0,20.6,3.7,Shawsheen
W0097,42.59577308,-71.19608409,2005.0,9.0,Fall,20.7,4.4,1,1,0,0,22.7,3.9000000000000004,Shawsheen
W0097,42.59577308,-71.19608409,2005.0,9.0,Fall,19.3,5.6,0,0,0,0,21.3,5.1,Shawsheen
W1392,42.59966289,-71.19306072,2005.0,9.0,Fall,21.0,5.1,0,0,0,0,23.0,4.6,Shawsheen
W1392,42.59966289,-71.19306072,2005.0,9.0,Fall,18.9,6.5,0,0,0,0,20.9,6.0,Shawsheen
W0086,42.64744612,-71.15080259,2005.0,9.0,Fall,21.5,4.5,1,1,0,0,23.5,4.0,Shawsheen
W0086,42.64744612,-71.15080259,2005.0,9.0,Fall,19.8,6.4,0,0,0,0,21.8,5.9,Shawsheen
W0989,42.6539503,-71.14749048,2005.0,9.0,Fall,18.3,6.9,0,0,0,0,20.3,6.4,Shawsheen
W0989,42.6539503,-71.14749048,2005.0,9.0,Fall,17.5,8.5,0,0,0,0,19.5,8.0,Shawsheen
W0099,42.48702713,-71.26400361,2005.0,5.0,Spring,9.8,9.2,1,0,0,1,11.8,8.7,Shawsheen
W0093,42.47371552,-71.26389288,2005.0,5.0,Spring,10.4,8.1,1,0,0,1,12.4,7.6,Shawsheen
W0357,42.49645261,-71.2242658,2005.0,5.0,Spring,10.0,6.3,1,0,0,1,12.0,5.8,Shawsheen
W0091,42.53441868,-71.23357266,2005.0,5.0,Spring,10.1,8.0,1,0,0,1,12.1,7.5,Shawsheen
W0750,42.57967087,-71.21821677,2005.0,5.0,Spring,9.8,9.1,1,0,0,1,11.8,8.6,Shawsheen
W0097,42.59577308,-71.19608409,2005.0,5.0,Spring,10.0,8.4,1,0,0,1,12.0,7.9,Shawsheen
W1392,42.59966289,-71.19306072,2005.0,5.0,Spring,10.3,9.0,1,0,0,1,12.3,8.5,Shawsheen
W1393,42.62887805,-71.19940031,2005.0,5.0,Spring,9.2,10.4,1,0,0,1,11.2,9.9,Shawsheen
W0086,42.64744612,-71.15080259,2005.0,5.0,Spring,10.9,11.0,1,0,0,1,12.9,10.5,Shawsheen
W0989,42.6539503,-71.14749048,2005.0,5.0,Spring,9.8,11.8,1,0,0,1,11.8,11.3,Shawsheen
W0099,42.48702713,-71.26400361,2005.0,7.0,Summer,18.8,7.6,1,0,0,0,20.8,7.1,Shawsheen
W0093,42.47371552,-71.26389288,2005.0,7.0,Summer,19.9,5.6,1,0,0,0,21.9,5.1,Shawsheen
W0357,42.49645261,-71.2242658,2005.0,7.0,Summer,20.3,0.4,2,1,0,0,22.3,0.0,Shawsheen
W0091,42.53441868,-71.23357266,2005.0,7.0,Summer,23.2,3.5,2,1,0,0,25.2,3.0,Shawsheen
W0097,42.59577308,-71.19608409,2005.0,7.0,Summer,22.4,5.9,1,0,0,0,24.4,5.4,Shawsheen
W1392,42.59966289,-71.19306072,2005.0,7.0,Summer,22.7,7.1,1,0,0,0,24.7,6.6,Shawsheen
W0086,42.64744612,-71.15080259,2005.0,7.0,Summer,23.9,7.8,1,0,0,0,25.9,7.3,Shawsheen
W0989,42.6539503,-71.14749048,2005.0,7.0,Summer,19.3,8.6,1,0,0,0,21.3,8.1,Shawsheen
W0099,42.48702713,-71.26400361,2005.0,8.0,Summer,16.7,6.9,1,0,0,0,18.7,6.4,Shawsheen
W0099,42.48702713,-71.26400361,2005.0,8.0,Summer,19.0,6.3,1,0,0,0,21.0,5.8,Shawsheen
W0093,42.47371552,-71.26389288,2005.0,8.0,Summer,18.5,4.6,2,1,0,0,20.5,4.1,Shawsheen
W0093,42.47371552,-71.26389288,2005.0,8.0,Summer,20.3,3.4,2,1,0,0,22.3,2.9,Shawsheen
W0357,42.49645261,-71.2242658,2005.0,8.0,Summer,18.0,0.8,2,1,0,0,20.0,0.30000000000000004,Shawsheen
W0091,42.53441868,-71.23357266,2005.0,8.0,Summer,20.9,3.9,2,1,0,0,22.9,3.4,Shawsheen
W0091,42.53441868,-71.23357266,2005.0,8.0,Summer,22.2,2.7,2,1,0,0,24.2,2.2,Shawsheen
W0097,42.59577308,-71.19608409,2005.0,8.0,Summer,20.9,5.3,1,0,0,0,22.9,4.8,Shawsheen
W0097,42.59577308,-71.19608409,2005.0,8.0,Summer,23.4,5.0,1,0,0,0,25.4,4.5,Shawsheen
W1392,42.59966289,-71.19306072,2005.0,8.0,Summer,20.5,6.4,1,0,0,0,22.5,5.9,Shawsheen
W1392,42.59966289,-71.19306072,2005.0,8.0,Summer,22.8,5.9,1,0,0,0,24.8,5.4,Shawsheen
W0086,42.64744612,-71.15080259,2005.0,8.0,Summer,21.8,6.8,1,0,0,0,23.8,6.3,Shawsheen
W0086,42.64744612,-71.15080259,2005.0,8.0,Summer,23.1,6.1,1,0,0,0,25.1,5.6,Shawsheen
W0989,42.6539503,-71.14749048,2005.0,8.0,Summer,17.8,8.1,1,0,0,0,19.8,7.6,Shawsheen
W0989,42.6539503,-71.14749048,2005.0,8.0,Summer,19.1,6.9,1,0,0,0,21.1,6.4,Shawsheen
W0099,42.48702713,-71.26400361,2005.0,9.0,Fall,12.5,7.1,1,0,0,1,14.5,6.6,Shawsheen
W0093,42.47371552,-71.26389288,2005.0,9.0,Fall,14.4,4.4,2,1,0,1,16.4,3.9000000000000004,Shawsheen
W0357,42.49645261,-71.2242658,2005.0,9.0,Fall,14.6,2.6,2,1,0,1,16.6,2.1,Shawsheen
W0091,42.53441868,-71.23357266,2005.0,9.0,Fall,16.0,6.0,1,0,0,1,18.0,5.5,Shawsheen
W0750,42.57967087,-71.21821677,2005.0,9.0,Fall,13.0,7.9,1,0,0,1,15.0,7.4,Shawsheen
W0097,42.59577308,-71.19608409,2005.0,9.0,Fall,15.7,6.0,1,0,0,1,17.7,5.5,Shawsheen
W1392,42.59966289,-71.19306072,2005.0,9.0,Fall,16.0,7.4,1,0,0,1,18.0,6.9,Shawsheen
W1393,42.62887805,-71.19940031,2005.0,9.0,Fall,13.2,5.1,1,0,0,1,15.2,4.6,Shawsheen
W0086,42.64744612,-71.15080259,2005.0,9.0,Fall,16.8,6.7,1,0,0,1,18.8,6.2,Shawsheen
W0989,42.6539503,-71.14749048,2005.0,9.0,Fall,14.9,8.6,1,0,0,1,16.9,8.1,Shawsheen
W0139,42.55888279,-71.14669759,2005.0,5.0,Spring,12.3,7.4,0,0,0,0,14.3,6.9,Ipswich
W0113,42.56116459,-71.11060168,2005.0,5.0,Spring,13.2,5.6,0,0,0,0,15.2,5.1,Ipswich
W0136,42.57158947,-71.10125577,2005.0,5.0,Spring,13.4,5.8,0,0,0,0,15.4,5.3,Ipswich
W0139,42.55888279,-71.14669759,2005.0,5.0,Spring,12.7,5.1,0,0,0,0,14.7,4.6,Ipswich
W0113,42.56116459,-71.11060168,2005.0,5.0,Spring,13.6,4.9,1,1,0,0,15.6,4.4,Ipswich
W0136,42.57158947,-71.10125577,2005.0,5.0,Spring,14.1,4.8,1,1,0,0,16.1,4.3,Ipswich
W0143,42.55191092,-71.15006628,2005.0,5.0,Spring,10.1,5.0,1,0,0,1,12.1,4.5,Ipswich
W0139,42.55888279,-71.14669759,2005.0,5.0,Spring,10.0,5.8,1,0,0,1,12.0,5.3,Ipswich
W0113,42.56116459,-71.11060168,2005.0,5.0,Spring,10.6,5.7,1,0,0,1,12.6,5.2,Ipswich
W0136,42.57158947,-71.10125577,2005.0,5.0,Spring,10.7,6.0,1,0,0,1,12.7,5.5,Ipswich
W0112,42.57229149,-71.08984084,2005.0,5.0,Spring,10.4,7.1,1,0,0,1,12.4,6.6,Ipswich
W0130,42.62068997,-71.02025589,2005.0,5.0,Spring,10.8,9.2,1,0,0,1,12.8,8.7,Ipswich
W0110,42.61647019,-70.99700565,2005.0,5.0,Spring,10.8,8.8,1,0,0,1,12.8,8.3,Ipswich
W0107,42.65985762,-70.9028537,2005.0,5.0,Spring,10.6,6.9,1,0,0,1,12.6,6.4,Ipswich
W1394,42.65837905,-70.86183476,2005.0,5.0,Spring,10.6,9.4,1,0,0,1,12.6,8.9,Ipswich
W0121,42.66124707,-70.8449088,2005.0,5.0,Spring,9.9,8.1,1,0,0,1,11.9,7.6,Ipswich
W0143,42.55191092,-71.15006628,2005.0,6.0,Summer,16.3,4.8,3,1,0,1,18.3,4.3,Ipswich
W0139,42.55888279,-71.14669759,2005.0,6.0,Summer,16.7,2.6,3,1,0,1,18.7,2.1,Ipswich
W0113,42.56116459,-71.11060168,2005.0,6.0,Summer,19.2,4.1,3,1,0,1,21.2,3.5999999999999996,Ipswich
W0136,42.57158947,-71.10125577,2005.0,6.0,Summer,18.5,3.7,3,1,0,1,20.5,3.2,Ipswich
W0112,42.57229149,-71.08984084,2005.0,6.0,Summer,18.3,4.9,3,1,0,1,20.3,4.4,Ipswich
W0130,42.62068997,-71.02025589,2005.0,6.0,Summer,17.7,7.0,2,0,0,1,19.7,6.5,Ipswich
W0110,42.61647019,-70.99700565,2005.0,6.0,Summer,19.0,5.4,2,0,0,1,21.0,4.9,Ipswich
W0107,42.65985762,-70.9028537,2005.0,6.0,Summer,18.6,4.0,3,1,0,1,20.6,3.5,Ipswich
W1394,42.65837905,-70.86183476,2005.0,6.0,Summer,18.5,7.2,2,0,0,1,20.5,6.7,Ipswich
W0121,42.66124707,-70.8449088,2005.0,6.0,Summer,18.9,3.9,3,1,0,1,20.9,3.4,Ipswich
W0143,42.55191092,-71.15006628,2005.0,7.0,Summer,22.4,0.4,3,1,0,1,24.4,0.0,Ipswich
W0139,42.55888279,-71.14669759,2005.0,7.0,Summer,23.5,0.6,2,1,0,0,25.5,0.09999999999999998,Ipswich
W0113,42.56116459,-71.11060168,2005.0,7.0,Summer,25.6,2.7,4,1,1,1,27.6,2.2,Ipswich
W0136,42.57158947,-71.10125577,2005.0,7.0,Summer,24.6,2.5,3,1,0,1,26.6,2.0,Ipswich
W0112,42.57229149,-71.08984084,2005.0,7.0,Summer,22.5,3.8,3,1,0,1,24.5,3.3,Ipswich
W0130,42.62068997,-71.02025589,2005.0,7.0,Summer,25.7,5.2,2,0,0,1,27.7,4.7,Ipswich
W0110,42.61647019,-70.99700565,2005.0,7.0,Summer,26.4,4.8,3,1,1,0,28.4,4.3,Ipswich
W0107,42.65985762,-70.9028537,2005.0,7.0,Summer,27.0,2.9,4,1,1,1,29.0,2.4,Ipswich
W1394,42.65837905,-70.86183476,2005.0,7.0,Summer,27.1,6.6,1,0,0,0,29.1,6.1,Ipswich
W0121,42.66124707,-70.8449088,2005.0,7.0,Summer,26.2,2.3,4,1,1,1,28.2,1.7999999999999998,Ipswich
W0143,42.55191092,-71.15006628,2005.0,8.0,Summer,18.4,0.5,2,1,0,0,20.4,0.0,Ipswich
W0139,42.55888279,-71.14669759,2005.0,8.0,Summer,18.5,1.5,2,1,0,0,20.5,1.0,Ipswich
W0121,42.66124707,-70.8449088,2005.0,6.0,Summer,17.5,3.8,2,1,0,0,19.5,3.3,Ipswich
W0121,42.66124707,-70.8449088,2005.0,6.0,Summer,18.8,3.0,2,1,0,0,20.8,2.5,Ipswich
W1394,42.65837905,-70.86183476,2005.0,6.0,Summer,17.3,7.0,1,0,0,0,19.3,6.5,Ipswich
W1394,42.65837905,-70.86183476,2005.0,6.0,Summer,19.3,6.4,1,0,0,0,21.3,5.9,Ipswich
W0110,42.61647019,-70.99700565,2005.0,6.0,Summer,18.5,5.6,1,0,0,0,20.5,5.1,Ipswich
W0110,42.61647019,-70.99700565,2005.0,6.0,Summer,19.5,4.0,2,1,0,0,21.5,3.5,Ipswich
W0130,42.62068997,-71.02025589,2005.0,6.0,Summer,17.9,6.9,1,0,0,0,19.9,6.4,Ipswich
W0130,42.62068997,-71.02025589,2005.0,6.0,Summer,19.2,6.3,1,0,0,0,21.2,5.8,Ipswich
W0112,42.57229149,-71.08984084,2005.0,6.0,Summer,18.3,5.4,1,0,0,0,20.3,4.9,Ipswich
W0112,42.57229149,-71.08984084,2005.0,6.0,Summer,19.6,4.0,2,1,0,0,21.6,3.5,Ipswich
W0136,42.57158947,-71.10125577,2005.0,6.0,Summer,19.7,4.9,2,1,0,0,21.7,4.4,Ipswich
W0136,42.57158947,-71.10125577,2005.0,6.0,Summer,19.6,2.6,2,1,0,0,21.6,2.1,Ipswich
W0113,42.56116459,-71.11060168,2005.0,6.0,Summer,21.4,6.1,1,0,0,0,23.4,5.6,Ipswich
W0113,42.56116459,-71.11060168,2005.0,6.0,Summer,20.1,2.3,2,1,0,0,22.1,1.7999999999999998,Ipswich
W0139,42.55888279,-71.14669759,2005.0,6.0,Summer,18.6,2.7,2,1,0,0,20.6,2.2,Ipswich
W0139,42.55888279,-71.14669759,2005.0,6.0,Summer,18.1,1.9,2,1,0,0,20.1,1.4,Ipswich
W0113,42.56116459,-71.11060168,2005.0,8.0,Summer,22.2,3.4,2,1,0,0,24.2,2.9,Ipswich
W0136,42.57158947,-71.10125577,2005.0,8.0,Summer,19.4,2.9,3,1,0,1,21.4,2.4,Ipswich
W0112,42.57229149,-71.08984084,2005.0,8.0,Summer,21.0,5.8,2,0,0,1,23.0,5.3,Ipswich
W0130,42.62068997,-71.02025589,2005.0,8.0,Summer,18.7,6.6,2,0,0,1,20.7,6.1,Ipswich
W0110,42.61647019,-70.99700565,2005.0,8.0,Summer,21.4,5.3,2,0,0,1,23.4,4.8,Ipswich
W0107,42.65985762,-70.9028537,2005.0,8.0,Summer,22.5,5.1,2,0,0,1,24.5,4.6,Ipswich
W1394,42.65837905,-70.86183476,2005.0,8.0,Summer,21.2,7.1,2,0,0,1,23.2,6.6,Ipswich
W0121,42.66124707,-70.8449088,2005.0,8.0,Summer,20.8,5.0,2,0,0,1,22.8,4.5,Ipswich
W0139,42.55888279,-71.14669759,2005.0,9.0,Fall,17.4,1.0,1,1,0,0,19.4,0.5,Ipswich
W0139,42.55888279,-71.14669759,2005.0,9.0,Fall,16.6,0.4,1,1,0,0,18.6,0.0,Ipswich
W0136,42.57158947,-71.10125577,2005.0,9.0,Fall,19.6,1.7,1,1,0,0,21.6,1.2,Ipswich
W0136,42.57158947,-71.10125577,2005.0,9.0,Fall,17.6,1.2,1,1,0,0,19.6,0.7,Ipswich
W0112,42.57229149,-71.08984084,2005.0,9.0,Fall,18.6,3.0,1,1,0,0,20.6,2.5,Ipswich
W0112,42.57229149,-71.08984084,2005.0,9.0,Fall,17.3,1.9,1,1,0,0,19.3,1.4,Ipswich
W0139,42.55888279,-71.14669759,2005.0,7.0,Summer,21.0,1.1,2,1,0,0,23.0,0.6000000000000001,Ipswich
W0139,42.55888279,-71.14669759,2005.0,7.0,Summer,23.3,0.8,2,1,0,0,25.3,0.30000000000000004,Ipswich
W0113,42.56116459,-71.11060168,2005.0,7.0,Summer,24.2,3.4,2,1,0,0,26.2,2.9,Ipswich
W0113,42.56116459,-71.11060168,2005.0,7.0,Summer,25.4,2.3,3,1,1,0,27.4,1.7999999999999998,Ipswich
W0136,42.57158947,-71.10125577,2005.0,7.0,Summer,23.0,1.6,2,1,0,0,25.0,1.1,Ipswich
W0136,42.57158947,-71.10125577,2005.0,7.0,Summer,24.4,1.3,2,1,0,0,26.4,0.8,Ipswich
W0112,42.57229149,-71.08984084,2005.0,7.0,Summer,20.5,3.7,2,1,0,0,22.5,3.2,Ipswich
W0112,42.57229149,-71.08984084,2005.0,7.0,Summer,22.4,2.9,2,1,0,0,24.4,2.4,Ipswich
W0130,42.62068997,-71.02025589,2005.0,7.0,Summer,23.2,5.4,1,0,0,0,25.2,4.9,Ipswich
W0130,42.62068997,-71.02025589,2005.0,7.0,Summer,25.5,4.2,3,1,1,0,27.5,3.7,Ipswich
W0110,42.61647019,-70.99700565,2005.0,7.0,Summer,24.8,5.3,1,0,0,0,26.8,4.8,Ipswich
W0110,42.61647019,-70.99700565,2005.0,7.0,Summer,25.9,3.9,3,1,1,0,27.9,3.4,Ipswich
W0107,42.65985762,-70.9028537,2005.0,7.0,Summer,24.8,2.7,2,1,0,0,26.8,2.2,Ipswich
W0107,42.65985762,-70.9028537,2005.0,7.0,Summer,26.2,2.3,3,1,1,0,28.2,1.7999999999999998,Ipswich
W1394,42.65837905,-70.86183476,2005.0,7.0,Summer,25.2,7.6,1,0,0,0,27.2,7.1,Ipswich
W1394,42.65837905,-70.86183476,2005.0,7.0,Summer,26.6,4.8,3,1,1,0,28.6,4.3,Ipswich
W0121,42.66124707,-70.8449088,2005.0,7.0,Summer,23.7,2.7,2,1,0,0,25.7,2.2,Ipswich
W0121,42.66124707,-70.8449088,2005.0,7.0,Summer,25.7,1.9,3,1,1,0,27.7,1.4,Ipswich
W0139,42.55888279,-71.14669759,2005.0,8.0,Summer,19.5,0.9,2,1,0,0,21.5,0.4,Ipswich
W0136,42.57158947,-71.10125577,2005.0,8.0,Summer,21.4,2.4,2,1,0,0,23.4,1.9,Ipswich
W0136,42.57158947,-71.10125577,2005.0,8.0,Summer,20.7,1.8,2,1,0,0,22.7,1.3,Ipswich
W0112,42.57229149,-71.08984084,2005.0,8.0,Summer,20.4,1.9,2,1,0,0,22.4,1.4,Ipswich
W0112,42.57229149,-71.08984084,2005.0,8.0,Summer,19.5,2.8,2,1,0,0,21.5,2.3,Ipswich
W0130,42.62068997,-71.02025589,2005.0,8.0,Summer,21.2,4.1,2,1,0,0,23.2,3.5999999999999996,Ipswich
W0130,42.62068997,-71.02025589,2005.0,8.0,Summer,18.8,6.2,1,0,0,0,20.8,5.7,Ipswich
W0110,42.61647019,-70.99700565,2005.0,8.0,Summer,23.7,5.3,1,0,0,0,25.7,4.8,Ipswich
W0110,42.61647019,-70.99700565,2005.0,8.0,Summer,22.0,5.1,1,0,0,0,24.0,4.6,Ipswich
W0107,42.65985762,-70.9028537,2005.0,8.0,Summer,23.2,2.7,2,1,0,0,25.2,2.2,Ipswich
W0107,42.65985762,-70.9028537,2005.0,8.0,Summer,21.9,4.7,2,1,0,0,23.9,4.2,Ipswich
W1394,42.65837905,-70.86183476,2005.0,8.0,Summer,23.8,4.6,2,1,0,0,25.8,4.1,Ipswich
W1394,42.65837905,-70.86183476,2005.0,8.0,Summer,20.6,6.0,1,0,0,0,22.6,5.5,Ipswich
W0121,42.66124707,-70.8449088,2005.0,8.0,Summer,23.1,3.2,2,1,0,0,25.1,2.7,Ipswich
W0121,42.66124707,-70.8449088,2005.0,8.0,Summer,19.7,4.1,2,1,0,0,21.7,3.5999999999999996,Ipswich
W0130,42.62068997,-71.02025589,2005.0,9.0,Fall,18.5,6.3,0,0,0,0,20.5,5.8,Ipswich
W0130,42.62068997,-71.02025589,2005.0,9.0,Fall,16.8,6.2,0,0,0,0,18.8,5.7,Ipswich
W0110,42.61647019,-70.99700565,2005.0,9.0,Fall,20.4,5.2,0,0,0,0,22.4,4.7,Ipswich
W0110,42.61647019,-70.99700565,2005.0,9.0,Fall,19.2,4.6,1,1,0,0,21.2,4.1,Ipswich
W0107,42.65985762,-70.9028537,2005.0,9.0,Fall,19.5,5.2,0,0,0,0,21.5,4.7,Ipswich
W0107,42.65985762,-70.9028537,2005.0,9.0,Fall,19.0,5.0,0,0,0,0,21.0,4.5,Ipswich
W1394,42.65837905,-70.86183476,2005.0,9.0,Fall,19.4,9.5,0,0,0,0,21.4,9.0,Ipswich
W1394,42.65837905,-70.86183476,2005.0,9.0,Fall,17.9,7.2,0,0,0,0,19.9,6.7,Ipswich
W0121,42.66124707,-70.8449088,2005.0,9.0,Fall,20.2,5.3,0,0,0,0,22.2,4.8,Ipswich
W0121,42.66124707,-70.8449088,2005.0,9.0,Fall,18.2,5.2,0,0,0,0,20.2,4.7,Ipswich
W0139,42.55888279,-71.14669759,2005.0,9.0,Fall,15.5,0.4,2,1,0,1,17.5,0.0,Ipswich
W0113,42.56116459,-71.11060168,2005.0,9.0,Fall,17.7,1.0,1,1,0,0,19.7,0.5,Ipswich
W0136,42.57158947,-71.10125577,2005.0,9.0,Fall,16.2,4.0,2,1,0,1,18.2,3.5,Ipswich
W0112,42.57229149,-71.08984084,2005.0,9.0,Fall,17.4,6.0,0,0,0,0,19.4,5.5,Ipswich
W0130,42.62068997,-71.02025589,2005.0,9.0,Fall,16.0,6.1,1,0,0,1,18.0,5.6,Ipswich
W0110,42.61647019,-70.99700565,2005.0,9.0,Fall,17.4,5.5,1,0,0,1,19.4,5.0,Ipswich
W0107,42.65985762,-70.9028537,2005.0,9.0,Fall,17.5,6.0,1,0,0,1,19.5,5.5,Ipswich
W1394,42.65837905,-70.86183476,2005.0,9.0,Fall,16.7,8.7,1,0,0,1,18.7,8.2,Ipswich
W0121,42.66124707,-70.8449088,2005.0,9.0,Fall,17.2,5.9,1,0,0,1,19.2,5.4,Ipswich
W1377,41.58579649,-70.99038519,2005.0,5.0,Spring,13.3,7.8,1,0,0,1,15.3,7.3,Buzzards Bay
W1375,41.55048715,-71.10519746,2005.0,5.0,Spring,10.1,11.9,1,0,0,1,12.1,11.4,Buzzards Bay
W1373,41.58674671,-71.07572146,2005.0,5.0,Spring,10.2,11.9,1,0,0,1,12.2,11.4,Buzzards Bay
W1372,41.58837385,-71.07853485,2005.0,5.0,Spring,10.2,11.8,1,0,0,1,12.2,11.3,Buzzards Bay
W1374,41.60050153,-71.07337053,2005.0,5.0,Spring,11.3,11.7,1,0,0,1,13.3,11.2,Buzzards Bay
W1369,41.620936,-71.05967996,2005.0,5.0,Spring,12.6,11.2,1,0,0,1,14.6,10.7,Buzzards Bay
W1368,41.63101976,-71.05122871,2005.0,5.0,Spring,13.3,10.7,1,0,0,1,15.3,10.2,Buzzards Bay
W1371,41.63417275,-71.0626189,2005.0,5.0,Spring,11.6,11.7,1,0,0,1,13.6,11.2,Buzzards Bay
W1370,41.6534391,-71.07161149,2005.0,5.0,Spring,11.8,11.0,1,0,0,1,13.8,10.5,Buzzards Bay
W1367,41.66995111,-71.02512143,2005.0,5.0,Spring,12.2,10.9,1,0,0,1,14.2,10.4,Buzzards Bay
W1365,41.69283317,-71.03319491,2005.0,5.0,Spring,14.3,10.7,1,0,0,1,16.3,10.2,Buzzards Bay
W1376,41.63949244,-70.98483042,2005.0,5.0,Spring,13.7,8.8,1,0,0,1,15.7,8.3,Buzzards Bay
W1385,41.82944027,-70.77145151,2005.0,5.0,Spring,13.1,7.3,1,0,0,1,15.1,6.8,Buzzards Bay
W1386,41.77019551,-70.7544982,2005.0,5.0,Spring,13.4,10.2,1,0,0,1,15.4,9.7,Buzzards Bay
W1387,41.7342588,-70.77498583,2005.0,5.0,Spring,12.1,8.4,1,0,0,1,14.1,7.9,Buzzards Bay
W1383,41.70573322,-70.84312803,2005.0,5.0,Spring,11.9,9.0,1,0,0,1,13.9,8.5,Buzzards Bay
W1382,41.72449906,-70.89776922,2005.0,5.0,Spring,14.4,9.7,1,0,0,1,16.4,9.2,Buzzards Bay
W1381,41.6962772,-70.91417526,2005.0,5.0,Spring,12.5,9.2,1,0,0,1,14.5,8.7,Buzzards Bay
W1380,41.68195427,-70.9189306,2005.0,5.0,Spring,12.3,10.4,1,0,0,1,14.3,9.9,Buzzards Bay
W1384,41.65978485,-70.83639194,2005.0,5.0,Spring,11.9,8.7,1,0,0,1,13.9,8.2,Buzzards Bay
W1379,41.6320637,-70.9535974,2005.0,5.0,Spring,14.7,10.1,1,0,0,1,16.7,9.6,Buzzards Bay
W1378,41.6015685,-70.95890599,2005.0,5.0,Spring,13.0,11.2,1,0,0,1,15.0,10.7,Buzzards Bay
W1388,41.69308803,-70.77191491,2005.0,5.0,Spring,12.6,7.4,1,0,0,1,14.6,6.9,Buzzards Bay
W1389,41.68878515,-70.7716652,2005.0,5.0,Spring,14.2,8.1,1,0,0,1,16.2,7.6,Buzzards Bay
W1375,41.55048715,-71.10519746,2005.0,4.0,Spring,10.0,12.0,0,0,0,0,12.0,11.5,Buzzards Bay
W1373,41.58674671,-71.07572146,2005.0,4.0,Spring,10.5,11.8,0,0,0,0,12.5,11.3,Buzzards Bay
W1375,41.55048715,-71.10519746,2005.0,5.0,Spring,9.8,11.6,0,0,0,0,11.8,11.1,Buzzards Bay
W1373,41.58674671,-71.07572146,2005.0,5.0,Spring,10.5,11.6,0,0,0,0,12.5,11.1,Buzzards Bay
W1386,41.77019551,-70.7544982,2005.0,5.0,Spring,13.5,10.6,0,0,0,0,15.5,10.1,Buzzards Bay
W1382,41.72449906,-70.89776922,2005.0,5.0,Spring,15.5,9.6,0,0,0,0,17.5,9.1,Buzzards Bay
W1383,41.70573322,-70.84312803,2005.0,5.0,Spring,12.8,9.4,0,0,0,0,14.8,8.9,Buzzards Bay
W1386,41.77019551,-70.7544982,2005.0,5.0,Spring,13.7,10.5,0,0,0,0,15.7,10.0,Buzzards Bay
W1382,41.72449906,-70.89776922,2005.0,5.0,Spring,14.6,9.9,0,0,0,0,16.6,9.4,Buzzards Bay
W1383,41.70573322,-70.84312803,2005.0,5.0,Spring,11.9,9.7,0,0,0,0,13.9,9.2,Buzzards Bay
W1375,41.55048715,-71.10519746,2005.0,5.0,Spring,10.3,10.5,0,0,0,0,12.3,10.0,Buzzards Bay
W1365,41.69283317,-71.03319491,2005.0,5.0,Spring,13.1,9.9,0,0,0,0,15.1,9.4,Buzzards Bay
W1367,41.66995111,-71.02512143,2005.0,5.0,Spring,11.6,9.1,0,0,0,0,13.6,8.6,Buzzards Bay
W1374,41.60050153,-71.07337053,2005.0,5.0,Spring,10.7,10.6,0,0,0,0,12.7,10.1,Buzzards Bay
W1368,41.63101976,-71.05122871,2005.0,5.0,Spring,10.6,10.6,0,0,0,0,12.6,10.1,Buzzards Bay
W1371,41.63417275,-71.0626189,2005.0,5.0,Spring,10.7,10.4,0,0,0,0,12.7,9.9,Buzzards Bay
W1373,41.58674671,-71.07572146,2005.0,5.0,Spring,13.3,10.0,0,0,0,0,15.3,9.5,Buzzards Bay
W1372,41.58837385,-71.07853485,2005.0,5.0,Spring,13.0,9.8,0,0,0,0,15.0,9.3,Buzzards Bay
W1375,41.55048715,-71.10519746,2005.0,5.0,Spring,13.7,10.0,0,0,0,0,15.7,9.5,Buzzards Bay
W1365,41.69283317,-71.03319491,2005.0,5.0,Spring,16.6,9.4,0,0,0,0,18.6,8.9,Buzzards Bay
W1367,41.66995111,-71.02512143,2005.0,5.0,Spring,15.2,8.7,0,0,0,0,17.2,8.2,Buzzards Bay
W1374,41.60050153,-71.07337053,2005.0,5.0,Spring,14.3,9.8,0,0,0,0,16.3,9.3,Buzzards Bay
W1368,41.63101976,-71.05122871,2005.0,5.0,Spring,17.4,8.9,0,0,0,0,19.4,8.4,Buzzards Bay
W1371,41.63417275,-71.0626189,2005.0,5.0,Spring,14.1,10.0,0,0,0,0,16.1,9.5,Buzzards Bay
W1373,41.58674671,-71.07572146,2005.0,6.0,Summer,12.9,10.3,1,0,0,0,14.9,9.8,Buzzards Bay
W1372,41.58837385,-71.07853485,2005.0,6.0,Summer,12.6,10.1,1,0,0,0,14.6,9.6,Buzzards Bay
W1377,41.58579649,-70.99038519,2005.0,5.0,Spring,16.4,6.4,0,0,0,0,18.4,5.9,Buzzards Bay
W1378,41.6015685,-70.95890599,2005.0,5.0,Spring,16.4,9.7,0,0,0,0,18.4,9.2,Buzzards Bay
W1380,41.68195427,-70.9189306,2005.0,5.0,Spring,17.3,9.4,0,0,0,0,19.3,8.9,Buzzards Bay
W1382,41.72449906,-70.89776922,2005.0,5.0,Spring,18.0,8.5,0,0,0,0,20.0,8.0,Buzzards Bay
W1383,41.70573322,-70.84312803,2005.0,5.0,Spring,17.8,8.5,0,0,0,0,19.8,8.0,Buzzards Bay
W1387,41.7342588,-70.77498583,2005.0,5.0,Spring,18.5,8.6,0,0,0,0,20.5,8.1,Buzzards Bay
W1386,41.77019551,-70.7544982,2005.0,5.0,Spring,17.8,8.7,0,0,0,0,19.8,8.2,Buzzards Bay
W1377,41.58579649,-70.99038519,2005.0,6.0,Summer,15.2,6.3,1,0,0,0,17.2,5.8,Buzzards Bay
W1378,41.6015685,-70.95890599,2005.0,6.0,Summer,14.2,10.2,1,0,0,0,16.2,9.7,Buzzards Bay
W1380,41.68195427,-70.9189306,2005.0,6.0,Summer,15.8,9.5,1,0,0,0,17.8,9.0,Buzzards Bay
W1382,41.72449906,-70.89776922,2005.0,6.0,Summer,17.4,8.6,1,0,0,0,19.4,8.1,Buzzards Bay
W1383,41.70573322,-70.84312803,2005.0,6.0,Summer,16.3,8.1,1,0,0,0,18.3,7.6,Buzzards Bay
W1386,41.77019551,-70.7544982,2005.0,6.0,Summer,17.1,9.0,1,0,0,0,19.1,8.5,Buzzards Bay
W1375,41.55048715,-71.10519746,2005.0,6.0,Summer,16.6,9.4,2,0,0,1,18.6,8.9,Buzzards Bay
W1373,41.58674671,-71.07572146,2005.0,6.0,Summer,16.1,9.6,2,0,0,1,18.1,9.1,Buzzards Bay
W1372,41.58837385,-71.07853485,2005.0,6.0,Summer,15.9,9.7,2,0,0,1,17.9,9.2,Buzzards Bay
W1374,41.60050153,-71.07337053,2005.0,6.0,Summer,17.9,9.0,2,0,0,1,19.9,8.5,Buzzards Bay
W1369,41.620936,-71.05967996,2005.0,6.0,Summer,21.2,8.7,2,0,0,1,23.2,8.2,Buzzards Bay
W1368,41.63101976,-71.05122871,2005.0,6.0,Summer,22.2,8.4,2,0,0,1,24.2,7.9,Buzzards Bay
W1371,41.63417275,-71.0626189,2005.0,6.0,Summer,18.9,9.0,2,0,0,1,20.9,8.5,Buzzards Bay
W1370,41.6534391,-71.07161149,2005.0,6.0,Summer,18.9,8.0,2,0,0,1,20.9,7.5,Buzzards Bay
W1367,41.66995111,-71.02512143,2005.0,6.0,Summer,20.6,7.2,2,0,0,1,22.6,6.7,Buzzards Bay
W1365,41.69283317,-71.03319491,2005.0,6.0,Summer,23.5,8.6,2,0,0,1,25.5,8.1,Buzzards Bay
W1366,41.70943898,-71.00445926,2005.0,6.0,Summer,21.8,7.9,1,0,0,0,23.8,7.4,Buzzards Bay
W1385,41.82944027,-70.77145151,2005.0,6.0,Summer,22.6,2.4,3,1,0,1,24.6,1.9,Buzzards Bay
W1386,41.77019551,-70.7544982,2005.0,6.0,Summer,21.7,8.3,2,0,0,1,23.7,7.800000000000001,Buzzards Bay
W1387,41.7342588,-70.77498583,2005.0,6.0,Summer,21.3,5.5,2,0,0,1,23.3,5.0,Buzzards Bay
W1384,41.65978485,-70.83639194,2005.0,6.0,Summer,20.8,6.7,2,0,0,1,22.8,6.2,Buzzards Bay
W1383,41.70573322,-70.84312803,2005.0,6.0,Summer,21.3,6.6,2,0,0,1,23.3,6.1,Buzzards Bay
W1382,41.72449906,-70.89776922,2005.0,6.0,Summer,22.8,7.4,2,0,0,1,24.8,6.9,Buzzards Bay
W1381,41.6962772,-70.91417526,2005.0,6.0,Summer,21.1,7.0,2,0,0,1,23.1,6.5,Buzzards Bay
W1380,41.68195427,-70.9189306,2005.0,6.0,Summer,22.6,7.4,2,0,0,1,24.6,6.9,Buzzards Bay
W1379,41.6320637,-70.9535974,2005.0,6.0,Summer,25.1,6.5,2,0,0,1,27.1,6.0,Buzzards Bay
W1378,41.6015685,-70.95890599,2005.0,6.0,Summer,18.5,9.8,2,0,0,1,20.5,9.3,Buzzards Bay
W1377,41.58579649,-70.99038519,2005.0,6.0,Summer,20.5,7.1,2,0,0,1,22.5,6.6,Buzzards Bay
W1376,41.63949244,-70.98483042,2005.0,6.0,Summer,21.8,5.5,2,0,0,1,23.8,5.0,Buzzards Bay
W1389,41.68878515,-70.7716652,2005.0,6.0,Summer,24.0,5.5,2,0,0,1,26.0,5.0,Buzzards Bay
W1388,41.69308803,-70.77191491,2005.0,6.0,Summer,16.9,6.6,2,0,0,1,18.9,6.1,Buzzards Bay
W1375,41.55048715,-71.10519746,2005.0,6.0,Summer,17.9,8.8,2,0,0,1,19.9,8.3,Buzzards Bay
W1373,41.58674671,-71.07572146,2005.0,6.0,Summer,17.2,9.2,2,0,0,1,19.2,8.7,Buzzards Bay
W1372,41.58837385,-71.07853485,2005.0,6.0,Summer,17.5,9.1,2,0,0,1,19.5,8.6,Buzzards Bay
W1374,41.60050153,-71.07337053,2005.0,6.0,Summer,18.4,7.9,2,0,0,1,20.4,7.4,Buzzards Bay
W1369,41.620936,-71.05967996,2005.0,6.0,Summer,22.2,8.0,2,0,0,1,24.2,7.5,Buzzards Bay
W1368,41.63101976,-71.05122871,2005.0,6.0,Summer,23.7,7.6,2,0,0,1,25.7,7.1,Buzzards Bay
W1371,41.63417275,-71.0626189,2005.0,6.0,Summer,19.9,7.9,2,0,0,1,21.9,7.4,Buzzards Bay
W1370,41.6534391,-71.07161149,2005.0,6.0,Summer,19.5,6.5,2,0,0,1,21.5,6.0,Buzzards Bay
W1367,41.66995111,-71.02512143,2005.0,6.0,Summer,22.1,6.4,2,0,0,1,24.1,5.9,Buzzards Bay
W1365,41.69283317,-71.03319491,2005.0,6.0,Summer,21.7,8.2,2,0,0,1,23.7,7.699999999999999,Buzzards Bay
W1366,41.70943898,-71.00445926,2005.0,6.0,Summer,20.1,4.5,3,1,0,1,22.1,4.0,Buzzards Bay
W1385,41.82944027,-70.77145151,2005.0,6.0,Summer,24.1,3.8,3,1,0,1,26.1,3.3,Buzzards Bay
W1386,41.77019551,-70.7544982,2005.0,6.0,Summer,22.5,7.9,2,0,0,1,24.5,7.4,Buzzards Bay
W1387,41.7342588,-70.77498583,2005.0,6.0,Summer,23.7,4.6,3,1,0,1,25.7,4.1,Buzzards Bay
W1384,41.65978485,-70.83639194,2005.0,6.0,Summer,21.8,5.4,2,0,0,1,23.8,4.9,Buzzards Bay
W1383,41.70573322,-70.84312803,2005.0,6.0,Summer,21.5,6.6,2,0,0,1,23.5,6.1,Buzzards Bay
W1382,41.72449906,-70.89776922,2005.0,6.0,Summer,23.0,6.6,2,0,0,1,25.0,6.1,Buzzards Bay
W1381,41.6962772,-70.91417526,2005.0,6.0,Summer,22.5,6.0,2,0,0,1,24.5,5.5,Buzzards Bay
W1380,41.68195427,-70.9189306,2005.0,6.0,Summer,22.9,5.8,2,0,0,1,24.9,5.3,Buzzards Bay
W1379,41.6320637,-70.9535974,2005.0,6.0,Summer,25.8,4.5,4,1,1,1,27.8,4.0,Buzzards Bay
W1378,41.6015685,-70.95890599,2005.0,6.0,Summer,19.6,8.6,2,0,0,1,21.6,8.1,Buzzards Bay
W1377,41.58579649,-70.99038519,2005.0,6.0,Summer,21.0,6.6,2,0,0,1,23.0,6.1,Buzzards Bay
W1376,41.63949244,-70.98483042,2005.0,6.0,Summer,22.6,5.2,2,0,0,1,24.6,4.7,Buzzards Bay
W1389,41.68878515,-70.7716652,2005.0,6.0,Summer,24.8,6.5,2,0,0,1,26.8,6.0,Buzzards Bay
W1388,41.69308803,-70.77191491,2005.0,6.0,Summer,18.1,5.2,1,0,0,0,20.1,4.7,Buzzards Bay
W1375,41.55048715,-71.10519746,2005.0,8.0,Summer,19.4,8.3,2,0,0,1,21.4,7.800000000000001,Buzzards Bay
W1373,41.58674671,-71.07572146,2005.0,8.0,Summer,19.3,7.4,2,0,0,1,21.3,6.9,Buzzards Bay
W1372,41.58837385,-71.07853485,2005.0,8.0,Summer,19.1,7.7,2,0,0,1,21.1,7.2,Buzzards Bay
W1374,41.60050153,-71.07337053,2005.0,8.0,Summer,18.7,5.6,2,0,0,1,20.7,5.1,Buzzards Bay
W1369,41.620936,-71.05967996,2005.0,8.0,Summer,26.1,5.1,2,0,0,1,28.1,4.6,Buzzards Bay
W1368,41.63101976,-71.05122871,2005.0,8.0,Summer,22.4,7.3,2,0,0,1,24.4,6.8,Buzzards Bay
W1371,41.63417275,-71.0626189,2005.0,8.0,Summer,20.6,7.3,2,0,0,1,22.6,6.8,Buzzards Bay
W1370,41.6534391,-71.07161149,2005.0,8.0,Summer,20.2,6.4,2,0,0,1,22.2,5.9,Buzzards Bay
W1367,41.66995111,-71.02512143,2005.0,8.0,Summer,20.7,6.7,2,0,0,1,22.7,6.2,Buzzards Bay
W1366,41.70943898,-71.00445926,2005.0,8.0,Summer,19.6,4.1,2,1,0,0,21.6,3.5999999999999996,Buzzards Bay
W1385,41.82944027,-70.77145151,2005.0,8.0,Summer,19.9,4.7,3,1,0,1,21.9,4.2,Buzzards Bay
W1386,41.77019551,-70.7544982,2005.0,8.0,Summer,20.8,7.9,2,0,0,1,22.8,7.4,Buzzards Bay
W1387,41.7342588,-70.77498583,2005.0,8.0,Summer,21.8,5.2,2,0,0,1,23.8,4.7,Buzzards Bay
W1384,41.65978485,-70.83639194,2005.0,8.0,Summer,20.5,5.4,1,0,0,0,22.5,4.9,Buzzards Bay
W1383,41.70573322,-70.84312803,2005.0,8.0,Summer,20.7,6.8,2,0,0,1,22.7,6.3,Buzzards Bay
W1382,41.72449906,-70.89776922,2005.0,8.0,Summer,21.1,7.3,2,0,0,1,23.1,6.8,Buzzards Bay
W1381,41.6962772,-70.91417526,2005.0,8.0,Summer,23.0,4.2,2,1,0,0,25.0,3.7,Buzzards Bay
W1380,41.68195427,-70.9189306,2005.0,8.0,Summer,23.3,7.3,2,0,0,1,25.3,6.8,Buzzards Bay
W1378,41.6015685,-70.95890599,2005.0,8.0,Summer,21.0,8.2,2,0,0,1,23.0,7.699999999999999,Buzzards Bay
W1377,41.58579649,-70.99038519,2005.0,8.0,Summer,22.8,5.7,2,0,0,1,24.8,5.2,Buzzards Bay
W1376,41.63949244,-70.98483042,2005.0,8.0,Summer,22.8,3.0,3,1,0,1,24.8,2.5,Buzzards Bay
W1369,41.620936,-71.05967996,2005.0,8.0,Summer,21.9,8.4,2,0,0,1,23.9,7.9,Buzzards Bay
W1368,41.63101976,-71.05122871,2005.0,8.0,Summer,23.4,8.1,2,0,0,1,25.4,7.6,Buzzards Bay
W1371,41.63417275,-71.0626189,2005.0,8.0,Summer,21.0,8.6,2,0,0,1,23.0,8.1,Buzzards Bay
W1370,41.6534391,-71.07161149,2005.0,8.0,Summer,20.7,7.9,2,0,0,1,22.7,7.4,Buzzards Bay
W1367,41.66995111,-71.02512143,2005.0,8.0,Summer,21.0,7.2,2,0,0,1,23.0,6.7,Buzzards Bay
W1399,41.69276793,-71.03355135,2005.0,8.0,Summer,20.0,7.4,2,0,0,1,22.0,6.9,Buzzards Bay
W1366,41.70943898,-71.00445926,2005.0,8.0,Summer,20.8,6.6,2,0,0,1,22.8,6.1,Buzzards Bay
W1385,41.82944027,-70.77145151,2005.0,8.0,Summer,21.2,6.8,2,0,0,1,23.2,6.3,Buzzards Bay
W1386,41.77019551,-70.7544982,2005.0,8.0,Summer,21.3,7.6,2,0,0,1,23.3,7.1,Buzzards Bay
W1387,41.7342588,-70.77498583,2005.0,8.0,Summer,21.6,6.5,2,0,0,1,23.6,6.0,Buzzards Bay
W1384,41.65978485,-70.83639194,2005.0,8.0,Summer,21.2,7.2,2,0,0,1,23.2,6.7,Buzzards Bay
W1383,41.70573322,-70.84312803,2005.0,8.0,Summer,20.4,7.3,2,0,0,1,22.4,6.8,Buzzards Bay
W1382,41.72449906,-70.89776922,2005.0,8.0,Summer,22.6,7.1,2,0,0,1,24.6,6.6,Buzzards Bay
W1380,41.68195427,-70.9189306,2005.0,8.0,Summer,21.5,7.8,2,0,0,1,23.5,7.3,Buzzards Bay
W1377,41.58579649,-70.99038519,2005.0,8.0,Summer,21.2,7.2,2,0,0,1,23.2,6.7,Buzzards Bay
W1407,41.6868479,-70.77068505,2005.0,6.0,Summer,24.3,5.5,2,0,0,1,26.3,5.0,Buzzards Bay
W1400,41.9164327,-70.76349843,2005.0,7.0,Summer,25.0,9.4,2,0,0,1,27.0,8.9,Buzzards Bay
W1400,41.9164327,-70.76349843,2005.0,7.0,Summer,24.5,9.4,2,0,0,1,26.5,8.9,Buzzards Bay
W1400,41.9164327,-70.76349843,2005.0,7.0,Summer,22.6,4.0,3,1,0,1,24.6,3.5,Buzzards Bay
W1400,41.9164327,-70.76349843,2005.0,7.0,Summer,23.9,8.2,2,0,0,1,25.9,7.699999999999999,Buzzards Bay
W1401,41.86851883,-70.73085416,2005.0,7.0,Summer,26.1,8.5,2,0,0,1,28.1,8.0,Buzzards Bay
W1401,41.86851883,-70.73085416,2005.0,7.0,Summer,25.8,8.6,2,0,0,1,27.8,8.1,Buzzards Bay
W1401,41.86851883,-70.73085416,2005.0,7.0,Summer,25.4,8.6,2,0,0,1,27.4,8.1,Buzzards Bay
W1401,41.86851883,-70.73085416,2005.0,7.0,Summer,21.3,10.0,2,0,0,1,23.3,9.5,Buzzards Bay
W1401,41.86851883,-70.73085416,2005.0,7.0,Summer,17.7,4.2,3,1,0,1,19.7,3.7,Buzzards Bay
W1401,41.86851883,-70.73085416,2005.0,7.0,Summer,13.1,0.3,3,1,0,1,15.1,0.0,Buzzards Bay
W1402,41.85206447,-70.75297674,2005.0,7.0,Summer,25.2,8.1,2,0,0,1,27.2,7.6,Buzzards Bay
W1402,41.85206447,-70.75297674,2005.0,7.0,Summer,25.2,8.0,2,0,0,1,27.2,7.5,Buzzards Bay
W1402,41.85206447,-70.75297674,2005.0,7.0,Summer,25.2,7.9,2,0,0,1,27.2,7.4,Buzzards Bay
W1402,41.85206447,-70.75297674,2005.0,7.0,Summer,21.6,1.7,3,1,0,1,23.6,1.2,Buzzards Bay
W1405,41.78090716,-70.86202375,2005.0,7.0,Summer,24.6,8.0,2,0,0,1,26.6,7.5,Buzzards Bay
W1405,41.78090716,-70.86202375,2005.0,7.0,Summer,24.5,8.0,2,0,0,1,26.5,7.5,Buzzards Bay
W1403,41.75645701,-70.78989856,2005.0,7.0,Summer,23.2,8.3,2,0,0,1,25.2,7.800000000000001,Buzzards Bay
W1403,41.75645701,-70.78989856,2005.0,7.0,Summer,23.3,8.3,2,0,0,1,25.3,7.800000000000001,Buzzards Bay
W1403,41.75645701,-70.78989856,2005.0,7.0,Summer,23.2,8.2,2,0,0,1,25.2,7.699999999999999,Buzzards Bay
W1403,41.75645701,-70.78989856,2005.0,7.0,Summer,23.2,8.2,2,0,0,1,25.2,7.699999999999999,Buzzards Bay
W1403,41.75645701,-70.78989856,2005.0,7.0,Summer,16.9,9.2,2,0,0,1,18.9,8.7,Buzzards Bay
W1403,41.75645701,-70.78989856,2005.0,7.0,Summer,15.3,8.5,2,0,0,1,17.3,8.0,Buzzards Bay
W1403,41.75645701,-70.78989856,2005.0,7.0,Summer,13.6,4.9,3,1,0,1,15.6,4.4,Buzzards Bay
W1403,41.75645701,-70.78989856,2005.0,7.0,Summer,13.2,3.4,3,1,0,1,15.2,2.9,Buzzards Bay
W1404,41.75026335,-70.80466442,2005.0,7.0,Summer,21.8,7.2,2,0,0,1,23.8,6.7,Buzzards Bay
W1404,41.75026335,-70.80466442,2005.0,7.0,Summer,21.9,7.0,2,0,0,1,23.9,6.5,Buzzards Bay
W1403,41.75645701,-70.78989856,2005.0,8.0,Summer,26.8,8.1,2,0,0,1,28.8,7.6,Buzzards Bay
W1403,41.75645701,-70.78989856,2005.0,8.0,Summer,26.6,8.1,2,0,0,1,28.6,7.6,Buzzards Bay
W1403,41.75645701,-70.78989856,2005.0,8.0,Summer,26.4,7.8,2,0,0,1,28.4,7.3,Buzzards Bay
W1403,41.75645701,-70.78989856,2005.0,8.0,Summer,25.8,7.8,2,0,0,1,27.8,7.3,Buzzards Bay
W1403,41.75645701,-70.78989856,2005.0,8.0,Summer,24.0,7.5,2,0,0,1,26.0,7.0,Buzzards Bay
W1403,41.75645701,-70.78989856,2005.0,8.0,Summer,19.6,7.6,2,0,0,1,21.6,7.1,Buzzards Bay
W1403,41.75645701,-70.78989856,2005.0,8.0,Summer,16.8,6.0,2,0,0,1,18.8,5.5,Buzzards Bay
W1403,41.75645701,-70.78989856,2005.0,8.0,Summer,14.8,2.0,3,1,0,1,16.8,1.5,Buzzards Bay
W1403,41.75645701,-70.78989856,2005.0,8.0,Summer,14.5,1.0,3,1,0,1,16.5,0.5,Buzzards Bay
W1404,41.75026335,-70.80466442,2005.0,8.0,Summer,25.9,7.4,2,0,0,1,27.9,6.9,Buzzards Bay
W1404,41.75026335,-70.80466442,2005.0,8.0,Summer,23.7,0.5,3,1,0,1,25.7,0.0,Buzzards Bay
W1400,41.9164327,-70.76349843,2005.0,8.0,Summer,27.2,7.1,2,0,0,1,29.2,6.6,Buzzards Bay
W1400,41.9164327,-70.76349843,2005.0,8.0,Summer,26.9,6.7,2,0,0,1,28.9,6.2,Buzzards Bay
W1400,41.9164327,-70.76349843,2005.0,8.0,Summer,26.7,6.1,2,0,0,1,28.7,5.6,Buzzards Bay
W1401,41.86851883,-70.73085416,2005.0,8.0,Summer,28.8,8.5,2,0,0,1,30.8,8.0,Buzzards Bay
W1401,41.86851883,-70.73085416,2005.0,8.0,Summer,27.4,8.5,2,0,0,1,29.4,8.0,Buzzards Bay
W1401,41.86851883,-70.73085416,2005.0,8.0,Summer,26.6,7.9,2,0,0,1,28.6,7.4,Buzzards Bay
W1401,41.86851883,-70.73085416,2005.0,8.0,Summer,23.2,2.5,3,1,0,1,25.2,2.0,Buzzards Bay
W1401,41.86851883,-70.73085416,2005.0,8.0,Summer,19.2,0.8,3,1,0,1,21.2,0.30000000000000004,Buzzards Bay
W1402,41.85206447,-70.75297674,2005.0,8.0,Summer,27.7,7.5,1,0,0,0,29.7,7.0,Buzzards Bay
W1402,41.85206447,-70.75297674,2005.0,8.0,Summer,27.7,7.4,1,0,0,0,29.7,6.9,Buzzards Bay
W1402,41.85206447,-70.75297674,2005.0,8.0,Summer,27.6,7.4,1,0,0,0,29.6,6.9,Buzzards Bay
W1402,41.85206447,-70.75297674,2005.0,8.0,Summer,27.6,7.3,1,0,0,0,29.6,6.8,Buzzards Bay
W1405,41.78090716,-70.86202375,2005.0,8.0,Summer,27.3,7.3,1,0,0,0,29.3,6.8,Buzzards Bay
W1405,41.78090716,-70.86202375,2005.0,8.0,Summer,27.3,7.2,1,0,0,0,29.3,6.7,Buzzards Bay
W1400,41.9164327,-70.76349843,2005.0,9.0,Fall,24.7,6.4,1,0,0,1,26.7,5.9,Buzzards Bay
W1400,41.9164327,-70.76349843,2005.0,9.0,Fall,24.6,6.4,1,0,0,1,26.6,5.9,Buzzards Bay
W1400,41.9164327,-70.76349843,2005.0,9.0,Fall,24.5,6.2,1,0,0,1,26.5,5.7,Buzzards Bay
W1401,41.86851883,-70.73085416,2005.0,9.0,Fall,25.1,8.9,1,0,0,1,27.1,8.4,Buzzards Bay
W1401,41.86851883,-70.73085416,2005.0,9.0,Fall,24.5,7.7,1,0,0,1,26.5,7.2,Buzzards Bay
W1401,41.86851883,-70.73085416,2005.0,9.0,Fall,24.4,7.2,1,0,0,1,26.4,6.7,Buzzards Bay
W1401,41.86851883,-70.73085416,2005.0,9.0,Fall,24.4,7.1,1,0,0,1,26.4,6.6,Buzzards Bay
W1401,41.86851883,-70.73085416,2005.0,9.0,Fall,23.4,4.2,2,1,0,1,25.4,3.7,Buzzards Bay
W1403,41.75645701,-70.78989856,2005.0,9.0,Fall,24.6,8.2,1,0,0,1,26.6,7.699999999999999,Buzzards Bay
W1403,41.75645701,-70.78989856,2005.0,9.0,Fall,24.6,8.0,1,0,0,1,26.6,7.5,Buzzards Bay
W1403,41.75645701,-70.78989856,2005.0,9.0,Fall,24.6,8.0,1,0,0,1,26.6,7.5,Buzzards Bay
W1403,41.75645701,-70.78989856,2005.0,9.0,Fall,24.5,7.8,1,0,0,1,26.5,7.3,Buzzards Bay
W1403,41.75645701,-70.78989856,2005.0,9.0,Fall,24.4,7.5,1,0,0,1,26.4,7.0,Buzzards Bay
W1403,41.75645701,-70.78989856,2005.0,9.0,Fall,24.2,7.3,1,0,0,1,26.2,6.8,Buzzards Bay
W1403,41.75645701,-70.78989856,2005.0,9.0,Fall,24.0,7.0,1,0,0,1,26.0,6.5,Buzzards Bay
W1403,41.75645701,-70.78989856,2005.0,9.0,Fall,21.6,3.4,2,1,0,1,23.6,2.9,Buzzards Bay
W1403,41.75645701,-70.78989856,2005.0,9.0,Fall,16.7,0.6,2,1,0,1,18.7,0.09999999999999998,Buzzards Bay
W1404,41.75026335,-70.80466442,2005.0,9.0,Fall,22.7,5.3,1,0,0,1,24.7,4.8,Buzzards Bay
W1404,41.75026335,-70.80466442,2005.0,9.0,Fall,22.4,4.8,2,1,0,1,24.4,4.3,Buzzards Bay
W1402,41.85206447,-70.75297674,2005.0,9.0,Fall,24.1,8.2,1,0,0,1,26.1,7.699999999999999,Buzzards Bay
W1402,41.85206447,-70.75297674,2005.0,9.0,Fall,24.0,7.9,1,0,0,1,26.0,7.4,Buzzards Bay
W1402,41.85206447,-70.75297674,2005.0,9.0,Fall,23.9,8.0,1,0,0,1,25.9,7.5,Buzzards Bay
W1402,41.85206447,-70.75297674,2005.0,9.0,Fall,23.8,7.9,1,0,0,1,25.8,7.4,Buzzards Bay
W1405,41.78090716,-70.86202375,2005.0,9.0,Fall,23.6,7.8,1,0,0,1,25.6,7.3,Buzzards Bay
W1405,41.78090716,-70.86202375,2005.0,9.0,Fall,23.1,7.5,1,0,0,1,25.1,7.0,Buzzards Bay
W1289,42.28513941,-73.19308795,2005.0,8.0,Summer,23.5,7.8,1,0,0,0,25.5,7.3,Housatonic
W1289,42.28513941,-73.19308795,2005.0,8.0,Summer,23.3,7.8,1,0,0,0,25.3,7.3,Housatonic
W1289,42.28513941,-73.19308795,2005.0,8.0,Summer,23.2,7.7,1,0,0,0,25.2,7.2,Housatonic
W1289,42.28513941,-73.19308795,2005.0,8.0,Summer,18.9,6.5,1,0,0,0,20.9,6.0,Housatonic
W1289,42.28513941,-73.19308795,2005.0,8.0,Summer,20.9,6.7,1,0,0,0,22.9,6.2,Housatonic
W1289,42.28513941,-73.19308795,2005.0,8.0,Summer,16.3,6.6,1,0,0,0,18.3,6.1,Housatonic
W1289,42.28513941,-73.19308795,2005.0,8.0,Summer,13.9,6.5,1,0,0,0,15.9,6.0,Housatonic
W1289,42.28513941,-73.19308795,2005.0,8.0,Summer,12.2,5.1,1,0,0,0,14.2,4.6,Housatonic
W1289,42.28513941,-73.19308795,2005.0,8.0,Summer,11.0,3.5,2,1,0,0,13.0,3.0,Housatonic
W1289,42.28513941,-73.19308795,2005.0,8.0,Summer,13.0,5.9,1,0,0,0,15.0,5.4,Housatonic
W1290,42.46492596,-73.28394056,2005.0,8.0,Summer,24.2,7.2,2,0,0,1,26.2,6.7,Housatonic
W1290,42.46492596,-73.28394056,2005.0,8.0,Summer,22.5,7.1,2,0,0,1,24.5,6.6,Housatonic
W1290,42.46492596,-73.28394056,2005.0,8.0,Summer,20.0,8.7,2,0,0,1,22.0,8.2,Housatonic
W1290,42.46492596,-73.28394056,2005.0,8.0,Summer,13.4,7.0,2,0,0,1,15.4,6.5,Housatonic
W1290,42.46492596,-73.28394056,2005.0,8.0,Summer,12.7,6.6,2,0,0,1,14.7,6.1,Housatonic
W1290,42.46492596,-73.28394056,2005.0,8.0,Summer,10.9,4.3,3,1,0,1,12.9,3.8,Housatonic
W1290,42.46492596,-73.28394056,2005.0,8.0,Summer,8.7,0.7,3,1,0,1,10.7,0.19999999999999996,Housatonic
W1291,42.33510586,-73.31812587,2005.0,8.0,Summer,23.8,8.3,2,0,0,1,25.8,7.800000000000001,Housatonic
W1291,42.33510586,-73.31812587,2005.0,8.0,Summer,23.8,8.3,2,0,0,1,25.8,7.800000000000001,Housatonic
W1291,42.33510586,-73.31812587,2005.0,8.0,Summer,23.8,8.3,2,0,0,1,25.8,7.800000000000001,Housatonic
W1291,42.33510586,-73.31812587,2005.0,8.0,Summer,23.7,8.3,2,0,0,1,25.7,7.800000000000001,Housatonic
W1291,42.33510586,-73.31812587,2005.0,8.0,Summer,22.2,9.6,2,0,0,1,24.2,9.1,Housatonic
W1291,42.33510586,-73.31812587,2005.0,8.0,Summer,19.5,9.9,2,0,0,1,21.5,9.4,Housatonic
W1291,42.33510586,-73.31812587,2005.0,8.0,Summer,15.7,9.7,2,0,0,1,17.7,9.2,Housatonic
W1291,42.33510586,-73.31812587,2005.0,8.0,Summer,13.1,9.8,2,0,0,1,15.1,9.3,Housatonic
W1291,42.33510586,-73.31812587,2005.0,8.0,Summer,10.2,7.6,2,0,0,1,12.2,7.1,Housatonic
W1291,42.33510586,-73.31812587,2005.0,8.0,Summer,9.8,3.2,3,1,0,1,11.8,2.7,Housatonic
W1292,42.30498564,-72.83260247,2005.0,9.0,Fall,23.2,7.5,1,0,0,1,25.2,7.0,Westfield
W1292,42.30498564,-72.83260247,2005.0,9.0,Fall,22.9,7.0,1,0,0,1,24.9,6.5,Westfield
W1292,42.30498564,-72.83260247,2005.0,9.0,Fall,20.2,3.7,2,1,0,1,22.2,3.2,Westfield
W1292,42.30498564,-72.83260247,2005.0,9.0,Fall,18.3,1.8,2,1,0,1,20.3,1.3,Westfield
W1292,42.30498564,-72.83260247,2005.0,9.0,Fall,14.0,0.4,2,1,0,1,16.0,0.0,Westfield
W1293,42.53700951,-72.97936418,2005.0,8.0,Summer,23.2,7.5,2,0,0,1,25.2,7.0,Westfield
W1293,42.53700951,-72.97936418,2005.0,8.0,Summer,22.8,6.8,2,0,0,1,24.8,6.3,Westfield
W1293,42.53700951,-72.97936418,2005.0,8.0,Summer,20.2,1.2,3,1,0,1,22.2,0.7,Westfield
W1293,42.53700951,-72.97936418,2005.0,8.0,Summer,9.7,2.7,3,1,0,1,11.7,2.2,Westfield
W1293,42.53700951,-72.97936418,2005.0,8.0,Summer,5.8,0.6,3,1,0,1,7.8,0.09999999999999998,Westfield
W1294,42.63380602,-72.23276091,2005.0,8.0,Summer,25.8,6.9,2,0,0,1,27.8,6.4,Millers
W1294,42.63380602,-72.23276091,2005.0,8.0,Summer,24.9,2.9,3,1,0,1,26.9,2.4,Millers
W1294,42.63380602,-72.23276091,2005.0,8.0,Summer,10.8,2.1,3,1,0,1,12.8,1.6,Millers
W1294,42.63380602,-72.23276091,2005.0,8.0,Summer,7.3,1.8,3,1,0,1,9.3,1.3,Millers
W1294,42.63380602,-72.23276091,2005.0,8.0,Summer,5.4,1.7,3,1,0,1,7.4,1.2,Millers
W1083,42.14509062,-72.51299232,2005.0,9.0,Fall,25.9,7.2,1,0,0,1,27.9,6.7,Chicopee
W1083,42.14509062,-72.51299232,2005.0,9.0,Fall,24.8,6.6,1,0,0,1,26.8,6.1,Chicopee
W1083,42.14509062,-72.51299232,2005.0,9.0,Fall,22.6,6.1,1,0,0,1,24.6,5.6,Chicopee
W1083,42.14509062,-72.51299232,2005.0,9.0,Fall,20.1,7.5,1,0,0,1,22.1,7.0,Chicopee
W1083,42.14509062,-72.51299232,2005.0,9.0,Fall,16.9,11.1,1,0,0,1,18.9,10.6,Chicopee
W1083,42.14509062,-72.51299232,2005.0,9.0,Fall,14.5,7.4,1,0,0,1,16.5,6.9,Chicopee
W1083,42.14509062,-72.51299232,2005.0,9.0,Fall,13.1,1.7,2,1,0,1,15.1,1.2,Chicopee
W1083,42.14509062,-72.51299232,2005.0,9.0,Fall,10.4,0.5,2,1,0,1,12.4,0.0,Chicopee
W1221,42.14096257,-72.12021662,2005.0,9.0,Fall,25.1,8.2,1,0,0,1,27.1,7.699999999999999,Quinebaug
W1221,42.14096257,-72.12021662,2005.0,9.0,Fall,24.2,8.4,1,0,0,1,26.2,7.9,Quinebaug
W1221,42.14096257,-72.12021662,2005.0,9.0,Fall,24.0,8.3,1,0,0,1,26.0,7.800000000000001,Quinebaug
W1221,42.14096257,-72.12021662,2005.0,9.0,Fall,23.7,8.1,1,0,0,1,25.7,7.6,Quinebaug
W1221,42.14096257,-72.12021662,2005.0,9.0,Fall,22.0,9.0,1,0,0,1,24.0,8.5,Quinebaug
W1221,42.14096257,-72.12021662,2005.0,9.0,Fall,18.7,8.1,1,0,0,1,20.7,7.6,Quinebaug
W1221,42.14096257,-72.12021662,2005.0,9.0,Fall,17.1,6.2,1,0,0,1,19.1,5.7,Quinebaug
W1221,42.14096257,-72.12021662,2005.0,9.0,Fall,15.9,3.6,2,1,0,1,17.9,3.1,Quinebaug
W1221,42.14096257,-72.12021662,2005.0,9.0,Fall,14.8,2.2,2,1,0,1,16.8,1.7000000000000002,Quinebaug
W1221,42.14096257,-72.12021662,2005.0,9.0,Fall,13.7,1.1,2,1,0,1,15.7,0.6000000000000001,Quinebaug
W1295,42.05363901,-71.84807799,2005.0,9.0,Fall,24.1,7.8,1,0,0,1,26.1,7.3,French
W1295,42.05363901,-71.84807799,2005.0,9.0,Fall,24.0,7.8,1,0,0,1,26.0,7.3,French
W1295,42.05363901,-71.84807799,2005.0,9.0,Fall,23.9,7.6,1,0,0,1,25.9,7.1,French
W1295,42.05363901,-71.84807799,2005.0,9.0,Fall,23.6,7.0,1,0,0,1,25.6,6.5,French
W1295,42.05363901,-71.84807799,2005.0,9.0,Fall,23.5,6.8,1,0,0,1,25.5,6.3,French
W1295,42.05363901,-71.84807799,2005.0,9.0,Fall,22.0,2.6,2,1,0,1,24.0,2.1,French
W1295,42.05363901,-71.84807799,2005.0,9.0,Fall,19.7,0.2,2,1,0,1,21.7,0.0,French
W1087,42.46963022,-71.15765018,2005.0,8.0,Summer,25.3,7.3,2,0,0,1,27.3,6.8,Mystic
W1087,42.46963022,-71.15765018,2005.0,8.0,Summer,25.2,7.0,2,0,0,1,27.2,6.5,Mystic
W1087,42.46963022,-71.15765018,2005.0,8.0,Summer,25.1,7.0,2,0,0,1,27.1,6.5,Mystic
W1087,42.46963022,-71.15765018,2005.0,8.0,Summer,21.0,12.4,2,0,0,1,23.0,11.9,Mystic
W1087,42.46963022,-71.15765018,2005.0,8.0,Summer,16.5,5.3,2,0,0,1,18.5,4.8,Mystic
W1087,42.46963022,-71.15765018,2005.0,8.0,Summer,14.4,1.3,3,1,0,1,16.4,0.8,Mystic
W1296,42.43518342,-71.15084227,2005.0,8.0,Summer,26.3,9.4,2,0,0,1,28.3,8.9,Mystic
W1296,42.43518342,-71.15084227,2005.0,8.0,Summer,26.3,9.4,2,0,0,1,28.3,8.9,Mystic
W1296,42.43518342,-71.15084227,2005.0,8.0,Summer,26.3,9.3,2,0,0,1,28.3,8.8,Mystic
W1296,42.43518342,-71.15084227,2005.0,8.0,Summer,22.3,9.0,2,0,0,1,24.3,8.5,Mystic
W1296,42.43518342,-71.15084227,2005.0,8.0,Summer,17.9,7.9,2,0,0,1,19.9,7.4,Mystic
W1296,42.43518342,-71.15084227,2005.0,8.0,Summer,14.4,5.0,2,0,0,1,16.4,4.5,Mystic
W1296,42.43518342,-71.15084227,2005.0,8.0,Summer,12.9,4.5,3,1,0,1,14.9,4.0,Mystic
W1296,42.43518342,-71.15084227,2005.0,8.0,Summer,10.9,2.3,3,1,0,1,12.9,1.7999999999999998,Mystic
W1297,42.23288025,-71.34625451,2005.0,9.0,Fall,23.9,7.4,1,0,0,1,25.9,6.9,Charles
W1297,42.23288025,-71.34625451,2005.0,9.0,Fall,23.8,6.4,1,0,0,1,25.8,5.9,Charles
W1297,42.23288025,-71.34625451,2005.0,9.0,Fall,23.5,6.6,1,0,0,1,25.5,6.1,Charles
W1297,42.23288025,-71.34625451,2005.0,9.0,Fall,22.6,6.5,1,0,0,1,24.6,6.0,Charles
W1297,42.23288025,-71.34625451,2005.0,9.0,Fall,17.6,7.2,1,0,0,1,19.6,6.7,Charles
W1297,42.23288025,-71.34625451,2005.0,9.0,Fall,14.8,6.0,1,0,0,1,16.8,5.5,Charles
W1297,42.23288025,-71.34625451,2005.0,9.0,Fall,12.1,6.6,1,0,0,1,14.1,6.1,Charles
W1297,42.23288025,-71.34625451,2005.0,9.0,Fall,9.1,5.2,1,0,0,1,11.1,4.7,Charles
W1297,42.23288025,-71.34625451,2005.0,9.0,Fall,8.0,1.2,2,1,0,1,10.0,0.7,Charles
W0973,42.31754129,-71.11901573,2005.0,9.0,Fall,23.9,8.9,1,0,0,1,25.9,8.4,Charles
W0973,42.31754129,-71.11901573,2005.0,9.0,Fall,23.5,9.1,1,0,0,1,25.5,8.6,Charles
W0973,42.31754129,-71.11901573,2005.0,9.0,Fall,23.2,9.2,1,0,0,1,25.2,8.7,Charles
W0973,42.31754129,-71.11901573,2005.0,9.0,Fall,22.9,9.1,1,0,0,1,24.9,8.6,Charles
W0973,42.31754129,-71.11901573,2005.0,9.0,Fall,18.7,17.7,1,0,0,1,20.7,17.2,Charles
W0973,42.31754129,-71.11901573,2005.0,9.0,Fall,12.7,17.6,1,0,0,1,14.7,17.1,Charles
W0973,42.31754129,-71.11901573,2005.0,9.0,Fall,8.9,9.3,1,0,0,1,10.9,8.8,Charles
W0973,42.31754129,-71.11901573,2005.0,9.0,Fall,7.1,3.1,2,1,0,1,9.1,2.6,Charles
W0973,42.31754129,-71.11901573,2005.0,9.0,Fall,6.0,0.3,2,1,0,1,8.0,0.0,Charles
W0603,42.52346976,-71.6880925,2005.0,8.0,Summer,26.4,7.4,2,0,0,1,28.4,6.9,Nashua
W0603,42.52346976,-71.6880925,2005.0,8.0,Summer,25.7,7.4,2,0,0,1,27.7,6.9,Nashua
W0603,42.52346976,-71.6880925,2005.0,8.0,Summer,25.2,7.3,2,0,0,1,27.2,6.8,Nashua
W0603,42.52346976,-71.6880925,2005.0,8.0,Summer,19.7,7.5,2,0,0,1,21.7,7.0,Nashua
W0603,42.52346976,-71.6880925,2005.0,8.0,Summer,14.4,5.6,2,0,0,1,16.4,5.1,Nashua
W0603,42.52346976,-71.6880925,2005.0,8.0,Summer,12.2,4.6,3,1,0,1,14.2,4.1,Nashua
W0603,42.52346976,-71.6880925,2005.0,8.0,Summer,11.0,3.9,3,1,0,1,13.0,3.4,Nashua
W0603,42.52346976,-71.6880925,2005.0,8.0,Summer,9.4,3.2,3,1,0,1,11.4,2.7,Nashua
W0603,42.52346976,-71.6880925,2005.0,8.0,Summer,7.4,1.8,3,1,0,1,9.4,1.3,Nashua
W1298,42.52614864,-71.60978989,2005.0,8.0,Summer,26.0,8.2,2,0,0,1,28.0,7.699999999999999,Nashua
W1298,42.52614864,-71.60978989,2005.0,8.0,Summer,25.7,7.9,2,0,0,1,27.7,7.4,Nashua
W1298,42.52614864,-71.60978989,2005.0,8.0,Summer,24.0,9.5,2,0,0,1,26.0,9.0,Nashua
W1298,42.52614864,-71.60978989,2005.0,8.0,Summer,20.5,11.9,2,0,0,1,22.5,11.4,Nashua
W1298,42.52614864,-71.60978989,2005.0,8.0,Summer,15.5,13.8,2,0,0,1,17.5,13.3,Nashua
W1298,42.52614864,-71.60978989,2005.0,8.0,Summer,10.1,13.3,2,0,0,1,12.1,12.8,Nashua
W1298,42.52614864,-71.60978989,2005.0,8.0,Summer,7.0,6.9,2,0,0,1,9.0,6.4,Nashua
W1298,42.52614864,-71.60978989,2005.0,8.0,Summer,6.1,1.4,3,1,0,1,8.1,0.8999999999999999,Nashua
W1299,42.5117797,-71.68117943,2005.0,8.0,Summer,27.3,8.4,1,0,0,0,29.3,7.9,Nashua
W1299,42.5117797,-71.68117943,2005.0,8.0,Summer,26.0,8.6,1,0,0,0,28.0,8.1,Nashua
W1299,42.5117797,-71.68117943,2005.0,8.0,Summer,20.2,12.9,1,0,0,0,22.2,12.4,Nashua
W1299,42.5117797,-71.68117943,2005.0,8.0,Summer,13.8,14.7,1,0,0,0,15.8,14.2,Nashua
W1299,42.5117797,-71.68117943,2005.0,8.0,Summer,10.9,11.0,1,0,0,0,12.9,10.5,Nashua
W1299,42.5117797,-71.68117943,2005.0,8.0,Summer,8.9,5.3,1,0,0,0,10.9,4.8,Nashua
W1299,42.5117797,-71.68117943,2005.0,8.0,Summer,8.0,0.5,2,1,0,0,10.0,0.0,Nashua
W1300,42.2565633,-71.51337647,2005.0,8.0,Summer,26.2,6.7,2,0,0,1,28.2,6.2,Concord (SuAsCo)
W1300,42.2565633,-71.51337647,2005.0,8.0,Summer,26.0,6.7,2,0,0,1,28.0,6.2,Concord (SuAsCo)
W1300,42.2565633,-71.51337647,2005.0,8.0,Summer,20.8,1.6,3,1,0,1,22.8,1.1,Concord (SuAsCo)
W1300,42.2565633,-71.51337647,2005.0,8.0,Summer,14.7,3.4,3,1,0,1,16.7,2.9,Concord (SuAsCo)
W1300,42.2565633,-71.51337647,2005.0,8.0,Summer,12.6,4.7,3,1,0,1,14.6,4.2,Concord (SuAsCo)
W1300,42.2565633,-71.51337647,2005.0,8.0,Summer,10.9,4.1,3,1,0,1,12.9,3.5999999999999996,Concord (SuAsCo)
W1300,42.2565633,-71.51337647,2005.0,8.0,Summer,10.4,4.2,3,1,0,1,12.4,3.7,Concord (SuAsCo)
W1300,42.2565633,-71.51337647,2005.0,8.0,Summer,9.4,2.6,3,1,0,1,11.4,2.1,Concord (SuAsCo)
W1300,42.2565633,-71.51337647,2005.0,8.0,Summer,9.1,2.6,3,1,0,1,11.1,2.1,Concord (SuAsCo)
W1300,42.2565633,-71.51337647,2005.0,8.0,Summer,8.8,2.0,3,1,0,1,10.8,1.5,Concord (SuAsCo)
W1301,42.26417366,-71.42338611,2005.0,8.0,Summer,28.0,9.7,2,0,0,1,30.0,9.2,Concord (SuAsCo)
W1301,42.26417366,-71.42338611,2005.0,8.0,Summer,25.7,8.5,2,0,0,1,27.7,8.0,Concord (SuAsCo)
W1301,42.26417366,-71.42338611,2005.0,8.0,Summer,22.5,4.6,3,1,0,1,24.5,4.1,Concord (SuAsCo)
W1301,42.26417366,-71.42338611,2005.0,8.0,Summer,20.3,2.0,3,1,0,1,22.3,1.5,Concord (SuAsCo)
W1301,42.26417366,-71.42338611,2005.0,8.0,Summer,18.5,1.2,3,1,0,1,20.5,0.7,Concord (SuAsCo)
W1302,42.42837406,-71.38869821,2005.0,9.0,Fall,24.1,8.2,0,0,0,0,26.1,7.699999999999999,Concord (SuAsCo)
W1302,42.42837406,-71.38869821,2005.0,9.0,Fall,23.6,8.7,0,0,0,0,25.6,8.2,Concord (SuAsCo)
W1302,42.42837406,-71.38869821,2005.0,9.0,Fall,20.7,12.5,0,0,0,0,22.7,12.0,Concord (SuAsCo)
W1302,42.42837406,-71.38869821,2005.0,9.0,Fall,18.6,13.0,0,0,0,0,20.6,12.5,Concord (SuAsCo)
W1302,42.42837406,-71.38869821,2005.0,9.0,Fall,14.4,12.9,0,0,0,0,16.4,12.4,Concord (SuAsCo)
W1302,42.42837406,-71.38869821,2005.0,9.0,Fall,12.4,11.8,0,0,0,0,14.4,11.3,Concord (SuAsCo)
W1302,42.42837406,-71.38869821,2005.0,9.0,Fall,10.7,6.9,0,0,0,0,12.7,6.4,Concord (SuAsCo)
W1302,42.42837406,-71.38869821,2005.0,9.0,Fall,9.8,2.7,1,1,0,0,11.8,2.2,Concord (SuAsCo)
W1090,42.30447696,-71.36772536,2005.0,9.0,Fall,24.7,7.9,1,0,0,1,26.7,7.4,Concord (SuAsCo)
W1090,42.30447696,-71.36772536,2005.0,9.0,Fall,23.1,7.6,1,0,0,1,25.1,7.1,Concord (SuAsCo)
W1090,42.30447696,-71.36772536,2005.0,9.0,Fall,22.9,7.3,1,0,0,1,24.9,6.8,Concord (SuAsCo)
W1090,42.30447696,-71.36772536,2005.0,9.0,Fall,20.3,5.4,1,0,0,1,22.3,4.9,Concord (SuAsCo)
W1090,42.30447696,-71.36772536,2005.0,9.0,Fall,13.9,2.1,2,1,0,1,15.9,1.6,Concord (SuAsCo)
W1303,42.61896227,-71.53046404,2005.0,8.0,Summer,25.4,6.8,2,0,0,1,27.4,6.3,Merrimack
W1303,42.61896227,-71.53046404,2005.0,8.0,Summer,25.0,6.8,2,0,0,1,27.0,6.3,Merrimack
W1303,42.61896227,-71.53046404,2005.0,8.0,Summer,24.5,5.5,2,0,0,1,26.5,5.0,Merrimack
W1303,42.61896227,-71.53046404,2005.0,8.0,Summer,23.3,4.1,3,1,0,1,25.3,3.5999999999999996,Merrimack
W1303,42.61896227,-71.53046404,2005.0,8.0,Summer,19.6,5.7,2,0,0,1,21.6,5.2,Merrimack
W1303,42.61896227,-71.53046404,2005.0,8.0,Summer,15.8,5.0,2,0,0,1,17.8,4.5,Merrimack
W1303,42.61896227,-71.53046404,2005.0,8.0,Summer,14.0,3.5,3,1,0,1,16.0,3.0,Merrimack
W1303,42.61896227,-71.53046404,2005.0,8.0,Summer,12.0,1.6,3,1,0,1,14.0,1.1,Merrimack
W1304,42.48906266,-70.96417813,2005.0,8.0,Summer,26.6,9.0,2,0,0,1,28.6,8.5,North Coastal
W1304,42.48906266,-70.96417813,2005.0,8.0,Summer,26.3,8.9,2,0,0,1,28.3,8.4,North Coastal
W1304,42.48906266,-70.96417813,2005.0,8.0,Summer,25.6,8.4,2,0,0,1,27.6,7.9,North Coastal
W1304,42.48906266,-70.96417813,2005.0,8.0,Summer,21.7,8.0,2,0,0,1,23.7,7.5,North Coastal
W1304,42.48906266,-70.96417813,2005.0,8.0,Summer,18.6,7.2,2,0,0,1,20.6,6.7,North Coastal
W1304,42.48906266,-70.96417813,2005.0,8.0,Summer,16.8,6.0,2,0,0,1,18.8,5.5,North Coastal
W1304,42.48906266,-70.96417813,2005.0,8.0,Summer,11.6,2.5,3,1,0,1,13.6,2.0,North Coastal
W1304,42.48906266,-70.96417813,2005.0,8.0,Summer,5.8,4.0,3,1,0,1,7.8,3.5,North Coastal
W1304,42.48906266,-70.96417813,2005.0,8.0,Summer,4.5,4.9,3,1,0,1,6.5,4.4,North Coastal
W1304,42.48906266,-70.96417813,2005.0,8.0,Summer,4.5,1.1,3,1,0,1,6.5,0.6000000000000001,North Coastal
W0608,42.69888619,-71.00142335,2005.0,8.0,Summer,27.9,8.1,2,0,0,1,29.9,7.6,Parker
W0608,42.69888619,-71.00142335,2005.0,8.0,Summer,25.8,9.4,2,0,0,1,27.8,8.9,Parker
W0608,42.69888619,-71.00142335,2005.0,8.0,Summer,24.8,10.3,2,0,0,1,26.8,9.8,Parker
W0608,42.69888619,-71.00142335,2005.0,8.0,Summer,20.6,13.1,2,0,0,1,22.6,12.6,Parker
W0608,42.69888619,-71.00142335,2005.0,8.0,Summer,16.1,12.6,2,0,0,1,18.1,12.1,Parker
W0608,42.69888619,-71.00142335,2005.0,8.0,Summer,11.5,5.4,2,0,0,1,13.5,4.9,Parker
W1305,41.97786915,-70.74700033,2005.0,8.0,Summer,24.1,7.2,2,0,0,1,26.1,6.7,South Coastal
W1305,41.97786915,-70.74700033,2005.0,8.0,Summer,24.2,7.0,2,0,0,1,26.2,6.5,South Coastal
W1305,41.97786915,-70.74700033,2005.0,8.0,Summer,23.7,6.3,2,0,0,1,25.7,5.8,South Coastal
W1306,41.63471569,-70.53182245,2005.0,8.0,Summer,25.0,7.8,1,0,0,0,27.0,7.3,Cape Cod
W1306,41.63471569,-70.53182245,2005.0,8.0,Summer,25.0,7.7,1,0,0,0,27.0,7.2,Cape Cod
W1306,41.63471569,-70.53182245,2005.0,8.0,Summer,21.6,2.3,2,1,0,0,23.6,1.7999999999999998,Cape Cod
W1306,41.63471569,-70.53182245,2005.0,8.0,Summer,24.9,7.5,1,0,0,0,26.9,7.0,Cape Cod
W1306,41.63471569,-70.53182245,2005.0,8.0,Summer,20.7,1.3,2,1,0,0,22.7,0.8,Cape Cod
W1306,41.63471569,-70.53182245,2005.0,8.0,Summer,14.3,1.4,2,1,0,0,16.3,0.8999999999999999,Cape Cod
W1307,41.76598122,-70.0260112,2005.0,9.0,Fall,25.5,7.9,1,0,0,1,27.5,7.4,Cape Cod
W1307,41.76598122,-70.0260112,2005.0,9.0,Fall,25.4,7.9,1,0,0,1,27.4,7.4,Cape Cod
W1307,41.76598122,-70.0260112,2005.0,9.0,Fall,25.4,7.8,1,0,0,1,27.4,7.3,Cape Cod
W1307,41.76598122,-70.0260112,2005.0,9.0,Fall,23.2,9.6,1,0,0,1,25.2,9.1,Cape Cod
W1307,41.76598122,-70.0260112,2005.0,9.0,Fall,19.7,10.8,1,0,0,1,21.7,10.3,Cape Cod
W1307,41.76598122,-70.0260112,2005.0,9.0,Fall,16.9,11.2,1,0,0,1,18.9,10.7,Cape Cod
W1307,41.76598122,-70.0260112,2005.0,9.0,Fall,12.8,10.9,1,0,0,1,14.8,10.4,Cape Cod
W1307,41.76598122,-70.0260112,2005.0,9.0,Fall,11.2,7.4,1,0,0,1,13.2,6.9,Cape Cod
W1307,41.76598122,-70.0260112,2005.0,9.0,Fall,9.8,5.7,1,0,0,1,11.8,5.2,Cape Cod
W1307,41.76598122,-70.0260112,2005.0,9.0,Fall,8.6,1.1,2,1,0,1,10.6,0.6000000000000001,Cape Cod
W1308,41.65691189,-70.48391147,2005.0,8.0,Summer,24.5,7.6,1,0,0,0,26.5,7.1,Cape Cod
W1308,41.65691189,-70.48391147,2005.0,8.0,Summer,24.5,7.3,1,0,0,0,26.5,6.8,Cape Cod
W1308,41.65691189,-70.48391147,2005.0,8.0,Summer,22.9,5.9,1,0,0,0,24.9,5.4,Cape Cod
W1308,41.65691189,-70.48391147,2005.0,8.0,Summer,20.1,3.9,2,1,0,0,22.1,3.4,Cape Cod
W1308,41.65691189,-70.48391147,2005.0,8.0,Summer,16.6,1.6,2,1,0,0,18.6,1.1,Cape Cod
W1309,41.74190991,-70.18307996,2005.0,9.0,Fall,26.0,8.0,1,0,0,1,28.0,7.5,Cape Cod
W1309,41.74190991,-70.18307996,2005.0,9.0,Fall,25.7,7.9,1,0,0,1,27.7,7.4,Cape Cod
W1309,41.74190991,-70.18307996,2005.0,9.0,Fall,25.4,8.1,1,0,0,1,27.4,7.6,Cape Cod
W1309,41.74190991,-70.18307996,2005.0,9.0,Fall,23.5,8.5,1,0,0,1,25.5,8.0,Cape Cod
W1309,41.74190991,-70.18307996,2005.0,9.0,Fall,18.5,6.3,1,0,0,1,20.5,5.8,Cape Cod
W1309,41.74190991,-70.18307996,2005.0,9.0,Fall,16.9,2.9,2,1,0,1,18.9,2.4,Cape Cod
W1309,41.74190991,-70.18307996,2005.0,9.0,Fall,16.0,0.7,2,1,0,1,18.0,0.19999999999999996,Cape Cod
W1309,41.74190991,-70.18307996,2005.0,9.0,Fall,14.3,0.2,2,1,0,1,16.3,0.0,Cape Cod
W1310,41.70475214,-70.45648661,2005.0,8.0,Summer,25.6,7.2,2,0,0,1,27.6,6.7,Cape Cod
W1310,41.70475214,-70.45648661,2005.0,8.0,Summer,25.6,7.3,2,0,0,1,27.6,6.8,Cape Cod
W1310,41.70475214,-70.45648661,2005.0,8.0,Summer,25.6,7.2,2,0,0,1,27.6,6.7,Cape Cod
W1310,41.70475214,-70.45648661,2005.0,8.0,Summer,25.6,7.5,2,0,0,1,27.6,7.0,Cape Cod
W1310,41.70475214,-70.45648661,2005.0,8.0,Summer,25.6,7.3,2,0,0,1,27.6,6.8,Cape Cod
W1310,41.70475214,-70.45648661,2005.0,8.0,Summer,25.6,6.9,2,0,0,1,27.6,6.4,Cape Cod
W1310,41.70475214,-70.45648661,2005.0,8.0,Summer,24.5,7.1,2,0,0,1,26.5,6.6,Cape Cod
W1310,41.70475214,-70.45648661,2005.0,8.0,Summer,20.8,9.0,2,0,0,1,22.8,8.5,Cape Cod
W1310,41.70475214,-70.45648661,2005.0,8.0,Summer,18.0,8.8,2,0,0,1,20.0,8.3,Cape Cod
W1310,41.70475214,-70.45648661,2005.0,8.0,Summer,17.5,7.2,2,0,0,1,19.5,6.7,Cape Cod
W1310,41.70475214,-70.45648661,2005.0,8.0,Summer,16.8,5.4,2,0,0,1,18.8,4.9,Cape Cod
W1310,41.70475214,-70.45648661,2005.0,8.0,Summer,16.3,3.5,3,1,0,1,18.3,3.0,Cape Cod
W1310,41.70475214,-70.45648661,2005.0,8.0,Summer,15.4,0.3,3,1,0,1,17.4,0.0,Cape Cod
W0690,42.59751119,-72.43783955,2005.0,5.0,Spring,14.8,9.9,1,0,0,1,16.8,9.4,Millers
W0691,42.58812535,-72.04099473,2005.0,5.0,Spring,15.2,9.1,1,0,0,1,17.2,8.6,Millers
W0692,42.62969793,-72.15035652,2005.0,5.0,Spring,14.8,9.3,1,0,0,1,16.8,8.8,Millers
W0693,42.68279648,-72.11503734,2005.0,5.0,Spring,14.9,7.7,1,0,0,1,16.9,7.2,Millers
W0694,42.6723218,-72.09305542,2005.0,5.0,Spring,15.3,9.4,1,0,0,1,17.3,8.9,Millers
W0695,42.30485304,-71.62845076,2005.0,5.0,Spring,14.4,8.6,1,0,0,1,16.4,8.1,Concord (SuAsCo)
W0696,42.32543468,-71.39736431,2005.0,5.0,Spring,15.0,10.4,1,0,0,1,17.0,9.9,Concord (SuAsCo)
W0697,42.43206352,-71.44974106,2005.0,5.0,Spring,15.6,10.0,1,0,0,1,17.6,9.5,Concord (SuAsCo)
W0698,42.51227518,-71.40458554,2005.0,5.0,Spring,13.9,8.3,1,0,0,1,15.9,7.800000000000001,Concord (SuAsCo)
W0679,42.63670884,-71.3017484,2005.0,5.0,Spring,15.8,10.0,1,0,0,1,17.8,9.5,Concord (SuAsCo)
W0680,42.22778189,-71.78735524,2005.0,5.0,Spring,10.6,11.0,1,0,0,1,12.6,10.5,Blackstone
W0688,42.02298331,-71.57206082,2005.0,5.0,Spring,11.1,9.6,1,0,0,1,13.1,9.1,Blackstone
W0515,42.1003609,-71.60111703,2005.0,5.0,Spring,9.6,9.8,1,0,0,1,11.6,9.3,Blackstone
W0767,42.153873,-71.65203977,2005.0,5.0,Spring,11.1,9.8,1,0,0,1,13.1,9.3,Blackstone
W0689,42.23053792,-71.70809238,2005.0,5.0,Spring,11.5,10.7,1,0,0,1,13.5,10.2,Blackstone
W0481,42.4951686,-71.72192464,2005.0,6.0,Summer,18.6,8.3,2,0,0,1,20.6,7.800000000000001,Nashua
W0681,42.44473811,-71.67198789,2005.0,6.0,Summer,13.9,10.2,2,0,0,1,15.9,9.7,Nashua
W0487,42.62094186,-71.64380951,2005.0,6.0,Summer,19.7,7.8,2,0,0,1,21.7,7.3,Nashua
W0485,42.66968673,-71.56776529,2005.0,6.0,Summer,20.2,8.0,2,0,0,1,22.2,7.5,Nashua
W0496,42.62647657,-71.59314962,2005.0,6.0,Summer,19.5,8.0,2,0,0,1,21.5,7.5,Nashua
W0692,42.62969793,-72.15035652,2005.0,6.0,Summer,24.9,6.2,2,0,0,1,26.9,5.7,Millers
W0693,42.68279648,-72.11503734,2005.0,6.0,Summer,24.8,2.5,3,1,0,1,26.8,2.0,Millers
W0694,42.6723218,-72.09305542,2005.0,6.0,Summer,24.6,6.9,2,0,0,1,26.6,6.4,Millers
W0490,42.26477944,-72.00491606,2005.0,6.0,Summer,20.1,7.7,2,0,0,1,22.1,7.2,Chicopee
W0494,42.39121389,-72.0645552,2005.0,6.0,Summer,22.4,8.3,2,0,0,1,24.4,7.800000000000001,Chicopee
W0493,42.26797538,-72.33276108,2005.0,6.0,Summer,16.5,10.0,2,0,0,1,18.5,9.5,Chicopee
W0492,42.23872578,-72.285755,2005.0,6.0,Summer,22.3,7.9,2,0,0,1,24.3,7.4,Chicopee
W0491,42.18142994,-72.26354268,2005.0,6.0,Summer,21.9,8.7,2,0,0,1,23.9,8.2,Chicopee
W0601,42.10956147,-72.11856925,2005.0,6.0,Summer,22.2,8.0,2,0,0,1,24.2,7.5,Quinebaug
W0615,42.11947322,-72.00870444,2005.0,6.0,Summer,17.1,9.6,2,0,0,1,19.1,9.1,Quinebaug
W0600,42.02202663,-71.9543561,2005.0,6.0,Summer,20.9,9.0,2,0,0,1,22.9,8.5,Quinebaug
W0602,42.05094532,-71.88507359,2005.0,6.0,Summer,19.9,8.7,2,0,0,1,21.9,8.2,French
W0690,42.59751119,-72.43783955,2005.0,7.0,Summer,23.6,8.4,2,0,0,1,25.6,7.9,Millers
W0691,42.58812535,-72.04099473,2005.0,7.0,Summer,22.5,6.9,2,0,0,1,24.5,6.4,Millers
W0692,42.62969793,-72.15035652,2005.0,7.0,Summer,23.3,7.1,2,0,0,1,25.3,6.6,Millers
W0693,42.68279648,-72.11503734,2005.0,7.0,Summer,22.2,3.5,3,1,0,1,24.2,3.0,Millers
W0694,42.6723218,-72.09305542,2005.0,7.0,Summer,22.8,7.5,2,0,0,1,24.8,7.0,Millers
W0695,42.30485304,-71.62845076,2005.0,7.0,Summer,22.5,5.7,2,0,0,1,24.5,5.2,Concord (SuAsCo)
W0696,42.32543468,-71.39736431,2005.0,7.0,Summer,26.0,8.0,2,0,0,1,28.0,7.5,Concord (SuAsCo)
W0697,42.43206352,-71.44974106,2005.0,7.0,Summer,27.1,7.7,2,0,0,1,29.1,7.2,Concord (SuAsCo)
W0698,42.51227518,-71.40458554,2005.0,7.0,Summer,24.6,4.9,3,1,0,1,26.6,4.4,Concord (SuAsCo)
W0679,42.63670884,-71.3017484,2005.0,7.0,Summer,27.6,7.5,2,0,0,1,29.6,7.0,Concord (SuAsCo)
W0680,42.22778189,-71.78735524,2005.0,7.0,Summer,23.1,7.3,2,0,0,1,25.1,6.8,Blackstone
W0688,42.02298331,-71.57206082,2005.0,7.0,Summer,24.8,6.6,2,0,0,1,26.8,6.1,Blackstone
W0515,42.1003609,-71.60111703,2005.0,7.0,Summer,25.5,4.7,4,1,1,1,27.5,4.2,Blackstone
W0767,42.153873,-71.65203977,2005.0,7.0,Summer,25.4,8.3,2,0,0,1,27.4,7.800000000000001,Blackstone
W0689,42.23053792,-71.70809238,2005.0,7.0,Summer,26.5,7.0,2,0,0,1,28.5,6.5,Blackstone
W0690,42.59751119,-72.43783955,2005.0,8.0,Summer,24.5,8.5,2,0,0,1,26.5,8.0,Millers
W0691,42.58812535,-72.04099473,2005.0,8.0,Summer,23.8,6.9,2,0,0,1,25.8,6.4,Millers
W0692,42.62969793,-72.15035652,2005.0,8.0,Summer,24.0,7.4,2,0,0,1,26.0,6.9,Millers
W0693,42.68279648,-72.11503734,2005.0,8.0,Summer,23.7,3.4,3,1,0,1,25.7,2.9,Millers
W0694,42.6723218,-72.09305542,2005.0,8.0,Summer,23.4,6.5,2,0,0,1,25.4,6.0,Millers
W0481,42.4951686,-71.72192464,2005.0,8.0,Summer,21.2,7.9,2,0,0,1,23.2,7.4,Nashua
W0681,42.44473811,-71.67198789,2005.0,8.0,Summer,20.3,7.9,2,0,0,1,22.3,7.4,Nashua
W0487,42.62094186,-71.64380951,2005.0,8.0,Summer,21.1,7.3,2,0,0,1,23.1,6.8,Nashua
W0485,42.66968673,-71.56776529,2005.0,8.0,Summer,24.1,5.9,2,0,0,1,26.1,5.4,Nashua
W0496,42.62647657,-71.59314962,2005.0,8.0,Summer,23.6,7.6,2,0,0,1,25.6,7.1,Nashua
W0490,42.26477944,-72.00491606,2005.0,8.0,Summer,16.9,9.4,2,0,0,1,18.9,8.9,Chicopee
W0494,42.39121389,-72.0645552,2005.0,8.0,Summer,21.5,8.4,2,0,0,1,23.5,7.9,Chicopee
W0493,42.26797538,-72.33276108,2005.0,8.0,Summer,12.2,11.9,2,0,0,1,14.2,11.4,Chicopee
W0492,42.23872578,-72.285755,2005.0,8.0,Summer,21.4,10.0,2,0,0,1,23.4,9.5,Chicopee
W0491,42.18142994,-72.26354268,2005.0,8.0,Summer,22.7,10.4,2,0,0,1,24.7,9.9,Chicopee
W0601,42.10956147,-72.11856925,2005.0,8.0,Summer,23.0,7.6,2,0,0,1,25.0,7.1,Quinebaug
W0615,42.11947322,-72.00870444,2005.0,8.0,Summer,16.6,10.1,2,0,0,1,18.6,9.6,Quinebaug
W0600,42.02202663,-71.9543561,2005.0,8.0,Summer,21.1,8.8,2,0,0,1,23.1,8.3,Quinebaug
W0602,42.05094532,-71.88507359,2005.0,8.0,Summer,21.8,7.9,2,0,0,1,23.8,7.4,French
W0690,42.59751119,-72.43783955,2005.0,9.0,Fall,21.3,9.5,1,0,0,1,23.3,9.0,Millers
W0691,42.58812535,-72.04099473,2005.0,9.0,Fall,20.3,7.6,1,0,0,1,22.3,7.1,Millers
W0692,42.62969793,-72.15035652,2005.0,9.0,Fall,20.8,7.7,1,0,0,1,22.8,7.2,Millers
W0693,42.68279648,-72.11503734,2005.0,9.0,Fall,19.6,5.2,1,0,0,1,21.6,4.7,Millers
W0694,42.6723218,-72.09305542,2005.0,9.0,Fall,20.6,6.7,1,0,0,1,22.6,6.2,Millers
W0695,42.30485304,-71.62845076,2005.0,9.0,Fall,19.1,6.5,1,0,0,1,21.1,6.0,Concord (SuAsCo)
W0696,42.32543468,-71.39736431,2005.0,9.0,Fall,20.6,8.4,1,0,0,1,22.6,7.9,Concord (SuAsCo)
W0697,42.43206352,-71.44974106,2005.0,9.0,Fall,20.7,8.2,1,0,0,1,22.7,7.699999999999999,Concord (SuAsCo)
W0698,42.51227518,-71.40458554,2005.0,9.0,Fall,17.5,6.9,1,0,0,1,19.5,6.4,Concord (SuAsCo)
W0679,42.63670884,-71.3017484,2005.0,9.0,Fall,21.8,8.8,1,0,0,1,23.8,8.3,Concord (SuAsCo)
W0680,42.22778189,-71.78735524,2005.0,9.0,Fall,16.2,9.6,1,0,0,1,18.2,9.1,Blackstone
W0688,42.02298331,-71.57206082,2005.0,9.0,Fall,16.6,8.4,1,0,0,1,18.6,7.9,Blackstone
W0515,42.1003609,-71.60111703,2005.0,9.0,Fall,15.6,7.8,1,0,0,1,17.6,7.3,Blackstone
W0767,42.153873,-71.65203977,2005.0,9.0,Fall,17.6,9.9,1,0,0,1,19.6,9.4,Blackstone
W0689,42.23053792,-71.70809238,2005.0,9.0,Fall,17.4,9.0,1,0,0,1,19.4,8.5,Blackstone
W0481,42.4951686,-71.72192464,2005.0,10.0,Fall,13.5,9.9,1,0,0,1,15.5,9.4,Nashua
W0681,42.44473811,-71.67198789,2005.0,10.0,Fall,14.2,8.6,1,0,0,1,16.2,8.1,Nashua
W0487,42.62094186,-71.64380951,2005.0,10.0,Fall,12.6,9.2,1,0,0,1,14.6,8.7,Nashua
W0485,42.66968673,-71.56776529,2005.0,10.0,Fall,13.8,9.1,1,0,0,1,15.8,8.6,Nashua
W0496,42.62647657,-71.59314962,2005.0,10.0,Fall,13.7,8.8,1,0,0,1,15.7,8.3,Nashua
W0490,42.26477944,-72.00491606,2005.0,10.0,Fall,11.2,9.9,1,0,0,1,13.2,9.4,Chicopee
W0494,42.39121389,-72.0645552,2005.0,10.0,Fall,11.3,10.5,1,0,0,1,13.3,10.0,Chicopee
W0493,42.26797538,-72.33276108,2005.0,10.0,Fall,14.0,10.1,1,0,0,1,16.0,9.6,Chicopee
W0492,42.23872578,-72.285755,2005.0,10.0,Fall,11.8,10.5,1,0,0,1,13.8,10.0,Chicopee
W0491,42.18142994,-72.26354268,2005.0,10.0,Fall,12.6,10.3,1,0,0,1,14.6,9.8,Chicopee
W0601,42.10956147,-72.11856925,2005.0,10.0,Fall,9.9,9.8,1,0,0,1,11.9,9.3,Quinebaug
W0615,42.11947322,-72.00870444,2005.0,10.0,Fall,8.6,11.4,1,0,0,1,10.6,10.9,Quinebaug
W0600,42.02202663,-71.9543561,2005.0,10.0,Fall,8.5,11.8,1,0,0,1,10.5,11.3,Quinebaug
W0602,42.05094532,-71.88507359,2005.0,10.0,Fall,9.0,11.1,1,0,0,1,11.0,10.6,French
W0690,42.59751119,-72.43783955,2005.0,11.0,Fall,7.9,12.1,1,0,0,1,9.9,11.6,Millers
W0691,42.58812535,-72.04099473,2005.0,11.0,Fall,8.7,10.6,1,0,0,1,10.7,10.1,Millers
W0692,42.62969793,-72.15035652,2005.0,11.0,Fall,8.1,10.8,1,0,0,1,10.1,10.3,Millers
W0693,42.68279648,-72.11503734,2005.0,11.0,Fall,7.6,9.3,1,0,0,1,9.6,8.8,Millers
W0694,42.6723218,-72.09305542,2005.0,11.0,Fall,8.1,11.5,1,0,0,1,10.1,11.0,Millers
W0695,42.30485304,-71.62845076,2005.0,11.0,Fall,10.2,9.2,1,0,0,1,12.2,8.7,Concord (SuAsCo)
W0696,42.32543468,-71.39736431,2005.0,11.0,Fall,10.0,11.2,1,0,0,1,12.0,10.7,Concord (SuAsCo)
W0697,42.43206352,-71.44974106,2005.0,11.0,Fall,10.1,10.8,1,0,0,1,12.1,10.3,Concord (SuAsCo)
W0698,42.51227518,-71.40458554,2005.0,11.0,Fall,9.3,8.7,1,0,0,1,11.3,8.2,Concord (SuAsCo)
W0679,42.63670884,-71.3017484,2005.0,11.0,Fall,10.5,10.5,1,0,0,1,12.5,10.0,Concord (SuAsCo)
W0680,42.22778189,-71.78735524,2005.0,11.0,Fall,8.4,11.8,1,0,0,1,10.4,11.3,Blackstone
W0688,42.02298331,-71.57206082,2005.0,11.0,Fall,8.9,11.2,1,0,0,1,10.9,10.7,Blackstone
W0515,42.1003609,-71.60111703,2005.0,11.0,Fall,7.7,9.2,1,0,0,1,9.7,8.7,Blackstone
W0767,42.153873,-71.65203977,2005.0,11.0,Fall,10.0,11.3,1,0,0,1,12.0,10.8,Blackstone
W0689,42.23053792,-71.70809238,2005.0,11.0,Fall,8.7,11.6,1,0,0,1,10.7,11.1,Blackstone
W0695,42.30485304,-71.62845076,2005.0,1.0,Winter,1.6,12.9,1,0,0,1,3.6,12.4,Concord (SuAsCo)
W0697,42.43206352,-71.44974106,2005.0,1.0,Winter,0.0,15.4,1,0,0,1,2.0,14.9,Concord (SuAsCo)
W0698,42.51227518,-71.40458554,2005.0,1.0,Winter,0.0,13.1,1,0,0,1,2.0,12.6,Concord (SuAsCo)
W0679,42.63670884,-71.3017484,2005.0,1.0,Winter,0.0,15.4,1,0,0,1,2.0,14.9,Concord (SuAsCo)
W0680,42.22778189,-71.78735524,2005.0,2.0,Winter,0.7,15.4,1,0,0,1,2.7,14.9,Blackstone
W0767,42.153873,-71.65203977,2005.0,2.0,Winter,1.3,15.1,1,0,0,1,3.3,14.6,Blackstone
W0689,42.23053792,-71.70809238,2005.0,2.0,Winter,0.2,15.2,1,0,0,1,2.2,14.7,Blackstone
W0481,42.4951686,-71.72192464,2005.0,2.0,Winter,2.6,13.8,1,0,0,1,4.6,13.3,Nashua
W0681,42.44473811,-71.67198789,2005.0,2.0,Winter,3.1,14.4,1,0,0,1,5.1,13.9,Nashua
W0485,42.66968673,-71.56776529,2005.0,2.0,Winter,0.4,15.1,1,0,0,1,2.4,14.6,Nashua
W0490,42.26477944,-72.00491606,2005.0,2.0,Winter,0.2,14.1,1,0,0,1,2.2,13.6,Chicopee
W0494,42.39121389,-72.0645552,2005.0,2.0,Winter,0.2,14.2,1,0,0,1,2.2,13.7,Chicopee
W0493,42.26797538,-72.33276108,2005.0,2.0,Winter,2.1,14.1,1,0,0,1,4.1,13.6,Chicopee
W0492,42.23872578,-72.285755,2005.0,2.0,Winter,0.6,14.6,1,0,0,1,2.6,14.1,Chicopee
W0491,42.18142994,-72.26354268,2005.0,2.0,Winter,2.2,14.4,1,0,0,1,4.2,13.9,Chicopee
W0601,42.10956147,-72.11856925,2005.0,3.0,Spring,0.9,14.7,1,0,0,1,2.9,14.2,Quinebaug
W0615,42.11947322,-72.00870444,2005.0,3.0,Spring,0.4,15.3,1,0,0,1,2.4,14.8,Quinebaug
W0600,42.02202663,-71.9543561,2005.0,3.0,Spring,0.8,15.1,1,0,0,1,2.8,14.6,Quinebaug
W0602,42.05094532,-71.88507359,2005.0,3.0,Spring,1.2,14.6,1,0,0,1,3.2,14.1,French
W0690,42.59751119,-72.43783955,2005.0,3.0,Spring,1.0,14.9,1,0,0,1,3.0,14.4,Millers
W0691,42.58812535,-72.04099473,2005.0,3.0,Spring,1.3,13.1,1,0,0,1,3.3,12.6,Millers
W0692,42.62969793,-72.15035652,2005.0,3.0,Spring,0.1,14.0,1,0,0,1,2.1,13.5,Millers
W0693,42.68279648,-72.11503734,2005.0,3.0,Spring,0.0,11.1,1,0,0,1,2.0,10.6,Millers
W0694,42.6723218,-72.09305542,2005.0,3.0,Spring,0.8,14.2,1,0,0,1,2.8,13.7,Millers
W0695,42.30485304,-71.62845076,2005.0,3.0,Spring,2.6,13.2,1,0,0,1,4.6,12.7,Concord (SuAsCo)
W0696,42.32543468,-71.39736431,2005.0,3.0,Spring,2.2,15.1,1,0,0,1,4.2,14.6,Concord (SuAsCo)
W0697,42.43206352,-71.44974106,2005.0,3.0,Spring,3.0,15.6,1,0,0,1,5.0,15.1,Concord (SuAsCo)
W0698,42.51227518,-71.40458554,2005.0,3.0,Spring,0.5,14.0,1,0,0,1,2.5,13.5,Concord (SuAsCo)
W0679,42.63670884,-71.3017484,2005.0,3.0,Spring,2.5,15.1,1,0,0,1,4.5,14.6,Concord (SuAsCo)
W0680,42.22778189,-71.78735524,2005.0,3.0,Spring,4.6,14.6,1,0,0,1,6.6,14.1,Blackstone
W0688,42.02298331,-71.57206082,2005.0,3.0,Spring,5.0,13.6,1,0,0,1,7.0,13.1,Blackstone
W0515,42.1003609,-71.60111703,2005.0,3.0,Spring,3.8,13.1,1,0,0,1,5.8,12.6,Blackstone
W0767,42.153873,-71.65203977,2005.0,3.0,Spring,5.8,15.2,1,0,0,1,7.8,14.7,Blackstone
W0689,42.23053792,-71.70809238,2005.0,3.0,Spring,6.1,13.2,1,0,0,1,8.1,12.7,Blackstone
W0481,42.4951686,-71.72192464,2005.0,4.0,Spring,7.0,11.8,1,0,0,1,9.0,11.3,Nashua
W0681,42.44473811,-71.67198789,2005.0,4.0,Spring,5.0,12.7,1,0,0,1,7.0,12.2,Nashua
W0487,42.62094186,-71.64380951,2005.0,4.0,Spring,7.6,11.4,1,0,0,1,9.6,10.9,Nashua
W0485,42.66968673,-71.56776529,2005.0,4.0,Spring,9.2,11.4,1,0,0,1,11.2,10.9,Nashua
W0496,42.62647657,-71.59314962,2005.0,4.0,Spring,8.4,11.1,1,0,0,1,10.4,10.6,Nashua
W0490,42.26477944,-72.00491606,2005.0,4.0,Spring,12.9,10.1,1,0,0,1,14.9,9.6,Chicopee
W0494,42.39121389,-72.0645552,2005.0,4.0,Spring,11.3,10.3,1,0,0,1,13.3,9.8,Chicopee
W0493,42.26797538,-72.33276108,2005.0,4.0,Spring,7.1,12.9,1,0,0,1,9.1,12.4,Chicopee
W0492,42.23872578,-72.285755,2005.0,4.0,Spring,12.6,11.2,1,0,0,1,14.6,10.7,Chicopee
W0491,42.18142994,-72.26354268,2005.0,4.0,Spring,15.8,11.0,1,0,0,1,17.8,10.5,Chicopee
W0601,42.10956147,-72.11856925,2005.0,4.0,Spring,13.0,10.1,1,0,0,1,15.0,9.6,Quinebaug
W0615,42.11947322,-72.00870444,2005.0,4.0,Spring,11.6,11.0,1,0,0,1,13.6,10.5,Quinebaug
W0600,42.02202663,-71.9543561,2005.0,4.0,Spring,12.8,10.7,1,0,0,1,14.8,10.2,Quinebaug
W0602,42.05094532,-71.88507359,2005.0,4.0,Spring,12.9,10.3,1,0,0,1,14.9,9.8,French
