SITE_ID,LATITUDE,LONGITUDE,watershed,year_start,year_end,total_samples,avg_TEMP,avg_DO,avg_risk_score,avg_TEMP_plus2,avg_DO_plus2,DO_critical_baseline,DO_critical_scenario,new_critical_events,DO_critical_percent,percent_increase_critical
W0013,42.52187793,-72.78051044,Deerfield,2005.0,2005.0,5,15.440000000000001,8.2,1.0,17.44,7.7,0,0,0,0.0,
W0026,42.61318632,-72.76875254,Deerfield,2005.0,2005.0,9,17.755555555555556,9.433333333333334,1.3333333333333333,19.755555555555556,8.933333333333334,0,0,0,0.0,
W0029,42.61342804,-72.76746064,Deerfield,2005.0,2005.0,9,17.866666666666667,9.166666666666666,1.3333333333333333,19.866666666666664,8.666666666666666,0,0,0,0.0,
W0035,42.62455322,-72.88079407,Deerfield,2005.0,2005.0,5,17.6,8.940000000000001,1.0,19.6,8.440000000000001,0,0,0,0.0,
W0040,42.63010011,-72.90142656,Deerfield,2005.0,2005.0,4,17.650000000000002,9.975,1.75,19.65,9.475,0,0,0,0.0,
W0051,42.5644422,-72.01154154,Millers,2005.0,2005.0,13,22.77692307692308,3.446153846153846,2.230769230769231,24.77692307692308,2.946153846153846,12,12,0,92.3076923076923,0.0
W0057,42.02769615,-71.95951089,Quinebaug,2006.0,2006.0,1,11.3,11.2,1.0,13.3,10.7,0,0,0,0.0,
W0075,42.0246995,-71.88418202,French,2009.0,2013.0,22,13.327272727272726,10.786363636363637,1.2727272727272727,15.327272727272726,10.286363636363637,0,0,0,0.0,
W0086,42.64744612,-71.15080259,Shawsheen,2005.0,2005.0,12,19.858333333333334,7.7,1.1666666666666667,21.858333333333334,7.2,1,1,0,8.333333333333332,0.0
W0091,42.53441868,-71.23357266,Shawsheen,2005.0,2005.0,12,18.833333333333332,5.05,1.6666666666666667,20.833333333333332,4.55,7,7,0,58.333333333333336,0.0
W0093,42.47371552,-71.26389288,Shawsheen,2005.0,2005.0,14,16.507142857142856,5.185714285714285,1.4285714285714286,18.50714285714286,4.685714285714285,7,10,3,50.0,42.857142857142854
W0097,42.59577308,-71.19608409,Shawsheen,2005.0,2005.0,12,19.066666666666666,5.766666666666667,1.25,21.066666666666666,5.266666666666667,2,5,3,16.666666666666664,150.0
W0099,42.48702713,-71.26400361,Shawsheen,2005.0,2005.0,13,14.807692307692308,7.607692307692307,0.8461538461538461,16.807692307692307,7.107692307692307,0,1,1,0.0,0.0
W0107,42.65985762,-70.9028537,Ipswich,2005.0,2005.0,11,20.981818181818184,4.318181818181818,1.8181818181818181,22.981818181818184,3.8181818181818183,6,9,3,54.54545454545454,50.0
W0110,42.61647019,-70.99700565,Ipswich,2005.0,2005.0,13,20.692307692307693,5.292307692307692,1.4615384615384615,22.692307692307693,4.792307692307692,4,10,6,30.76923076923077,150.0
W0112,42.57229149,-71.08984084,Ipswich,2005.0,2005.0,13,18.93846153846154,4.092307692307693,1.6923076923076923,20.93846153846154,3.5923076923076924,9,10,1,69.23076923076923,11.11111111111111
W0113,42.56116459,-71.11060168,Ipswich,2005.0,2005.0,11,19.38181818181818,3.772727272727273,1.8181818181818181,21.38181818181818,3.272727272727273,8,8,0,72.72727272727273,0.0
W0121,42.66124707,-70.8449088,Ipswich,2005.0,2005.0,13,19.99230769230769,4.184615384615385,1.8461538461538463,21.99230769230769,3.6846153846153844,8,11,3,61.53846153846154,37.5
W0130,42.62068997,-71.02025589,Ipswich,2005.0,2005.0,13,19.23076923076923,6.130769230769231,1.3076923076923077,21.23076923076923,5.630769230769231,2,4,2,15.384615384615385,100.0
W0136,42.57158947,-71.10125577,Ipswich,2005.0,2005.0,15,18.86,3.146666666666667,1.8,20.86,2.646666666666667,13,13,0,86.66666666666667,0.0
W0139,42.55888279,-71.14669759,Ipswich,2005.0,2005.0,14,17.407142857142855,2.3000000000000003,1.5714285714285714,19.407142857142855,1.8142857142857143,11,12,1,78.57142857142857,9.090909090909092
W0143,42.55191092,-71.15006628,Ipswich,2005.0,2005.0,4,16.8,2.675,2.25,18.8,2.2,3,4,1,75.0,33.33333333333333
W0168,42.01272012,-71.34763073,Ten Mile,2007.0,2007.0,8,18.2375,8.8,1.625,20.2375,8.3,0,0,0,0.0,
W0169,41.97463265,-71.32957594,Ten Mile,2007.0,2007.0,9,16.922222222222224,6.611111111111111,1.8888888888888888,18.92222222222222,6.111111111111111,3,4,1,33.33333333333333,33.33333333333333
W0170,41.96096078,-71.30757184,Ten Mile,2007.0,2007.0,9,17.166666666666668,8.077777777777778,1.5555555555555556,19.166666666666668,7.577777777777778,0,0,0,0.0,
W0172,41.93742221,-71.29026644,Ten Mile,2007.0,2007.0,9,18.755555555555556,7.7555555555555555,1.5555555555555556,20.755555555555556,7.2555555555555555,0,0,0,0.0,
W0173,41.91782609,-71.30583763,Ten Mile,2007.0,2007.0,9,19.12222222222222,7.777777777777778,1.5555555555555556,21.12222222222222,7.277777777777778,0,0,0,0.0,
W0175,41.89609284,-71.32576502,Ten Mile,2007.0,2007.0,9,18.866666666666667,7.155555555555556,1.6666666666666667,20.866666666666667,6.655555555555556,1,3,2,11.11111111111111,200.0
W0176,41.89026914,-71.34011441,Ten Mile,2007.0,2007.0,9,18.044444444444444,8.066666666666666,1.5555555555555556,20.044444444444444,7.566666666666666,0,0,0,0.0,
W0179,41.95360395,-71.28005181,Ten Mile,2007.0,2007.0,9,18.6,5.077777777777778,1.8888888888888888,20.6,4.577777777777778,3,4,1,33.33333333333333,33.33333333333333
W0180,41.92726089,-71.2852236,Ten Mile,2007.0,2007.0,8,15.2,6.625,1.375,17.2,6.125,1,2,1,12.5,100.0
W0181,41.93648287,-71.32433494,Ten Mile,2007.0,2007.0,9,13.022222222222222,8.766666666666667,1.5555555555555556,15.02222222222222,8.266666666666667,0,0,0,0.0,
W0182,41.95117817,-71.34184089,Ten Mile,2007.0,2007.0,8,14.6,8.9,1.375,16.6,8.4,0,0,0,0.0,
W0183,41.90125767,-71.3434294,Ten Mile,2007.0,2007.0,9,15.155555555555557,7.533333333333333,1.5555555555555556,17.155555555555555,7.033333333333333,0,0,0,0.0,
W0184,41.85773302,-71.32945548,Ten Mile,2007.0,2007.0,7,17.057142857142857,6.1000000000000005,2.142857142857143,19.057142857142857,5.6000000000000005,4,4,0,57.14285714285714,0.0
W0198,42.15688759,-73.07352832,Farmington,2006.0,2017.0,6,17.2,9.816666666666666,1.0,19.2,9.316666666666666,0,0,0,0.0,
W0201,42.07885841,-73.0731024,Farmington,2006.0,2017.0,6,16.433333333333334,9.983333333333333,1.3333333333333333,18.433333333333334,9.483333333333333,0,0,0,0.0,
W0206,42.09474599,-73.08665689,Farmington,2006.0,2006.0,5,16.32,10.040000000000001,1.4,18.32,9.540000000000001,0,0,0,0.0,
W0210,42.15892543,-73.06950719,Farmington,2006.0,2006.0,5,16.7,9.68,1.4,18.7,9.18,0,0,0,0.0,
W0220,42.27084268,-72.86666034,Westfield,2017.0,2017.0,1,16.8,10.0,1.0,18.8,9.5,0,0,0,0.0,
W0221,42.22568842,-72.87073188,Westfield,2006.0,2006.0,5,17.56,10.440000000000001,1.6,19.56,9.940000000000001,0,0,0,0.0,
W0244,42.16599233,-72.83056299,Westfield,2017.0,2017.0,1,8.4,11.8,1.0,10.4,11.3,0,0,0,0.0,
W0257,42.33094293,-73.09171257,Westfield,2006.0,2006.0,5,13.74,10.26,1.6,15.74,9.76,0,0,0,0.0,
W0293,42.58708857,-72.35718789,Millers,2011.0,2017.0,17,16.11176470588235,9.594117647058823,1.7058823529411764,18.11176470588235,9.094117647058823,0,0,0,0.0,
W0311,41.96604487,-71.175902,Taunton,2006.0,2006.0,5,19.240000000000002,8.22,1.4,21.240000000000002,7.720000000000001,0,0,0,0.0,
W0317,41.9074391,-70.91495236,Taunton,2019.0,2019.0,4,21.425,6.3,2.0,23.425,5.8,1,1,0,25.0,0.0
W0318,41.92174924,-70.92351752,Taunton,2019.0,2019.0,4,21.4,4.6,2.25,23.4,4.1,2,2,0,50.0,0.0
W0324,42.45888846,-71.3973783,Concord (SuAsCo),2006.0,2006.0,2,20.0,8.0,1.5,22.0,7.5,0,0,0,0.0,
W0333,41.92602695,-70.61353249,South Coastal,2006.0,2006.0,5,20.44,8.36,1.6,22.44,7.859999999999999,0,0,0,0.0,
W0337,42.08647762,-70.65128516,South Coastal,2006.0,2006.0,2,19.9,7.699999999999999,1.5,21.9,7.199999999999999,0,0,0,0.0,
W0338,41.91104346,-70.64385015,South Coastal,2006.0,2006.0,5,15.16,9.68,1.6,17.160000000000004,9.18,0,0,0,0.0,
W0339,41.91774475,-70.6264616,South Coastal,2006.0,2006.0,5,20.46,9.379999999999999,1.6,22.46,8.879999999999999,0,0,0,0.0,
W0344,41.63266048,-71.06038287,Buzzards Bay,2013.0,2016.0,15,18.493333333333332,8.826666666666666,1.7333333333333334,20.493333333333332,8.326666666666666,0,0,0,0.0,
W0347,42.18359566,-73.04390073,Farmington,2006.0,2016.0,46,21.317391304347826,6.908695652173913,1.8478260869565217,23.317391304347826,6.413043478260869,8,9,1,17.391304347826086,12.5
W0348,42.25214199,-73.12277522,Farmington,2006.0,2006.0,21,19.704761904761906,5.152380952380953,2.0952380952380953,21.704761904761906,4.6761904761904765,7,8,1,33.33333333333333,14.285714285714285
W0351,42.19714978,-73.09707925,Farmington,2006.0,2006.0,5,15.559999999999999,9.78,1.4,17.56,9.28,0,0,0,0.0,
W0357,42.49645261,-71.2242658,Shawsheen,2005.0,2005.0,13,16.484615384615385,2.5153846153846158,1.5384615384615385,18.484615384615385,2.0615384615384618,10,11,1,76.92307692307693,10.0
W0371,42.05490025,-73.33400325,Housatonic,2007.0,2007.0,8,18.225,9.2375,1.75,20.225,8.7375,0,0,0,0.0,
W0375,42.07601465,-73.28282617,Housatonic,2007.0,2007.0,5,16.06,9.92,1.6,18.06,9.42,0,0,0,0.0,
W0377,42.11316821,-73.26853192,Housatonic,2007.0,2007.0,5,16.52,9.64,1.6,18.52,9.14,0,0,0,0.0,
W0384,42.36514506,-71.1903328,Charles,2007.0,2007.0,11,21.09090909090909,5.709090909090909,2.090909090909091,23.09090909090909,5.209090909090909,5,5,0,45.45454545454545,0.0
W0406,42.24980728,-71.22270212,Charles,2007.0,2007.0,10,20.1,8.03,1.6,22.1,7.529999999999999,0,0,0,0.0,
W0407,42.25123356,-71.23970713,Charles,2007.0,2007.0,10,20.07,5.380000000000001,2.1,22.07,4.880000000000001,5,6,1,50.0,20.0
W0408,42.25417326,-71.29337351,Charles,2007.0,2007.0,10,17.48,5.2,2.1,19.48,4.7,5,8,3,50.0,60.0
W0409,42.28652324,-71.29384261,Charles,2007.0,2007.0,10,17.27,8.6,1.6,19.27,8.1,0,0,0,0.0,
W0414,42.14007115,-71.3896734,Charles,2007.0,2007.0,13,19.607692307692307,8.46923076923077,1.5384615384615385,21.607692307692307,7.9692307692307685,0,0,0,0.0,
W0416,42.21553968,-71.40765942,Charles,2007.0,2007.0,9,16.38888888888889,6.433333333333334,1.7777777777777777,18.38888888888889,5.933333333333334,2,3,1,22.22222222222222,50.0
W0423,42.18829134,-71.36280624,Charles,2007.0,2007.0,6,21.05,7.1000000000000005,1.6666666666666667,23.05,6.6000000000000005,0,0,0,0.0,
W0426,42.63945736,-73.10863082,Hoosic,2007.0,2007.0,1,8.4,12.1,1.0,10.4,11.6,0,0,0,0.0,
W0427,42.66508241,-73.10397409,Hoosic,2007.0,2007.0,2,14.95,10.35,1.5,16.95,9.85,0,0,0,0.0,
W0435,42.49577249,-71.01907398,North Coastal,2007.0,2007.0,8,14.95,6.4,1.875,16.95,5.9,2,2,0,25.0,0.0
W0436,42.51244839,-71.02729939,North Coastal,2007.0,2007.0,8,16.025,8.4375,1.625,18.025,7.9375,0,0,0,0.0,
W0437,42.49963725,-71.0509709,North Coastal,2007.0,2007.0,8,15.6875,5.625,2.0,17.6875,5.125,3,3,0,37.5,0.0
W0448,42.53696863,-71.05650757,North Coastal,2007.0,2007.0,8,13.149999999999999,6.0375000000000005,2.0,15.15,5.5375000000000005,3,4,1,37.5,33.33333333333333
W0451,42.55986066,-70.94856366,North Coastal,2007.0,2007.0,9,15.377777777777778,7.033333333333334,1.6666666666666667,17.37777777777778,6.533333333333334,0,0,0,0.0,
W0452,42.55761002,-70.9378767,North Coastal,2007.0,2007.0,9,16.944444444444443,7.966666666666667,1.6666666666666667,18.944444444444443,7.466666666666667,0,0,0,0.0,
W0453,42.52452276,-70.9185959,North Coastal,2007.0,2007.0,8,18.4125,8.875,1.625,20.4125,8.375,0,0,0,0.0,
W0454,42.5222057,-70.931093,North Coastal,2007.0,2007.0,8,18.4,7.35,1.875,20.4,6.85,2,2,0,25.0,0.0
W0474,42.09002807,-72.62686454,Westfield,2006.0,2006.0,5,17.240000000000002,10.02,1.6,19.240000000000002,9.52,0,0,0,0.0,
W0475,42.15037455,-72.60763627,Chicopee,2008.0,2008.0,5,20.56,9.32,1.6,22.56,8.82,0,0,0,0.0,
W0480,42.5630966,-71.76875735,Nashua,2008.0,2008.0,14,15.55,9.828571428571427,1.4285714285714286,17.55,9.328571428571427,0,0,0,0.0,
W0481,42.4951686,-71.72192464,Nashua,2005.0,2013.0,53,13.19811320754717,9.954716981132076,1.3396226415094339,15.19811320754717,9.454716981132076,0,0,0,0.0,
W0482,42.42997432,-71.67930013,Nashua,2008.0,2008.0,8,16.9,7.375,2.0,18.9,6.875,2,2,0,25.0,0.0
W0483,42.44442786,-71.67186298,Nashua,2008.0,2013.0,22,13.545454545454545,8.977272727272727,1.4545454545454546,15.545454545454545,8.486363636363636,1,1,0,4.545454545454546,0.0
W0484,42.49602094,-71.62643687,Nashua,2008.0,2008.0,8,20.075,6.5125,1.875,22.075,6.0125,1,3,2,12.5,200.0
W0485,42.66968673,-71.56776529,Nashua,2005.0,2013.0,46,12.73695652173913,10.110869565217392,1.2608695652173914,14.73695652173913,9.610869565217392,0,0,0,0.0,
W0486,42.67172981,-71.57703129,Nashua,2008.0,2008.0,6,20.95,8.25,2.0,22.95,7.75,0,0,0,0.0,
W0487,42.62094186,-71.64380951,Nashua,2005.0,2013.0,49,13.275510204081632,9.204081632653061,1.3673469387755102,15.275510204081632,8.704081632653061,0,1,1,0.0,0.0
W0488,42.57812405,-71.60976926,Nashua,2008.0,2008.0,6,20.733333333333334,7.949999999999999,2.0,22.733333333333334,7.449999999999999,0,0,0,0.0,
W0490,42.26477944,-72.00491606,Chicopee,2005.0,2020.0,50,12.918,10.066,1.44,14.918,9.566,0,0,0,0.0,
W0491,42.18142994,-72.26354268,Chicopee,2005.0,2013.0,50,14.542,11.014000000000001,1.38,16.542,10.514000000000001,0,0,0,0.0,
W0492,42.23872578,-72.285755,Chicopee,2005.0,2013.0,51,13.588235294117647,10.811764705882352,1.392156862745098,15.588235294117647,10.311764705882352,0,0,0,0.0,
W0493,42.26797538,-72.33276108,Chicopee,2005.0,2013.0,50,10.814,11.47,1.4,12.814,10.97,0,0,0,0.0,
W0494,42.39121389,-72.0645552,Chicopee,2005.0,2013.0,50,13.238,10.505999999999998,1.4,15.238,10.006,0,0,0,0.0,
W0495,42.66414966,-71.57700588,Nashua,2008.0,2008.0,7,24.842857142857145,6.442857142857143,1.2857142857142858,26.842857142857145,5.942857142857143,0,0,0,0.0,
W0496,42.62647657,-71.59314962,Nashua,2005.0,2013.0,48,14.595833333333333,9.331249999999999,1.375,16.595833333333335,8.831249999999999,0,0,0,0.0,
W0497,42.59474285,-71.59983315,Nashua,2008.0,2008.0,3,22.666666666666668,5.866666666666667,2.0,24.666666666666668,5.366666666666667,0,1,1,0.0,0.0
W0502,42.2365576,-71.79667946,Blackstone,2008.0,2008.0,9,20.366666666666667,8.433333333333334,1.6666666666666667,22.366666666666667,7.933333333333334,0,0,0,0.0,
W0505,42.20292186,-71.77806924,Blackstone,2008.0,2008.0,5,18.52,7.5,1.6,20.52,7.0,0,0,0,0.0,
W0506,42.1542015,-71.65266243,Blackstone,2006.0,2006.0,2,16.549999999999997,9.2,1.5,18.549999999999997,8.7,0,0,0,0.0,
W0508,42.04075372,-71.51568945,Blackstone,2008.0,2008.0,5,15.959999999999999,8.8,1.6,17.96,8.3,0,0,0,0.0,
W0514,42.16003238,-71.60586969,Blackstone,2008.0,2008.0,5,16.08,8.7,1.6,18.080000000000002,8.2,0,0,0,0.0,
W0515,42.1003609,-71.60111703,Blackstone,2005.0,2013.0,48,14.166666666666666,7.633333333333333,1.5833333333333333,16.166666666666668,7.139583333333333,11,13,2,22.916666666666664,18.181818181818183
W0533,42.085924,-71.25668829,Neponset,2017.0,2017.0,1,3.5,12.2,1.0,5.5,11.7,0,0,0,0.0,
W0543,42.17269436,-71.2049852,Neponset,2017.0,2017.0,1,2.7,12.8,1.0,4.7,12.3,0,0,0,0.0,
W0544,42.17399161,-71.20853856,Neponset,2009.0,2009.0,6,18.283333333333335,8.533333333333333,1.5,20.283333333333335,8.033333333333333,0,0,0,0.0,
W0546,42.18920084,-71.2401585,Neponset,2020.0,2020.0,2,20.200000000000003,8.15,2.0,22.200000000000003,7.65,0,0,0,0.0,
W0549,42.16852193,-71.16788696,Neponset,2017.0,2017.0,1,3.8,11.4,1.0,5.8,10.9,0,0,0,0.0,
W0551,42.15752806,-71.20894828,Neponset,2009.0,2009.0,6,13.183333333333332,9.799999999999999,1.5,15.183333333333332,9.299999999999999,0,0,0,0.0,
W0557,42.12604018,-71.18526016,Neponset,2009.0,2009.0,6,16.400000000000002,6.283333333333334,1.6666666666666667,18.400000000000002,5.783333333333334,1,2,1,16.666666666666664,100.0
W0559,42.15863426,-71.13993414,Neponset,2009.0,2009.0,6,19.333333333333332,7.533333333333334,1.5,21.333333333333332,7.033333333333334,0,0,0,0.0,
W0564,42.19696522,-71.15515153,Neponset,2017.0,2017.0,1,3.1,11.2,1.0,5.1,10.7,0,0,0,0.0,
W0565,42.18896192,-71.14424053,Neponset,2017.0,2017.0,1,4.7,9.9,1.0,6.7,9.4,0,0,0,0.0,
W0566,42.20323377,-71.13501796,Neponset,2009.0,2017.0,9,14.022222222222222,7.944444444444445,1.3333333333333333,16.022222222222222,7.444444444444445,0,0,0,0.0,
W0568,42.20923111,-71.14595217,Neponset,2009.0,2017.0,9,16.62222222222222,7.466666666666667,1.3333333333333333,18.62222222222222,6.966666666666667,0,0,0,0.0,
W0573,42.26947952,-71.07281665,Neponset,2009.0,2009.0,5,18.919999999999998,9.22,1.6,20.919999999999998,8.72,0,0,0,0.0,
W0579,42.25990378,-71.04753969,Neponset,2009.0,2009.0,7,15.185714285714285,8.742857142857144,1.4285714285714286,17.185714285714287,8.242857142857144,0,0,0,0.0,
W0600,42.02202663,-71.9543561,Quinebaug,2005.0,2013.0,43,13.07906976744186,10.97906976744186,1.302325581395349,15.07906976744186,10.47906976744186,0,0,0,0.0,
W0601,42.10956147,-72.11856925,Quinebaug,2005.0,2013.0,44,12.747727272727273,10.561363636363636,1.2727272727272727,14.747727272727273,10.061363636363636,0,0,0,0.0,
W0602,42.05094532,-71.88507359,French,2005.0,2013.0,42,12.842857142857142,10.747619047619047,1.2857142857142858,14.842857142857142,10.247619047619047,0,0,0,0.0,
W0603,42.52346976,-71.6880925,Nashua,2005.0,2017.0,41,13.273170731707317,6.309756097560975,2.292682926829268,15.273170731707317,5.817073170731708,12,15,3,29.268292682926827,25.0
W0604,42.49250849,-71.5969091,Nashua,2016.0,2016.0,20,22.98,7.3549999999999995,1.75,24.98,6.8549999999999995,2,2,0,10.0,0.0
W0608,42.69888619,-71.00142335,Parker,2005.0,2005.0,6,21.116666666666667,9.816666666666666,2.0,23.116666666666664,9.316666666666666,0,1,1,0.0,0.0
W0615,42.11947322,-72.00870444,Quinebaug,2005.0,2013.0,42,11.166666666666666,11.3,1.2619047619047619,13.166666666666666,10.8,0,0,0,0.0,
W0622,41.81022138,-71.29169192,Narragansett Bay (Shore),2009.0,2009.0,8,19.75,3.9625,2.5,21.75,3.4625,6,6,0,75.0,0.0
W0624,41.85489099,-71.255975,Narragansett Bay (Shore),2009.0,2009.0,8,17.5875,8.675,1.75,19.5875,8.175,0,0,0,0.0,
W0637,41.79498181,-71.25266188,Narragansett Bay (Shore),2009.0,2009.0,8,17.1625,7.95,1.75,19.1625,7.45,0,0,0,0.0,
W0638,41.78162246,-71.2504345,Narragansett Bay (Shore),2009.0,2009.0,8,18.6375,6.75,1.75,20.6375,6.25,0,3,3,0.0,0.0
W0641,41.75038258,-71.20392705,Mount Hope Bay (Shore),2009.0,2009.0,8,21.5625,7.225,1.75,23.5625,6.725,0,1,1,0.0,0.0
W0651,41.78837741,-71.3295203,Narragansett Bay (Shore),2009.0,2009.0,8,19.0,6.175,2.0,21.0,5.675,2,2,0,25.0,0.0
W0654,41.76695306,-71.18552542,Mount Hope Bay (Shore),2009.0,2009.0,8,17.3,8.675,1.75,19.3,8.175,0,0,0,0.0,
W0661,41.77539014,-71.19881372,Mount Hope Bay (Shore),2009.0,2009.0,8,18.1,6.1875,1.875,20.1,5.6875,1,4,3,12.5,300.0
W0665,41.8334926,-71.27765127,Narragansett Bay (Shore),2009.0,2009.0,8,17.975,7.9375,1.75,19.975,7.4375,0,0,0,0.0,
W0668,42.17958119,-71.68815945,Blackstone,2008.0,2008.0,4,21.4,7.6499999999999995,2.0,23.4,7.1499999999999995,0,0,0,0.0,
W0669,42.18121701,-71.73068267,Blackstone,2008.0,2008.0,4,20.549999999999997,6.475,2.0,22.549999999999997,5.975,0,0,0,0.0,
W0678,42.39432391,-72.04921345,Chicopee,2017.0,2017.0,1,2.4,12.5,1.0,4.4,12.0,0,0,0,0.0,
W0679,42.63670884,-71.3017484,Concord (SuAsCo),2005.0,2007.0,17,13.494117647058824,11.076470588235296,1.2352941176470589,15.494117647058822,10.576470588235296,0,0,0,0.0,
W0680,42.22778189,-71.78735524,Blackstone,2005.0,2013.0,53,13.745283018867925,10.352830188679246,1.320754716981132,15.745283018867925,9.852830188679246,0,0,0,0.0,
W0681,42.44473811,-71.67198789,Nashua,2005.0,2010.0,32,10.31875,10.665625,1.28125,12.31875,10.165625,0,0,0,0.0,
W0682,42.59815453,-72.34135156,Millers,2005.0,2005.0,10,22.61,7.93,1.2,24.61,7.43,0,0,0,0.0,
W0684,42.59280929,-72.23911383,Millers,2005.0,2005.0,5,21.18,8.58,1.6,23.18,8.08,0,0,0,0.0,
W0685,42.60455306,-72.12462107,Millers,2005.0,2005.0,13,21.03076923076923,7.338461538461539,1.0769230769230769,23.03076923076923,6.838461538461539,0,0,0,0.0,
W0686,42.60658022,-72.07525656,Millers,2005.0,2005.0,15,21.133333333333333,7.706666666666666,0.9333333333333333,23.133333333333333,7.206666666666666,0,0,0,0.0,
W0688,42.02298331,-71.57206082,Blackstone,2005.0,2013.0,9,11.855555555555556,10.377777777777778,1.2222222222222223,13.855555555555556,9.877777777777778,0,0,0,0.0,
W0689,42.23053792,-71.70809238,Blackstone,2005.0,2013.0,43,13.734883720930233,10.344186046511629,1.2093023255813953,15.734883720930233,9.844186046511629,0,0,0,0.0,
W0690,42.59751119,-72.43783955,Millers,2005.0,2013.0,40,12.252500000000001,11.192499999999999,1.3,14.252500000000001,10.692499999999999,0,0,0,0.0,
W0691,42.58812535,-72.04099473,Millers,2005.0,2013.0,40,11.4825,10.0875,1.275,13.482499999999998,9.5875,0,0,0,0.0,
W0692,42.62969793,-72.15035652,Millers,2005.0,2013.0,49,14.214285714285714,9.863265306122448,1.163265306122449,16.214285714285715,9.363265306122448,0,0,0,0.0,
W0693,42.68279648,-72.11503734,Millers,2005.0,2013.0,41,11.148780487804878,8.307317073170733,1.4634146341463414,13.148780487804878,7.807317073170732,7,9,2,17.073170731707318,28.57142857142857
W0694,42.6723218,-72.09305542,Millers,2005.0,2013.0,47,14.193617021276596,9.659574468085106,1.2127659574468086,16.193617021276598,9.159574468085106,0,0,0,0.0,
W0695,42.30485304,-71.62845076,Concord (SuAsCo),2005.0,2013.0,50,12.258,8.777999999999999,1.28,14.258,8.277999999999999,0,1,1,0.0,0.0
W0696,42.32543468,-71.39736431,Concord (SuAsCo),2005.0,2013.0,48,13.552083333333334,10.704166666666666,1.2916666666666667,15.552083333333334,10.204166666666667,0,0,0,0.0,
W0697,42.43206352,-71.44974106,Concord (SuAsCo),2005.0,2013.0,44,12.865909090909092,10.968181818181819,1.25,14.865909090909092,10.468181818181819,0,0,0,0.0,
W0698,42.51227518,-71.40458554,Concord (SuAsCo),2005.0,2013.0,42,10.723809523809523,9.711904761904762,1.2619047619047619,12.723809523809523,9.211904761904762,1,2,1,2.380952380952381,100.0
W0739,41.65324527,-70.45633729,Cape Cod,2009.0,2009.0,9,21.333333333333332,9.3,1.2222222222222223,23.333333333333332,8.8,0,0,0,0.0,
W0746,41.72232226,-70.12543035,Cape Cod,2009.0,2009.0,10,18.72,9.92,1.1,20.72,9.42,0,0,0,0.0,
W0747,41.7276927,-70.1175758,Cape Cod,2009.0,2009.0,11,19.60909090909091,8.772727272727273,1.0,21.60909090909091,8.272727272727273,0,0,0,0.0,
W0748,41.74096476,-70.10876811,Cape Cod,2009.0,2009.0,12,19.474999999999998,9.391666666666667,1.3333333333333333,21.474999999999998,8.891666666666667,0,0,0,0.0,
W0750,42.57967087,-71.21821677,Shawsheen,2005.0,2005.0,5,16.880000000000003,7.82,1.6,18.880000000000003,7.32,0,0,0,0.0,
W0754,41.80999411,-70.62755574,Buzzards Bay,2007.0,2014.0,75,24.557333333333332,8.141333333333334,1.5733333333333333,26.557333333333332,7.645333333333333,4,4,0,5.333333333333334,0.0
W0762,41.80918339,-70.61753091,Buzzards Bay,2007.0,2014.0,80,23.8725,7.83,1.5375,25.872500000000002,7.33,8,9,1,10.0,12.5
W0767,42.153873,-71.65203977,Blackstone,2005.0,2013.0,51,14.347058823529412,9.890196078431373,1.3333333333333333,16.347058823529412,9.390196078431373,1,1,0,1.9607843137254901,0.0
W0775,41.68379581,-70.97096286,Buzzards Bay,2010.0,2010.0,1,26.3,4.2,3.0,28.3,3.7,1,1,0,100.0,0.0
W0776,41.77018529,-70.72205854,Buzzards Bay,2018.0,2018.0,2,26.95,4.3,2.5,28.95,3.8499999999999996,1,1,0,50.0,0.0
W0805,42.11440451,-72.71424125,Westfield,2006.0,2006.0,5,15.02,9.74,1.6,17.02,9.24,0,0,0,0.0,
W0812,42.14152543,-72.78888168,Westfield,2006.0,2006.0,5,16.36,9.82,1.6,18.36,9.32,0,0,0,0.0,
W0816,41.81989559,-71.02717559,Taunton,2019.0,2019.0,2,19.950000000000003,0.9,3.0,21.950000000000003,0.4,2,2,0,100.0,0.0
W0819,42.01885627,-71.26670227,Taunton,2006.0,2006.0,5,17.78,5.9,1.6,19.78,5.4,1,1,0,20.0,0.0
W0821,41.93332037,-71.15426672,Taunton,2006.0,2019.0,9,19.766666666666666,7.355555555555556,1.5555555555555556,21.766666666666666,6.855555555555556,0,0,0,0.0,
W0823,41.95185108,-71.22372756,Taunton,2006.0,2006.0,5,17.52,7.639999999999999,1.4,19.52,7.139999999999999,0,0,0,0.0,
W0832,42.26764467,-71.55276363,Concord (SuAsCo),2006.0,2006.0,5,17.34,4.58,2.4,19.339999999999996,4.08,3,3,0,60.0,0.0
W0838,42.25849843,-71.45547229,Concord (SuAsCo),2006.0,2006.0,5,17.98,8.7,1.6,19.98,8.2,0,0,0,0.0,
W0843,42.46568803,-71.39143422,Concord (SuAsCo),2006.0,2006.0,5,19.2,8.440000000000001,1.6,21.2,7.94,0,0,0,0.0,
W0844,42.45974876,-71.35935869,Concord (SuAsCo),2006.0,2006.0,5,20.34,6.859999999999999,1.8,22.34,6.36,1,2,1,20.0,100.0
W0847,42.39635089,-71.36467086,Concord (SuAsCo),2006.0,2006.0,4,20.55,4.475,2.5,22.55,3.975,2,2,0,50.0,0.0
W0849,42.35708626,-71.40313662,Concord (SuAsCo),2006.0,2006.0,4,17.0,6.175,2.0,19.0,5.675,1,1,0,25.0,0.0
W0850,42.35926526,-71.36883338,Concord (SuAsCo),2006.0,2006.0,5,19.34,7.06,2.0,21.34,6.56,1,1,0,20.0,0.0
W0858,41.9471012,-71.1769499,Taunton,2006.0,2019.0,9,19.955555555555556,7.711111111111112,1.5555555555555556,21.955555555555556,7.211111111111112,0,0,0,0.0,
W0868,42.05820916,-70.89995609,Taunton,2019.0,2019.0,4,20.0,4.525,2.25,22.0,4.025,2,4,2,50.0,100.0
W0869,42.04238758,-70.89846196,Taunton,2013.0,2019.0,7,21.142857142857142,4.8428571428571425,2.142857142857143,23.142857142857142,4.3428571428571425,4,5,1,57.14285714285714,25.0
W0877,42.46230471,-71.01047988,North Coastal,2007.0,2007.0,8,15.475,9.1625,1.5,17.475,8.6625,0,0,0,0.0,
W0878,42.47966229,-71.02508341,North Coastal,2007.0,2007.0,8,16.675,9.75,1.5,18.675,9.25,0,0,0,0.0,
W0882,42.52475475,-71.06594804,North Coastal,2007.0,2007.0,8,15.799999999999999,5.1125,2.25,17.8,4.6125,5,5,0,62.5,0.0
W0883,42.47228295,-71.00682261,North Coastal,2007.0,2007.0,8,16.75,8.35,1.625,18.75,7.8500000000000005,0,0,0,0.0,
W0888,42.58004022,-70.7636231,North Coastal,2007.0,2007.0,7,17.385714285714286,5.8428571428571425,2.0,19.385714285714283,5.3428571428571425,3,4,1,42.857142857142854,33.33333333333333
W0889,42.58035633,-70.76491831,North Coastal,2007.0,2007.0,9,16.155555555555555,8.077777777777778,1.6666666666666667,18.155555555555555,7.577777777777778,0,0,0,0.0,
W0895,42.11232662,-70.87925085,South Coastal,2006.0,2006.0,5,17.82,6.24,1.8,19.82,5.74,1,1,0,20.0,0.0
W0897,42.1055521,-70.89536679,South Coastal,2006.0,2006.0,3,19.400000000000002,7.066666666666666,1.3333333333333333,21.400000000000002,6.566666666666666,0,0,0,0.0,
W0898,42.10912662,-70.90927444,South Coastal,2006.0,2006.0,5,20.64,7.640000000000001,1.6,22.64,7.140000000000001,0,0,0,0.0,
W0901,41.95002381,-71.29133543,Ten Mile,2007.0,2007.0,8,20.6375,7.325,1.625,22.6375,6.825,0,0,0,0.0,
W0905,42.00286304,-71.33840362,Ten Mile,2007.0,2007.0,9,16.12222222222222,7.5,1.5555555555555556,18.12222222222222,7.0,0,0,0,0.0,
W0910,42.10540565,-70.82006123,South Coastal,2006.0,2006.0,5,16.96,7.859999999999999,1.6,18.96,7.359999999999999,0,0,0,0.0,
W0917,42.10734882,-70.80841733,South Coastal,2006.0,2006.0,5,21.56,5.76,1.8,23.56,5.26,1,2,1,20.0,100.0
W0918,42.16028331,-70.78863391,South Coastal,2019.0,2019.0,3,19.133333333333333,7.766666666666666,1.6666666666666667,21.133333333333333,7.266666666666666,0,0,0,0.0,
W0921,42.07998887,-70.74566501,South Coastal,2006.0,2006.0,5,21.5,3.8,2.6,23.5,3.3,4,4,0,80.0,0.0
W0923,42.02715395,-72.75717252,Westfield,2016.0,2016.0,18,23.672222222222224,7.777777777777778,1.8333333333333333,25.672222222222224,7.277777777777778,3,3,0,16.666666666666664,0.0
W0925,42.0147182,-72.76361682,Westfield,2016.0,2016.0,15,24.353333333333335,7.866666666666666,1.8,26.353333333333335,7.366666666666666,2,3,1,13.333333333333334,50.0
W0926,42.00459582,-70.84525352,Taunton,2009.0,2019.0,128,23.64140625,7.896875,1.4453125,25.64140625,7.396875,5,5,0,3.90625,0.0
W0930,42.00146724,-70.83678103,Taunton,2009.0,2019.0,114,23.897368421052633,7.488596491228071,1.5964912280701755,25.897368421052633,6.988596491228071,7,9,2,6.140350877192982,28.57142857142857
W0940,42.07840473,-71.11554731,Taunton,2018.0,2018.0,11,23.11818181818182,7.609090909090909,2.0,25.11818181818182,7.109090909090909,0,0,0,0.0,
W0947,41.95142643,-71.11913351,Taunton,2018.0,2018.0,12,24.125,6.95,2.3333333333333335,26.125,6.45,4,4,0,33.33333333333333,0.0
W0958,41.96889822,-71.32511071,Ten Mile,2018.0,2018.0,16,20.8625,7.21875,2.25,22.8625,6.71875,4,4,0,25.0,0.0
W0970,42.06605001,-71.3520429,Charles,2017.0,2017.0,20,19.53,7.33,2.2,21.53,6.840000000000001,4,4,0,20.0,0.0
W0973,42.31754129,-71.11901573,Charles,2005.0,2005.0,9,16.322222222222223,9.366666666666667,1.2222222222222223,18.322222222222223,8.88888888888889,2,2,0,22.22222222222222,0.0
W0989,42.6539503,-71.14749048,Shawsheen,2005.0,2005.0,12,16.866666666666667,8.783333333333333,1.0833333333333333,18.866666666666667,8.283333333333333,0,0,0,0.0,
W0993,42.53259005,-71.74028814,Nashua,2008.0,2008.0,8,20.7875,8.3375,1.75,22.7875,7.8375,0,0,0,0.0,
W0995,42.45586034,-71.64556281,Nashua,2008.0,2008.0,4,17.025,1.6749999999999998,3.0,19.025,1.1749999999999998,4,4,0,100.0,0.0
W0998,42.57506071,-71.62035616,Nashua,2008.0,2008.0,7,20.614285714285717,8.342857142857143,1.5714285714285714,22.614285714285717,7.8428571428571425,0,0,0,0.0,
W1000,42.57946682,-71.58861709,Nashua,2008.0,2008.0,6,21.05,6.833333333333333,2.0,23.05,6.333333333333333,0,0,0,0.0,
W1001,42.55197544,-71.62097756,Nashua,2008.0,2008.0,6,22.75,5.216666666666667,1.5,24.75,4.716666666666667,1,6,5,16.666666666666664,500.0
W1005,42.17302268,-72.07108074,Chicopee,2016.0,2016.0,45,15.931111111111111,6.319999999999999,1.8666666666666667,17.93111111111111,5.826666666666666,16,18,2,35.55555555555556,12.5
W1008,42.32097918,-72.17469434,Chicopee,2008.0,2008.0,6,21.183333333333334,8.183333333333332,2.0,23.183333333333334,7.683333333333333,0,0,0,0.0,
W1009,42.28485171,-72.21589977,Chicopee,2008.0,2008.0,4,20.35,9.025,1.75,22.35,8.525,0,0,0,0.0,
W1011,42.21007678,-72.24555871,Chicopee,2008.0,2008.0,5,19.86,9.16,1.6,21.86,8.66,0,0,0,0.0,
W1012,42.24326567,-72.33476023,Chicopee,2008.0,2008.0,7,14.5,10.142857142857142,1.8571428571428572,16.5,9.642857142857142,0,0,0,0.0,
W1013,42.2107065,-72.34642165,Chicopee,2008.0,2008.0,6,17.816666666666666,9.299999999999999,2.0,19.816666666666666,8.799999999999999,0,0,0,0.0,
W1014,42.19155828,-72.34983401,Chicopee,2008.0,2008.0,6,22.8,8.133333333333333,2.0,24.8,7.633333333333333,0,0,0,0.0,
W1015,42.17314464,-72.34600381,Chicopee,2008.0,2008.0,6,21.383333333333336,8.700000000000001,2.0,23.383333333333336,8.200000000000001,0,0,0,0.0,
W1017,42.18086003,-71.73011265,Blackstone,2008.0,2008.0,5,17.94,8.879999999999999,1.6,19.94,8.379999999999999,0,0,0,0.0,
W1018,42.19910034,-71.69396462,Blackstone,2008.0,2008.0,8,21.4,7.7375,1.75,23.4,7.2375,0,0,0,0.0,
W1022,42.02414862,-71.48740249,Blackstone,2008.0,2008.0,5,14.66,8.620000000000001,1.6,16.66,8.120000000000001,0,0,0,0.0,
W1023,42.01664829,-71.5384768,Blackstone,2008.0,2008.0,8,20.875,8.15,1.75,22.875,7.65,0,0,0,0.0,
W1025,42.08439258,-71.69699739,Blackstone,2008.0,2008.0,7,20.342857142857145,8.057142857142857,1.8571428571428572,22.342857142857145,7.557142857142857,0,0,0,0.0,
W1031,42.16060737,-72.51019767,Chicopee,2008.0,2008.0,9,22.58888888888889,8.555555555555555,1.8888888888888888,24.58888888888889,8.055555555555555,0,0,0,0.0,
W1033,42.17771167,-72.37458989,Chicopee,2008.0,2008.0,6,20.983333333333334,8.633333333333333,2.0,22.983333333333334,8.133333333333333,0,0,0,0.0,
W1036,42.23246451,-72.0163834,Chicopee,2008.0,2008.0,9,18.77777777777778,5.888888888888889,1.6666666666666667,20.77777777777778,5.388888888888889,0,4,4,0.0,0.0
W1038,42.22570961,-72.04999618,Chicopee,2008.0,2008.0,7,23.114285714285717,7.8999999999999995,1.8571428571428572,25.114285714285717,7.3999999999999995,0,0,0,0.0,
W1039,42.2449869,-72.07374903,Chicopee,2008.0,2008.0,5,19.46,8.08,2.0,21.46,7.58,0,0,0,0.0,
W1045,42.4675985,-72.58479003,Connecticut,2008.0,2008.0,4,18.2,9.4,1.75,20.2,8.9,0,0,0,0.0,
W1048,42.54256341,-72.54911946,Connecticut,2008.0,2008.0,4,15.725,9.85,1.75,17.725,9.35,0,0,0,0.0,
W1050,42.38639934,-72.5503928,Connecticut,2008.0,2019.0,11,18.418181818181818,8.063636363636364,1.7272727272727273,20.418181818181818,7.5636363636363635,0,0,0,0.0,
W1051,42.33278638,-72.57858317,Connecticut,2008.0,2019.0,10,19.580000000000002,8.11,1.6,21.580000000000002,7.609999999999999,0,0,0,0.0,
W1052,42.27015317,-72.58689462,Connecticut,2008.0,2008.0,6,20.45,8.366666666666667,1.8333333333333333,22.45,7.866666666666667,0,0,0,0.0,
W1055,42.28189876,-72.42726497,Connecticut,2008.0,2019.0,11,17.29090909090909,9.072727272727272,1.7272727272727273,19.29090909090909,8.572727272727272,0,0,0,0.0,
W1061,42.36655405,-72.60488814,Connecticut,2008.0,2019.0,10,21.1,7.49,1.8,23.1,6.99,0,0,0,0.0,
W1063,42.47836238,-72.61893594,Connecticut,2008.0,2019.0,10,18.46,3.96,2.4,20.46,3.4799999999999995,6,8,2,60.0,33.33333333333333
W1065,42.28349688,-72.64060074,Connecticut,2008.0,2019.0,10,19.119999999999997,8.0,1.8,21.119999999999997,7.5,0,0,0,0.0,
W1068,42.30619738,-72.43188682,Connecticut,2016.0,2016.0,21,23.876190476190477,6.828571428571429,1.8571428571428572,25.876190476190477,6.333333333333333,4,4,0,19.047619047619047,0.0
W1083,42.14509062,-72.51299232,Chicopee,2005.0,2005.0,8,18.5375,6.0125,1.25,20.5375,5.5125,2,2,0,25.0,0.0
W1086,42.02849624,-70.82611145,Taunton,2015.0,2015.0,27,20.26666666666667,7.92962962962963,1.0,22.26666666666667,7.42962962962963,2,2,0,7.4074074074074066,0.0
W1087,42.46963022,-71.15765018,Mystic,2005.0,2019.0,38,18.31578947368421,7.713157894736843,1.5789473684210527,20.31578947368421,7.213157894736843,8,10,2,21.052631578947366,25.0
W1090,42.30447696,-71.36772536,Concord (SuAsCo),2005.0,2005.0,5,20.98,6.0600000000000005,1.2,22.98,5.5600000000000005,1,2,1,20.0,100.0
W1092,41.90533067,-70.55598017,South Coastal,2018.0,2018.0,24,21.991666666666664,6.870833333333334,1.875,23.991666666666664,6.370833333333334,4,5,1,16.666666666666664,25.0
W1093,42.05376314,-70.82255737,South Coastal,2018.0,2018.0,10,24.11,7.69,2.1,26.110000000000003,7.19,1,1,0,10.0,0.0
W1098,42.22630117,-73.36572655,Housatonic,2007.0,2007.0,8,18.7875,8.95,1.75,20.7875,8.45,0,0,0,0.0,
W1099,42.1439533,-73.35976951,Housatonic,2007.0,2007.0,7,20.214285714285715,8.514285714285714,1.7142857142857142,22.214285714285715,8.014285714285714,0,0,0,0.0,
W1100,42.23176916,-73.35486942,Housatonic,2007.0,2007.0,5,19.36,9.940000000000001,1.4,21.36,9.440000000000001,0,0,0,0.0,
W1101,42.27559351,-73.35974157,Housatonic,2007.0,2007.0,8,20.3,8.825,1.75,22.3,8.325,0,0,0,0.0,
W1103,42.3447034,-73.24553172,Housatonic,2007.0,2007.0,5,18.46,8.879999999999999,1.6,20.46,8.379999999999999,0,0,0,0.0,
W1104,42.39403803,-73.24040084,Housatonic,2007.0,2007.0,8,18.8875,7.1125,1.75,20.8875,6.6125,0,0,0,0.0,
W1105,42.42992197,-73.23875622,Housatonic,2007.0,2007.0,8,19.525,7.699999999999999,1.75,21.525,7.2,0,0,0,0.0,
W1107,42.43543023,-73.2495137,Housatonic,2007.0,2007.0,6,19.983333333333334,8.383333333333333,1.6666666666666667,21.983333333333334,7.883333333333333,0,0,0,0.0,
W1110,42.29472214,-73.2389525,Housatonic,2007.0,2007.0,5,15.219999999999999,9.92,1.6,17.22,9.42,0,0,0,0.0,
W1112,42.17937551,-73.37925653,Housatonic,2007.0,2007.0,5,14.24,9.4,1.6,16.240000000000002,8.9,0,0,0,0.0,
W1113,42.11411457,-73.35102043,Housatonic,2007.0,2007.0,8,20.6125,6.8625,1.75,22.6125,6.3625,0,0,0,0.0,
W1115,42.27042046,-73.25110436,Housatonic,2007.0,2007.0,8,18.125,6.925,1.75,20.125,6.425,0,0,0,0.0,
W1118,42.56297435,-73.1513593,Hoosic,2007.0,2007.0,9,14.355555555555554,10.033333333333333,1.2222222222222223,16.355555555555554,9.533333333333333,0,0,0,0.0,
W1119,42.56453119,-73.17364871,Hoosic,2007.0,2007.0,7,13.928571428571429,9.9,1.4285714285714286,15.928571428571429,9.4,0,0,0,0.0,
W1122,42.61555021,-73.10401557,Hoosic,2007.0,2007.0,9,14.722222222222221,9.911111111111111,1.4444444444444444,16.72222222222222,9.411111111111111,0,0,0,0.0,
W1123,42.70282919,-73.09265888,Hoosic,2007.0,2007.0,1,6.2,12.0,1.0,8.2,11.5,0,0,0,0.0,
W1124,42.73458234,-73.070872,Hoosic,2007.0,2007.0,8,17.3875,9.55,1.375,19.3875,9.05,0,0,0,0.0,
W1125,42.70247111,-73.17415789,Hoosic,2007.0,2007.0,6,17.533333333333335,9.516666666666667,1.3333333333333333,19.533333333333335,9.016666666666667,0,0,0,0.0,
W1127,42.72935227,-73.20907615,Hoosic,2007.0,2007.0,9,17.166666666666668,10.288888888888888,1.4444444444444444,19.166666666666668,9.788888888888888,0,0,0,0.0,
W1128,42.67641159,-73.23043812,Hoosic,2007.0,2007.0,9,18.5,10.022222222222222,1.4444444444444444,20.5,9.522222222222222,0,0,0,0.0,
W1129,42.62919087,-73.22485795,Hoosic,2007.0,2007.0,9,15.011111111111111,9.622222222222222,1.4444444444444444,17.01111111111111,9.122222222222222,0,0,0,0.0,
W1130,42.70927484,-73.19643748,Hoosic,2007.0,2007.0,9,16.77777777777778,9.755555555555555,1.4444444444444444,18.77777777777778,9.255555555555555,0,0,0,0.0,
W1135,42.11943443,-71.45344443,Charles,2007.0,2007.0,9,19.933333333333334,7.633333333333334,1.6666666666666667,21.933333333333334,7.133333333333334,0,0,0,0.0,
W1136,42.13828143,-71.35867289,Charles,2007.0,2007.0,10,20.57,7.35,1.7,22.57,6.85,1,1,0,10.0,0.0
W1137,42.21006156,-71.35172497,Charles,2007.0,2007.0,9,21.61111111111111,8.033333333333333,1.5555555555555556,23.61111111111111,7.533333333333333,0,0,0,0.0,
W1138,42.26439957,-71.32538186,Charles,2007.0,2007.0,9,21.744444444444444,6.055555555555555,1.7777777777777777,23.744444444444444,5.555555555555555,2,2,0,22.22222222222222,0.0
W1139,42.32584268,-71.25439259,Charles,2007.0,2007.0,9,21.644444444444446,7.955555555555555,1.6666666666666667,23.644444444444446,7.455555555555555,1,1,0,11.11111111111111,0.0
W1141,42.25781415,-71.26256067,Charles,2007.0,2007.0,10,21.81,8.07,1.6,23.81,7.57,0,0,0,0.0,
W1142,42.09620732,-71.47958751,Charles,2007.0,2007.0,9,16.455555555555556,7.2333333333333325,1.6666666666666667,18.455555555555556,6.733333333333333,0,0,0,0.0,
W1143,42.39554541,-71.19710167,Charles,2007.0,2007.0,10,17.03,6.720000000000001,1.7,19.03,6.220000000000001,1,1,0,10.0,0.0
W1144,42.38300416,-71.2078492,Charles,2007.0,2007.0,10,18.31,4.75,2.2,20.31,4.25,6,6,0,60.0,0.0
W1147,42.12453197,-71.43065489,Charles,2007.0,2007.0,8,18.8375,4.1875,2.25,20.8375,3.6875,5,7,2,62.5,40.0
W1150,42.12911182,-71.30503034,Charles,2007.0,2007.0,10,21.78,7.92,1.6,23.78,7.42,0,0,0,0.0,
W1151,42.15866554,-71.30280984,Charles,2007.0,2007.0,10,20.61,6.18,1.7,22.61,5.68,3,5,2,30.0,66.66666666666666
W1156,42.31931329,-71.24624794,Charles,2007.0,2007.0,9,18.255555555555556,6.1,1.7777777777777777,20.255555555555556,5.6,2,4,2,22.22222222222222,100.0
W1157,42.36795531,-71.27033164,Charles,2007.0,2007.0,10,19.25,8.39,1.6,21.25,7.890000000000001,0,0,0,0.0,
W1214,41.648757,-70.44185472,Cape Cod,2009.0,2009.0,18,22.383333333333336,7.2555555555555555,0.8333333333333334,24.383333333333336,6.7555555555555555,3,3,0,16.666666666666664,0.0
W1221,42.14096257,-72.12021662,Quinebaug,2005.0,2005.0,10,19.919999999999998,6.32,1.3,21.919999999999998,5.82,3,3,0,30.0,0.0
W1226,42.45289418,-71.14158508,Mystic,2019.0,2019.0,34,19.594117647058823,7.376470588235295,1.5588235294117647,21.594117647058823,6.876470588235295,7,7,0,20.588235294117645,0.0
W1234,41.83281293,-69.98612479,Cape Cod,2009.0,2009.0,15,19.673333333333336,7.973333333333333,0.8666666666666667,21.673333333333336,7.473333333333333,1,1,0,6.666666666666667,0.0
W1237,41.71377641,-70.09062853,Cape Cod,2009.0,2018.0,35,22.068571428571428,7.722857142857143,1.5142857142857142,24.068571428571428,7.222857142857142,2,3,1,5.714285714285714,50.0
W1240,42.20864325,-71.78210772,Blackstone,2008.0,2008.0,8,19.9375,7.3875,1.75,21.9375,6.8875,0,0,0,0.0,
W1241,42.18223431,-71.70488014,Blackstone,2008.0,2008.0,5,17.82,8.66,1.6,19.82,8.16,0,0,0,0.0,
W1242,42.17728889,-71.68788468,Blackstone,2008.0,2020.0,7,18.228571428571428,8.9,1.4285714285714286,20.228571428571428,8.4,0,0,0,0.0,
W1243,42.17384662,-71.68057473,Blackstone,2008.0,2008.0,5,18.98,8.66,1.6,20.98,8.16,0,0,0,0.0,
W1244,42.12965013,-71.63645321,Blackstone,2008.0,2008.0,8,20.4875,6.8375,1.75,22.4875,6.3375,0,1,1,0.0,0.0
W1255,42.20640574,-71.78097604,Blackstone,2008.0,2008.0,8,19.9625,6.8625,1.75,21.9625,6.3625,0,0,0,0.0,
W1282,42.29062266,-71.75867408,Blackstone,2008.0,2008.0,7,17.314285714285713,8.914285714285715,1.8571428571428572,19.314285714285713,8.414285714285715,0,0,0,0.0,
W1283,42.66344944,-71.70914571,Nashua,2008.0,2008.0,6,18.75,7.6499999999999995,2.0,20.75,7.1499999999999995,0,0,0,0.0,
W1289,42.28513941,-73.19308795,Housatonic,2005.0,2005.0,10,17.619999999999997,6.409999999999999,1.1,19.619999999999997,5.91,1,2,1,10.0,100.0
W1290,42.46492596,-73.28394056,Housatonic,2005.0,2005.0,7,16.057142857142857,5.942857142857143,2.2857142857142856,18.057142857142857,5.442857142857143,2,2,0,28.57142857142857,0.0
W1291,42.33510586,-73.31812587,Housatonic,2005.0,2005.0,10,18.56,8.3,2.1,20.56,7.8,1,1,0,10.0,0.0
W1292,42.30498564,-72.83260247,Westfield,2005.0,2005.0,5,19.72,4.08,1.6,21.72,3.6,3,3,0,60.0,0.0
W1293,42.53700951,-72.97936418,Westfield,2005.0,2006.0,31,15.661290322580646,4.851612903225806,2.225806451612903,17.661290322580644,4.351612903225806,14,17,3,45.16129032258064,21.428571428571427
W1294,42.63380602,-72.23276091,Millers,2005.0,2005.0,5,14.84,3.08,2.8,16.84,2.58,4,4,0,80.0,0.0
W1295,42.05363901,-71.84807799,French,2005.0,2016.0,33,23.16969696969697,6.312121212121212,1.7272727272727273,25.16969696969697,5.824242424242424,6,6,0,18.181818181818183,0.0
W1296,42.43518342,-71.15084227,Mystic,2005.0,2005.0,8,19.6625,7.1000000000000005,2.25,21.6625,6.6000000000000005,2,3,1,25.0,50.0
W1297,42.23288025,-71.34625451,Charles,2005.0,2005.0,9,17.266666666666666,5.9,1.1111111111111112,19.266666666666666,5.4,1,2,1,11.11111111111111,100.0
W1298,42.52614864,-71.60978989,Nashua,2005.0,2005.0,8,16.8625,9.1125,2.125,18.8625,8.6125,1,1,0,12.5,0.0
W1299,42.5117797,-71.68117943,Nashua,2005.0,2005.0,7,16.442857142857143,8.77142857142857,1.1428571428571428,18.442857142857143,8.27142857142857,1,2,1,14.285714285714285,100.0
W1300,42.2565633,-71.51337647,Concord (SuAsCo),2005.0,2005.0,10,14.89,3.8600000000000003,2.8,16.89,3.3600000000000003,8,8,0,80.0,0.0
W1301,42.26417366,-71.42338611,Concord (SuAsCo),2005.0,2005.0,5,23.0,5.2,2.6,25.0,4.7,3,3,0,60.0,0.0
W1302,42.42837406,-71.38869821,Concord (SuAsCo),2005.0,2005.0,8,16.7875,9.5875,0.125,18.7875,9.0875,1,1,0,12.5,0.0
W1303,42.61896227,-71.53046404,Merrimack,2005.0,2005.0,8,19.95,4.875,2.375,21.95,4.375,3,4,1,37.5,33.33333333333333
W1304,42.48906266,-70.96417813,North Coastal,2005.0,2005.0,10,16.2,6.0,2.4,18.2,5.5,4,4,0,40.0,0.0
W1305,41.97786915,-70.74700033,South Coastal,2005.0,2005.0,3,24.0,6.833333333333333,2.0,26.0,6.333333333333333,0,0,0,0.0,
W1306,41.63471569,-70.53182245,Cape Cod,2005.0,2005.0,6,21.916666666666668,4.666666666666667,1.5,23.916666666666668,4.166666666666667,3,3,0,50.0,0.0
W1307,41.76598122,-70.0260112,Cape Cod,2005.0,2005.0,10,17.85,8.03,1.1,19.85,7.529999999999999,1,1,0,10.0,0.0
W1308,41.65691189,-70.48391147,Cape Cod,2005.0,2018.0,50,18.218,5.966,2.06,20.218,5.466,18,20,2,36.0,11.11111111111111
W1309,41.74190991,-70.18307996,Cape Cod,2005.0,2005.0,8,20.7875,5.325,1.375,22.7875,4.8625,3,3,0,37.5,0.0
W1310,41.70475214,-70.45648661,Cape Cod,2005.0,2005.0,13,21.761538461538464,6.515384615384615,2.1538461538461537,23.761538461538464,6.0307692307692315,2,3,1,15.384615384615385,50.0
W1311,42.677855,-72.0616056,Millers,2005.0,2005.0,15,21.653333333333332,8.193333333333333,0.8666666666666667,23.653333333333332,7.693333333333333,0,0,0,0.0,
W1312,42.59580713,-72.49616491,Millers,2005.0,2005.0,11,21.354545454545455,8.581818181818182,1.1818181818181819,23.354545454545452,8.081818181818182,0,0,0,0.0,
W1313,42.69531938,-72.01523098,Millers,2005.0,2005.0,5,22.18,7.42,1.6,24.18,6.92,0,0,0,0.0,
W1314,42.59807107,-72.24048032,Millers,2005.0,2005.0,10,19.94,7.62,1.0,21.94,7.12,0,0,0,0.0,
W1315,42.57190512,-72.12740808,Millers,2005.0,2005.0,13,19.53076923076923,4.4,1.6923076923076923,21.53076923076923,3.9000000000000004,9,11,2,69.23076923076923,22.22222222222222
W1316,42.67430922,-72.02012671,Millers,2005.0,2005.0,11,21.318181818181817,5.745454545454546,1.4545454545454546,23.318181818181817,5.245454545454546,4,4,0,36.36363636363637,0.0
W1325,42.50846668,-72.77584847,Deerfield,2005.0,2005.0,10,16.39,9.65,1.2,18.39,9.15,0,0,0,0.0,
W1334,42.57224827,-72.46385773,Millers,2005.0,2005.0,12,16.716666666666665,9.375,1.0833333333333333,18.716666666666665,8.875,0,0,0,0.0,
W1335,42.58035292,-72.43788014,Millers,2005.0,2005.0,11,16.290909090909093,9.5,1.0909090909090908,18.290909090909093,9.0,0,0,0,0.0,
W1336,42.59405647,-72.36116622,Millers,2005.0,2005.0,10,17.32,9.08,1.2,19.32,8.58,0,0,0,0.0,
W1337,42.63523154,-72.25160557,Millers,2005.0,2005.0,10,21.72,7.4799999999999995,1.2,23.72,6.9799999999999995,0,0,0,0.0,
W1338,42.64971888,-72.20054515,Millers,2005.0,2005.0,5,21.740000000000002,6.6,1.4,23.740000000000002,6.1,0,1,1,0.0,0.0
W1339,42.68498467,-72.21159391,Millers,2005.0,2005.0,8,18.8375,9.175,1.25,20.8375,8.675,0,0,0,0.0,
W1340,42.61446662,-72.23836198,Millers,2005.0,2005.0,10,21.119999999999997,7.279999999999999,1.2,23.119999999999997,6.779999999999999,0,0,0,0.0,
W1344,42.60245737,-72.39951141,Millers,2005.0,2005.0,10,17.68,9.17,1.2,19.68,8.67,0,0,0,0.0,
W1345,42.58945452,-72.63359083,Deerfield,2005.0,2005.0,3,17.166666666666668,8.333333333333334,1.0,19.166666666666668,7.833333333333333,0,0,0,0.0,
W1347,42.66988592,-72.71885779,Deerfield,2005.0,2005.0,4,17.725,9.925,1.75,19.725,9.425,0,0,0,0.0,
W1348,42.66589546,-72.72298808,Deerfield,2005.0,2005.0,4,16.825,10.2,1.75,18.825,9.7,0,0,0,0.0,
W1351,42.67371332,-72.71882576,Deerfield,2005.0,2005.0,5,16.759999999999998,9.120000000000001,1.0,18.759999999999998,8.620000000000001,0,0,0,0.0,
W1361,42.5040765,-72.74702067,Deerfield,2005.0,2005.0,10,18.29,8.870000000000001,1.2,20.29,8.370000000000001,0,0,0,0.0,
W1362,42.4841721,-72.7542118,Deerfield,2005.0,2015.0,21,16.314285714285717,9.49047619047619,1.4761904761904763,18.314285714285717,8.99047619047619,0,0,0,0.0,
W1363,42.55526318,-72.65917193,Deerfield,2005.0,2005.0,5,19.28,7.76,1.0,21.28,7.26,0,0,0,0.0,
W1365,41.69283317,-71.03319491,Buzzards Bay,2005.0,2005.0,5,17.84,9.36,1.0,19.84,8.86,0,0,0,0.0,
W1366,41.70943898,-71.00445926,Buzzards Bay,2005.0,2005.0,4,20.575000000000003,5.775,2.0,22.575000000000003,5.275,2,2,0,50.0,0.0
W1367,41.66995111,-71.02512143,Buzzards Bay,2005.0,2005.0,7,17.62857142857143,8.028571428571428,1.2857142857142858,19.62857142857143,7.528571428571429,0,0,0,0.0,
W1368,41.63101976,-71.05122871,Buzzards Bay,2005.0,2005.0,7,19.0,8.799999999999999,1.2857142857142858,21.0,8.3,0,0,0,0.0,
W1369,41.620936,-71.05967996,Buzzards Bay,2005.0,2005.0,5,20.8,8.28,1.8,22.8,7.779999999999999,0,1,1,0.0,0.0
W1370,41.6534391,-71.07161149,Buzzards Bay,2005.0,2005.0,5,18.22,7.959999999999999,1.8,20.22,7.459999999999999,0,0,0,0.0,
W1371,41.63417275,-71.0626189,Buzzards Bay,2005.0,2005.0,7,16.685714285714287,9.271428571428572,1.2857142857142858,18.685714285714287,8.77142857142857,0,0,0,0.0,
W1372,41.58837385,-71.07853485,Buzzards Bay,2005.0,2005.0,6,14.716666666666667,9.700000000000001,1.3333333333333333,16.716666666666665,9.200000000000001,0,0,0,0.0,
W1373,41.58674671,-71.07572146,Buzzards Bay,2005.0,2005.0,8,13.75,10.225,1.0,15.75,9.725,0,0,0,0.0,
W1374,41.60050153,-71.07337053,Buzzards Bay,2005.0,2005.0,6,15.216666666666667,9.1,1.1666666666666667,17.216666666666665,8.6,0,0,0,0.0,
W1375,41.55048715,-71.10519746,Buzzards Bay,2005.0,2005.0,8,13.475,10.3125,0.875,15.475,9.8125,0,0,0,0.0,
W1376,41.63949244,-70.98483042,Buzzards Bay,2005.0,2005.0,4,20.225,5.625,2.0,22.225,5.125,1,2,1,25.0,100.0
W1377,41.58579649,-70.99038519,Buzzards Bay,2005.0,2005.0,7,18.62857142857143,6.728571428571429,1.4285714285714286,20.62857142857143,6.228571428571429,0,0,0,0.0,
W1378,41.6015685,-70.95890599,Buzzards Bay,2005.0,2005.0,6,17.116666666666667,9.616666666666665,1.3333333333333333,19.116666666666667,9.116666666666665,0,0,0,0.0,
W1379,41.6320637,-70.9535974,Buzzards Bay,2005.0,2005.0,3,21.866666666666664,7.033333333333334,2.3333333333333335,23.866666666666664,6.533333333333334,1,1,0,33.33333333333333,0.0
W1380,41.68195427,-70.9189306,Buzzards Bay,2005.0,2005.0,7,19.385714285714283,8.22857142857143,1.4285714285714286,21.385714285714283,7.728571428571429,0,0,0,0.0,
W1381,41.6962772,-70.91417526,Buzzards Bay,2005.0,2005.0,4,19.775,6.6,1.75,21.775,6.1,1,1,0,25.0,0.0
W1382,41.72449906,-70.89776922,Buzzards Bay,2005.0,2005.0,9,18.822222222222223,8.3,1.1111111111111112,20.822222222222223,7.800000000000001,0,0,0,0.0,
W1383,41.70573322,-70.84312803,Buzzards Bay,2005.0,2005.0,9,17.177777777777777,8.0,1.1111111111111112,19.177777777777777,7.5,0,0,0,0.0,
W1384,41.65978485,-70.83639194,Buzzards Bay,2005.0,2005.0,5,19.240000000000002,6.68,1.6,21.240000000000002,6.18,0,2,2,0.0,0.0
W1385,41.82944027,-70.77145151,Buzzards Bay,2005.0,2005.0,5,20.18,5.0,2.4,22.18,4.5,3,3,0,60.0,0.0
W1386,41.77019551,-70.7544982,Buzzards Bay,2005.0,2005.0,9,17.977777777777778,8.966666666666667,1.1111111111111112,19.977777777777778,8.466666666666667,0,0,0,0.0,
W1387,41.7342588,-70.77498583,Buzzards Bay,2005.0,2005.0,6,19.833333333333332,6.466666666666666,1.6666666666666667,21.833333333333332,5.966666666666666,1,2,1,16.666666666666664,100.0
W1388,41.69308803,-70.77191491,Buzzards Bay,2005.0,2005.0,3,15.866666666666667,6.3999999999999995,1.3333333333333333,17.866666666666667,5.8999999999999995,0,1,1,0.0,0.0
W1389,41.68878515,-70.7716652,Buzzards Bay,2005.0,2005.0,3,21.0,6.7,1.6666666666666667,23.0,6.2,0,0,0,0.0,
W1392,42.59966289,-71.19306072,Shawsheen,2005.0,2005.0,12,19.2,7.233333333333333,1.0833333333333333,21.2,6.733333333333333,0,1,1,0.0,0.0
W1393,42.62887805,-71.19940031,Shawsheen,2005.0,2005.0,5,18.0,7.68,1.6,20.0,7.18,0,1,1,0.0,0.0
W1394,42.65837905,-70.86183476,Ipswich,2005.0,2005.0,13,20.323076923076922,7.084615384615384,1.2307692307692308,22.323076923076922,6.584615384615384,2,2,0,15.384615384615385,0.0
W1395,41.98731263,-72.60535567,Connecticut,2008.0,2008.0,3,18.633333333333333,9.633333333333333,1.6666666666666667,20.633333333333333,9.133333333333333,0,0,0,0.0,
W1399,41.69276793,-71.03355135,Buzzards Bay,2005.0,2005.0,1,20.0,7.4,2.0,22.0,6.9,0,0,0,0.0,
W1400,41.9164327,-70.76349843,Buzzards Bay,2005.0,2005.0,10,25.06,6.99,1.8,27.060000000000002,6.49,1,1,0,10.0,0.0
W1401,41.86851883,-70.73085416,Buzzards Bay,2005.0,2005.0,16,23.525,6.46875,2.0,25.525,5.98125,5,5,0,31.25,0.0
W1402,41.85206447,-70.75297674,Buzzards Bay,2005.0,2005.0,12,25.3,7.2749999999999995,1.4166666666666667,27.3,6.7749999999999995,1,1,0,8.333333333333332,0.0
W1403,41.75645701,-70.78989856,Buzzards Bay,2005.0,2005.0,26,21.4,6.642307692307692,1.8846153846153846,23.4,6.142307692307692,6,6,0,23.076923076923077,0.0
W1404,41.75026335,-70.80466442,Buzzards Bay,2005.0,2005.0,6,23.066666666666666,5.366666666666667,2.0,25.066666666666666,4.866666666666666,2,3,1,33.33333333333333,50.0
W1405,41.78090716,-70.86202375,Buzzards Bay,2005.0,2005.0,6,25.066666666666666,7.633333333333333,1.3333333333333333,27.066666666666666,7.133333333333333,0,0,0,0.0,
W1407,41.6868479,-70.77068505,Buzzards Bay,2005.0,2005.0,1,24.3,5.5,2.0,26.3,5.0,0,0,0,0.0,
W1411,42.69052242,-72.22451735,Millers,2005.0,2005.0,4,20.6,7.025,1.0,22.6,6.525,0,0,0,0.0,
W1426,42.26230119,-71.84822737,Blackstone,2019.0,2020.0,2,14.9,9.05,1.0,16.9,8.55,0,0,0,0.0,
W1429,42.1231178,-71.59908641,Blackstone,2020.0,2020.0,1,16.2,0.9,3.0,18.2,0.4,1,1,0,100.0,0.0
W1432,42.17306202,-71.62974844,Blackstone,2008.0,2008.0,7,21.885714285714283,7.185714285714285,2.0,23.885714285714283,6.685714285714285,1,1,0,14.285714285714285,0.0
W1439,42.17268159,-71.62792867,Blackstone,2008.0,2008.0,7,17.457142857142856,8.27142857142857,1.7142857142857142,19.457142857142856,7.771428571428571,0,0,0,0.0,
W1440,42.07043228,-73.06197898,Farmington,2006.0,2006.0,5,16.919999999999998,10.18,1.4,18.919999999999998,9.68,0,0,0,0.0,
W1441,42.25967399,-73.13269316,Farmington,2006.0,2006.0,5,15.76,9.4,1.4,17.759999999999998,8.9,0,0,0,0.0,
W1444,42.18603661,-73.10016182,Farmington,2006.0,2006.0,5,17.28,9.2,1.4,19.28,8.7,0,0,0,0.0,
W1449,42.41095836,-72.93953408,Westfield,2006.0,2006.0,5,15.919999999999998,9.580000000000002,1.6,17.919999999999998,9.080000000000002,0,0,0,0.0,
W1458,42.25418274,-72.94869942,Westfield,2011.0,2017.0,17,15.688235294117646,9.700000000000001,1.7647058823529411,17.688235294117646,9.200000000000001,0,0,0,0.0,
W1459,42.30603984,-72.90670538,Westfield,2017.0,2017.0,1,15.0,9.6,1.0,17.0,9.1,0,0,0,0.0,
W1463,42.13083697,-72.75434911,Westfield,2006.0,2006.0,5,17.46,10.18,1.6,19.46,9.68,0,0,0,0.0,
W1464,42.11652506,-72.72435552,Westfield,2006.0,2006.0,5,16.96,10.02,1.6,18.96,9.52,0,0,0,0.0,
W1465,42.10632704,-72.69776972,Westfield,2006.0,2006.0,5,16.639999999999997,9.5,1.6,18.639999999999997,9.0,0,0,0,0.0,
W1468,42.27406018,-71.63224204,Concord (SuAsCo),2006.0,2006.0,5,18.34,8.78,1.6,20.34,8.28,0,0,0,0.0,
W1469,42.28350805,-71.63858701,Concord (SuAsCo),2006.0,2006.0,5,18.44,7.9,1.6,20.44,7.4,0,0,0,0.0,
W1470,42.32036993,-71.63553499,Concord (SuAsCo),2006.0,2006.0,5,17.46,6.640000000000001,1.8,19.46,6.14,1,1,0,20.0,0.0
W1471,42.32949677,-71.63006336,Concord (SuAsCo),2006.0,2006.0,5,17.44,8.440000000000001,1.6,19.44,7.94,0,1,1,0.0,0.0
W1472,42.34151216,-71.61641,Concord (SuAsCo),2006.0,2006.0,5,17.8,9.0,1.6,19.8,8.5,0,0,0,0.0,
W1473,42.3465007,-71.61460331,Concord (SuAsCo),2006.0,2006.0,5,17.740000000000002,8.620000000000001,1.6,19.740000000000002,8.120000000000001,0,0,0,0.0,
W1474,42.38030934,-71.58613633,Concord (SuAsCo),2006.0,2006.0,5,18.259999999999998,7.639999999999999,1.6,20.259999999999998,7.139999999999999,0,0,0,0.0,
W1475,42.39979789,-71.54598569,Concord (SuAsCo),2006.0,2006.0,5,18.18,7.7,1.6,20.18,7.2,0,0,0,0.0,
W1476,42.40462155,-71.52654108,Concord (SuAsCo),2006.0,2006.0,5,18.66,8.459999999999999,1.6,20.66,7.959999999999999,0,0,0,0.0,
W1477,42.41163442,-71.50844219,Concord (SuAsCo),2006.0,2006.0,5,18.8,6.94,1.6,20.8,6.44,0,1,1,0.0,0.0
W1478,42.4231785,-71.47472183,Concord (SuAsCo),2006.0,2006.0,4,17.575,7.675,1.5,19.575,7.175,0,0,0,0.0,
W1479,42.44086923,-71.42935628,Concord (SuAsCo),2006.0,2006.0,5,19.740000000000002,8.620000000000001,1.6,21.740000000000002,8.120000000000001,0,0,0,0.0,
W1480,42.3386459,-71.39498427,Concord (SuAsCo),2006.0,2006.0,5,18.94,8.08,1.6,20.94,7.58,0,0,0,0.0,
W1481,42.44111379,-71.36805603,Concord (SuAsCo),2006.0,2006.0,5,20.48,7.459999999999999,1.8,22.48,6.959999999999999,1,1,0,20.0,0.0
W1482,42.47116456,-71.34989446,Concord (SuAsCo),2006.0,2006.0,5,19.68,7.76,1.6,21.68,7.26,0,0,0,0.0,
W1483,42.50902782,-71.31411783,Concord (SuAsCo),2006.0,2006.0,5,20.580000000000002,8.68,1.6,22.580000000000002,8.18,0,0,0,0.0,
W1485,42.55747509,-71.28252509,Concord (SuAsCo),2006.0,2006.0,5,20.220000000000002,8.68,1.6,22.220000000000002,8.18,0,0,0,0.0,
W1486,42.58482438,-71.28718593,Concord (SuAsCo),2006.0,2006.0,5,20.1,8.459999999999999,1.6,22.1,7.959999999999999,0,0,0,0.0,
W1487,42.64172611,-71.30284563,Concord (SuAsCo),2006.0,2010.0,15,15.7,10.206666666666667,1.3333333333333333,17.7,9.706666666666667,0,0,0,0.0,
W1488,42.57826214,-71.33253012,Concord (SuAsCo),2006.0,2016.0,12,16.708333333333332,8.108333333333333,1.5833333333333333,18.708333333333332,7.608333333333333,2,2,0,16.666666666666664,0.0
W1489,42.63380122,-71.30119731,Concord (SuAsCo),2006.0,2016.0,12,15.933333333333332,9.15,1.4166666666666667,17.933333333333334,8.65,0,0,0,0.0,
W1490,42.07936711,-71.01406198,Taunton,2006.0,2019.0,9,18.833333333333332,8.600000000000001,1.5555555555555556,20.833333333333332,8.100000000000001,0,0,0,0.0,
W1493,42.07964645,-71.00930657,Taunton,2006.0,2019.0,9,18.055555555555557,6.911111111111111,1.5555555555555556,20.055555555555557,6.411111111111111,0,0,0,0.0,
W1494,42.05376462,-71.00977821,Taunton,2006.0,2019.0,9,18.244444444444444,6.922222222222222,1.5555555555555556,20.244444444444444,6.422222222222222,0,0,0,0.0,
W1495,42.03776122,-70.98465422,Taunton,2006.0,2019.0,9,19.477777777777778,5.6,1.8888888888888888,21.477777777777778,5.1,3,3,0,33.33333333333333,0.0
W1496,42.08153842,-70.98603732,Taunton,2006.0,2006.0,5,16.84,5.46,1.8,18.84,4.96,2,2,0,40.0,0.0
W1497,42.04550631,-70.97074029,Taunton,2019.0,2019.0,4,19.674999999999997,7.325,1.75,21.674999999999997,6.825,0,0,0,0.0,
W1498,42.03148922,-70.96656207,Taunton,2006.0,2019.0,9,18.88888888888889,7.155555555555556,1.6666666666666667,20.88888888888889,6.655555555555556,1,2,1,11.11111111111111,100.0
W1499,42.02160209,-70.9505329,Taunton,2006.0,2019.0,9,19.133333333333336,7.155555555555556,1.6666666666666667,21.133333333333336,6.655555555555555,1,1,0,11.11111111111111,0.0
W1500,42.03108873,-70.97065835,Taunton,2006.0,2006.0,5,18.52,5.5,1.8,20.52,5.0,3,3,0,60.0,0.0
W1501,41.99937253,-70.93768479,Taunton,2006.0,2019.0,9,18.711111111111112,6.533333333333333,1.7777777777777777,20.711111111111112,6.033333333333333,2,2,0,22.22222222222222,0.0
W1502,41.99258858,-70.9397646,Taunton,2006.0,2006.0,5,18.32,6.74,1.4,20.32,6.24,0,2,2,0.0,0.0
W1503,41.93629311,-70.98734776,Taunton,2006.0,2019.0,9,19.866666666666667,6.144444444444444,1.7777777777777777,21.866666666666667,5.644444444444444,2,3,1,22.22222222222222,50.0
W1504,41.88611169,-71.02994049,Taunton,2006.0,2019.0,9,20.01111111111111,6.788888888888889,1.6666666666666667,22.01111111111111,6.288888888888889,1,2,1,11.11111111111111,100.0
W1505,42.06332498,-71.1950417,Taunton,2006.0,2006.0,5,15.219999999999999,8.36,1.4,17.22,7.859999999999999,0,0,0,0.0,
W1506,42.0629044,-71.21586808,Taunton,2006.0,2006.0,5,16.02,7.56,1.4,18.02,7.06,0,0,0,0.0,
W1507,42.01241069,-71.22159533,Taunton,2006.0,2006.0,5,19.0,7.88,1.4,21.0,7.38,0,0,0,0.0,
W1508,41.88590512,-71.13411655,Taunton,2006.0,2019.0,9,20.344444444444445,7.7333333333333325,1.5555555555555556,22.344444444444445,7.2333333333333325,0,0,0,0.0,
W1509,42.11721557,-70.80924461,South Coastal,2006.0,2006.0,5,19.86,7.4,1.6,21.86,6.9,0,0,0,0.0,
W1510,42.1918378,-70.77968605,South Coastal,2006.0,2006.0,5,17.68,5.84,2.0,19.68,5.34,2,2,0,40.0,0.0
W1511,42.17667032,-70.74803083,South Coastal,2006.0,2006.0,5,21.6,8.0,1.6,23.6,7.5,0,0,0,0.0,
W1512,41.95436218,-70.66398316,South Coastal,2006.0,2006.0,5,21.34,9.24,1.6,23.34,8.74,0,0,0,0.0,
W1524,41.99075214,-70.73411426,South Coastal,2006.0,2006.0,5,20.22,8.959999999999999,1.6,22.22,8.459999999999999,0,0,0,0.0,
W1528,42.09611122,-70.84860507,South Coastal,2006.0,2006.0,5,20.9,7.38,1.6,22.9,6.88,0,0,0,0.0,
W1539,42.09449426,-70.71789649,South Coastal,2006.0,2006.0,5,20.759999999999998,8.059999999999999,1.6,22.759999999999998,7.56,0,0,0,0.0,
W1540,42.57421165,-70.92938807,North Coastal,2007.0,2007.0,9,15.02222222222222,9.066666666666666,1.6666666666666667,17.022222222222222,8.566666666666666,0,0,0,0.0,
W1541,42.56745044,-70.94474512,North Coastal,2007.0,2007.0,9,15.633333333333333,7.177777777777777,1.6666666666666667,17.633333333333333,6.677777777777778,0,0,0,0.0,
W1542,42.56289945,-70.81029863,North Coastal,2007.0,2007.0,9,14.61111111111111,8.933333333333334,1.6666666666666667,16.61111111111111,8.433333333333334,0,0,0,0.0,
W1543,42.56181929,-70.84839351,North Coastal,2007.0,2007.0,6,14.183333333333332,6.383333333333333,1.8333333333333333,16.183333333333334,5.883333333333333,2,2,0,33.33333333333333,0.0
W1544,42.85004383,-70.86465857,North Coastal,2007.0,2007.0,9,16.88888888888889,7.388888888888889,1.7777777777777777,18.88888888888889,6.888888888888889,1,1,0,11.11111111111111,0.0
W1545,42.49547353,-71.02759475,North Coastal,2007.0,2007.0,8,16.2875,7.875,1.625,18.2875,7.375,0,0,0,0.0,
W1546,42.62587325,-70.79312269,North Coastal,2007.0,2007.0,9,17.12222222222222,7.588888888888889,1.6666666666666667,19.12222222222222,7.088888888888889,0,0,0,0.0,
W1547,42.71698762,-73.22601093,Hoosic,2007.0,2007.0,9,14.600000000000001,9.377777777777778,1.4444444444444444,16.6,8.877777777777778,0,0,0,0.0,
W1548,42.62352837,-73.10381504,Hoosic,2007.0,2007.0,9,14.344444444444443,9.666666666666666,1.4444444444444444,16.344444444444445,9.166666666666666,0,0,0,0.0,
W1549,42.5618409,-73.15602051,Hoosic,2007.0,2007.0,9,18.844444444444445,8.31111111111111,1.4444444444444444,20.844444444444445,7.811111111111111,0,0,0,0.0,
W1550,42.63964638,-73.10788165,Hoosic,2007.0,2007.0,1,6.3,12.0,1.0,8.3,11.5,0,0,0,0.0,
W1551,42.70300585,-73.16777029,Hoosic,2007.0,2007.0,9,18.51111111111111,10.722222222222221,1.4444444444444444,20.51111111111111,10.222222222222221,0,0,0,0.0,
W1552,42.7358265,-73.20646698,Hoosic,2007.0,2007.0,9,14.2,9.977777777777778,1.4444444444444444,16.200000000000003,9.477777777777778,0,0,0,0.0,
W1553,42.62860937,-73.22483259,Hoosic,2007.0,2007.0,8,14.9125,9.4875,1.5,16.9125,8.9875,0,0,0,0.0,
W1555,42.67792696,-73.21148309,Hoosic,2007.0,2007.0,1,9.2,12.1,1.0,11.2,11.6,0,0,0,0.0,
W1556,42.67786326,-73.21036889,Hoosic,2007.0,2007.0,2,10.8,11.25,1.0,12.8,10.75,0,0,0,0.0,
W1557,42.54233667,-73.31705757,Kinderhook,2007.0,2007.0,9,13.88888888888889,9.8,1.4444444444444444,15.88888888888889,9.3,0,0,0,0.0,
W1559,42.11302905,-73.35223003,Housatonic,2007.0,2007.0,8,19.1875,6.825,1.75,21.1875,6.325,0,0,0,0.0,
W1560,42.30142427,-73.38113211,Housatonic,2007.0,2007.0,8,19.5375,8.0125,1.75,21.5375,7.5125,0,0,0,0.0,
W1561,42.30190509,-73.33437114,Housatonic,2007.0,2007.0,8,18.075,8.0,1.75,20.075,7.5,0,0,0,0.0,
W1562,42.50972044,-73.23499529,Housatonic,2007.0,2007.0,6,14.933333333333332,7.816666666666666,1.6666666666666667,16.933333333333334,7.316666666666666,0,0,0,0.0,
W1563,42.42448531,-73.22544541,Housatonic,2007.0,2007.0,5,13.780000000000001,10.319999999999999,1.4,15.780000000000001,9.819999999999999,0,0,0,0.0,
W1564,42.32836092,-73.24079273,Housatonic,2007.0,2007.0,5,13.819999999999999,9.540000000000001,1.4,15.819999999999999,9.040000000000001,0,0,0,0.0,
W1566,42.05873805,-73.34872974,Housatonic,2007.0,2007.0,8,20.825,7.6125,1.75,22.825,7.1125,0,0,0,0.0,
W1567,42.27325997,-73.26943338,Housatonic,2007.0,2007.0,13,14.646153846153847,9.746153846153847,1.6923076923076923,16.646153846153847,9.246153846153847,0,0,0,0.0,
W1568,42.48426175,-73.14844847,Housatonic,2007.0,2007.0,5,14.040000000000001,10.459999999999999,1.6,16.04,9.959999999999999,0,0,0,0.0,
W1569,42.17339594,-73.23476863,Housatonic,2007.0,2007.0,8,19.4875,8.9375,1.75,21.4875,8.4375,0,0,0,0.0,
W1570,42.46948757,-73.25654237,Housatonic,2007.0,2007.0,8,20.5125,8.325,1.75,22.5125,7.824999999999999,0,0,0,0.0,
W1572,42.47369635,-73.14121003,Housatonic,2007.0,2007.0,5,15.74,10.440000000000001,1.6,17.740000000000002,9.940000000000001,0,0,0,0.0,
W1573,42.43958522,-73.2666178,Housatonic,2007.0,2007.0,8,18.0875,8.262500000000001,1.75,20.0875,7.7625,0,0,0,0.0,
W1575,42.44203653,-73.26046405,Housatonic,2007.0,2007.0,8,20.4125,8.2625,1.75,22.4125,7.7625,0,0,0,0.0,
W1577,41.95326227,-71.30781311,Ten Mile,2007.0,2007.0,1,7.4,11.6,1.0,9.4,11.1,0,0,0,0.0,
W1579,42.45655696,-72.63699267,Connecticut,2014.0,2014.0,3,18.2,8.333333333333334,1.3333333333333333,20.2,7.833333333333333,0,0,0,0.0,
W1580,41.98856171,-71.3474734,Ten Mile,2007.0,2007.0,7,14.328571428571427,5.614285714285714,2.0,16.32857142857143,5.114285714285714,3,3,0,42.857142857142854,0.0
W1581,41.97762993,-71.33453815,Ten Mile,2007.0,2007.0,3,13.033333333333333,10.566666666666666,1.3333333333333333,15.033333333333333,10.066666666666666,0,0,0,0.0,
W1582,42.30510355,-71.3252761,Charles,2007.0,2007.0,9,19.944444444444443,8.022222222222222,1.5555555555555556,21.944444444444443,7.522222222222222,0,0,0,0.0,
W1583,42.15140376,-71.42713966,Charles,2007.0,2007.0,8,19.2125,7.675,1.625,21.2125,7.175,0,0,0,0.0,
W1584,42.13445842,-71.44602039,Charles,2007.0,2007.0,9,17.700000000000003,7.0,1.7777777777777777,19.700000000000003,6.5,1,2,1,11.11111111111111,100.0
W1585,42.13103033,-71.5155242,Charles,2007.0,2007.0,9,15.88888888888889,8.2,1.6666666666666667,17.88888888888889,7.699999999999999,0,0,0,0.0,
W1586,42.19598069,-71.33022096,Charles,2007.0,2007.0,10,18.11,7.6,1.6,20.11,7.1,0,0,0,0.0,
W1587,42.25505525,-71.33009248,Charles,2007.0,2007.0,9,20.044444444444444,6.611111111111111,1.6666666666666667,22.044444444444444,6.111111111111111,1,3,2,11.11111111111111,200.0
W1588,42.09047755,-71.43283604,Charles,2007.0,2007.0,9,18.11111111111111,8.644444444444444,1.6666666666666667,20.11111111111111,8.144444444444444,0,0,0,0.0,
W1589,42.22237155,-71.40927393,Charles,2007.0,2007.0,9,15.866666666666665,4.433333333333334,2.2222222222222223,17.866666666666664,3.933333333333333,6,7,1,66.66666666666666,16.666666666666664
W1590,42.34154459,-71.26662505,Charles,2007.0,2020.0,9,17.38888888888889,9.266666666666667,1.7777777777777777,19.38888888888889,8.766666666666667,0,0,0,0.0,
W1591,42.5579253,-73.29638783,Kinderhook,2007.0,2007.0,9,15.688888888888888,9.333333333333334,1.4444444444444444,17.688888888888886,8.833333333333334,0,0,0,0.0,
W1592,42.17383927,-71.50839357,Charles,2007.0,2007.0,4,14.025,7.05,1.5,16.025,6.55,0,0,0,0.0,
W1593,42.73466428,-73.21844343,Hoosic,2007.0,2007.0,9,17.11111111111111,10.266666666666667,1.4444444444444444,19.11111111111111,9.766666666666667,0,0,0,0.0,
W1595,41.95661339,-71.30844976,Ten Mile,2007.0,2007.0,8,18.4625,7.9625,1.625,20.4625,7.4625,0,0,0,0.0,
W1596,42.02194765,-71.56822441,Blackstone,2006.0,2008.0,9,19.211111111111112,7.199999999999999,1.8888888888888888,21.211111111111112,6.699999999999999,1,1,0,11.11111111111111,0.0
W1598,42.64003572,-73.10863477,Hoosic,2007.0,2007.0,9,19.72222222222222,10.466666666666667,1.5555555555555556,21.72222222222222,9.966666666666667,0,0,0,0.0,
W1717,42.34007232,-72.15953425,Chicopee,2014.0,2014.0,3,18.933333333333334,8.299999999999999,1.6666666666666667,20.933333333333334,7.8,0,0,0,0.0,
W1723,42.50956168,-73.23496633,Housatonic,2007.0,2007.0,2,17.2,6.6,2.0,19.2,6.1,0,0,0,0.0,
W1726,42.43642895,-73.24767116,Housatonic,2007.0,2007.0,2,21.2,7.3,2.0,23.2,6.8,0,0,0,0.0,
W1729,42.67662579,-73.21005425,Hoosic,2007.0,2007.0,7,16.6,9.242857142857144,1.5714285714285714,18.599999999999998,8.742857142857144,0,0,0,0.0,
W1731,42.66552038,-73.10395974,Hoosic,2007.0,2007.0,8,18.525,9.6625,1.5,20.525,9.1625,0,0,0,0.0,
W1734,42.59663655,-73.14780275,Hoosic,2007.0,2007.0,2,17.0,8.7,2.0,19.0,8.2,0,0,0,0.0,
W1738,42.6635028,-73.10459204,Hoosic,2007.0,2007.0,1,21.4,9.1,2.0,23.4,8.6,0,0,0,0.0,
W1739,42.66222642,-73.10417147,Hoosic,2007.0,2007.0,1,21.7,9.0,2.0,23.7,8.5,0,0,0,0.0,
W1740,42.66037434,-73.10464289,Hoosic,2007.0,2007.0,1,21.8,9.0,2.0,23.8,8.5,0,0,0,0.0,
W1741,42.63496026,-73.11025329,Hoosic,2007.0,2007.0,1,21.2,9.5,2.0,23.2,9.0,0,0,0,0.0,
W1742,42.63422896,-73.11122105,Hoosic,2007.0,2007.0,1,20.1,10.0,2.0,22.1,9.5,0,0,0,0.0,
W1743,42.63195602,-73.11277761,Hoosic,2007.0,2007.0,1,20.4,9.7,2.0,22.4,9.2,0,0,0,0.0,
W1744,42.62899767,-73.11505043,Hoosic,2007.0,2007.0,1,18.9,10.1,2.0,20.9,9.6,0,0,0,0.0,
W1745,42.62172166,-73.11552029,Hoosic,2007.0,2007.0,1,18.2,10.3,2.0,20.2,9.8,0,0,0,0.0,
W1746,42.62109755,-73.11900412,Hoosic,2007.0,2007.0,2,16.15,10.15,1.5,18.15,9.65,0,0,0,0.0,
W1747,42.09569036,-73.18158829,Farmington,2006.0,2006.0,9,20.788888888888888,6.666666666666667,1.1111111111111112,22.788888888888888,6.188888888888889,1,1,0,11.11111111111111,0.0
W1748,42.18134726,-73.11783511,Farmington,2006.0,2006.0,9,17.466666666666665,4.144444444444444,2.111111111111111,19.466666666666665,3.7333333333333334,5,5,0,55.55555555555556,0.0
W1749,42.17533934,-72.69712736,Westfield,2006.0,2006.0,9,22.033333333333335,6.2444444444444445,2.0,24.033333333333335,5.7444444444444445,3,5,2,33.33333333333333,66.66666666666666
W1750,42.18062732,-72.69799702,Westfield,2006.0,2006.0,13,22.53846153846154,6.592307692307693,1.8461538461538463,24.53846153846154,6.092307692307693,3,3,0,23.076923076923077,0.0
W1751,42.18432523,-72.69383159,Westfield,2006.0,2016.0,36,22.9,7.444444444444445,1.8611111111111112,24.9,6.955555555555556,7,8,1,19.444444444444446,14.285714285714285
W1752,42.1709534,-72.70321114,Westfield,2006.0,2006.0,13,20.46153846153846,3.8923076923076922,2.230769230769231,22.46153846153846,3.430769230769231,7,8,1,53.84615384615385,14.285714285714285
W1753,42.30377694,-71.7626168,Blackstone,2008.0,2008.0,7,16.614285714285714,9.042857142857143,1.8571428571428572,18.614285714285717,8.542857142857143,0,0,0,0.0,
W1754,42.21273236,-72.22875627,Chicopee,2014.0,2014.0,3,21.400000000000002,8.799999999999999,1.6666666666666667,23.400000000000002,8.299999999999999,0,0,0,0.0,
W1755,42.0448378,-71.62194682,Blackstone,2008.0,2008.0,7,18.7,8.6,1.8571428571428572,20.7,8.1,0,0,0,0.0,
W1756,42.02727016,-71.48547213,Blackstone,2008.0,2008.0,7,16.642857142857142,8.428571428571429,1.8571428571428572,18.642857142857142,7.928571428571429,0,0,0,0.0,
W1757,42.46999426,-72.32259937,Chicopee,2014.0,2014.0,3,16.099999999999998,9.700000000000001,1.3333333333333333,18.099999999999998,9.200000000000001,0,0,0,0.0,
W1758,42.28029336,-71.74620407,Blackstone,2008.0,2008.0,7,20.914285714285715,7.485714285714286,1.8571428571428572,22.914285714285715,6.985714285714286,0,0,0,0.0,
W1759,42.18115577,-71.64793794,Blackstone,2008.0,2008.0,4,15.7,8.475,1.5,17.7,7.975,0,0,0,0.0,
W1760,42.09326799,-71.5191956,Blackstone,2008.0,2008.0,7,15.642857142857142,8.142857142857142,1.8571428571428572,17.642857142857142,7.642857142857143,0,0,0,0.0,
W1761,42.32499793,-71.74088627,Blackstone,2008.0,2008.0,7,16.62857142857143,8.914285714285715,1.8571428571428572,18.62857142857143,8.414285714285715,0,0,0,0.0,
W1762,42.0193983,-71.5344052,Blackstone,2008.0,2008.0,7,17.87142857142857,8.628571428571428,1.8571428571428572,19.87142857142857,8.128571428571428,0,0,0,0.0,
W1763,42.19289465,-71.75182267,Blackstone,2008.0,2008.0,8,19.9375,7.325,1.75,21.9375,6.825,0,0,0,0.0,
W1764,42.13913312,-71.63971462,Blackstone,2008.0,2008.0,9,20.38888888888889,7.2555555555555555,1.7777777777777777,22.38888888888889,6.7555555555555555,0,1,1,0.0,0.0
W1765,42.05495698,-71.61629976,Blackstone,2008.0,2008.0,5,18.919999999999998,7.92,1.6,20.919999999999998,7.42,0,0,0,0.0,
W1766,42.01686344,-71.54548172,Blackstone,2008.0,2008.0,8,20.775,7.45,1.75,22.775,6.95,0,0,0,0.0,
W1767,42.18277682,-71.76604587,Blackstone,2008.0,2020.0,9,17.966666666666665,8.822222222222223,1.6666666666666667,19.966666666666665,8.322222222222223,0,0,0,0.0,
W1768,42.07884462,-71.65065318,Blackstone,2008.0,2008.0,8,15.925,4.625,2.5,17.925,4.125,6,6,0,75.0,0.0
W1769,42.18498134,-71.71206258,Blackstone,2008.0,2008.0,7,16.87142857142857,7.942857142857143,1.8571428571428572,18.87142857142857,7.442857142857143,0,0,0,0.0,
W1770,41.99661131,-71.55765871,Blackstone,2008.0,2008.0,8,22.4,8.225,1.75,24.4,7.725,0,0,0,0.0,
W1771,42.01238549,-71.51035869,Blackstone,2008.0,2008.0,8,21.4875,8.325,1.75,23.4875,7.825,0,0,0,0.0,
W1772,42.01550267,-71.49304478,Blackstone,2008.0,2008.0,7,17.414285714285715,5.885714285714286,1.7142857142857142,19.414285714285715,5.385714285714286,0,3,3,0.0,0.0
W1776,42.20670671,-71.85281517,Blackstone,2019.0,2020.0,2,15.25,9.05,1.0,17.25,8.55,0,0,0,0.0,
W1778,42.62272904,-72.54970791,Connecticut,2014.0,2014.0,3,14.033333333333333,10.366666666666667,1.6666666666666667,16.033333333333335,9.866666666666667,0,0,0,0.0,
W1780,42.57574839,-71.83355874,Nashua,2008.0,2008.0,6,10.15,11.25,1.0,12.149999999999999,10.75,0,0,0,0.0,
W1782,42.62058327,-72.54988746,Connecticut,2008.0,2019.0,8,15.4375,10.15,1.75,17.4375,9.65,0,0,0,0.0,
W1783,42.37833321,-72.48171021,Connecticut,2008.0,2008.0,5,15.8,9.68,1.6,17.8,9.18,0,0,0,0.0,
W1784,42.33649913,-72.61557336,Connecticut,2008.0,2008.0,6,20.849999999999998,8.65,1.5,22.849999999999998,8.15,0,0,0,0.0,
W1785,42.64201567,-72.49771159,Connecticut,2008.0,2008.0,5,16.36,9.1,1.8,18.360000000000003,8.6,0,0,0,0.0,
W1786,42.0941279,-72.56911519,Connecticut,2008.0,2019.0,11,22.863636363636363,7.354545454545455,1.7272727272727273,24.863636363636363,6.854545454545455,0,0,0,0.0,
W1787,42.21445745,-72.72427576,Connecticut,2008.0,2008.0,5,15.580000000000002,9.459999999999999,1.6,17.580000000000002,8.959999999999999,0,0,0,0.0,
W1788,42.46068291,-72.64354654,Connecticut,2008.0,2008.0,4,15.625,9.9,1.75,17.625,9.4,0,0,0,0.0,
W1789,42.04831597,-72.45399124,Connecticut,2008.0,2008.0,4,16.025,9.85,1.5,18.025,9.35,0,0,0,0.0,
W1790,42.25114445,-72.55943838,Connecticut,2008.0,2008.0,4,17.675,6.55,1.5,19.675,6.05,0,1,1,0.0,0.0
W1791,42.27107608,-72.44986375,Connecticut,2008.0,2008.0,7,17.428571428571427,7.528571428571429,1.4285714285714286,19.428571428571427,7.028571428571429,0,0,0,0.0,
W1792,42.24704007,-72.58037808,Connecticut,2008.0,2019.0,10,20.98,8.55,1.8,22.98,8.05,0,0,0,0.0,
W1793,42.24110163,-72.70536039,Connecticut,2008.0,2008.0,5,18.64,9.02,1.6,20.64,8.52,0,0,0,0.0,
W1794,42.03629979,-72.58362237,Connecticut,2008.0,2019.0,12,20.383333333333333,8.15,1.6666666666666667,22.383333333333336,7.6499999999999995,0,0,0,0.0,
W1795,42.46908025,-72.64150009,Connecticut,2008.0,2008.0,4,19.05,7.975,1.75,21.05,7.475,0,0,0,0.0,
W1796,42.31899322,-72.66514075,Connecticut,2008.0,2019.0,10,19.259999999999998,9.57,1.8,21.259999999999998,9.07,0,0,0,0.0,
W1797,42.26682544,-72.69715369,Connecticut,2008.0,2008.0,5,16.759999999999998,9.28,1.6,18.759999999999998,8.78,0,0,0,0.0,
W1798,42.19117381,-72.59881607,Connecticut,2008.0,2008.0,4,16.025,10.125,1.5,18.025,9.625,0,0,0,0.0,
W1799,42.6853667,-72.47374624,Connecticut,2008.0,2008.0,6,20.3,8.816666666666666,1.8333333333333333,22.3,8.316666666666666,0,0,0,0.0,
W1800,42.34204868,-72.49358561,Connecticut,2008.0,2008.0,5,19.04,5.84,2.0,21.04,5.34,2,3,1,40.0,50.0
W1801,42.43425873,-72.5456543,Connecticut,2008.0,2008.0,2,8.95,10.9,1.5,10.95,10.4,0,0,0,0.0,
W1802,42.41180813,-72.56712264,Connecticut,2008.0,2008.0,5,14.12,8.28,1.6,16.119999999999997,7.779999999999999,0,0,0,0.0,
W1803,42.61633757,-72.47760491,Connecticut,2008.0,2008.0,4,13.25,10.075,1.75,15.25,9.575,0,0,0,0.0,
W1804,42.35565015,-72.52065447,Connecticut,2008.0,2008.0,5,18.16,8.440000000000001,1.6,20.16,7.94,0,0,0,0.0,
W1805,42.34968275,-72.431373,Connecticut,2014.0,2014.0,3,15.366666666666667,9.6,1.3333333333333333,17.366666666666667,9.1,0,0,0,0.0,
W1806,42.71283339,-71.54870868,Nashua,2008.0,2008.0,8,20.5375,7.325,1.75,22.5375,6.825,0,0,0,0.0,
W1808,42.58212265,-71.90236498,Nashua,2008.0,2008.0,6,21.333333333333332,7.983333333333333,2.0,23.333333333333332,7.483333333333333,0,0,0,0.0,
W1809,42.60819171,-71.87067955,Nashua,2008.0,2008.0,6,20.21666666666667,8.383333333333333,2.0,22.21666666666667,7.883333333333334,0,0,0,0.0,
W1812,42.5442135,-71.65737327,Nashua,2008.0,2008.0,6,21.78333333333333,7.05,2.0,23.78333333333333,6.55,0,0,0,0.0,
W1813,42.56211361,-71.61061607,Nashua,2008.0,2008.0,6,22.03333333333333,5.966666666666666,2.1666666666666665,24.03333333333333,5.466666666666666,1,2,1,16.666666666666664,100.0
W1816,42.69634164,-71.61144559,Nashua,2008.0,2008.0,7,17.714285714285715,6.714285714285714,1.5714285714285714,19.714285714285715,6.214285714285714,0,0,0,0.0,
W1819,42.34126384,-71.747781,Nashua,2008.0,2008.0,6,14.816666666666668,9.333333333333334,2.0,16.816666666666666,8.833333333333334,0,0,0,0.0,
W1821,42.38548028,-71.80974437,Nashua,2008.0,2008.0,6,18.55,9.200000000000001,2.0,20.55,8.700000000000001,0,0,0,0.0,
W1823,42.61730324,-71.73427771,Nashua,2008.0,2008.0,6,17.349999999999998,8.75,2.0,19.349999999999998,8.25,0,0,0,0.0,
W1828,42.40886407,-71.98179294,Chicopee,2014.0,2014.0,3,15.300000000000002,9.433333333333332,1.6666666666666667,17.3,8.933333333333332,0,0,0,0.0,
W1830,42.5300897,-71.57792062,Nashua,2008.0,2008.0,6,22.599999999999998,4.0,3.3333333333333335,24.599999999999998,3.5,6,6,0,100.0,0.0
W1832,42.67718733,-71.75727365,Nashua,2008.0,2008.0,7,19.014285714285712,9.057142857142857,1.5714285714285714,21.014285714285712,8.557142857142857,0,0,0,0.0,
W1836,42.56316154,-71.76154939,Nashua,2020.0,2020.0,2,21.9,8.1,2.0,23.9,7.6,0,0,0,0.0,
W1847,42.39041919,-72.08027064,Chicopee,2008.0,2008.0,5,18.779999999999998,8.2,1.6,20.78,7.7,0,0,0,0.0,
W1848,42.45425813,-71.95072628,Chicopee,2008.0,2008.0,11,18.39090909090909,8.30909090909091,1.8181818181818181,20.39090909090909,7.8090909090909095,0,0,0,0.0,
W1849,42.43628983,-72.05266962,Chicopee,2008.0,2008.0,6,19.7,8.233333333333333,2.0,21.7,7.733333333333333,0,0,0,0.0,
W1850,42.40850857,-72.09668399,Chicopee,2008.0,2008.0,6,17.883333333333333,8.133333333333333,2.0,19.883333333333333,7.633333333333333,0,0,0,0.0,
W1851,42.37234805,-72.16222662,Chicopee,2008.0,2008.0,6,21.5,7.983333333333333,2.0,23.5,7.483333333333333,0,0,0,0.0,
W1853,42.1010427,-72.31335538,Chicopee,2008.0,2008.0,5,18.06,9.059999999999999,2.0,20.06,8.559999999999999,0,0,0,0.0,
W1854,42.1313561,-72.31002915,Chicopee,2008.0,2008.0,6,17.25,9.016666666666667,1.8333333333333333,19.25,8.516666666666667,0,0,0,0.0,
W1855,42.15339532,-72.26179872,Chicopee,2008.0,2008.0,5,15.16,9.8,1.6,17.16,9.3,0,0,0,0.0,
W1856,42.26297752,-71.99318259,Chicopee,2008.0,2008.0,6,18.900000000000002,8.5,2.0,20.900000000000002,8.0,0,0,0,0.0,
W1858,42.14809093,-72.40009284,Chicopee,2008.0,2008.0,5,20.22,8.6,2.0,22.22,8.1,0,0,0,0.0,
W1862,42.08471748,-72.31065881,Chicopee,2008.0,2008.0,5,16.2,9.6,1.6,18.2,9.1,0,0,0,0.0,
W1864,42.16171173,-72.26845965,Chicopee,2008.0,2016.0,13,17.153846153846153,9.53076923076923,1.6923076923076923,19.153846153846153,9.03076923076923,0,0,0,0.0,
W1866,42.31010851,-72.21195504,Chicopee,2008.0,2008.0,6,20.966666666666665,8.4,2.0,22.96666666666667,7.900000000000001,0,0,0,0.0,
W1867,42.21262531,-72.20365346,Chicopee,2008.0,2008.0,2,22.0,4.7,1.5,24.0,4.2,1,1,0,50.0,0.0
W1868,42.19324712,-72.26392886,Chicopee,2008.0,2008.0,5,19.939999999999998,9.3,1.6,21.939999999999998,8.8,0,0,0,0.0,
W1871,42.12431568,-72.30748854,Chicopee,2008.0,2008.0,4,17.175,9.05,1.75,19.175,8.55,0,0,0,0.0,
W1872,42.20455082,-72.31865025,Chicopee,2008.0,2008.0,5,18.78,8.040000000000001,1.6,20.78,7.540000000000001,0,0,0,0.0,
W1873,42.21540546,-72.07824828,Chicopee,2008.0,2008.0,8,19.3875,3.6375,2.375,21.3875,3.1375,6,7,1,75.0,16.666666666666664
W1874,42.28281296,-72.39284073,Chicopee,2008.0,2008.0,6,17.883333333333333,8.9,2.0,19.883333333333333,8.4,0,0,0,0.0,
W1875,42.17981897,-72.36400692,Chicopee,2008.0,2008.0,5,18.580000000000002,9.16,1.6,20.580000000000002,8.66,0,0,0,0.0,
W1876,42.24999541,-72.0084457,Chicopee,2008.0,2008.0,7,17.2,7.957142857142857,1.4285714285714286,19.2,7.457142857142857,0,0,0,0.0,
W1877,42.42038826,-72.04817823,Chicopee,2008.0,2008.0,6,19.883333333333333,7.716666666666666,1.6666666666666667,21.883333333333336,7.216666666666666,0,0,0,0.0,
W1878,41.92672114,-70.55747801,South Coastal,2008.0,2008.0,2,22.85,8.6,1.5,24.85,8.1,0,0,0,0.0,
W1880,42.04351371,-72.45647808,Connecticut,2014.0,2014.0,3,16.366666666666664,9.200000000000001,1.6666666666666667,18.366666666666664,8.700000000000001,0,0,0,0.0,
W1881,41.88714958,-70.53804502,South Coastal,2008.0,2008.0,3,20.2,6.8,2.3333333333333335,22.2,6.3,1,1,0,33.33333333333333,0.0
W1883,42.50677372,-72.5270761,Connecticut,2014.0,2014.0,3,18.633333333333333,9.0,1.6666666666666667,20.633333333333333,8.5,0,0,0,0.0,
W1884,41.93483006,-70.68100103,South Coastal,2008.0,2009.0,14,23.064285714285713,8.792857142857143,1.5714285714285714,25.064285714285713,8.292857142857143,1,1,0,7.142857142857142,0.0
W1887,42.2636059,-72.70605094,Connecticut,2014.0,2014.0,3,17.766666666666666,8.966666666666667,1.3333333333333333,19.766666666666666,8.466666666666667,0,0,0,0.0,
W1892,42.36091839,-72.23011415,Chicopee,2014.0,2014.0,3,17.2,6.0,2.0,19.2,5.5,1,1,0,33.33333333333333,0.0
W1898,42.02271855,-71.57054135999999,Blackstone,2007.0,2013.0,33,14.645454545454546,9.593939393939394,1.2727272727272727,16.645454545454545,9.093939393939394,0,0,0,0.0,
W1900,42.25040334,-72.42653878,Chicopee,2014.0,2014.0,3,15.699999999999998,7.233333333333333,1.6666666666666667,17.7,6.733333333333333,0,0,0,0.0,
W1901,42.17487504,-71.68002381,Blackstone,2008.0,2008.0,4,21.95,8.625,2.0,23.95,8.125,0,0,0,0.0,
W1904,41.92703603,-71.28535834,Ten Mile,2007.0,2007.0,2,11.399999999999999,9.55,1.5,13.399999999999999,9.05,0,0,0,0.0,
W1905,41.59856913,-70.5715037,Cape Cod,2009.0,2009.0,6,17.599999999999998,7.8,1.8333333333333333,19.599999999999998,7.3,0,0,0,0.0,
W1906,41.57788714,-70.57371153,Cape Cod,2009.0,2009.0,6,19.483333333333334,8.983333333333334,1.8333333333333333,21.483333333333334,8.483333333333334,0,0,0,0.0,
W1910,41.61775265,-70.50057773,Cape Cod,2009.0,2009.0,6,18.366666666666667,8.216666666666667,1.8333333333333333,20.366666666666667,7.716666666666666,0,0,0,0.0,
W1911,41.62155057,-70.48044452,Cape Cod,2009.0,2009.0,6,16.866666666666667,8.333333333333334,1.8333333333333333,18.866666666666667,7.833333333333333,0,0,0,0.0,
W1912,41.62787592,-70.45079252,Cape Cod,2009.0,2009.0,6,18.083333333333332,7.6000000000000005,1.8333333333333333,20.083333333333332,7.1000000000000005,0,0,0,0.0,
W1915,41.95939363,-70.02997037,Cape Cod,2009.0,2009.0,7,17.54285714285714,7.057142857142857,1.8571428571428572,19.542857142857144,6.557142857142857,1,1,0,14.285714285714285,0.0
W1916,41.95351921,-70.05717621,Cape Cod,2009.0,2009.0,7,15.657142857142857,5.571428571428571,2.142857142857143,17.657142857142855,5.071428571428571,3,3,0,42.857142857142854,0.0
W1920,41.69515999,-70.11531913,Cape Cod,2009.0,2009.0,6,20.2,8.183333333333332,1.8333333333333333,22.2,7.683333333333333,0,0,0,0.0,
W1922,41.74677676,-70.14352171,Cape Cod,2009.0,2009.0,6,21.2,6.766666666666667,1.8333333333333333,23.2,6.266666666666667,0,2,2,0.0,0.0
W1924,41.70487343,-70.22372741,Cape Cod,2009.0,2009.0,5,16.78,6.4,1.6,18.78,5.9,0,1,1,0.0,0.0
W1931,41.97749007,-71.33385627,Ten Mile,2007.0,2007.0,1,19.3,8.4,2.0,21.3,7.9,0,0,0,0.0,
W1933,42.1718706,-71.18594357,Neponset,2009.0,2009.0,6,18.466666666666665,8.483333333333333,1.5,20.466666666666665,7.983333333333333,0,0,0,0.0,
W1934,42.24989528,-71.12456936,Neponset,2009.0,2009.0,5,19.4,6.720000000000001,1.6,21.4,6.220000000000001,0,0,0,0.0,
W1935,42.2693424,-71.08658191,Neponset,2009.0,2009.0,5,20.080000000000002,8.92,1.6,22.080000000000002,8.42,0,0,0,0.0,
W1937,42.20894589,-71.26694884,Neponset,2009.0,2009.0,6,14.65,8.683333333333334,1.6666666666666667,16.650000000000002,8.183333333333334,0,0,0,0.0,
W1938,42.19362053,-71.27966147,Neponset,2009.0,2009.0,6,16.683333333333334,8.183333333333334,1.6666666666666667,18.683333333333334,7.683333333333334,0,0,0,0.0,
W1942,42.18650673,-71.22345227,Neponset,2009.0,2009.0,6,15.983333333333333,9.15,1.6666666666666667,17.983333333333334,8.65,0,0,0,0.0,
W1943,42.14711935,-71.25588873,Neponset,2009.0,2009.0,8,18.4,8.5875,1.5,20.4,8.0875,0,0,0,0.0,
W1945,42.15206107,-71.11240912,Neponset,2009.0,2009.0,6,16.05,5.983333333333333,1.8333333333333333,18.05,5.483333333333333,2,3,1,33.33333333333333,50.0
W1948,42.19275388,-71.14906792,Neponset,2009.0,2009.0,6,16.599999999999998,8.883333333333333,1.5,18.6,8.383333333333333,0,0,0,0.0,
W1949,42.25062143,-71.12953409,Neponset,2009.0,2009.0,6,21.266666666666666,7.3500000000000005,1.6666666666666667,23.266666666666666,6.8500000000000005,0,0,0,0.0,
W1952,42.14824516,-71.2533023,Neponset,2009.0,2009.0,6,21.216666666666665,7.3500000000000005,1.6666666666666667,23.21666666666667,6.8500000000000005,0,0,0,0.0,
W1955,41.83066674,-71.3297127,Narragansett Bay (Shore),2009.0,2009.0,8,17.9625,6.8125,1.875,19.9625,6.3125,1,2,1,12.5,100.0
W1956,41.83504629,-71.28898153,Narragansett Bay (Shore),2009.0,2009.0,8,17.0375,6.975,1.75,19.0375,6.475,0,1,1,0.0,0.0
W1958,41.84689238,-71.25551885,Narragansett Bay (Shore),2009.0,2009.0,8,18.2375,7.9750000000000005,1.75,20.2375,7.4750000000000005,0,0,0,0.0,
W1959,41.838662,-71.23263553,Narragansett Bay (Shore),2009.0,2009.0,8,18.425,7.475,1.75,20.425,6.975,0,1,1,0.0,0.0
W1960,41.78126268,-71.28901738,Narragansett Bay (Shore),2009.0,2009.0,8,18.95,7.6,1.75,20.95,7.1,0,0,0,0.0,
W1961,41.74691378,-71.25130236,Mount Hope Bay (Shore),2009.0,2009.0,8,17.5875,8.2,1.75,19.5875,7.7,0,0,0,0.0,
W1962,41.69633043,-71.14860388,Mount Hope Bay (Shore),2009.0,2009.0,6,23.183333333333334,6.766666666666667,2.1666666666666665,25.183333333333334,6.266666666666667,2,2,0,33.33333333333333,0.0
W1963,42.15821391,-71.15549018,Neponset,2009.0,2009.0,6,18.766666666666666,9.183333333333334,1.5,20.766666666666666,8.683333333333334,0,0,0,0.0,
W1964,42.4694106,-71.12510374,Mystic,2009.0,2009.0,6,18.783333333333335,7.233333333333333,1.6666666666666667,20.783333333333335,6.733333333333333,0,0,0,0.0,
W1965,42.44730903,-71.13871254,Mystic,2009.0,2009.0,6,19.866666666666667,7.166666666666667,1.6666666666666667,21.866666666666664,6.666666666666667,0,0,0,0.0,
W1966,42.42231417,-71.14952294,Mystic,2009.0,2009.0,6,18.916666666666668,8.5,1.6666666666666667,20.916666666666668,8.0,0,0,0,0.0,
W1967,42.41791119,-71.07329736,Mystic,2009.0,2009.0,6,21.78333333333333,7.833333333333333,1.8333333333333333,23.78333333333333,7.333333333333333,1,1,0,16.666666666666664,0.0
W1969,42.40692802,-71.13399738,Mystic,2009.0,2009.0,6,20.599999999999998,3.516666666666667,2.6666666666666665,22.599999999999998,3.016666666666667,6,6,0,100.0,0.0
W1971,42.47298956,-71.17218991,Mystic,2009.0,2009.0,5,13.680000000000001,9.66,1.4,15.680000000000001,9.16,0,0,0,0.0,
W1972,42.47137193,-71.17418508,Mystic,2009.0,2009.0,5,13.719999999999999,9.48,1.4,15.719999999999999,8.98,0,0,0,0.0,
W1973,42.41196479,-71.1005642,Mystic,2009.0,2009.0,2,21.0,5.55,1.0,23.0,5.05,0,1,1,0.0,0.0
W1975,42.39711852,-71.07943281,Mystic,2009.0,2009.0,5,22.74,8.040000000000001,1.8,24.74,7.540000000000001,0,0,0,0.0,
W1977,42.43524414,-71.19406671,Mystic,2009.0,2009.0,6,16.466666666666665,7.316666666666666,1.6666666666666667,18.466666666666665,6.816666666666666,0,0,0,0.0,
W1978,42.4382644,-71.06956013,Mystic,2009.0,2009.0,6,20.883333333333333,8.25,1.6666666666666667,22.883333333333336,7.75,0,0,0,0.0,
W1979,42.49772931,-71.13348578,Mystic,2009.0,2009.0,6,19.033333333333335,4.666666666666667,2.5,21.033333333333335,4.166666666666667,5,6,1,83.33333333333334,20.0
W1981,41.66334422,-70.41050549,Cape Cod,2009.0,2009.0,1,19.4,9.2,0.0,21.4,8.7,0,0,0,0.0,
W1984,41.66858822,-70.40940849,Cape Cod,2009.0,2009.0,12,18.325,6.991666666666667,0.8333333333333334,20.325,6.491666666666667,3,3,0,25.0,0.0
W1989,42.27962685,-72.58673039,Connecticut,2014.0,2017.0,7,17.685714285714287,8.857142857142858,1.5714285714285714,19.685714285714287,8.357142857142858,0,0,0,0.0,
W1990,42.24816753,-72.07425385,Chicopee,2008.0,2008.0,5,17.759999999999998,8.34,2.0,19.759999999999998,7.840000000000001,0,0,0,0.0,
W1991,42.2081965,-72.10431113,Chicopee,2008.0,2008.0,3,22.666666666666668,3.466666666666667,2.0,24.666666666666668,2.966666666666667,3,3,0,100.0,0.0
W1992,42.2091169,-72.10996213,Chicopee,2008.0,2008.0,3,19.866666666666664,3.7000000000000006,2.0,21.866666666666664,3.1999999999999997,3,3,0,100.0,0.0
W1993,42.21244098,-72.12067309,Chicopee,2008.0,2008.0,2,17.9,3.85,2.0,19.9,3.35,2,2,0,100.0,0.0
W1994,42.21247249,-72.12297305,Chicopee,2008.0,2008.0,2,21.75,1.85,2.0,23.75,1.35,2,2,0,100.0,0.0
W1995,42.22870146,-72.14937365,Chicopee,2008.0,2008.0,8,19.45,3.9125,2.25,21.45,3.4250000000000003,6,6,0,75.0,0.0
W1996,42.23362783,-72.16221694,Chicopee,2008.0,2008.0,2,17.35,3.05,2.0,19.35,2.55,2,2,0,100.0,0.0
W1997,42.23248582,-72.15785881,Chicopee,2008.0,2008.0,1,20.0,1.8,2.0,22.0,1.3,1,1,0,100.0,0.0
W1998,42.23472642,-72.16258295,Chicopee,2008.0,2008.0,1,20.0,1.8,2.0,22.0,1.3,1,1,0,100.0,0.0
W1999,42.2356203,-72.16248331,Chicopee,2008.0,2008.0,1,21.9,6.5,1.0,23.9,6.0,0,0,0,0.0,
W2000,42.23468043,-72.16497539,Chicopee,2008.0,2008.0,1,20.2,2.1,2.0,22.2,1.6,1,1,0,100.0,0.0
W2005,42.15729931,-72.40951214,Chicopee,2008.0,2008.0,6,22.28333333333333,7.916666666666667,2.0,24.28333333333333,7.416666666666667,0,0,0,0.0,
W2011,42.34355006,-72.15714041,Chicopee,2008.0,2008.0,6,22.5,7.533333333333334,2.0,24.5,7.033333333333334,0,0,0,0.0,
W2012,42.17819838,-72.40808521,Chicopee,2008.0,2008.0,26,19.36923076923077,6.523076923076923,0.8076923076923077,21.36923076923077,6.0346153846153845,5,6,1,19.230769230769234,20.0
W2013,42.18552906,-72.39405802,Chicopee,2008.0,2008.0,8,23.8,7.6,1.0,25.8,7.1,0,0,0,0.0,
W2014,42.45975116,-71.9846416,Chicopee,2008.0,2008.0,27,14.307407407407409,7.877777777777777,1.4814814814814814,16.307407407407407,7.3962962962962955,5,5,0,18.51851851851852,0.0
W2020,42.48792791,-72.21647477,Chicopee,2008.0,2008.0,2,12.35,7.800000000000001,2.0,14.350000000000001,7.300000000000001,1,1,0,50.0,0.0
W2021,42.46843526,-72.25884802,Chicopee,2008.0,2008.0,2,12.6,8.85,1.5,14.6,8.35,0,0,0,0.0,
W2022,42.46258282,-72.24561712,Chicopee,2008.0,2008.0,2,12.45,10.05,1.5,14.45,9.55,0,0,0,0.0,
W2023,42.49092717,-72.17095628,Chicopee,2008.0,2008.0,2,12.299999999999999,10.2,1.5,14.299999999999999,9.7,0,0,0,0.0,
W2024,42.47162474,-72.16210768,Chicopee,2008.0,2008.0,2,11.700000000000001,10.2,1.5,13.7,9.7,0,0,0,0.0,
W2025,42.43816198,-72.20732375,Chicopee,2008.0,2020.0,4,16.25,9.4,1.75,18.25,8.9,0,0,0,0.0,
W2026,42.24766145,-71.02831587,Weymouth & Weir,2009.0,2009.0,8,16.6625,8.7,1.75,18.6625,8.2,0,0,0,0.0,
W2027,42.2571088,-71.01100793,Weymouth & Weir,2009.0,2009.0,8,15.225,9.2625,1.75,17.225,8.7625,0,0,0,0.0,
W2028,42.25166716,-70.99715572,Weymouth & Weir,2009.0,2009.0,5,16.98,8.540000000000001,1.6,18.98,8.040000000000001,0,0,0,0.0,
W2029,42.2476106,-70.99772491,Weymouth & Weir,2009.0,2009.0,5,16.759999999999998,9.18,1.6,18.759999999999998,8.68,0,0,0,0.0,
W2030,42.2205799,-70.98050122,Weymouth & Weir,2009.0,2009.0,6,19.616666666666667,8.85,2.0,21.616666666666664,8.35,0,0,0,0.0,
W2031,42.22005427,-70.9991699,Weymouth & Weir,2009.0,2009.0,6,19.816666666666666,7.1499999999999995,2.0,21.816666666666666,6.6499999999999995,0,0,0,0.0,
W2032,42.21687046,-70.92243616,Weymouth & Weir,2009.0,2009.0,11,19.80909090909091,7.990909090909091,1.7272727272727273,21.80909090909091,7.490909090909091,1,1,0,9.090909090909092,0.0
W2033,42.24257493,-70.85905507,Weymouth & Weir,2009.0,2009.0,7,18.1,7.457142857142857,1.8571428571428572,20.099999999999998,6.957142857142857,0,0,0,0.0,
W2034,42.23458558,-70.87225116,Weymouth & Weir,2009.0,2009.0,6,18.883333333333333,6.883333333333333,2.0,20.883333333333333,6.383333333333333,0,0,0,0.0,
W2035,42.21145341,-70.85925545,Weymouth & Weir,2009.0,2009.0,2,16.0,8.75,1.5,18.0,8.25,0,0,0,0.0,
W2036,42.20505661,-70.86325958,Weymouth & Weir,2009.0,2009.0,1,17.4,8.6,2.0,19.4,8.1,0,0,0,0.0,
W2037,42.19140109,-70.86520493,Weymouth & Weir,2009.0,2009.0,7,18.74285714285714,2.157142857142857,3.0,20.74285714285714,1.657142857142857,7,7,0,100.0,0.0
W2039,42.20298433,-70.90145862,Weymouth & Weir,2009.0,2009.0,5,15.719999999999999,8.080000000000002,1.6,17.72,7.580000000000001,0,0,0,0.0,
W2041,42.27317372,-71.9749944,Chicopee,2014.0,2014.0,3,21.96666666666667,8.200000000000001,1.6666666666666667,23.96666666666667,7.7,0,0,0,0.0,
W2042,42.2148309,-70.8848605,Weymouth & Weir,2009.0,2009.0,5,19.48,7.8,1.6,21.48,7.3,0,0,0,0.0,
W2043,42.16285655,-70.92249054,Weymouth & Weir,2009.0,2009.0,6,16.133333333333333,5.766666666666667,2.1666666666666665,18.133333333333336,5.266666666666667,1,2,1,16.666666666666664,100.0
W2044,42.17808643,-70.93462278,Weymouth & Weir,2009.0,2009.0,5,16.880000000000003,6.720000000000001,1.8,18.880000000000003,6.220000000000001,1,1,0,20.0,0.0
W2045,42.18261181,-70.93539631,Weymouth & Weir,2009.0,2009.0,6,17.266666666666666,7.883333333333333,2.0,19.266666666666666,7.383333333333333,0,0,0,0.0,
W2046,42.19258744,-70.94329349,Weymouth & Weir,2009.0,2009.0,4,14.6,9.1,1.5,16.6,8.6,0,0,0,0.0,
W2047,42.19324533,-70.95931587,Weymouth & Weir,2009.0,2009.0,5,16.46,8.940000000000001,1.6,18.46,8.440000000000001,0,0,0,0.0,
W2048,42.1879042,-70.96226663,Weymouth & Weir,2009.0,2009.0,5,16.6,7.56,1.6,18.6,7.06,0,0,0,0.0,
W2049,42.18379489,-71.01129661,Weymouth & Weir,2009.0,2009.0,6,19.849999999999998,8.483333333333334,2.0,21.849999999999998,7.983333333333334,0,0,0,0.0,
W2050,42.15128287,-71.04045468,Weymouth & Weir,2009.0,2009.0,9,15.933333333333334,8.433333333333334,1.6666666666666667,17.933333333333334,7.933333333333334,0,0,0,0.0,
W2051,42.15538255,-71.02653441,Weymouth & Weir,2009.0,2009.0,7,19.5,6.028571428571429,2.142857142857143,21.5,5.528571428571429,2,2,0,28.57142857142857,0.0
W2054,42.29088748,-72.33717325,Chicopee,2008.0,2008.0,2,12.45,9.65,1.5,14.45,9.15,0,0,0,0.0,
W2062,42.27876651,-71.80543192,Blackstone,2008.0,2008.0,7,19.542857142857144,7.3428571428571425,1.8571428571428572,21.542857142857144,6.8428571428571425,0,0,0,0.0,
W2063,42.09871897,-71.62231403,Blackstone,2008.0,2008.0,4,22.825,8.125,2.0,24.825,7.625,0,0,0,0.0,
W2068,42.58506384,-71.8067244,Nashua,2008.0,2008.0,6,10.166666666666666,11.366666666666667,1.0,12.166666666666666,10.866666666666667,0,0,0,0.0,
W2069,42.54337571,-71.74643893,Nashua,2008.0,2008.0,6,9.799999999999999,11.066666666666668,1.0,11.799999999999999,10.566666666666666,0,0,0,0.0,
W2081,42.07983422,-72.56556396,Connecticut,2014.0,2014.0,3,18.433333333333334,7.766666666666667,1.6666666666666667,20.433333333333334,7.266666666666667,0,0,0,0.0,
W2083,42.42257737,-72.76956339,Connecticut,2014.0,2014.0,3,15.633333333333333,9.766666666666666,1.3333333333333333,17.633333333333333,9.266666666666666,0,0,0,0.0,
W2089,42.15313759,-71.02682978,Weymouth & Weir,2009.0,2009.0,5,20.04,7.58,2.0,22.04,7.08,1,1,0,20.0,0.0
W2096,42.17046703,-71.1262172,Neponset,2009.0,2009.0,4,27.5,7.175,1.75,29.5,6.675,0,1,1,0.0,0.0
W2097,42.19218292,-71.09296807,Neponset,2009.0,2017.0,15,23.626666666666665,8.353333333333333,2.066666666666667,25.626666666666665,7.8533333333333335,1,1,0,6.666666666666667,0.0
W2128,42.5124821,-71.3828515,Concord (SuAsCo),2010.0,2010.0,2,15.0,8.1,2.0,17.0,7.6,0,0,0,0.0,
W2129,42.32853743,-71.67657471,Concord (SuAsCo),2010.0,2010.0,6,19.333333333333332,8.549999999999999,2.0,21.333333333333332,8.049999999999999,0,0,0,0.0,
W2130,42.59600079,-71.34825495,Concord (SuAsCo),2010.0,2010.0,6,22.5,7.966666666666666,2.0,24.5,7.466666666666666,0,0,0,0.0,
W2131,42.41229436,-71.65055569,Concord (SuAsCo),2010.0,2010.0,4,17.575,4.625,2.5,19.575,4.125,2,2,0,50.0,0.0
W2132,42.46013905,-71.5068318,Concord (SuAsCo),2010.0,2010.0,2,14.6,9.0,2.0,16.6,8.5,0,0,0,0.0,
W2133,42.50413128,-71.41551085,Concord (SuAsCo),2010.0,2010.0,6,22.78333333333333,6.183333333333334,2.5,24.78333333333333,5.683333333333334,2,2,0,33.33333333333333,0.0
W2134,42.42994117,-71.51519095,Concord (SuAsCo),2010.0,2010.0,6,22.71666666666667,7.283333333333334,2.0,24.71666666666667,6.783333333333334,0,0,0,0.0,
W2135,42.31981521,-71.39588095,Concord (SuAsCo),2010.0,2010.0,6,24.0,7.566666666666666,2.0,26.0,7.066666666666666,0,0,0,0.0,
W2136,42.37245948,-71.42434277,Concord (SuAsCo),2010.0,2010.0,6,23.916666666666668,7.683333333333334,2.0,25.916666666666668,7.183333333333334,0,0,0,0.0,
W2137,42.46739849,-71.42842635,Concord (SuAsCo),2010.0,2010.0,6,18.433333333333334,7.366666666666666,2.0,20.433333333333334,6.866666666666666,0,0,0,0.0,
W2138,42.44091924,-71.54610442,Concord (SuAsCo),2010.0,2010.0,6,20.2,6.1000000000000005,2.0,22.2,5.6000000000000005,0,2,2,0.0,0.0
W2139,42.33332389,-71.6801695,Concord (SuAsCo),2010.0,2010.0,6,18.916666666666668,8.366666666666667,2.0,20.916666666666668,7.866666666666666,0,0,0,0.0,
W2140,42.30487156,-71.48902528,Concord (SuAsCo),2010.0,2010.0,6,20.333333333333332,8.933333333333334,2.0,22.333333333333332,8.433333333333334,0,0,0,0.0,
W2141,42.71872773,-70.98414919,Parker,2010.0,2010.0,6,20.5,2.5,2.8333333333333335,22.5,2.0,6,6,0,100.0,0.0
W2143,42.62803415,-71.20154765,Shawsheen,2010.0,2010.0,2,21.6,5.05,2.0,23.6,4.55,0,2,2,0.0,0.0
W2144,42.59984567,-71.19306651,Shawsheen,2010.0,2010.0,6,22.383333333333336,7.3999999999999995,2.0,24.383333333333336,6.8999999999999995,0,0,0,0.0,
W2145,42.54625187,-71.2527211,Shawsheen,2010.0,2010.0,6,18.816666666666666,8.1,2.0,20.816666666666666,7.599999999999999,0,0,0,0.0,
W2146,42.68793406,-71.13865086,Shawsheen,2010.0,2010.0,6,23.46666666666667,7.533333333333334,1.5,25.46666666666667,7.033333333333334,0,0,0,0.0,
W2147,42.56945269,-71.21526802,Shawsheen,2010.0,2010.0,6,22.150000000000002,6.816666666666666,2.0,24.150000000000002,6.316666666666666,0,1,1,0.0,0.0
W2148,42.61704681,-71.16789529,Shawsheen,2010.0,2010.0,6,22.46666666666667,6.966666666666666,2.0,24.46666666666667,6.466666666666666,0,0,0,0.0,
W2149,42.51707907,-71.24471208,Shawsheen,2010.0,2010.0,6,21.616666666666664,7.416666666666667,2.0,23.616666666666664,6.916666666666667,0,0,0,0.0,
W2150,42.50955132,-71.03640039,North Coastal,2010.0,2010.0,6,20.433333333333334,4.233333333333333,2.8333333333333335,22.433333333333334,3.733333333333334,6,6,0,100.0,0.0
W2151,42.52481982,-70.92071248,North Coastal,2010.0,2010.0,6,21.516666666666666,8.483333333333334,1.8333333333333333,23.516666666666666,7.983333333333334,0,0,0,0.0,
W2152,42.15062894,-71.42890888,Charles,2010.0,2010.0,6,22.55,4.866666666666666,2.6666666666666665,24.55,4.366666666666666,3,6,3,50.0,100.0
W2153,42.17837899,-71.38380876,Charles,2010.0,2010.0,2,20.6,5.65,2.0,22.6,5.15,0,1,1,0.0,0.0
W2155,42.2331578,-71.32439929,Charles,2010.0,2010.0,6,18.616666666666664,8.016666666666667,2.0,20.616666666666667,7.516666666666667,0,0,0,0.0,
W2156,42.32625938,-71.26402999,Charles,2010.0,2010.0,6,25.933333333333334,8.266666666666667,2.0,27.933333333333334,7.766666666666667,0,0,0,0.0,
W2157,42.12140046,-71.45251286,Charles,2010.0,2010.0,6,23.700000000000003,6.633333333333333,2.0,25.700000000000003,6.133333333333333,0,0,0,0.0,
W2158,42.70975424,-71.85170033,Merrimack,2010.0,2010.0,6,17.400000000000002,8.283333333333333,2.0,19.400000000000002,7.783333333333332,0,0,0,0.0,
W2159,42.64641775,-71.40503654,Merrimack,2010.0,2010.0,4,16.55,8.0,2.0,18.55,7.5,0,0,0,0.0,
W2160,42.84388438,-71.00469926,Merrimack,2010.0,2010.0,6,23.099999999999998,6.116666666666667,1.8333333333333333,25.099999999999998,5.616666666666667,0,1,1,0.0,0.0
W2161,42.74648546,-71.04070809,Merrimack,2010.0,2010.0,6,21.983333333333334,8.416666666666666,1.8333333333333333,23.983333333333334,7.916666666666667,0,0,0,0.0,
W2162,42.79801999,-71.10455406,Merrimack,2010.0,2010.0,6,22.433333333333334,6.3999999999999995,1.8333333333333333,24.433333333333334,5.8999999999999995,0,0,0,0.0,
W2163,42.28135393,-72.72939605,Connecticut,2014.0,2014.0,3,17.366666666666664,10.200000000000001,1.3333333333333333,19.366666666666664,9.700000000000001,0,0,0,0.0,
W2164,42.2354613,-72.27899479,Chicopee,2014.0,2014.0,3,20.099999999999998,9.700000000000001,1.6666666666666667,22.099999999999998,9.200000000000001,0,0,0,0.0,
W2165,42.22337829,-72.17965076,Chicopee,2014.0,2014.0,3,21.7,7.366666666666667,1.6666666666666667,23.7,6.866666666666667,0,0,0,0.0,
W2166,42.26215141,-72.10659989,Chicopee,2014.0,2014.0,3,16.733333333333334,9.066666666666666,1.6666666666666667,18.733333333333334,8.566666666666666,0,0,0,0.0,
W2167,42.6258075,-71.38835243,Merrimack,2010.0,2010.0,4,18.775,8.225,2.0,20.775,7.725,0,0,0,0.0,
W2168,42.65733113,-70.93965944,Ipswich,2010.0,2010.0,4,21.075000000000003,4.65,2.0,23.075000000000003,4.15,1,3,2,25.0,200.0
W2173,42.02988442,-70.85262833,Taunton,2015.0,2015.0,10,21.29,7.62,1.2,23.29,7.12,3,3,0,30.0,0.0
W2177,42.56670939,-71.95196358,Millers,2011.0,2011.0,6,21.96666666666667,6.566666666666666,2.0,23.96666666666667,6.066666666666666,0,0,0,0.0,
W2178,42.58657345,-71.8162291,Nashua,2011.0,2011.0,2,15.95,9.600000000000001,2.0,17.95,9.100000000000001,0,0,0,0.0,
W2179,41.91786565,-71.35216051,Ten Mile,2011.0,2011.0,6,19.366666666666664,7.433333333333334,2.0,21.366666666666664,6.933333333333334,0,0,0,0.0,
W2180,42.52661784,-71.75691548,Nashua,2011.0,2011.0,6,21.883333333333336,8.5,2.0,23.883333333333336,8.0,0,0,0,0.0,
W2181,42.20291112,-71.85617251,Blackstone,2011.0,2011.0,6,22.2,7.3500000000000005,1.6666666666666667,24.2,6.8500000000000005,0,0,0,0.0,
W2182,42.09310671,-71.73709013,Blackstone,2011.0,2011.0,6,25.03333333333333,8.566666666666666,2.0,27.03333333333333,8.066666666666666,0,0,0,0.0,
W2183,42.62531983,-72.19502942,Millers,2011.0,2011.0,6,17.233333333333334,8.883333333333335,2.0,19.233333333333334,8.383333333333335,0,0,0,0.0,
W2184,42.04216137,-72.09714696,Quinebaug,2011.0,2011.0,6,20.433333333333334,8.333333333333334,1.6666666666666667,22.433333333333334,7.833333333333333,0,0,0,0.0,
W2185,42.32657968,-71.86537248,Blackstone,2011.0,2011.0,5,18.060000000000002,6.4799999999999995,2.2,20.060000000000002,5.9799999999999995,1,1,0,20.0,0.0
W2186,42.55308278,-71.66947411,Nashua,2011.0,2011.0,6,24.700000000000003,7.933333333333334,2.0,26.700000000000003,7.433333333333334,0,0,0,0.0,
W2187,42.10454751,-71.92879763,French,2011.0,2011.0,6,23.133333333333336,7.233333333333333,1.6666666666666667,25.133333333333336,6.733333333333333,0,0,0,0.0,
W2188,42.20836571,-71.69757011,Blackstone,2011.0,2020.0,8,23.175,7.824999999999999,1.75,25.175,7.324999999999999,0,0,0,0.0,
W2189,42.07674201,-72.02541007,Quinebaug,2011.0,2011.0,6,19.75,9.0,1.6666666666666667,21.75,8.5,0,0,0,0.0,
W2190,42.55979904,-71.86605175,Nashua,2011.0,2011.0,6,22.21666666666667,8.216666666666667,2.0,24.21666666666667,7.716666666666666,0,0,0,0.0,
W2191,42.05772637,-72.18751776,Quinebaug,2011.0,2011.0,6,17.416666666666668,9.200000000000001,1.6666666666666667,19.416666666666668,8.700000000000001,0,0,0,0.0,
W2192,42.02755221,-71.48301448,Blackstone,2011.0,2011.0,6,20.2,7.2,2.0,22.2,6.7,0,0,0,0.0,
W2193,42.61497981,-72.40184008,Millers,2011.0,2011.0,6,15.65,9.183333333333334,2.0,17.650000000000002,8.683333333333334,0,0,0,0.0,
W2194,42.58213165,-71.90260492,Nashua,2011.0,2011.0,6,20.616666666666664,8.450000000000001,2.0,22.616666666666664,7.95,0,0,0,0.0,
W2195,42.67731084,-71.9407684,Millers,2011.0,2011.0,6,20.583333333333332,8.1,2.0,22.583333333333332,7.6000000000000005,0,0,0,0.0,
W2197,42.64253866,-72.2573654,Millers,2011.0,2011.0,6,19.650000000000002,7.316666666666666,2.0,21.650000000000002,6.816666666666666,0,0,0,0.0,
W2198,42.12335485,-72.20669311,Quinebaug,2011.0,2011.0,4,20.725,4.9,2.75,22.725,4.4,3,3,0,75.0,0.0
W2199,42.55623608,-72.23102678,Millers,2011.0,2011.0,5,19.06,8.5,2.0,21.06,8.0,0,0,0,0.0,
W2200,42.57871152,-71.82995728,Nashua,2011.0,2011.0,6,22.366666666666664,8.816666666666666,2.0,24.366666666666664,8.316666666666666,0,0,0,0.0,
W2201,42.16426655,-71.9488559,French,2011.0,2011.0,6,20.666666666666668,8.266666666666667,1.6666666666666667,22.666666666666668,7.766666666666667,0,0,0,0.0,
W2202,42.58178925,-72.32696346,Millers,2011.0,2011.0,6,14.15,7.616666666666667,2.0,16.150000000000002,7.116666666666667,0,0,0,0.0,
W2203,42.23909491,-71.8258417,Blackstone,2011.0,2011.0,8,24.4875,8.125,2.0,26.4875,7.625,0,0,0,0.0,
W2205,42.53192718,-71.57910918,Nashua,2011.0,2011.0,6,22.616666666666664,6.266666666666667,2.0,24.616666666666664,5.766666666666667,0,0,0,0.0,
W2206,42.13693403,-72.10313327,Quinebaug,2011.0,2011.0,6,17.983333333333334,7.75,1.6666666666666667,19.983333333333334,7.25,0,0,0,0.0,
W2207,42.02932229,-71.60542161,Blackstone,2011.0,2011.0,6,19.55,7.216666666666666,2.0,21.55,6.716666666666666,0,0,0,0.0,
W2208,42.23359373,-71.8557513,Blackstone,2011.0,2011.0,6,21.383333333333336,8.35,2.0,23.383333333333336,7.849999999999999,0,0,0,0.0,
W2209,42.59040888,-71.86334389,Nashua,2011.0,2011.0,6,19.566666666666666,8.816666666666666,2.0,21.566666666666666,8.316666666666666,0,0,0,0.0,
W2210,41.89640012,-71.33321453,Ten Mile,2011.0,2011.0,6,22.75,7.45,2.0,24.75,6.95,0,0,0,0.0,
W2211,42.6674075,-72.00414064,Millers,2011.0,2011.0,6,19.733333333333334,6.683333333333334,2.1666666666666665,21.733333333333334,6.183333333333334,1,1,0,16.666666666666664,0.0
W2212,42.47692289,-71.72378538,Nashua,2011.0,2011.0,6,19.7,8.633333333333333,2.0,21.7,8.133333333333333,0,0,0,0.0,
W2213,42.1427144,-71.86184525,French,2011.0,2011.0,6,19.166666666666668,8.466666666666667,1.6666666666666667,21.166666666666668,7.966666666666666,0,0,0,0.0,
W2214,42.06151141,-72.06454171,Quinebaug,2011.0,2011.0,6,19.3,8.516666666666667,1.6666666666666667,21.3,8.016666666666667,0,0,0,0.0,
W2215,42.65715091,-72.13290955,Millers,2011.0,2011.0,6,22.566666666666666,4.733333333333333,2.6666666666666665,24.566666666666666,4.233333333333333,4,5,1,66.66666666666666,25.0
W2216,42.5334948,-71.90277886,Nashua,2011.0,2011.0,2,14.1,6.699999999999999,2.0,16.1,6.199999999999999,0,0,0,0.0,
W2218,42.46470593,-72.38454489,Chicopee,2011.0,2017.0,18,16.994444444444444,9.066666666666666,1.7222222222222223,18.994444444444444,8.566666666666666,0,0,0,0.0,
W2219,42.25020895,-72.65892694,Connecticut,2014.0,2014.0,3,13.700000000000001,9.333333333333334,1.3333333333333333,15.700000000000001,8.833333333333334,0,0,0,0.0,
W2220,42.03481475,-72.16158627,Quinebaug,2013.0,2017.0,12,17.683333333333334,8.933333333333334,1.6666666666666667,19.683333333333334,8.433333333333334,0,0,0,0.0,
W2222,42.63256876,-72.97439535,Deerfield,2013.0,2017.0,13,17.184615384615384,9.353846153846153,1.7692307692307692,19.184615384615384,8.853846153846153,0,0,0,0.0,
W2223,42.16782704,-72.94935172,Westfield,2011.0,2013.0,6,18.1,9.066666666666666,1.8333333333333333,20.1,8.566666666666666,0,0,0,0.0,
W2225,42.0627483,-72.40559074,Connecticut,2011.0,2011.0,2,19.450000000000003,8.05,2.0,21.450000000000003,7.550000000000001,0,0,0,0.0,
W2226,42.38381603,-71.83775116,Nashua,2013.0,2016.0,16,18.86875,8.575,1.75,20.86875,8.075,0,0,0,0.0,
W2227,42.63595037,-71.30148697,Concord (SuAsCo),2011.0,2016.0,20,14.89,10.584999999999999,1.25,16.89,10.084999999999999,0,0,0,0.0,
W2243,42.54141177,-72.88420012,Westfield,2012.0,2012.0,3,13.533333333333333,9.366666666666667,2.0,15.533333333333333,8.866666666666667,0,0,0,0.0,
W2244,42.67416852,-72.73352769,Deerfield,2012.0,2012.0,3,21.46666666666667,9.0,1.6666666666666667,23.46666666666667,8.5,0,0,0,0.0,
W2245,42.45191218,-73.30161974,Housatonic,2012.0,2012.0,3,21.400000000000002,7.666666666666667,2.0,23.400000000000002,7.166666666666667,0,0,0,0.0,
W2246,42.40624326,-72.88766468,Westfield,2012.0,2012.0,2,16.05,9.85,2.0,18.05,9.35,0,0,0,0.0,
W2247,42.23747744,-72.8853956,Westfield,2012.0,2012.0,3,22.433333333333334,9.433333333333332,2.0,24.433333333333334,8.933333333333332,0,0,0,0.0,
W2248,42.59824776,-72.61591962,Deerfield,2012.0,2012.0,3,20.433333333333334,8.633333333333333,1.6666666666666667,22.433333333333334,8.133333333333333,0,0,0,0.0,
W2249,42.25259045,-73.21962782,Housatonic,2012.0,2012.0,3,19.833333333333332,8.200000000000001,2.0,21.833333333333332,7.7,0,0,0,0.0,
W2250,42.04759931,-73.01699669,Farmington,2012.0,2012.0,3,16.933333333333334,8.799999999999999,2.0,18.933333333333334,8.299999999999999,0,0,0,0.0,
W2251,42.63919882,-72.93808435,Deerfield,2012.0,2012.0,3,21.400000000000002,9.033333333333333,2.0,23.400000000000002,8.533333333333333,0,0,0,0.0,
W2252,42.24776313,-73.28034588,Housatonic,2012.0,2017.0,15,18.040000000000003,8.72,1.8,20.040000000000003,8.22,0,0,0,0.0,
W2253,42.51152705,-72.80105071,Deerfield,2012.0,2012.0,2,19.85,8.35,2.0,21.85,7.85,0,0,0,0.0,
W2255,42.73205357,-72.71945734,Deerfield,2012.0,2012.0,3,22.0,9.1,1.6666666666666667,24.0,8.6,0,0,0,0.0,
W2256,42.54503215,-73.31275339,Kinderhook,2012.0,2012.0,3,14.833333333333334,9.066666666666666,2.0,16.833333333333332,8.566666666666666,0,0,0,0.0,
W2257,42.16952122,-72.9736829,Westfield,2012.0,2012.0,3,19.2,8.133333333333333,2.0,21.2,7.633333333333333,0,0,0,0.0,
W2258,42.47391986,-73.1412082,Housatonic,2012.0,2012.0,1,25.3,8.9,2.0,27.3,8.4,0,0,0,0.0,
W2259,42.15946034,-73.12792409,Farmington,2012.0,2012.0,3,17.166666666666668,8.700000000000001,2.0,19.166666666666668,8.200000000000001,0,0,0,0.0,
W2260,42.50830194,-72.69870678,Deerfield,2012.0,2012.0,3,20.7,9.066666666666666,2.0,22.7,8.566666666666666,0,0,0,0.0,
W2261,42.66954163,-73.10371096,Hoosic,2012.0,2012.0,3,19.933333333333334,9.033333333333333,2.0,21.933333333333334,8.533333333333333,0,0,0,0.0,
W2262,42.40226973,-72.9795908,Westfield,2012.0,2012.0,3,16.03333333333333,9.466666666666667,2.0,18.03333333333333,8.966666666666667,0,0,0,0.0,
W2263,42.6732761,-72.61264226,Deerfield,2012.0,2012.0,3,15.9,9.566666666666668,1.6666666666666667,17.900000000000002,9.066666666666668,0,0,0,0.0,
W2264,42.09976917,-72.80864416,Westfield,2012.0,2012.0,5,19.5,9.14,2.0,21.5,8.64,0,0,0,0.0,
W2265,42.70289803,-73.20019809,Hoosic,2012.0,2012.0,3,20.133333333333333,9.766666666666667,2.0,22.133333333333336,9.266666666666667,0,0,0,0.0,
W2266,42.27211249,-73.27397995,Housatonic,2012.0,2012.0,3,17.0,9.366666666666667,2.0,19.0,8.866666666666667,0,0,0,0.0,
W2267,42.11380288,-73.23231291,Housatonic,2012.0,2012.0,3,16.433333333333334,8.366666666666667,2.0,18.433333333333334,7.866666666666667,0,0,0,0.0,
W2268,42.66112647,-73.10381096,Hoosic,2012.0,2012.0,3,19.566666666666666,9.033333333333333,2.0,21.566666666666666,8.533333333333333,0,0,0,0.0,
W2269,42.55160608,-73.01460875,Westfield,2012.0,2012.0,3,17.7,9.033333333333333,2.0,19.7,8.533333333333333,0,0,0,0.0,
W2270,42.26068784,-72.878683,Westfield,2012.0,2012.0,3,24.133333333333336,8.566666666666666,2.0,26.133333333333336,8.066666666666666,0,0,0,0.0,
W2271,42.3820888,-72.81255079,Westfield,2012.0,2012.0,2,21.0,7.4,2.0,23.0,6.9,0,0,0,0.0,
W2272,42.3572088,-73.35414315,Housatonic,2012.0,2012.0,3,18.866666666666667,8.933333333333334,2.0,20.866666666666667,8.433333333333334,0,0,0,0.0,
W2273,42.45247321,-72.87827159,Westfield,2012.0,2012.0,3,18.366666666666667,9.533333333333333,2.0,20.366666666666667,9.033333333333333,0,0,0,0.0,
W2274,42.24539082,-73.11391881,Farmington,2012.0,2012.0,3,19.066666666666666,8.433333333333334,2.0,21.066666666666666,7.933333333333334,0,0,0,0.0,
W2275,42.62826823,-72.64485764,Deerfield,2012.0,2012.0,3,19.066666666666666,9.166666666666666,1.6666666666666667,21.066666666666666,8.666666666666666,0,0,0,0.0,
W2276,42.08621595,-72.72793165,Westfield,2012.0,2012.0,2,19.799999999999997,10.1,2.0,21.799999999999997,9.6,0,0,0,0.0,
W2277,42.63908097,-72.72437309,Deerfield,2012.0,2012.0,3,21.400000000000002,10.333333333333334,1.6666666666666667,23.400000000000002,9.833333333333334,0,0,0,0.0,
W2279,42.55506751,-72.55825658,Connecticut,2014.0,2014.0,3,15.6,9.700000000000001,1.3333333333333333,17.599999999999998,9.200000000000001,0,0,0,0.0,
W2280,42.10614,-73.48299,Bashbish,2013.0,2015.0,12,14.491666666666667,9.758333333333333,1.75,16.491666666666667,9.258333333333333,0,0,0,0.0,
W2282,42.71492884,-72.6693994,Deerfield,2013.0,2015.0,10,17.259999999999998,9.41,1.7,19.259999999999998,8.91,0,0,0,0.0,
W2283,42.32000999,-73.02774999,Westfield,2013.0,2015.0,12,17.233333333333334,9.275,1.75,19.233333333333334,8.775,0,0,0,0.0,
W2284,42.04638466,-71.6301536,Blackstone,2013.0,2020.0,17,20.241176470588236,8.58235294117647,1.7647058823529411,22.241176470588236,8.08235294117647,0,0,0,0.0,
W2286,42.70347188,-72.95887989,Deerfield,2013.0,2015.0,11,15.127272727272727,9.745454545454546,1.7272727272727273,17.12727272727273,9.245454545454546,0,0,0,0.0,
W2287,42.69539254,-72.22718449,Millers,2013.0,2019.0,15,18.21333333333333,7.493333333333333,1.6666666666666667,20.21333333333333,6.993333333333334,0,0,0,0.0,
W2290,42.04079295,-72.48489555,Connecticut,2014.0,2014.0,3,15.799999999999999,9.433333333333332,1.6666666666666667,17.8,8.933333333333332,0,0,0,0.0,
W2291,42.38648751,-73.25940756,Housatonic,2013.0,2017.0,16,18.025,8.875,1.75,20.025,8.375,0,0,0,0.0,
W2298,42.62731387,-73.22431951,Hoosic,2017.0,2017.0,4,15.825,9.4,1.75,17.825,8.9,0,0,0,0.0,
W2324,42.44207131,-72.36869256,Chicopee,2014.0,2014.0,3,17.066666666666666,9.233333333333333,1.3333333333333333,19.066666666666666,8.733333333333333,0,0,0,0.0,
W2350,42.09324205,-72.31183457,Chicopee,2014.0,2014.0,3,16.533333333333335,9.6,1.6666666666666667,18.533333333333335,9.1,0,0,0,0.0,
W2372,41.90037801,-71.09399859,Taunton,2013.0,2019.0,6,23.150000000000002,7.833333333333333,1.8333333333333333,25.150000000000002,7.333333333333333,0,0,0,0.0,
W2373,41.95255141,-71.22476066,Taunton,2013.0,2013.0,2,23.4,7.45,2.0,25.4,6.95,0,0,0,0.0,
W2374,41.72789933,-70.79814166,Buzzards Bay,2013.0,2013.0,3,21.900000000000002,6.3,1.6666666666666667,23.900000000000002,5.8,0,1,1,0.0,0.0
W2375,42.0184717,-70.92252609,Taunton,2013.0,2013.0,3,23.333333333333332,5.5,2.3333333333333335,25.333333333333332,5.0,1,1,0,33.33333333333333,0.0
W2376,41.74470234,-71.2482622,Mount Hope Bay (Shore),2013.0,2013.0,2,20.35,7.4,2.0,22.35,6.9,0,0,0,0.0,
W2377,42.06112594,-71.2165861,Taunton,2013.0,2019.0,6,19.033333333333335,7.366666666666667,1.8333333333333333,21.033333333333335,6.866666666666667,0,0,0,0.0,
W2378,42.08257418,-71.03007602,Taunton,2013.0,2013.0,2,21.6,6.8,2.0,23.6,6.3,0,0,0,0.0,
W2379,41.90743834,-70.97991603,Taunton,2013.0,2013.0,3,17.333333333333332,7.166666666666667,2.0,19.333333333333332,6.666666666666667,0,0,0,0.0,
W2380,41.84611359,-71.2625509,Narragansett Bay (Shore),2013.0,2013.0,3,22.833333333333332,7.3,2.0,24.833333333333332,6.8,0,0,0,0.0,
W2381,41.98836801,-71.03545292,Taunton,2013.0,2013.0,2,20.75,2.0,2.5,22.75,1.5,2,2,0,100.0,0.0
W2382,41.75570188,-70.9831251,Taunton,2013.0,2013.0,2,20.299999999999997,4.5,3.0,22.299999999999997,4.0,2,2,0,100.0,0.0
W2383,41.80069261,-71.30434109,Narragansett Bay (Shore),2013.0,2013.0,2,22.549999999999997,5.85,2.0,24.549999999999997,5.35,0,1,1,0.0,0.0
W2384,42.01558538,-71.05266156,Taunton,2013.0,2013.0,3,21.766666666666666,6.6000000000000005,2.0,23.766666666666666,6.1000000000000005,0,0,0,0.0,
W2385,42.24343046,-71.09437763,Neponset,2013.0,2013.0,3,20.099999999999998,5.2,2.0,22.099999999999998,4.7,1,2,1,33.33333333333333,100.0
W2386,42.06811651,-70.91424154,Taunton,2013.0,2013.0,3,22.366666666666664,4.833333333333333,2.3333333333333335,24.366666666666664,4.333333333333333,1,2,1,33.33333333333333,100.0
W2387,41.7773089,-71.19253246,Mount Hope Bay (Shore),2013.0,2013.0,2,20.1,5.949999999999999,2.0,22.1,5.449999999999999,0,0,0,0.0,
W2388,41.67967123,-70.84082513,Buzzards Bay,2013.0,2013.0,3,21.400000000000002,7.866666666666667,1.6666666666666667,23.400000000000002,7.366666666666667,0,0,0,0.0,
W2389,41.9093812,-71.0981243,Taunton,2013.0,2013.0,3,23.766666666666666,7.766666666666667,2.0,25.766666666666666,7.266666666666667,0,0,0,0.0,
W2390,42.49511888,-71.1361368,Mystic,2013.0,2013.0,3,21.46666666666667,4.0,2.3333333333333335,23.46666666666667,3.5,3,3,0,100.0,0.0
W2391,41.64357833,-70.45336867,Cape Cod,2013.0,2013.0,3,24.599999999999998,5.2,2.6666666666666665,26.599999999999998,4.7,2,2,0,66.66666666666666,0.0
W2392,41.70289295,-70.10477526,Cape Cod,2013.0,2013.0,3,23.03333333333333,7.466666666666666,1.6666666666666667,25.03333333333333,6.966666666666666,0,0,0,0.0,
W2393,41.98949513,-71.1737167,Taunton,2013.0,2013.0,2,19.15,6.5,2.0,21.15,6.0,0,0,0,0.0,
W2394,41.64180645,-71.0764565,Buzzards Bay,2013.0,2013.0,2,19.4,7.8999999999999995,2.0,21.4,7.3999999999999995,0,0,0,0.0,
W2395,42.2422342,-70.85910564,Weymouth & Weir,2013.0,2013.0,3,21.53333333333333,6.833333333333333,1.3333333333333333,23.53333333333333,6.333333333333333,0,0,0,0.0,
W2396,41.8814227,-70.90942651,Taunton,2013.0,2013.0,3,22.46666666666667,1.8666666666666665,3.3333333333333335,24.46666666666667,1.3666666666666665,3,3,0,100.0,0.0
W2397,41.72740826,-70.85635593,Buzzards Bay,2013.0,2013.0,3,22.666666666666668,7.466666666666666,1.6666666666666667,24.666666666666668,6.966666666666666,0,0,0,0.0,
W2398,41.8647818,-71.22918554,Narragansett Bay (Shore),2013.0,2013.0,3,20.966666666666665,7.3,2.0,22.96666666666667,6.8,0,0,0,0.0,
W2399,42.08658274,-70.75694672,South Coastal,2013.0,2013.0,3,20.066666666666666,7.866666666666667,1.0,22.066666666666666,7.366666666666667,0,0,0,0.0,
W2400,41.9325177,-71.07757733,Taunton,2013.0,2013.0,3,21.03333333333333,5.133333333333334,2.6666666666666665,23.03333333333333,4.633333333333334,1,2,1,33.33333333333333,100.0
W2401,42.42130109,-71.16909401,Mystic,2013.0,2013.0,3,20.5,8.533333333333333,1.3333333333333333,22.5,8.033333333333333,0,0,0,0.0,
W2402,42.00502696,-71.21344675,Taunton,2013.0,2019.0,6,21.816666666666666,7.45,1.8333333333333333,23.816666666666666,6.95,0,0,0,0.0,
W2403,42.19947614,-70.86206928,Weymouth & Weir,2013.0,2013.0,3,19.666666666666668,6.1000000000000005,1.3333333333333333,21.666666666666668,5.6000000000000005,1,1,0,33.33333333333333,0.0
W2404,41.63338435,-70.98602228,Buzzards Bay,2013.0,2013.0,2,21.35,6.45,2.0,23.35,5.95,0,0,0,0.0,
W2405,41.99746222,-70.95386851,Taunton,2013.0,2019.0,7,21.157142857142855,6.3999999999999995,1.7142857142857142,23.157142857142855,5.8999999999999995,0,2,2,0.0,0.0
W2406,42.0754278,-71.00963849,Taunton,2013.0,2013.0,3,21.266666666666666,7.366666666666667,1.6666666666666667,23.266666666666666,6.866666666666667,0,0,0,0.0,
W2407,41.94945845,-71.17552595,Taunton,2013.0,2013.0,2,23.15,8.0,2.0,25.15,7.5,0,0,0,0.0,
W2408,41.83058753,-71.32993703,Narragansett Bay (Shore),2013.0,2013.0,2,22.5,6.4,2.0,24.5,5.9,0,0,0,0.0,
W2409,42.706137,-71.751964,Nashua,2013.0,2014.0,8,18.175,8.3375,1.75,20.175,7.8375,0,0,0,0.0,
W2410,42.664623,-71.753811,Nashua,2013.0,2019.0,19,17.95263157894737,8.505263157894737,1.736842105263158,19.95263157894737,8.005263157894737,0,0,0,0.0,
W2411,41.562812,-71.133855,Buzzards Bay,2013.0,2016.0,12,19.075,7.716666666666666,1.75,21.075,7.216666666666666,0,1,1,0.0,0.0
W2412,41.77444,-71.08528,Taunton,2013.0,2013.0,3,18.2,9.066666666666666,1.6666666666666667,20.2,8.566666666666666,0,0,0,0.0,
W2413,42.00792,-71.70506,Blackstone,2013.0,2020.0,19,19.457894736842103,8.426315789473684,1.736842105263158,21.457894736842103,7.9263157894736835,0,0,0,0.0,
W2414,42.71500304,-72.66972243,Deerfield,2013.0,2015.0,11,18.745454545454546,9.481818181818182,1.7272727272727273,20.745454545454546,8.981818181818182,0,0,0,0.0,
W2453,42.55286755,-72.51950306,Connecticut,2014.0,2014.0,1,17.0,7.2,2.0,19.0,6.7,0,0,0,0.0,
W2454,42.33802189,-72.55536786,Connecticut,2014.0,2014.0,2,19.6,7.6,1.5,21.6,7.1,0,0,0,0.0,
W2455,42.2526325,-72.05643235,Chicopee,2014.0,2014.0,2,17.4,8.45,2.0,19.4,7.949999999999999,0,0,0,0.0,
W2456,42.47216953,-72.25680238,Chicopee,2014.0,2014.0,3,19.066666666666666,7.133333333333333,1.3333333333333333,21.066666666666666,6.633333333333333,0,0,0,0.0,
W2457,42.05933009,-72.27160475,Chicopee,2014.0,2014.0,3,16.633333333333333,7.5,1.6666666666666667,18.633333333333333,7.0,0,0,0,0.0,
W2458,42.0373016,-72.69990551,Connecticut,2014.0,2014.0,3,16.3,8.633333333333333,1.6666666666666667,18.3,8.133333333333333,0,0,0,0.0,
W2459,42.2036239,-72.00426939,Chicopee,2014.0,2014.0,2,14.700000000000001,5.550000000000001,2.0,16.700000000000003,5.050000000000001,1,1,0,50.0,0.0
W2460,42.26076443,-72.81803592,Connecticut,2014.0,2014.0,2,18.5,8.25,1.5,20.5,7.75,0,0,0,0.0,
W2461,42.47653586,-72.51860357,Connecticut,2014.0,2014.0,3,14.6,9.733333333333333,1.6666666666666667,16.599999999999998,9.233333333333333,0,0,0,0.0,
W2462,42.38732571,-72.37351445,Chicopee,2014.0,2014.0,3,16.066666666666666,9.366666666666667,1.3333333333333333,18.066666666666666,8.866666666666667,0,0,0,0.0,
W2463,42.27003392,-72.594205,Connecticut,2014.0,2014.0,3,21.53333333333333,7.833333333333333,1.3333333333333333,23.53333333333333,7.333333333333333,0,0,0,0.0,
W2466,41.77254787,-71.08494839,Taunton,2014.0,2019.0,15,18.16,8.633333333333333,1.4666666666666666,20.16,8.133333333333333,0,0,0,0.0,
W2506,42.616929,-70.9964121,Ipswich,2015.0,2015.0,3,21.96666666666667,4.533333333333334,2.3333333333333335,23.96666666666667,4.033333333333334,2,3,1,66.66666666666666,50.0
W2507,42.5943564,-71.3406697,Concord (SuAsCo),2015.0,2015.0,3,19.599999999999998,3.8666666666666667,2.0,21.599999999999998,3.3666666666666667,2,3,1,66.66666666666666,50.0
W2508,42.2247791,-71.4776709,Concord (SuAsCo),2015.0,2015.0,3,18.033333333333335,4.966666666666667,1.6666666666666667,20.033333333333335,4.466666666666667,1,2,1,33.33333333333333,100.0
W2509,42.1049813,-71.4584048,Charles,2015.0,2015.0,3,18.466666666666665,5.466666666666666,2.0,20.466666666666665,4.966666666666667,2,2,0,66.66666666666666,0.0
W2510,42.6718435,-71.3444481,Merrimack,2015.0,2015.0,3,21.033333333333335,7.699999999999999,1.3333333333333333,23.03333333333333,7.199999999999999,0,0,0,0.0,
W2511,42.4276412,-71.4854492,Concord (SuAsCo),2015.0,2015.0,3,19.466666666666665,4.533333333333333,2.0,21.46666666666667,4.033333333333333,2,2,0,66.66666666666666,0.0
W2512,42.8659286,-70.9615914,Merrimack,2015.0,2015.0,3,21.599999999999998,3.6999999999999997,2.3333333333333335,23.599999999999998,3.1999999999999997,3,3,0,100.0,0.0
W2513,42.2532139,-71.56727,Concord (SuAsCo),2015.0,2015.0,3,17.933333333333334,1.8333333333333333,2.3333333333333335,19.933333333333334,1.3333333333333333,3,3,0,100.0,0.0
W2514,42.3049376,-71.2338344,Charles,2015.0,2015.0,3,15.733333333333334,8.4,1.6666666666666667,17.733333333333334,7.8999999999999995,0,0,0,0.0,
W2515,42.5790278,-70.9915364,Ipswich,2015.0,2015.0,3,22.53333333333333,2.1333333333333333,3.0,24.53333333333333,1.6333333333333335,3,3,0,100.0,0.0
W2516,42.6253944,-71.3890868,Merrimack,2015.0,2015.0,3,20.633333333333336,8.466666666666667,1.3333333333333333,22.633333333333336,7.966666666666666,0,0,0,0.0,
W2517,42.7350352,-70.9427296,Parker,2015.0,2015.0,3,14.266666666666666,9.700000000000001,1.3333333333333333,16.266666666666666,9.200000000000001,0,0,0,0.0,
W2518,42.3900984,-71.1967182,Charles,2015.0,2015.0,3,20.433333333333334,8.666666666666666,1.6666666666666667,22.433333333333334,8.166666666666666,0,0,0,0.0,
W2519,42.4958058,-71.0387409,North Coastal,2015.0,2015.0,3,21.53333333333333,5.166666666666667,2.3333333333333335,23.53333333333333,4.666666666666667,2,2,0,66.66666666666666,0.0
W2520,42.347696,-71.5179405,Concord (SuAsCo),2015.0,2015.0,3,18.933333333333334,4.633333333333334,1.6666666666666667,20.933333333333334,4.133333333333334,1,2,1,33.33333333333333,100.0
W2521,42.6339232,-70.9747374,Ipswich,2015.0,2015.0,3,18.966666666666665,5.3,2.0,20.966666666666665,4.8,2,2,0,66.66666666666666,0.0
W2522,42.5017852,-71.2407158,Shawsheen,2015.0,2015.0,3,20.433333333333334,0.6333333333333333,2.6666666666666665,22.433333333333334,0.16666666666666666,3,3,0,100.0,0.0
W2523,42.6971169,-71.1439954,Shawsheen,2015.0,2015.0,3,21.866666666666664,8.266666666666666,1.3333333333333333,23.866666666666664,7.766666666666667,0,0,0,0.0,
W2524,42.4768312,-71.5654205,Concord (SuAsCo),2015.0,2015.0,1,17.8,4.1,3.0,19.8,3.5999999999999996,1,1,0,100.0,0.0
W2525,42.4356962,-71.5704097,Concord (SuAsCo),2015.0,2015.0,3,19.466666666666665,6.933333333333334,1.3333333333333333,21.46666666666667,6.433333333333334,0,0,0,0.0,
W2526,42.5718288,-71.0962545,Ipswich,2015.0,2015.0,3,21.433333333333334,5.0,2.6666666666666665,23.433333333333334,4.5,2,2,0,66.66666666666666,0.0
W2527,42.5267785,-71.4134214,Concord (SuAsCo),2015.0,2015.0,2,17.9,4.85,2.0,19.9,4.35,1,1,0,50.0,0.0
W2528,42.2910744,-71.6885308,Concord (SuAsCo),2015.0,2015.0,3,18.233333333333334,8.366666666666667,1.3333333333333333,20.233333333333334,7.866666666666667,0,0,0,0.0,
W2529,42.6297304,-71.5061583,Merrimack,2015.0,2015.0,3,19.599999999999998,4.2,2.0,21.599999999999998,3.6999999999999997,2,3,1,66.66666666666666,50.0
W2530,42.1217687,-71.3654398,Charles,2015.0,2015.0,3,17.333333333333332,3.0666666666666664,2.0,19.333333333333332,2.5666666666666664,2,3,1,66.66666666666666,50.0
W2531,42.2871321,-71.6512886,Concord (SuAsCo),2015.0,2015.0,3,20.2,6.766666666666667,1.3333333333333333,22.2,6.266666666666667,0,0,0,0.0,
W2532,42.8261109,-70.9840121,Merrimack,2015.0,2015.0,3,23.833333333333332,9.433333333333334,1.3333333333333333,25.833333333333332,8.933333333333334,0,0,0,0.0,
W2533,42.6681776,-71.3263353,Merrimack,2015.0,2015.0,3,22.566666666666666,8.433333333333334,1.3333333333333333,24.566666666666666,7.933333333333334,0,0,0,0.0,
W2534,42.5975906,-71.4475714,Merrimack,2015.0,2015.0,1,22.0,0.5,3.0,24.0,0.0,1,1,0,100.0,0.0
W2535,42.494062,-71.2559826,Shawsheen,2015.0,2015.0,1,23.6,6.8,2.0,25.6,6.3,0,0,0,0.0,
W2536,42.3193238,-71.3955834,Concord (SuAsCo),2015.0,2015.0,3,22.233333333333334,8.833333333333334,1.3333333333333333,24.233333333333334,8.333333333333334,0,0,0,0.0,
W2537,42.1870159,-71.3758224,Charles,2015.0,2015.0,3,18.066666666666666,4.233333333333333,2.0,20.066666666666666,3.733333333333333,2,2,0,66.66666666666666,0.0
W2538,42.6521945,-71.1509714,Shawsheen,2015.0,2015.0,3,21.166666666666668,7.233333333333333,1.3333333333333333,23.166666666666668,6.733333333333333,0,0,0,0.0,
W2539,42.6091843,-71.411679,Merrimack,2015.0,2015.0,3,20.2,8.466666666666667,1.3333333333333333,22.2,7.966666666666666,0,0,0,0.0,
W2540,42.700651,-71.487647,Merrimack,2015.0,2016.0,7,19.771428571428572,2.3857142857142857,2.7142857142857144,21.771428571428572,1.8857142857142857,7,7,0,100.0,0.0
W2541,42.444418,-71.551697,Concord (SuAsCo),2015.0,2016.0,7,21.714285714285715,7.457142857142857,1.7142857142857142,23.714285714285715,6.957142857142857,0,0,0,0.0,
W2542,42.618394,-71.021129,Ipswich,2015.0,2016.0,7,20.785714285714285,2.6999999999999997,2.857142857142857,22.785714285714285,2.2,7,7,0,100.0,0.0
W2543,42.733424,-70.904624,Parker,2015.0,2016.0,8,20.3875,4.7875,2.25,22.3875,4.2875,4,6,2,50.0,50.0
W2544,42.398058,-71.658249,Concord (SuAsCo),2015.0,2016.0,8,21.4,8.125,1.75,23.4,7.625,0,0,0,0.0,
W2545,42.34376837,-72.95334229,Westfield,2015.0,2015.0,4,16.65,9.825,1.75,18.65,9.325,0,0,0,0.0,
W2547,42.56231539,-71.33630595,Concord (SuAsCo),2015.0,2016.0,7,11.428571428571429,9.857142857142858,1.2857142857142858,13.428571428571429,9.357142857142858,0,0,0,0.0,
W2548,42.61458152,-71.32256374,Concord (SuAsCo),2015.0,2016.0,7,14.085714285714287,7.528571428571429,1.4285714285714286,16.085714285714285,7.028571428571429,1,1,0,14.285714285714285,0.0
W2549,42.63381819,-71.30053328,Concord (SuAsCo),2015.0,2016.0,7,16.928571428571427,9.271428571428572,1.2857142857142858,18.928571428571427,8.771428571428572,0,0,0,0.0,
W2619,42.05296096,-72.15851801,Quinebaug,2016.0,2016.0,20,23.475,6.45,2.2,25.475,5.965,4,4,0,20.0,0.0
W2620,42.42484642,-72.48672107,Connecticut,2016.0,2016.0,22,21.104545454545455,6.954545454545454,2.227272727272727,23.104545454545455,6.454545454545454,5,5,0,22.727272727272727,0.0
W2621,42.25157365,-73.06217159,Westfield,2016.0,2016.0,17,22.75294117647059,7.4411764705882355,1.6470588235294117,24.75294117647059,6.9411764705882355,1,1,0,5.88235294117647,0.0
W2622,42.31238075,-73.13334482,Westfield,2016.0,2016.0,14,22.37857142857143,6.942857142857143,1.7142857142857142,24.37857142857143,6.442857142857143,1,1,0,7.142857142857142,0.0
W2623,42.72687692,-71.98870188,Millers,2016.0,2016.0,19,20.71578947368421,6.752631578947369,2.210526315789474,22.71578947368421,6.252631578947368,4,4,0,21.052631578947366,0.0
W2624,42.45860912,-72.13100007,Chicopee,2016.0,2016.0,14,22.442857142857143,6.2,2.0714285714285716,24.442857142857143,5.7,1,1,0,7.142857142857142,0.0
W2625,42.1169928,-71.90951431,French,2016.0,2016.0,16,22.44375,6.4125,1.5625,24.44375,5.9125,1,3,2,6.25,200.0
W2626,42.4122105,-72.83425736,Westfield,2016.0,2016.0,12,22.258333333333336,6.875,1.4166666666666667,24.258333333333336,6.375,1,1,0,8.333333333333332,0.0
W2627,42.12009007,-72.13122415,Quinebaug,2016.0,2016.0,18,21.211111111111112,6.75,1.8333333333333333,23.211111111111112,6.266666666666667,3,3,0,16.666666666666664,0.0
W2628,42.16259277,-73.11804242,Farmington,2016.0,2016.0,21,22.09047619047619,6.876190476190477,1.9047619047619047,24.09047619047619,6.376190476190477,5,6,1,23.809523809523807,20.0
W2629,42.53538777,-72.11401537,Chicopee,2016.0,2016.0,22,21.927272727272726,7.427272727272728,2.1363636363636362,23.927272727272726,6.927272727272728,3,3,0,13.636363636363635,0.0
W2630,42.32791673,-73.36695718,Housatonic,2016.0,2016.0,11,23.38181818181818,6.790909090909091,2.0,25.38181818181818,6.290909090909091,3,3,0,27.27272727272727,0.0
W2631,42.35064193,-71.99240896,Chicopee,2016.0,2016.0,19,22.7,8.105263157894736,2.0,24.7,7.605263157894737,0,1,1,0.0,0.0
W2632,42.68633588,-73.09319174,Hoosic,2016.0,2016.0,15,23.98,6.906666666666666,1.6666666666666667,25.98,6.406666666666666,3,3,0,20.0,0.0
W2633,42.3121799,-72.23904354,Chicopee,2016.0,2016.0,13,23.207692307692305,6.292307692307692,2.0,25.207692307692305,5.792307692307692,3,3,0,23.076923076923077,0.0
W2634,42.55110325,-72.94258179,Deerfield,2016.0,2016.0,9,23.22222222222222,8.18888888888889,1.6666666666666667,25.22222222222222,7.688888888888889,0,0,0,0.0,
W2635,42.636926,-72.24684588,Millers,2016.0,2016.0,17,22.241176470588236,6.917647058823529,2.0588235294117645,24.241176470588236,6.417647058823529,1,2,1,5.88235294117647,100.0
W2636,42.54862493,-71.97261742,Millers,2016.0,2016.0,8,24.0875,7.175,1.625,26.0875,6.675,0,0,0,0.0,
W2637,42.05025716,-72.24662045,Chicopee,2016.0,2016.0,8,22.925,5.975,2.125,24.925,5.475,1,2,1,12.5,100.0
W2638,42.38136667,-73.16073334,Housatonic,2016.0,2016.0,15,21.006666666666668,7.4,1.6666666666666667,23.006666666666668,6.9,2,2,0,13.333333333333334,0.0
W2639,42.46965247,-72.66562458,Connecticut,2016.0,2016.0,30,19.65666666666667,7.516666666666667,2.066666666666667,21.65666666666667,7.016666666666667,2,3,1,6.666666666666667,50.0
W2640,42.245392,-71.91672999,French,2016.0,2016.0,18,22.6,7.838888888888889,1.6666666666666667,24.6,7.338888888888889,0,0,0,0.0,
W2641,42.26464411,-72.66845786,Connecticut,2016.0,2016.0,13,19.99230769230769,9.761538461538462,1.5384615384615385,21.99230769230769,9.261538461538462,2,2,0,15.384615384615385,0.0
W2642,42.31250093,-72.42809583,Connecticut,2016.0,2016.0,15,25.12666666666667,7.866666666666666,1.7333333333333334,27.12666666666667,7.366666666666666,0,0,0,0.0,
W2666,42.2585509,-71.8916635,Blackstone,2017.0,2017.0,16,20.4375,7.9375,1.75,22.4375,7.4375,1,1,0,6.25,0.0
W2668,42.2865424,-71.412718,Concord (SuAsCo),2017.0,2017.0,13,22.77692307692308,5.7153846153846155,1.8461538461538463,24.77692307692308,5.2153846153846155,4,4,0,30.76923076923077,0.0
W2670,42.4102831,-71.2674529,Charles,2017.0,2017.0,17,23.223529411764705,7.464705882352941,1.0,25.223529411764705,6.964705882352941,1,2,1,5.88235294117647,100.0
W2672,42.39611,-71.4949986,Concord (SuAsCo),2017.0,2017.0,17,21.294117647058822,7.423529411764706,1.5294117647058822,23.294117647058822,6.935294117647059,2,3,1,11.76470588235294,50.0
W2674,42.6167752,-71.42794,Merrimack,2017.0,2017.0,18,21.166666666666668,7.977777777777778,1.8888888888888888,23.166666666666668,7.477777777777778,3,3,0,16.666666666666664,0.0
W2676,42.0475462,-71.7682111,Blackstone,2017.0,2017.0,17,21.229411764705883,6.2823529411764705,1.9411764705882353,23.229411764705883,5.7823529411764705,5,5,0,29.411764705882355,0.0
W2678,42.7986363,-71.1439465,Merrimack,2017.0,2017.0,31,16.516129032258064,5.770967741935484,2.225806451612903,18.516129032258064,5.27741935483871,13,14,1,41.935483870967744,7.6923076923076925
W2680,42.7989549,-70.9325918,Merrimack,2017.0,2017.0,9,23.788888888888888,8.733333333333333,1.5555555555555556,25.788888888888888,8.233333333333333,0,0,0,0.0,
W2682,42.3019466,-71.5128697,Concord (SuAsCo),2017.0,2017.0,35,18.888571428571428,5.585714285714285,1.9142857142857144,20.888571428571428,5.085714285714285,16,17,1,45.714285714285715,6.25
W2684,42.5663185,-71.388142,Concord (SuAsCo),2017.0,2017.0,10,20.080000000000002,6.45,2.0,22.080000000000002,5.95,2,3,1,20.0,50.0
W2686,42.4942145,-71.7835053,Nashua,2017.0,2017.0,23,19.882608695652173,7.543478260869565,1.7826086956521738,21.882608695652173,7.043478260869565,3,3,0,13.043478260869565,0.0
W2688,42.5375642,-71.6046167,Nashua,2017.0,2017.0,9,22.055555555555557,6.377777777777777,2.4444444444444446,24.055555555555557,5.877777777777777,3,4,1,33.33333333333333,33.33333333333333
W2690,42.3059341,-71.6172087,Concord (SuAsCo),2017.0,2017.0,18,19.594444444444445,5.033333333333333,2.0,21.594444444444445,4.55,8,12,4,44.44444444444444,50.0
W2692,42.5083102,-71.8811837,Nashua,2017.0,2017.0,23,20.517391304347825,6.726086956521739,1.8695652173913044,22.517391304347825,6.239130434782608,5,5,0,21.73913043478261,0.0
W2694,42.1145632,-71.7422755,Blackstone,2017.0,2017.0,21,22.728571428571428,8.028571428571428,1.7142857142857142,24.728571428571428,7.5285714285714285,1,1,0,4.761904761904762,0.0
W2696,42.6613996,-71.8825117,Merrimack,2017.0,2017.0,15,22.92,8.213333333333333,2.0,24.92,7.713333333333334,0,0,0,0.0,
W2699,42.3766553,-71.7695512,Nashua,2017.0,2017.0,21,20.823809523809523,10.485714285714286,1.7142857142857142,22.823809523809523,9.985714285714286,1,1,0,4.761904761904762,0.0
W2701,42.495176,-71.0050255,North Coastal,2017.0,2017.0,21,18.247619047619047,6.252380952380953,2.2857142857142856,20.247619047619047,5.752380952380952,6,7,1,28.57142857142857,16.666666666666664
W2704,42.4446923,-71.1158183,Mystic,2017.0,2017.0,31,17.051612903225806,7.480645161290322,1.8709677419354838,19.051612903225806,6.987096774193549,5,5,0,16.129032258064516,0.0
W2706,42.4607823,-71.4322555,Concord (SuAsCo),2017.0,2017.0,7,23.7,6.828571428571428,1.5714285714285714,25.7,6.328571428571428,1,1,0,14.285714285714285,0.0
W2708,42.5168034,-71.8554472,Nashua,2017.0,2017.0,15,21.586666666666666,6.526666666666667,1.8,23.586666666666666,6.026666666666667,2,2,0,13.333333333333334,0.0
W2710,42.6074803,-71.1097834,Ipswich,2017.0,2017.0,15,23.19333333333333,5.926666666666667,1.8666666666666667,25.19333333333333,5.426666666666667,3,4,1,20.0,33.33333333333333
W2712,42.6487901,-71.8434475,Nashua,2017.0,2017.0,19,21.189473684210526,7.326315789473684,2.1052631578947367,23.189473684210526,6.826315789473684,2,3,1,10.526315789473683,50.0
W2715,42.6889889,-71.0370628,Ipswich,2017.0,2017.0,13,20.4,7.707692307692308,2.1538461538461537,22.4,7.207692307692308,2,2,0,15.384615384615385,0.0
W2717,42.3167909,-71.6184564,Concord (SuAsCo),2017.0,2017.0,9,20.655555555555555,5.988888888888889,1.5555555555555556,22.655555555555555,5.488888888888889,4,4,0,44.44444444444444,0.0
W2719,42.32285317,-72.92619955,Westfield,2017.0,2017.0,4,20.325,9.1,1.75,22.325,8.6,0,0,0,0.0,
W2720,42.0385568,-72.94065317,Farmington,2017.0,2017.0,4,19.55,8.9,1.75,21.55,8.4,0,0,0,0.0,
W2721,42.04200482,-72.91837725,Farmington,2017.0,2017.0,4,18.225,9.1,1.75,20.225,8.6,0,0,0,0.0,
W2722,42.72088383,-72.59477377,Connecticut,2017.0,2017.0,4,17.7,9.025,1.75,19.7,8.525,0,0,0,0.0,
W2723,42.17440807,-72.90639061,Westfield,2017.0,2017.0,1,9.2,10.6,1.0,11.2,10.1,0,0,0,0.0,
W2724,42.17006824,-72.8968609,Westfield,2017.0,2017.0,1,8.9,11.2,1.0,10.9,10.7,0,0,0,0.0,
W2725,42.1666955,-72.8810188,Westfield,2017.0,2017.0,1,8.5,11.4,1.0,10.5,10.9,0,0,0,0.0,
W2726,42.16429788,-72.84705857,Westfield,2017.0,2017.0,1,8.0,11.7,1.0,10.0,11.2,0,0,0,0.0,
W2727,42.38254588,-73.16168233,Housatonic,2016.0,2016.0,7,20.585714285714285,8.442857142857143,2.0,22.585714285714285,7.942857142857143,0,0,0,0.0,
W2744,42.23095925,-72.87390013,Westfield,2017.0,2017.0,1,17.7,10.0,1.0,19.7,9.5,0,0,0,0.0,
W2748,42.3324757,-73.08289073,Westfield,2017.0,2017.0,1,14.3,10.0,1.0,16.3,9.5,0,0,0,0.0,
W2749,42.277704,-72.981323,Westfield,2017.0,2017.0,1,15.2,10.0,1.0,17.2,9.5,0,0,0,0.0,
W2750,42.35308915,-72.92865942,Westfield,2017.0,2017.0,1,14.0,9.3,1.0,16.0,8.8,0,0,0,0.0,
W2751,42.10235702,-72.77246658,Westfield,2017.0,2017.0,1,14.0,8.5,1.0,16.0,8.0,0,0,0,0.0,
W2752,42.20567158,-72.81139374,Westfield,2017.0,2017.0,1,12.7,9.1,1.0,14.7,8.6,0,0,0,0.0,
W2753,42.14856865,-72.79318461,Westfield,2017.0,2017.0,1,15.9,10.6,1.0,17.9,10.1,0,0,0,0.0,
W2754,42.13783821,-72.78458658,Westfield,2017.0,2017.0,1,15.4,5.8,1.0,17.4,5.3,0,0,0,0.0,
W2765,42.18433187,-72.87142394,Westfield,2017.0,2017.0,1,15.2,9.9,1.0,17.2,9.4,0,0,0,0.0,
W2766,42.22619242,-72.85646293,Westfield,2017.0,2017.0,1,13.2,10.3,1.0,15.2,9.8,0,0,0,0.0,
W2768,42.21003083,-73.0950755,Farmington,2017.0,2017.0,1,13.9,9.8,1.0,15.9,9.3,0,0,0,0.0,
W2772,42.23453213,-71.12261455,Neponset,2017.0,2017.0,1,3.2,11.4,1.0,5.2,10.9,0,0,0,0.0,
W2773,41.7254646,-70.0397423,Cape Cod,2018.0,2018.0,13,23.423076923076923,4.792307692307692,2.0,25.423076923076923,4.3076923076923075,4,5,1,30.76923076923077,25.0
W2775,41.671546,-71.126475,Mount Hope Bay (Shore),2018.0,2018.0,19,24.642105263157895,7.421052631578948,1.8421052631578947,26.642105263157895,6.921052631578948,2,2,0,10.526315789473683,0.0
W2778,42.11454642,-70.97910126,Taunton,2018.0,2018.0,9,21.866666666666667,4.988888888888889,2.3333333333333335,23.866666666666667,4.488888888888889,3,5,2,33.33333333333333,66.66666666666666
W2780,42.006179,-70.906276,Taunton,2018.0,2018.0,15,23.939999999999998,6.5,2.2,25.939999999999998,6.0,3,3,0,20.0,0.0
W2783,41.9207192,-70.6654059,South Coastal,2018.0,2018.0,13,22.43846153846154,4.907692307692307,2.4615384615384617,24.43846153846154,4.407692307692307,8,11,3,61.53846153846154,37.5
W2787,41.811935,-70.5766951,South Coastal,2018.0,2018.0,24,22.46666666666667,7.3374999999999995,1.7916666666666667,24.46666666666667,6.8374999999999995,3,3,0,12.5,0.0
W2789,41.804909,-70.611966,Buzzards Bay,2018.0,2018.0,17,24.688235294117646,6.7,1.8235294117647058,26.688235294117646,6.2176470588235295,4,4,0,23.52941176470588,0.0
W2791,41.75446,-70.79039,Buzzards Bay,2018.0,2018.0,27,22.07777777777778,6.325925925925925,1.962962962962963,24.07777777777778,5.82962962962963,7,7,0,25.925925925925924,0.0
W2796,41.852937,-70.614673,Buzzards Bay,2018.0,2018.0,22,23.05909090909091,8.527272727272727,1.6363636363636365,25.05909090909091,8.027272727272727,0,0,0,0.0,
W2798,41.620352,-70.56532,Cape Cod,2018.0,2018.0,23,22.339130434782607,8.23913043478261,1.7826086956521738,24.339130434782607,7.739130434782608,2,2,0,8.695652173913043,0.0
W2801,41.8295909,-69.9846351,Cape Cod,2018.0,2018.0,21,23.571428571428573,7.004761904761905,2.238095238095238,25.571428571428573,6.504761904761905,5,5,0,23.809523809523807,0.0
W2803,41.671685,-70.193271,Cape Cod,2018.0,2018.0,31,22.40967741935484,7.251612903225806,1.903225806451613,24.40967741935484,6.751612903225806,4,4,0,12.903225806451612,0.0
W2805,41.6671004,-70.4441491,Cape Cod,2018.0,2018.0,18,23.450000000000003,8.327777777777778,1.6666666666666667,25.450000000000003,7.827777777777778,0,0,0,0.0,
W2808,41.671039,-70.393715,Cape Cod,2018.0,2018.0,22,20.331818181818182,8.027272727272727,1.8636363636363635,22.331818181818182,7.527272727272727,3,3,0,13.636363636363635,0.0
W2810,41.703389,-69.986116,Cape Cod,2018.0,2018.0,24,20.525000000000002,5.7875000000000005,2.375,22.525000000000002,5.3,9,9,0,37.5,0.0
W2812,41.7024219,-70.1327421,Cape Cod,2018.0,2018.0,26,23.65,8.446153846153846,1.7307692307692308,25.65,7.946153846153846,2,2,0,7.6923076923076925,0.0
W2814,41.9641053,-70.0077192,Cape Cod,2018.0,2018.0,6,23.266666666666666,7.983333333333333,2.0,25.266666666666666,7.483333333333333,0,0,0,0.0,
W2829,41.99230816,-71.04277391,Taunton,2019.0,2019.0,4,19.35,1.6,2.75,21.35,1.1,4,4,0,100.0,0.0
W2830,42.01901335,-71.12591191,Taunton,2019.0,2019.0,4,19.975,7.65,1.75,21.975,7.15,0,0,0,0.0,
W2831,41.99502786,-70.97075555,Taunton,2019.0,2019.0,4,20.1,7.05,1.75,22.1,6.55,0,0,0,0.0,
W2832,41.9780221,-71.13417172,Taunton,2019.0,2019.0,4,21.375,5.625,2.0,23.375,5.125,1,2,1,25.0,100.0
W2833,41.98177507,-71.16118832,Taunton,2019.0,2019.0,4,19.0,7.5,1.75,21.0,7.0,0,0,0,0.0,
W2834,41.96932455,-70.88343597,Taunton,2019.0,2019.0,4,19.0,3.4749999999999996,2.5,21.0,2.9749999999999996,3,3,0,75.0,0.0
W2835,41.946818,-71.16067131,Taunton,2019.0,2019.0,4,22.3,7.5,1.75,24.3,7.0,0,0,0,0.0,
W2836,41.94881614,-70.96826996,Taunton,2019.0,2019.0,4,18.225,8.025,1.75,20.225,7.525,0,0,0,0.0,
W2837,42.40999949,-71.151994,Mystic,2019.0,2019.0,35,19.17142857142857,6.414285714285715,1.3428571428571427,21.17142857142857,5.917142857142857,10,15,5,28.57142857142857,50.0
W2838,41.83523239,-71.13593516,Taunton,2019.0,2019.0,4,19.075,7.4750000000000005,1.75,21.075,6.9750000000000005,0,0,0,0.0,
W2839,42.40600014,-71.15899647,Mystic,2019.0,2019.0,29,19.851724137931036,6.306896551724138,1.4482758620689655,21.851724137931036,5.806896551724138,10,12,2,34.48275862068966,20.0
W2842,42.70281576,-72.45189591,Connecticut,2019.0,2019.0,4,16.875,8.3,1.75,18.875,7.8,0,0,0,0.0,
W2843,42.5098257,-72.66169041,Connecticut,2019.0,2019.0,4,15.375,9.375,1.75,17.375,8.875,0,0,0,0.0,
W2844,42.48176265,-72.60513286,Connecticut,2019.0,2019.0,4,18.175,4.025,2.5,20.175,3.525,3,3,0,75.0,0.0
W2845,42.37683842,-72.49492563,Connecticut,2019.0,2019.0,4,16.525,8.875,1.75,18.525,8.375,0,0,0,0.0,
W2846,42.41550849,-72.51258326,Connecticut,2019.0,2019.0,4,16.95,9.475,1.75,18.95,8.975,0,0,0,0.0,
W2847,42.38339502,-72.5850062,Connecticut,2019.0,2019.0,4,23.275,8.075,1.75,25.275,7.574999999999999,0,0,0,0.0,
W2848,42.28071001,-72.4252915,Connecticut,2019.0,2019.0,4,17.125,8.725,1.75,19.125,8.225,0,0,0,0.0,
W2849,42.27820079,-72.57541581,Connecticut,2019.0,2019.0,4,20.6,9.0,1.75,22.6,8.5,0,0,0,0.0,
W2850,42.28230014,-72.58708557,Connecticut,2019.0,2019.0,4,16.75,9.6,1.75,18.75,9.1,0,0,0,0.0,
W2851,42.27748219,-72.65403879,Connecticut,2019.0,2019.0,4,21.925,7.875,1.75,23.925,7.375,0,0,0,0.0,
W2852,42.21396566,-72.59514866,Connecticut,2019.0,2019.0,4,17.2,9.35,1.75,19.2,8.85,0,0,0,0.0,
W2853,42.07465812,-72.58070026,Connecticut,2019.0,2019.0,4,22.95,8.025,1.75,24.95,7.525,0,0,0,0.0,
W2854,42.41118008,-72.5674643,Connecticut,2019.0,2019.0,4,16.625,8.0,1.75,18.625,7.5,0,0,0,0.0,
W2855,42.19157879,-72.59779736,Connecticut,2019.0,2019.0,4,15.5,9.8,1.75,17.5,9.3,0,0,0,0.0,
W2886,42.44662969,-71.8181233,Nashua,2019.0,2019.0,3,17.3,9.066666666666668,1.6666666666666667,19.3,8.566666666666668,0,0,0,0.0,
W2887,42.61760369,-71.72624143,Nashua,2019.0,2019.0,3,16.733333333333334,7.733333333333333,1.6666666666666667,18.733333333333334,7.233333333333333,0,0,0,0.0,
W2888,42.70288914,-71.75177322,Nashua,2019.0,2019.0,3,16.666666666666668,8.566666666666666,1.6666666666666667,18.666666666666668,8.066666666666666,0,0,0,0.0,
W2889,42.62248944,-71.02018566,Ipswich,2019.0,2019.0,3,18.633333333333333,6.533333333333334,1.6666666666666667,20.633333333333333,6.033333333333334,0,0,0,0.0,
W2890,42.66074776,-70.90371136,Ipswich,2019.0,2019.0,3,19.7,7.6000000000000005,1.6666666666666667,21.7,7.1000000000000005,0,0,0,0.0,
W2894,41.94672655,-71.20083966,Taunton,2019.0,2019.0,4,22.75,7.5,1.75,24.75,7.0,0,0,0,0.0,
W2895,42.62069634,-72.39305406,Millers,2019.0,2019.0,3,15.666666666666666,9.266666666666666,1.6666666666666667,17.666666666666668,8.766666666666666,0,0,0,0.0,
W2896,42.38033448,-72.46510155,Connecticut,2019.0,2019.0,3,17.3,9.4,1.6666666666666667,19.3,8.9,0,0,0,0.0,
W2897,42.44704256,-72.49190917,Connecticut,2019.0,2019.0,3,20.366666666666667,8.466666666666667,1.6666666666666667,22.366666666666664,7.966666666666666,0,0,0,0.0,
W2898,42.45007437,-72.45260735,Connecticut,2019.0,2019.0,3,15.700000000000001,9.566666666666666,1.6666666666666667,17.7,9.066666666666666,0,0,0,0.0,
W2899,42.46777728,-72.15673762,Chicopee,2019.0,2019.0,3,19.666666666666668,8.566666666666668,1.6666666666666667,21.666666666666668,8.066666666666668,0,0,0,0.0,
W2900,42.43953233,-72.04115765,Chicopee,2019.0,2019.0,3,19.2,8.4,1.6666666666666667,21.2,7.8999999999999995,0,0,0,0.0,
W2901,42.20154773,-72.04487072,Chicopee,2019.0,2019.0,3,18.5,3.0666666666666664,2.6666666666666665,20.5,2.566666666666667,3,3,0,100.0,0.0
W2902,42.05048837,-72.09627321,Quinebaug,2019.0,2019.0,3,17.533333333333335,8.833333333333334,1.6666666666666667,19.533333333333335,8.333333333333334,0,0,0,0.0,
W2903,42.01542185,-71.79841192,Quinebaug,2019.0,2019.0,3,18.833333333333332,8.4,1.6666666666666667,20.833333333333332,7.8999999999999995,0,0,0,0.0,
W2904,42.07493076,-71.7950707,Blackstone,2019.0,2019.0,3,17.433333333333334,7.333333333333333,1.6666666666666667,19.433333333333334,6.833333333333333,0,0,0,0.0,
W2905,42.04529263,-71.65201157,Blackstone,2019.0,2019.0,3,20.866666666666664,8.233333333333334,1.6666666666666667,22.866666666666664,7.733333333333334,0,0,0,0.0,
W2906,42.18795491,-71.62720825,Blackstone,2019.0,2019.0,3,19.433333333333334,5.800000000000001,2.3333333333333335,21.433333333333334,5.300000000000001,2,2,0,66.66666666666666,0.0
W2910,41.95851534,-71.2424628,Taunton,2019.0,2019.0,3,17.566666666666666,3.1999999999999997,2.6666666666666665,19.566666666666666,2.6999999999999997,3,3,0,100.0,0.0
W2911,41.77800443,-71.07593377,Taunton,2019.0,2019.0,3,18.133333333333333,7.466666666666666,1.6666666666666667,20.133333333333333,6.966666666666666,0,0,0,0.0,
W2912,42.18764862,-70.76850844,South Coastal,2019.0,2019.0,3,19.5,2.466666666666667,2.6666666666666665,21.5,1.9666666666666668,3,3,0,100.0,0.0
W2913,42.19862254,-70.83275,South Coastal,2019.0,2019.0,3,20.400000000000002,5.2,2.0,22.400000000000002,4.7,1,1,0,33.33333333333333,0.0
W2944,42.30793443,-71.80008188,Blackstone,2019.0,2020.0,2,14.8,7.0,1.5,16.799999999999997,6.5,1,1,0,50.0,0.0
W2945,42.30647078,-71.76580774,Blackstone,2019.0,2020.0,4,15.575,9.45,1.5,17.575,8.95,0,0,0,0.0,
W2946,42.23658166,-71.70515602,Blackstone,2019.0,2020.0,2,15.85,8.850000000000001,1.0,17.85,8.350000000000001,0,0,0,0.0,
W2947,42.17548786,-71.72816762,Blackstone,2019.0,2020.0,2,13.4,9.85,1.0,15.4,9.35,0,0,0,0.0,
W2948,42.30798331,-71.81943101,Blackstone,2019.0,2020.0,4,15.625,8.45,1.25,17.625,7.95,0,1,1,0.0,0.0
W2949,42.20322946,-71.8374543,Blackstone,2019.0,2020.0,2,14.25,10.85,1.0,16.25,10.35,0,0,0,0.0,
W2950,42.19026146,-71.84582602,Blackstone,2019.0,2020.0,2,14.15,10.1,1.0,16.15,9.6,0,0,0,0.0,
W2953,41.76842431,-70.72293943,Buzzards Bay,2018.0,2018.0,5,23.56,6.1,2.0,25.56,5.6,2,2,0,40.0,0.0
W2955,42.55608497,-72.30064271,Millers,2020.0,2020.0,1,22.0,7.7,2.0,24.0,7.2,0,0,0,0.0,
W2956,42.68339607,-72.17229563,Millers,2020.0,2020.0,2,19.85,8.75,2.0,21.85,8.25,0,0,0,0.0,
W2957,42.63003931,-72.16378855,Millers,2020.0,2020.0,2,19.2,6.05,2.0,21.2,5.55,0,0,0,0.0,
W2958,42.60698139,-72.16349796,Millers,2020.0,2020.0,2,20.700000000000003,5.1,2.5,22.700000000000003,4.6,1,1,0,50.0,0.0
W2959,42.6130637,-72.12973159,Millers,2020.0,2020.0,2,19.25,8.35,2.0,21.25,7.85,0,0,0,0.0,
W2960,42.55493712,-72.12734536,Millers,2020.0,2020.0,2,17.950000000000003,5.550000000000001,2.5,19.950000000000003,5.050000000000001,1,1,0,50.0,0.0
W2961,42.58897184,-72.03710739,Millers,2020.0,2020.0,2,19.75,8.25,2.0,21.75,7.75,0,0,0,0.0,
W2962,42.16373516,-72.534428,Chicopee,2020.0,2020.0,2,20.3,8.1,2.0,22.3,7.6,0,0,0,0.0,
W2963,42.18866352,-72.45219345,Chicopee,2020.0,2020.0,2,17.549999999999997,9.0,2.0,19.549999999999997,8.5,0,0,0,0.0,
W2964,42.21061244,-72.40257059,Chicopee,2020.0,2020.0,2,19.65,5.5,2.5,21.65,5.0,1,1,0,50.0,0.0
W2965,42.17332508,-72.25295351,Chicopee,2020.0,2020.0,2,20.9,8.95,2.0,22.9,8.45,0,0,0,0.0,
W2966,42.22326789,-72.22512226,Chicopee,2020.0,2020.0,2,20.4,8.45,2.0,22.4,7.95,0,0,0,0.0,
W2967,42.28886649,-72.12794852,Chicopee,2020.0,2020.0,2,20.15,6.9,2.0,22.15,6.4,0,1,1,0.0,0.0
W2968,42.2978692,-72.11726439,Chicopee,2020.0,2020.0,2,22.25,8.2,2.0,24.25,7.7,0,0,0,0.0,
W2969,42.31427223,-72.09667589,Chicopee,2020.0,2020.0,1,18.6,7.0,2.0,20.6,6.5,0,0,0,0.0,
W2970,42.58473938,-71.77277533,Nashua,2020.0,2020.0,2,18.9,8.05,2.0,20.9,7.55,0,0,0,0.0,
W2971,42.21712393,-71.99983627,Chicopee,2020.0,2020.0,2,25.35,6.449999999999999,2.0,27.35,5.949999999999999,0,0,0,0.0,
W2972,42.27077749,-71.98279137,Chicopee,2020.0,2020.0,2,19.3,8.7,2.0,21.3,8.2,0,0,0,0.0,
W2973,42.33884782,-72.03406499,Chicopee,2020.0,2020.0,2,21.799999999999997,6.75,2.0,23.799999999999997,6.25,0,0,0,0.0,
W2974,42.33173523,-72.05029579,Chicopee,2020.0,2020.0,2,26.3,5.85,2.0,28.3,5.35,0,0,0,0.0,
W2975,42.2164917,-72.37689964,Chicopee,2020.0,2020.0,2,19.25,4.8,2.5,21.25,4.3,1,1,0,50.0,0.0
W2977,42.44429909,-72.37166057,Chicopee,2020.0,2020.0,2,17.95,9.0,2.0,19.95,8.5,0,0,0,0.0,
W2978,42.36492922,-72.32529204,Chicopee,2020.0,2020.0,2,19.05,8.9,2.0,21.05,8.4,0,0,0,0.0,
W2979,42.50329864,-72.31786462,Chicopee,2020.0,2020.0,2,16.8,7.65,2.0,18.8,7.15,0,0,0,0.0,
W2980,42.51854875,-72.31737256,Chicopee,2020.0,2020.0,2,20.9,7.4,2.0,22.9,6.9,0,0,0,0.0,
W2982,42.45211895,-72.16662911,Chicopee,2020.0,2020.0,2,17.5,8.9,2.0,19.5,8.4,0,0,0,0.0,
W2983,42.35641055,-72.23099629,Chicopee,2020.0,2020.0,2,19.85,5.85,2.5,21.85,5.35,1,1,0,50.0,0.0
W2984,42.31493164,-72.20590855,Chicopee,2020.0,2020.0,2,21.25,8.25,2.0,23.25,7.75,0,0,0,0.0,
W2985,42.31601104,-72.18146595,Chicopee,2020.0,2020.0,2,19.049999999999997,8.25,2.0,21.049999999999997,7.75,0,0,0,0.0,
W2986,42.41359781,-72.14305722,Chicopee,2020.0,2020.0,2,22.299999999999997,2.5,3.0,24.299999999999997,2.0,2,2,0,100.0,0.0
W2987,42.37739264,-72.10776295,Chicopee,2020.0,2020.0,2,22.0,8.5,2.0,24.0,8.0,0,0,0,0.0,
W2988,42.37487541,-72.08751928,Chicopee,2020.0,2020.0,2,18.6,8.85,1.0,20.6,8.35,0,0,0,0.0,
W2989,42.45158172,-72.0300279,Chicopee,2020.0,2020.0,2,23.200000000000003,5.25,2.0,25.200000000000003,4.75,0,1,1,0.0,0.0
W2990,42.41614547,-72.00792237,Chicopee,2020.0,2020.0,2,26.4,9.0,2.0,28.4,8.5,0,0,0,0.0,
W2991,42.44674169,-71.93975559,Chicopee,2020.0,2020.0,2,25.200000000000003,4.45,3.5,27.200000000000003,3.95,2,2,0,100.0,0.0
W2992,41.94464888,-71.37166023,Blackstone,2020.0,2020.0,2,23.5,7.9,2.0,25.5,7.4,0,0,0,0.0,
W2993,42.02818823,-71.53998784,Blackstone,2020.0,2020.0,2,20.200000000000003,7.8500000000000005,2.0,22.200000000000003,7.3500000000000005,0,0,0,0.0,
W2994,42.09240248,-71.59154659,Blackstone,2020.0,2020.0,2,19.7,5.75,1.0,21.7,5.25,0,1,1,0.0,0.0
W2995,42.22575344,-71.65289845,Blackstone,2020.0,2020.0,2,17.95,4.85,2.5,19.95,4.35,1,1,0,50.0,0.0
W2996,42.1149129,-71.70458582,Blackstone,2020.0,2020.0,2,17.6,0.8500000000000001,3.0,19.6,0.4,2,2,0,100.0,0.0
W2997,42.10854137,-71.69487674,Blackstone,2020.0,2020.0,2,18.9,8.05,2.0,20.9,7.550000000000001,0,0,0,0.0,
W2998,42.07200745,-71.70324028,Blackstone,2020.0,2020.0,2,18.7,8.1,2.0,20.7,7.6,0,0,0,0.0,
W2999,42.22369805,-71.68770771,Blackstone,2020.0,2020.0,2,19.35,3.45,3.0,21.35,2.95,2,2,0,100.0,0.0
W3000,42.29051615,-71.7673158,Blackstone,2020.0,2020.0,2,19.549999999999997,8.65,2.0,21.549999999999997,8.15,0,0,0,0.0,
W3001,42.26151866,-71.84831069,Blackstone,2020.0,2020.0,2,18.65,5.4,2.0,20.65,4.9,0,1,1,0.0,0.0
W3002,42.30545572,-71.87758341,Blackstone,2020.0,2020.0,1,20.2,6.2,2.0,22.2,5.7,0,0,0,0.0,
W3003,42.38881334,-71.29698568,Charles,2020.0,2020.0,2,21.6,6.65,2.0,23.6,6.15,0,0,0,0.0,
W3005,42.06029614,-71.42140501,Charles,2020.0,2020.0,2,22.05,8.1,2.0,24.05,7.6,0,0,0,0.0,
W3006,42.20924747,-71.18482101,Neponset,2020.0,2020.0,2,21.0,6.8,2.0,23.0,6.3,0,0,0,0.0,
W3007,42.56717587,-71.69666278,Nashua,2020.0,2020.0,2,16.6,7.0,2.0,18.6,6.5,0,0,0,0.0,
W3008,42.35232578,-71.89096029,Nashua,2020.0,2020.0,2,17.700000000000003,5.300000000000001,2.5,19.700000000000003,4.800000000000001,1,1,0,50.0,0.0
W3009,42.39315061,-71.58188625,Concord (SuAsCo),2020.0,2020.0,2,20.450000000000003,7.55,1.0,22.450000000000003,7.05,0,0,0,0.0,
W3010,42.44794562,-71.3782804,Concord (SuAsCo),2020.0,2020.0,2,24.4,6.4,2.0,26.4,5.9,0,0,0,0.0,
W3011,42.38602647,-71.43974631,Concord (SuAsCo),2020.0,2020.0,2,19.450000000000003,8.25,2.0,21.450000000000003,7.75,0,0,0,0.0,
W3012,42.37600327,-71.47659538,Concord (SuAsCo),2020.0,2020.0,2,27.0,7.55,2.0,29.0,7.05,0,0,0,0.0,
