UNIQUE_ID,Latitude,Longitude,TEMP,DO,flow_flag,risk_score,season,year,month,is_summer,DO_critical,stress_combo
W2944,42.30793443,-71.80008188,14.9,9.2,1,1,Fall,2019.0,11.0,0,0,0
W2945,42.30647078,-71.76580774,13.2,9.5,1,1,Fall,2019.0,11.0,0,0,0
W2946,42.23658166,-71.70515602,14.5,9.3,1,1,Fall,2019.0,11.0,0,0,0
W2188,42.20836571,-71.69757011,14.5,9.1,1,1,Fall,2019.0,11.0,0,0,0
W1242,42.17728889,-71.68788468,15.2,9.8,1,1,Fall,2019.0,11.0,0,0,0
W2947,42.17548786,-71.72816762,13.8,9.7,1,1,Fall,2019.0,11.0,0,0,0
W1767,42.18277682,-71.76604587,8.1,12.4,1,1,Fall,2019.0,11.0,0,0,0
W2948,42.30798331,-71.81943101,11.6,9.6,1,1,Fall,2019.0,11.0,0,0,0
W2949,42.20322946,-71.8374543,13.2,9.7,1,1,Fall,2019.0,11.0,0,0,0
W2950,42.19026146,-71.84582602,12.8,10.0,1,1,Fall,2019.0,11.0,0,0,0
W1776,42.20670671,-71.85281517,13.3,9.3,1,1,Fall,2019.0,11.0,0,0,0
W1426,42.26230119,-71.84822737,13.0,9.8,1,1,Fall,2019.0,11.0,0,0,0
W2944,42.30793443,-71.80008188,14.7,4.8,1,2,Fall,2020.0,9.0,0,1,0
W2945,42.30647078,-71.76580774,12.9,10.4,1,1,Fall,2020.0,9.0,0,0,0
W2946,42.23658166,-71.70515602,17.2,8.4,1,1,Fall,2020.0,9.0,0,0,0
W2188,42.20836571,-71.69757011,19.0,8.1,1,1,Fall,2020.0,9.0,0,0,0
W1242,42.17728889,-71.68788468,17.8,9.4,1,1,Fall,2020.0,9.0,0,0,0
W2947,42.17548786,-71.72816762,13.0,10.0,1,1,Fall,2020.0,9.0,0,0,0
W1767,42.18277682,-71.76604587,14.8,10.1,1,1,Fall,2020.0,9.0,0,0,0
W2949,42.20322946,-71.8374543,15.3,12.0,1,1,Fall,2020.0,9.0,0,0,0
W2950,42.19026146,-71.84582602,15.5,10.2,1,1,Fall,2020.0,9.0,0,0,0
W1776,42.20670671,-71.85281517,17.2,8.8,1,1,Fall,2020.0,9.0,0,0,0
W1426,42.26230119,-71.84822737,16.8,8.3,1,1,Fall,2020.0,9.0,0,0,0
W2948,42.30798331,-71.81943101,15.2,9.5,1,1,Fall,2020.0,9.0,0,0,0
W1590,42.34154459,-71.26662505,18.9,9.3,1,2,Summer,2020.0,7.0,1,0,0
W1590,42.34154459,-71.26662505,20.5,8.9,1,2,Summer,2020.0,8.0,1,0,0
W3003,42.38881334,-71.29698568,21.7,6.2,1,2,Summer,2020.0,7.0,1,0,0
W3003,42.38881334,-71.29698568,21.5,7.1,1,2,Summer,2020.0,8.0,1,0,0
W3006,42.20924747,-71.18482101,20.1,7.8,1,2,Summer,2020.0,7.0,1,0,0
W3006,42.20924747,-71.18482101,21.9,5.8,1,2,Summer,2020.0,8.0,1,0,0
W0546,42.18920084,-71.2401585,19.3,8.4,1,2,Summer,2020.0,7.0,1,0,0
W0546,42.18920084,-71.2401585,21.1,7.9,1,2,Summer,2020.0,8.0,1,0,0
W2992,41.94464888,-71.37166023,22.4,8.4,1,2,Summer,2020.0,7.0,1,0,0
W2992,41.94464888,-71.37166023,24.6,7.4,1,2,Summer,2020.0,8.0,1,0,0
W3005,42.06029614,-71.42140501,21.1,8.4,1,2,Summer,2020.0,7.0,1,0,0
W3005,42.06029614,-71.42140501,23.0,7.8,1,2,Summer,2020.0,8.0,1,0,0
W2962,42.16373516,-72.534428,21.1,8.0,1,2,Summer,2020.0,7.0,1,0,0
W2962,42.16373516,-72.534428,19.5,8.2,1,2,Summer,2020.0,8.0,1,0,0
W2963,42.18866352,-72.45219345,16.9,9.3,1,2,Summer,2020.0,7.0,1,0,0
W2963,42.18866352,-72.45219345,18.2,8.7,1,2,Summer,2020.0,8.0,1,0,0
W2964,42.21061244,-72.40257059,22.6,7.1,1,2,Summer,2020.0,7.0,1,0,0
W2964,42.21061244,-72.40257059,16.7,3.9,1,3,Summer,2020.0,8.0,1,1,0
W2975,42.2164917,-72.37689964,21.1,7.9,1,2,Summer,2020.0,7.0,1,0,0
W2975,42.2164917,-72.37689964,17.4,1.7,1,3,Summer,2020.0,8.0,1,1,0
W2965,42.17332508,-72.25295351,22.7,8.6,1,2,Summer,2020.0,7.0,1,0,0
W2965,42.17332508,-72.25295351,19.1,9.3,1,2,Summer,2020.0,8.0,1,0,0
W2966,42.22326789,-72.22512226,21.2,8.3,1,2,Summer,2020.0,7.0,1,0,0
W2966,42.22326789,-72.22512226,19.6,8.6,1,2,Summer,2020.0,8.0,1,0,0
W2971,42.21712393,-71.99983627,28.0,6.1,1,2,Summer,2020.0,7.0,1,0,0
W2971,42.21712393,-71.99983627,22.7,6.8,1,2,Summer,2020.0,8.0,1,0,0
W2983,42.35641055,-72.23099629,20.0,7.1,1,2,Summer,2020.0,7.0,1,0,0
W2983,42.35641055,-72.23099629,19.7,4.6,1,3,Summer,2020.0,8.0,1,1,0
W2984,42.31493164,-72.20590855,20.1,8.5,1,2,Summer,2020.0,7.0,1,0,0
W2984,42.31493164,-72.20590855,22.4,8.0,1,2,Summer,2020.0,8.0,1,0,0
W2985,42.31601104,-72.18146595,18.2,8.7,1,2,Summer,2020.0,7.0,1,0,0
W2985,42.31601104,-72.18146595,19.9,7.8,1,2,Summer,2020.0,8.0,1,0,0
W2967,42.28886649,-72.12794852,19.1,8.4,1,2,Summer,2020.0,7.0,1,0,0
W2967,42.28886649,-72.12794852,21.2,5.4,1,2,Summer,2020.0,8.0,1,0,0
W2968,42.2978692,-72.11726439,20.8,8.5,1,2,Summer,2020.0,7.0,1,0,0
W2968,42.2978692,-72.11726439,23.7,7.9,1,2,Summer,2020.0,8.0,1,0,0
W2969,42.31427223,-72.09667589,18.6,7.0,1,2,Summer,2020.0,7.0,1,0,0
W2974,42.33173523,-72.05029579,23.1,5.7,1,2,Summer,2020.0,7.0,1,0,0
W2974,42.33173523,-72.05029579,29.5,6.0,1,2,Summer,2020.0,8.0,1,0,0
W2973,42.33884782,-72.03406499,20.2,7.1,1,2,Summer,2020.0,7.0,1,0,0
W2973,42.33884782,-72.03406499,23.4,6.4,1,2,Summer,2020.0,8.0,1,0,0
W2025,42.43816198,-72.20732375,19.4,8.8,1,2,Summer,2020.0,7.0,1,0,0
W2025,42.43816198,-72.20732375,20.5,8.4,1,2,Summer,2020.0,8.0,1,0,0
W2982,42.45211895,-72.16662911,16.6,9.0,1,2,Summer,2020.0,7.0,1,0,0
W2982,42.45211895,-72.16662911,18.4,8.8,1,2,Summer,2020.0,8.0,1,0,0
W2986,42.41359781,-72.14305722,21.2,3.2,1,3,Summer,2020.0,7.0,1,1,0
W2986,42.41359781,-72.14305722,23.4,1.8,1,3,Summer,2020.0,8.0,1,1,0
W2987,42.37739264,-72.10776295,22.9,8.6,1,2,Summer,2020.0,7.0,1,0,0
W2987,42.37739264,-72.10776295,21.1,8.4,1,2,Summer,2020.0,8.0,1,0,0
W2988,42.37487541,-72.08751928,18.0,9.0,0,1,Summer,2020.0,7.0,1,0,0
W2988,42.37487541,-72.08751928,19.2,8.7,0,1,Summer,2020.0,8.0,1,0,0
W2989,42.45158172,-72.0300279,23.8,5.5,1,2,Summer,2020.0,7.0,1,0,0
W2989,42.45158172,-72.0300279,22.6,5.0,1,2,Summer,2020.0,8.0,1,0,0
W2990,42.41614547,-72.00792237,26.1,8.8,1,2,Summer,2020.0,7.0,1,0,0
W2990,42.41614547,-72.00792237,26.7,9.2,1,2,Summer,2020.0,8.0,1,0,0
W2991,42.44674169,-71.93975559,24.6,4.2,1,3,Summer,2020.0,7.0,1,1,0
W2991,42.44674169,-71.93975559,25.8,4.7,1,4,Summer,2020.0,8.0,1,1,1
W2999,42.22369805,-71.68770771,21.5,4.4,1,3,Summer,2020.0,7.0,1,1,0
W2999,42.22369805,-71.68770771,17.2,2.5,1,3,Summer,2020.0,8.0,1,1,0
W3001,42.26151866,-71.84831069,19.7,5.1,1,2,Summer,2020.0,7.0,1,0,0
W3001,42.26151866,-71.84831069,17.6,5.7,1,2,Summer,2020.0,8.0,1,0,0
W2972,42.27077749,-71.98279137,21.6,8.4,1,2,Summer,2020.0,7.0,1,0,0
W2972,42.27077749,-71.98279137,17.0,9.0,1,2,Summer,2020.0,8.0,1,0,0
W0490,42.26477944,-72.00491606,20.8,8.4,1,2,Summer,2020.0,7.0,1,0,0
W0490,42.26477944,-72.00491606,16.6,9.3,1,2,Summer,2020.0,8.0,1,0,0
W3008,42.35232578,-71.89096029,18.6,2.7,1,3,Summer,2020.0,7.0,1,1,0
W3008,42.35232578,-71.89096029,16.8,7.9,1,2,Summer,2020.0,8.0,1,0,0
W3002,42.30545572,-71.87758341,20.2,6.2,1,2,Summer,2020.0,7.0,1,0,0
W2945,42.30647078,-71.76580774,19.7,8.4,1,2,Summer,2020.0,7.0,1,0,0
W2945,42.30647078,-71.76580774,16.5,9.5,1,2,Summer,2020.0,8.0,1,0,0
W3000,42.29051615,-71.7673158,20.4,8.3,1,2,Summer,2020.0,7.0,1,0,0
W3000,42.29051615,-71.7673158,18.7,9.0,1,2,Summer,2020.0,8.0,1,0,0
W2960,42.55493712,-72.12734536,21.6,4.4,1,3,Summer,2020.0,7.0,1,1,0
W2960,42.55493712,-72.12734536,14.3,6.7,1,2,Summer,2020.0,8.0,1,0,0
W2955,42.55608497,-72.30064271,22.0,7.7,1,2,Summer,2020.0,7.0,1,0,0
W2958,42.60698139,-72.16349796,23.6,4.6,1,3,Summer,2020.0,7.0,1,1,0
W2958,42.60698139,-72.16349796,17.8,5.6,1,2,Summer,2020.0,8.0,1,0,0
W2957,42.63003931,-72.16378855,22.7,5.6,1,2,Summer,2020.0,7.0,1,0,0
W2957,42.63003931,-72.16378855,15.7,6.5,1,2,Summer,2020.0,8.0,1,0,0
W2956,42.68339607,-72.17229563,22.9,7.9,1,2,Summer,2020.0,7.0,1,0,0
W2956,42.68339607,-72.17229563,16.8,9.6,1,2,Summer,2020.0,8.0,1,0,0
W2959,42.6130637,-72.12973159,21.7,8.2,1,2,Summer,2020.0,7.0,1,0,0
W2959,42.6130637,-72.12973159,16.8,8.5,1,2,Summer,2020.0,8.0,1,0,0
W2961,42.58897184,-72.03710739,21.7,7.9,1,2,Summer,2020.0,7.0,1,0,0
W2961,42.58897184,-72.03710739,17.8,8.6,1,2,Summer,2020.0,8.0,1,0,0
W1836,42.56316154,-71.76154939,23.7,7.6,1,2,Summer,2020.0,7.0,1,0,0
W1836,42.56316154,-71.76154939,20.1,8.6,1,2,Summer,2020.0,8.0,1,0,0
W2970,42.58473938,-71.77277533,20.7,7.9,1,2,Summer,2020.0,7.0,1,0,0
W2970,42.58473938,-71.77277533,17.1,8.2,1,2,Summer,2020.0,8.0,1,0,0
W3007,42.56717587,-71.69666278,18.3,6.0,1,2,Summer,2020.0,7.0,1,0,0
W3007,42.56717587,-71.69666278,14.9,8.0,1,2,Summer,2020.0,8.0,1,0,0
W3010,42.44794562,-71.3782804,27.9,5.7,1,2,Summer,2020.0,7.0,1,0,0
W3010,42.44794562,-71.3782804,20.9,7.1,1,2,Summer,2020.0,8.0,1,0,0
W3011,42.38602647,-71.43974631,21.6,7.9,1,2,Summer,2020.0,7.0,1,0,0
W3011,42.38602647,-71.43974631,17.3,8.6,1,2,Summer,2020.0,8.0,1,0,0
W3012,42.37600327,-71.47659538,29.2,6.9,1,2,Summer,2020.0,7.0,1,0,0
W3012,42.37600327,-71.47659538,24.8,8.2,1,2,Summer,2020.0,8.0,1,0,0
W3009,42.39315061,-71.58188625,22.6,7.0,0,1,Summer,2020.0,7.0,1,0,0
W3009,42.39315061,-71.58188625,18.3,8.1,0,1,Summer,2020.0,8.0,1,0,0
W2996,42.1149129,-71.70458582,17.7,0.4,1,3,Summer,2020.0,7.0,1,1,0
W2996,42.1149129,-71.70458582,17.5,1.3,1,3,Summer,2020.0,8.0,1,1,0
W2997,42.10854137,-71.69487674,21.1,7.8,1,2,Summer,2020.0,7.0,1,0,0
W2997,42.10854137,-71.69487674,16.7,8.3,1,2,Summer,2020.0,8.0,1,0,0
W2998,42.07200745,-71.70324028,21.4,7.7,1,2,Summer,2020.0,7.0,1,0,0
W2998,42.07200745,-71.70324028,16.0,8.5,1,2,Summer,2020.0,8.0,1,0,0
W2413,42.00792,-71.70506,23.1,7.5,1,2,Summer,2020.0,7.0,1,0,0
W2413,42.00792,-71.70506,15.8,6.8,1,2,Summer,2020.0,8.0,1,0,0
W2284,42.04638466,-71.6301536,24.0,7.9,1,2,Summer,2020.0,7.0,1,0,0
W2284,42.04638466,-71.6301536,17.6,9.0,1,2,Summer,2020.0,8.0,1,0,0
W2993,42.02818823,-71.53998784,23.8,7.4,1,2,Summer,2020.0,7.0,1,0,0
W2993,42.02818823,-71.53998784,16.6,8.3,1,2,Summer,2020.0,8.0,1,0,0
W2994,42.09240248,-71.59154659,23.0,6.3,0,1,Summer,2020.0,7.0,1,0,0
W2994,42.09240248,-71.59154659,16.4,5.2,0,1,Summer,2020.0,8.0,1,0,0
W1429,42.1231178,-71.59908641,16.2,0.9,1,3,Summer,2020.0,7.0,1,1,0
W2995,42.22575344,-71.65289845,19.4,2.7,1,3,Summer,2020.0,7.0,1,1,0
W2995,42.22575344,-71.65289845,16.5,7.0,1,2,Summer,2020.0,8.0,1,0,0
W2977,42.44429909,-72.37166057,20.0,8.6,1,2,Summer,2020.0,7.0,1,0,0
W2977,42.44429909,-72.37166057,15.9,9.4,1,2,Summer,2020.0,8.0,1,0,0
W2978,42.36492922,-72.32529204,21.1,8.5,1,2,Summer,2020.0,7.0,1,0,0
W2978,42.36492922,-72.32529204,17.0,9.3,1,2,Summer,2020.0,8.0,1,0,0
W2979,42.50329864,-72.31786462,18.1,7.2,1,2,Summer,2020.0,7.0,1,0,0
W2979,42.50329864,-72.31786462,15.5,8.1,1,2,Summer,2020.0,8.0,1,0,0
W2980,42.51854875,-72.31737256,23.6,6.7,1,2,Summer,2020.0,7.0,1,0,0
W2980,42.51854875,-72.31737256,18.2,8.1,1,2,Summer,2020.0,8.0,1,0,0
W2948,42.30798331,-71.81943101,20.6,5.2,1,2,Summer,2020.0,8.0,1,0,0
W2948,42.30798331,-71.81943101,15.1,9.5,1,1,Fall,2020.0,9.0,0,0,0
W2886,42.44662969,-71.8181233,18.5,8.9,1,2,Summer,2019.0,7.0,1,0,0
W2887,42.61760369,-71.72624143,17.5,7.8,1,2,Summer,2019.0,7.0,1,0,0
W2410,42.664623,-71.753811,18.2,8.4,1,2,Summer,2019.0,7.0,1,0,0
W2888,42.70288914,-71.75177322,18.2,8.6,1,2,Summer,2019.0,7.0,1,0,0
W2889,42.62248944,-71.02018566,19.4,6.4,1,2,Summer,2019.0,7.0,1,0,0
W2890,42.66074776,-70.90371136,20.2,7.4,1,2,Summer,2019.0,7.0,1,0,0
W2287,42.69539254,-72.22718449,18.6,7.1,1,2,Summer,2019.0,7.0,1,0,0
W2895,42.62069634,-72.39305406,16.1,9.2,1,2,Summer,2019.0,7.0,1,0,0
W2896,42.38033448,-72.46510155,18.0,9.3,1,2,Summer,2019.0,7.0,1,0,0
W2897,42.44704256,-72.49190917,22.9,7.9,1,2,Summer,2019.0,7.0,1,0,0
W2898,42.45007437,-72.45260735,16.3,9.4,1,2,Summer,2019.0,7.0,1,0,0
W2899,42.46777728,-72.15673762,22.1,8.1,1,2,Summer,2019.0,7.0,1,0,0
W2900,42.43953233,-72.04115765,21.0,8.1,1,2,Summer,2019.0,7.0,1,0,0
W2901,42.20154773,-72.04487072,19.7,4.0,1,3,Summer,2019.0,7.0,1,1,0
W2902,42.05048837,-72.09627321,19.6,8.2,1,2,Summer,2019.0,7.0,1,0,0
W2904,42.07493076,-71.7950707,18.2,7.2,1,2,Summer,2019.0,7.0,1,0,0
W2903,42.01542185,-71.79841192,19.8,8.0,1,2,Summer,2019.0,7.0,1,0,0
W2413,42.00792,-71.70506,19.6,8.2,1,2,Summer,2019.0,7.0,1,0,0
W2905,42.04529263,-71.65201157,20.7,8.3,1,2,Summer,2019.0,7.0,1,0,0
W2906,42.18795491,-71.62720825,18.6,8.3,1,2,Summer,2019.0,7.0,1,0,0
W2910,41.95851534,-71.2424628,21.1,2.3,1,3,Summer,2019.0,7.0,1,1,0
W2466,41.77254787,-71.08494839,21.0,7.9,1,2,Summer,2019.0,7.0,1,0,0
W2911,41.77800443,-71.07593377,20.7,8.1,1,2,Summer,2019.0,7.0,1,0,0
W0918,42.16028331,-70.78863391,22.7,7.0,1,2,Summer,2019.0,7.0,1,0,0
W2912,42.18764862,-70.76850844,22.4,3.9,1,3,Summer,2019.0,7.0,1,1,0
W2913,42.19862254,-70.83275,23.8,4.5,1,3,Summer,2019.0,7.0,1,1,0
W2886,42.44662969,-71.8181233,17.3,9.0,1,2,Summer,2019.0,8.0,1,0,0
W2887,42.61760369,-71.72624143,17.1,7.4,1,2,Summer,2019.0,8.0,1,0,0
W2410,42.664623,-71.753811,17.3,8.4,1,2,Summer,2019.0,8.0,1,0,0
W2888,42.70288914,-71.75177322,16.8,8.5,1,2,Summer,2019.0,8.0,1,0,0
W2889,42.62248944,-71.02018566,19.5,6.4,1,2,Summer,2019.0,8.0,1,0,0
W2890,42.66074776,-70.90371136,21.0,6.9,1,2,Summer,2019.0,8.0,1,0,0
W2287,42.69539254,-72.22718449,19.3,7.6,1,2,Summer,2019.0,8.0,1,0,0
W2895,42.62069634,-72.39305406,17.4,8.7,1,2,Summer,2019.0,8.0,1,0,0
W2896,42.38033448,-72.46510155,19.0,8.9,1,2,Summer,2019.0,8.0,1,0,0
W2897,42.44704256,-72.49190917,21.1,8.2,1,2,Summer,2019.0,8.0,1,0,0
W2898,42.45007437,-72.45260735,16.8,9.2,1,2,Summer,2019.0,8.0,1,0,0
W2899,42.46777728,-72.15673762,21.0,8.3,1,2,Summer,2019.0,8.0,1,0,0
W2900,42.43953233,-72.04115765,20.3,8.2,1,2,Summer,2019.0,8.0,1,0,0
W2901,42.20154773,-72.04487072,21.5,2.0,1,3,Summer,2019.0,8.0,1,1,0
W2902,42.05048837,-72.09627321,19.9,8.4,1,2,Summer,2019.0,8.0,1,0,0
W2904,42.07493076,-71.7950707,19.7,7.0,1,2,Summer,2019.0,8.0,1,0,0
W2903,42.01542185,-71.79841192,21.0,8.0,1,2,Summer,2019.0,8.0,1,0,0
W2413,42.00792,-71.70506,22.6,8.1,1,2,Summer,2019.0,8.0,1,0,0
W2905,42.04529263,-71.65201157,24.2,7.6,1,2,Summer,2019.0,8.0,1,0,0
W2906,42.18795491,-71.62720825,22.8,4.9,1,3,Summer,2019.0,8.0,1,1,0
W2910,41.95851534,-71.2424628,14.0,4.3,1,3,Summer,2019.0,8.0,1,1,0
W2466,41.77254787,-71.08494839,14.5,9.0,1,2,Summer,2019.0,8.0,1,0,0
W2911,41.77800443,-71.07593377,15.4,7.7,1,2,Summer,2019.0,8.0,1,0,0
W0918,42.16028331,-70.78863391,16.0,8.7,1,2,Summer,2019.0,8.0,1,0,0
W2912,42.18764862,-70.76850844,17.0,2.0,1,3,Summer,2019.0,8.0,1,1,0
W2913,42.19862254,-70.83275,17.9,5.6,1,2,Summer,2019.0,8.0,1,0,0
W2886,42.44662969,-71.8181233,16.1,9.3,1,1,Fall,2019.0,9.0,0,0,0
W2887,42.61760369,-71.72624143,15.6,8.0,1,1,Fall,2019.0,9.0,0,0,0
W2410,42.664623,-71.753811,15.6,8.8,1,1,Fall,2019.0,9.0,0,0,0
W2888,42.70288914,-71.75177322,15.0,8.6,1,1,Fall,2019.0,9.0,0,0,0
W2889,42.62248944,-71.02018566,17.0,6.8,1,1,Fall,2019.0,9.0,0,0,0
W2890,42.66074776,-70.90371136,17.9,8.5,1,1,Fall,2019.0,9.0,0,0,0
W2287,42.69539254,-72.22718449,14.9,8.6,1,1,Fall,2019.0,9.0,0,0,0
W2895,42.62069634,-72.39305406,13.5,9.9,1,1,Fall,2019.0,9.0,0,0,0
W2896,42.38033448,-72.46510155,14.9,10.0,1,1,Fall,2019.0,9.0,0,0,0
W2897,42.44704256,-72.49190917,17.1,9.3,1,1,Fall,2019.0,9.0,0,0,0
W2898,42.45007437,-72.45260735,14.0,10.1,1,1,Fall,2019.0,9.0,0,0,0
W2899,42.46777728,-72.15673762,15.9,9.3,1,1,Fall,2019.0,9.0,0,0,0
W2900,42.43953233,-72.04115765,16.3,8.9,1,1,Fall,2019.0,9.0,0,0,0
W2901,42.20154773,-72.04487072,14.3,3.2,1,2,Fall,2019.0,9.0,0,1,0
W2902,42.05048837,-72.09627321,13.1,9.9,1,1,Fall,2019.0,9.0,0,0,0
W2904,42.07493076,-71.7950707,14.4,7.8,1,1,Fall,2019.0,9.0,0,0,0
W2903,42.01542185,-71.79841192,15.7,9.2,1,1,Fall,2019.0,9.0,0,0,0
W2413,42.00792,-71.70506,16.8,9.3,1,1,Fall,2019.0,9.0,0,0,0
W2905,42.04529263,-71.65201157,17.7,8.8,1,1,Fall,2019.0,9.0,0,0,0
W2906,42.18795491,-71.62720825,16.9,4.2,1,2,Fall,2019.0,9.0,0,1,0
W2910,41.95851534,-71.2424628,17.6,3.0,1,2,Fall,2019.0,9.0,0,1,0
W2466,41.77254787,-71.08494839,17.1,8.1,1,1,Fall,2019.0,9.0,0,0,0
W2911,41.77800443,-71.07593377,18.3,6.6,1,1,Fall,2019.0,9.0,0,0,0
W0918,42.16028331,-70.78863391,18.7,7.6,1,1,Fall,2019.0,9.0,0,0,0
W2912,42.18764862,-70.76850844,19.1,1.5,1,2,Fall,2019.0,9.0,0,1,0
W2913,42.19862254,-70.83275,19.5,5.5,1,1,Fall,2019.0,9.0,0,0,0
W2842,42.70281576,-72.45189591,12.8,10.0,1,2,Summer,2019.0,6.0,1,0,0
W1782,42.62058327,-72.54988746,13.7,10.8,1,2,Summer,2019.0,6.0,1,0,0
W2843,42.5098257,-72.66169041,13.1,10.4,1,2,Summer,2019.0,6.0,1,0,0
W1063,42.47836238,-72.61893594,15.8,6.2,1,2,Summer,2019.0,6.0,1,0,0
W2844,42.48176265,-72.60513286,16.4,7.2,1,2,Summer,2019.0,6.0,1,0,0
W1061,42.36655405,-72.60488814,18.7,8.9,1,2,Summer,2019.0,6.0,1,0,0
W1796,42.31899322,-72.66514075,17.1,10.2,1,2,Summer,2019.0,6.0,1,0,0
W2845,42.37683842,-72.49492563,13.5,9.8,1,2,Summer,2019.0,6.0,1,0,0
W2846,42.41550849,-72.51258326,14.3,10.1,1,2,Summer,2019.0,6.0,1,0,0
W2854,42.41118008,-72.5674643,14.3,8.6,1,2,Summer,2019.0,6.0,1,0,0
W1050,42.38639934,-72.5503928,16.9,8.7,1,2,Summer,2019.0,6.0,1,0,0
W2847,42.38339502,-72.5850062,22.3,8.6,1,2,Summer,2019.0,6.0,1,0,0
W1051,42.33278638,-72.57858317,19.0,8.5,1,2,Summer,2019.0,6.0,1,0,0
W2848,42.28071001,-72.4252915,16.5,8.8,1,2,Summer,2019.0,6.0,1,0,0
W1055,42.28189876,-72.42726497,16.9,9.0,1,2,Summer,2019.0,6.0,1,0,0
W2849,42.27820079,-72.57541581,20.3,8.9,1,2,Summer,2019.0,6.0,1,0,0
W2850,42.28230014,-72.58708557,16.1,9.8,1,2,Summer,2019.0,6.0,1,0,0
W1065,42.28349688,-72.64060074,17.4,8.5,1,2,Summer,2019.0,6.0,1,0,0
W2851,42.27748219,-72.65403879,20.7,8.6,1,2,Summer,2019.0,6.0,1,0,0
W1792,42.24704007,-72.58037808,21.3,8.6,1,2,Summer,2019.0,6.0,1,0,0
W2852,42.21396566,-72.59514866,17.6,9.2,1,2,Summer,2019.0,6.0,1,0,0
W2855,42.19157879,-72.59779736,16.5,9.6,1,2,Summer,2019.0,6.0,1,0,0
W1786,42.0941279,-72.56911519,23.9,7.7,1,2,Summer,2019.0,6.0,1,0,0
W2853,42.07465812,-72.58070026,23.7,8.4,1,2,Summer,2019.0,6.0,1,0,0
W1794,42.03629979,-72.58362237,19.9,8.4,1,2,Summer,2019.0,6.0,1,0,0
W2842,42.70281576,-72.45189591,18.1,7.7,1,2,Summer,2019.0,7.0,1,0,0
W1782,42.62058327,-72.54988746,17.6,9.6,1,2,Summer,2019.0,7.0,1,0,0
W2843,42.5098257,-72.66169041,15.6,9.4,1,2,Summer,2019.0,7.0,1,0,0
W1063,42.47836238,-72.61893594,21.0,5.0,1,2,Summer,2019.0,7.0,1,0,0
W2844,42.48176265,-72.60513286,18.7,2.9,1,3,Summer,2019.0,7.0,1,1,0
W1061,42.36655405,-72.60488814,24.3,6.0,1,2,Summer,2019.0,7.0,1,0,0
W1796,42.31899322,-72.66514075,23.0,9.6,1,2,Summer,2019.0,7.0,1,0,0
W2845,42.37683842,-72.49492563,18.4,8.4,1,2,Summer,2019.0,7.0,1,0,0
W2846,42.41550849,-72.51258326,19.1,9.0,1,2,Summer,2019.0,7.0,1,0,0
W2854,42.41118008,-72.5674643,19.0,7.5,1,2,Summer,2019.0,7.0,1,0,0
W1050,42.38639934,-72.5503928,22.2,7.6,1,2,Summer,2019.0,7.0,1,0,0
W2847,42.38339502,-72.5850062,26.5,7.3,1,2,Summer,2019.0,7.0,1,0,0
W1051,42.33278638,-72.57858317,23.1,7.6,1,2,Summer,2019.0,7.0,1,0,0
W2848,42.28071001,-72.4252915,18.7,8.5,1,2,Summer,2019.0,7.0,1,0,0
W1055,42.28189876,-72.42726497,19.7,8.8,1,2,Summer,2019.0,7.0,1,0,0
W2849,42.27820079,-72.57541581,22.5,8.7,1,2,Summer,2019.0,7.0,1,0,0
W2850,42.28230014,-72.58708557,19.0,9.1,1,2,Summer,2019.0,7.0,1,0,0
W1065,42.28349688,-72.64060074,20.5,8.0,1,2,Summer,2019.0,7.0,1,0,0
W2851,42.27748219,-72.65403879,23.4,8.0,1,2,Summer,2019.0,7.0,1,0,0
W1792,42.24704007,-72.58037808,26.8,7.5,1,2,Summer,2019.0,7.0,1,0,0
W2852,42.21396566,-72.59514866,20.4,8.7,1,2,Summer,2019.0,7.0,1,0,0
W2855,42.19157879,-72.59779736,17.2,9.4,1,2,Summer,2019.0,7.0,1,0,0
W1786,42.0941279,-72.56911519,26.7,6.2,1,2,Summer,2019.0,7.0,1,0,0
W2853,42.07465812,-72.58070026,27.1,6.7,1,2,Summer,2019.0,7.0,1,0,0
W1794,42.03629979,-72.58362237,23.1,8.0,1,2,Summer,2019.0,7.0,1,0,0
W2842,42.70281576,-72.45189591,19.6,7.3,1,2,Summer,2019.0,8.0,1,0,0
W1782,42.62058327,-72.54988746,19.3,9.5,1,2,Summer,2019.0,8.0,1,0,0
W2843,42.5098257,-72.66169041,16.8,8.9,1,2,Summer,2019.0,8.0,1,0,0
W1063,42.47836238,-72.61893594,20.4,4.8,1,3,Summer,2019.0,8.0,1,1,0
W2844,42.48176265,-72.60513286,19.3,3.2,1,3,Summer,2019.0,8.0,1,1,0
W1061,42.36655405,-72.60488814,23.5,5.5,1,2,Summer,2019.0,8.0,1,0,0
W1796,42.31899322,-72.66514075,22.5,10.0,1,2,Summer,2019.0,8.0,1,0,0
W2845,42.37683842,-72.49492563,18.0,8.4,1,2,Summer,2019.0,8.0,1,0,0
W2846,42.41550849,-72.51258326,18.0,9.2,1,2,Summer,2019.0,8.0,1,0,0
W2854,42.41118008,-72.5674643,17.1,7.8,1,2,Summer,2019.0,8.0,1,0,0
W1050,42.38639934,-72.5503928,20.0,8.1,1,2,Summer,2019.0,8.0,1,0,0
W2847,42.38339502,-72.5850062,23.6,7.7,1,2,Summer,2019.0,8.0,1,0,0
W1051,42.33278638,-72.57858317,21.1,8.1,1,2,Summer,2019.0,8.0,1,0,0
W2848,42.28071001,-72.4252915,19.2,8.0,1,2,Summer,2019.0,8.0,1,0,0
W1055,42.28189876,-72.42726497,19.8,8.4,1,2,Summer,2019.0,8.0,1,0,0
W2849,42.27820079,-72.57541581,22.8,8.6,1,2,Summer,2019.0,8.0,1,0,0
W2850,42.28230014,-72.58708557,18.5,8.8,1,2,Summer,2019.0,8.0,1,0,0
W1065,42.28349688,-72.64060074,21.8,6.2,1,2,Summer,2019.0,8.0,1,0,0
W2851,42.27748219,-72.65403879,25.0,7.1,1,2,Summer,2019.0,8.0,1,0,0
W1792,42.24704007,-72.58037808,20.7,8.6,1,2,Summer,2019.0,8.0,1,0,0
W2852,42.21396566,-72.59514866,16.6,9.5,1,2,Summer,2019.0,8.0,1,0,0
W2855,42.19157879,-72.59779736,15.1,9.9,1,2,Summer,2019.0,8.0,1,0,0
W1786,42.0941279,-72.56911519,22.0,6.1,1,2,Summer,2019.0,8.0,1,0,0
W2853,42.07465812,-72.58070026,21.7,8.0,1,2,Summer,2019.0,8.0,1,0,0
W1794,42.03629979,-72.58362237,18.2,8.9,1,2,Summer,2019.0,8.0,1,0,0
W2842,42.70281576,-72.45189591,17.0,8.2,1,1,Fall,2019.0,9.0,0,0,0
W1782,42.62058327,-72.54988746,17.3,9.5,1,1,Fall,2019.0,9.0,0,0,0
W2843,42.5098257,-72.66169041,16.0,8.8,1,1,Fall,2019.0,9.0,0,0,0
W1063,42.47836238,-72.61893594,18.5,4.1,1,2,Fall,2019.0,9.0,0,1,0
W2844,42.48176265,-72.60513286,18.3,2.8,1,2,Fall,2019.0,9.0,0,1,0
W1061,42.36655405,-72.60488814,21.0,5.9,1,1,Fall,2019.0,9.0,0,0,0
W1796,42.31899322,-72.66514075,20.0,9.9,1,1,Fall,2019.0,9.0,0,0,0
W2845,42.37683842,-72.49492563,16.2,8.9,1,1,Fall,2019.0,9.0,0,0,0
W2846,42.41550849,-72.51258326,16.4,9.6,1,1,Fall,2019.0,9.0,0,0,0
W2854,42.41118008,-72.5674643,16.1,8.1,1,1,Fall,2019.0,9.0,0,0,0
W1050,42.38639934,-72.5503928,17.9,8.2,1,1,Fall,2019.0,9.0,0,0,0
W2847,42.38339502,-72.5850062,20.7,8.7,1,1,Fall,2019.0,9.0,0,0,0
W1051,42.33278638,-72.57858317,18.8,9.3,1,1,Fall,2019.0,9.0,0,0,0
W2848,42.28071001,-72.4252915,14.1,9.6,1,1,Fall,2019.0,9.0,0,0,0
W1055,42.28189876,-72.42726497,16.4,9.4,1,1,Fall,2019.0,9.0,0,0,0
W2849,42.27820079,-72.57541581,16.8,9.8,1,1,Fall,2019.0,9.0,0,0,0
W2850,42.28230014,-72.58708557,13.4,10.7,1,1,Fall,2019.0,9.0,0,0,0
W1065,42.28349688,-72.64060074,15.8,7.9,1,1,Fall,2019.0,9.0,0,0,0
W2851,42.27748219,-72.65403879,18.6,7.8,1,1,Fall,2019.0,9.0,0,0,0
W1792,42.24704007,-72.58037808,17.1,8.7,1,1,Fall,2019.0,9.0,0,0,0
W2852,42.21396566,-72.59514866,14.2,10.0,1,1,Fall,2019.0,9.0,0,0,0
W2855,42.19157879,-72.59779736,13.2,10.3,1,1,Fall,2019.0,9.0,0,0,0
W1786,42.0941279,-72.56911519,19.1,8.0,1,1,Fall,2019.0,9.0,0,0,0
W2853,42.07465812,-72.58070026,19.3,9.0,1,1,Fall,2019.0,9.0,0,0,0
W1794,42.03629979,-72.58362237,16.7,9.7,1,1,Fall,2019.0,9.0,0,0,0
W0816,41.81989559,-71.02717559,18.1,0.7,1,3,Summer,2019.0,6.0,1,1,0
W2838,41.83523239,-71.13593516,17.9,8.3,1,2,Summer,2019.0,6.0,1,0,0
W1508,41.88590512,-71.13411655,20.0,7.8,1,2,Summer,2019.0,6.0,1,0,0
W2372,41.90037801,-71.09399859,20.2,8.3,1,2,Summer,2019.0,6.0,1,0,0
W0821,41.93332037,-71.15426672,20.2,7.2,1,2,Summer,2019.0,6.0,1,0,0
W2835,41.946818,-71.16067131,20.6,7.6,1,2,Summer,2019.0,6.0,1,0,0
W0858,41.9471012,-71.1769499,20.3,8.1,1,2,Summer,2019.0,6.0,1,0,0
W2894,41.94672655,-71.20083966,20.9,8.3,1,2,Summer,2019.0,6.0,1,0,0
W1504,41.88611169,-71.02994049,19.1,6.4,1,2,Summer,2019.0,6.0,1,0,0
W0317,41.9074391,-70.91495236,18.6,7.1,1,2,Summer,2019.0,6.0,1,0,0
W0318,41.92174924,-70.92351752,18.5,5.6,1,2,Summer,2019.0,6.0,1,0,0
W1503,41.93629311,-70.98734776,19.2,5.8,1,2,Summer,2019.0,6.0,1,0,0
W2836,41.94881614,-70.96826996,14.5,8.8,1,2,Summer,2019.0,6.0,1,0,0
W2833,41.98177507,-71.16118832,15.8,7.4,1,2,Summer,2019.0,6.0,1,0,0
W2402,42.00502696,-71.21344675,18.3,7.7,1,2,Summer,2019.0,6.0,1,0,0
W2377,42.06112594,-71.2165861,16.8,7.6,1,2,Summer,2019.0,6.0,1,0,0
W2834,41.96932455,-70.88343597,18.8,2.5,1,3,Summer,2019.0,6.0,1,1,0
W1501,41.99937253,-70.93768479,18.8,7.5,1,2,Summer,2019.0,6.0,1,0,0
W1499,42.02160209,-70.9505329,20.0,6.5,1,2,Summer,2019.0,6.0,1,0,0
W2405,41.99746222,-70.95386851,19.0,7.2,1,2,Summer,2019.0,6.0,1,0,0
W2831,41.99502786,-70.97075555,19.0,7.3,1,2,Summer,2019.0,6.0,1,0,0
W2829,41.99230816,-71.04277391,18.7,1.0,1,3,Summer,2019.0,6.0,1,1,0
W2832,41.9780221,-71.13417172,20.4,5.3,1,2,Summer,2019.0,6.0,1,0,0
W2830,42.01901335,-71.12591191,18.8,8.0,1,2,Summer,2019.0,6.0,1,0,0
W0868,42.05820916,-70.89995609,20.6,5.0,1,2,Summer,2019.0,6.0,1,0,0
W0869,42.04238758,-70.89846196,20.1,4.5,1,3,Summer,2019.0,6.0,1,1,0
W1498,42.03148922,-70.96656207,20.1,6.7,1,2,Summer,2019.0,6.0,1,0,0
W1497,42.04550631,-70.97074029,20.4,7.3,1,2,Summer,2019.0,6.0,1,0,0
W1495,42.03776122,-70.98465422,19.5,7.5,1,2,Summer,2019.0,6.0,1,0,0
W1494,42.05376462,-71.00977821,19.7,7.1,1,2,Summer,2019.0,6.0,1,0,0
W1493,42.07964645,-71.00930657,18.9,6.7,1,2,Summer,2019.0,6.0,1,0,0
W1490,42.07936711,-71.01406198,20.7,8.1,1,2,Summer,2019.0,6.0,1,0,0
W2838,41.83523239,-71.13593516,20.0,7.0,1,2,Summer,2019.0,7.0,1,0,0
W1508,41.88590512,-71.13411655,24.5,6.3,1,2,Summer,2019.0,7.0,1,0,0
W2372,41.90037801,-71.09399859,24.2,7.7,1,2,Summer,2019.0,7.0,1,0,0
W0821,41.93332037,-71.15426672,23.5,6.9,1,2,Summer,2019.0,7.0,1,0,0
W2835,41.946818,-71.16067131,24.3,7.4,1,2,Summer,2019.0,7.0,1,0,0
W0858,41.9471012,-71.1769499,24.3,7.0,1,2,Summer,2019.0,7.0,1,0,0
W2894,41.94672655,-71.20083966,24.7,7.1,1,2,Summer,2019.0,7.0,1,0,0
W1504,41.88611169,-71.02994049,24.2,5.1,1,2,Summer,2019.0,7.0,1,0,0
W0317,41.9074391,-70.91495236,24.2,4.7,1,3,Summer,2019.0,7.0,1,1,0
W0318,41.92174924,-70.92351752,24.2,2.0,1,3,Summer,2019.0,7.0,1,1,0
W1503,41.93629311,-70.98734776,24.1,4.3,1,3,Summer,2019.0,7.0,1,1,0
W2836,41.94881614,-70.96826996,21.1,7.1,1,2,Summer,2019.0,7.0,1,0,0
W2833,41.98177507,-71.16118832,22.0,6.8,1,2,Summer,2019.0,7.0,1,0,0
W2402,42.00502696,-71.21344675,24.2,7.1,1,2,Summer,2019.0,7.0,1,0,0
W2377,42.06112594,-71.2165861,21.0,7.0,1,2,Summer,2019.0,7.0,1,0,0
W2834,41.96932455,-70.88343597,20.3,1.8,1,3,Summer,2019.0,7.0,1,1,0
W1501,41.99937253,-70.93768479,20.7,7.0,1,2,Summer,2019.0,7.0,1,0,0
W1499,42.02160209,-70.9505329,20.8,5.8,1,2,Summer,2019.0,7.0,1,0,0
W2405,41.99746222,-70.95386851,21.4,6.9,1,2,Summer,2019.0,7.0,1,0,0
W2831,41.99502786,-70.97075555,21.2,6.9,1,2,Summer,2019.0,7.0,1,0,0
W2829,41.99230816,-71.04277391,20.5,1.1,1,3,Summer,2019.0,7.0,1,1,0
W2832,41.9780221,-71.13417172,23.9,5.6,1,2,Summer,2019.0,7.0,1,0,0
W2830,42.01901335,-71.12591191,22.9,7.5,1,2,Summer,2019.0,7.0,1,0,0
W0868,42.05820916,-70.89995609,24.0,3.5,1,3,Summer,2019.0,8.0,1,1,0
W0869,42.04238758,-70.89846196,24.4,3.0,1,3,Summer,2019.0,8.0,1,1,0
W1498,42.03148922,-70.96656207,22.9,5.0,1,2,Summer,2019.0,8.0,1,0,0
W1497,42.04550631,-70.97074029,23.9,6.9,1,2,Summer,2019.0,8.0,1,0,0
W1495,42.03776122,-70.98465422,23.0,6.7,1,2,Summer,2019.0,8.0,1,0,0
W1494,42.05376462,-71.00977821,22.4,6.2,1,2,Summer,2019.0,8.0,1,0,0
W1493,42.07964645,-71.00930657,22.2,6.0,1,2,Summer,2019.0,8.0,1,0,0
W1490,42.07936711,-71.01406198,22.9,7.7,1,2,Summer,2019.0,8.0,1,0,0
W0816,41.81989559,-71.02717559,21.8,1.1,1,3,Summer,2019.0,8.0,1,1,0
W2838,41.83523239,-71.13593516,21.3,7.4,1,2,Summer,2019.0,8.0,1,0,0
W1508,41.88590512,-71.13411655,23.8,6.2,1,2,Summer,2019.0,8.0,1,0,0
W2372,41.90037801,-71.09399859,23.6,7.2,1,2,Summer,2019.0,8.0,1,0,0
W0821,41.93332037,-71.15426672,22.3,6.1,1,2,Summer,2019.0,8.0,1,0,0
W2835,41.946818,-71.16067131,23.3,6.9,1,2,Summer,2019.0,8.0,1,0,0
W0858,41.9471012,-71.1769499,23.5,6.6,1,2,Summer,2019.0,8.0,1,0,0
W2894,41.94672655,-71.20083966,24.3,6.8,1,2,Summer,2019.0,8.0,1,0,0
W1504,41.88611169,-71.02994049,22.1,6.0,1,2,Summer,2019.0,8.0,1,0,0
W0317,41.9074391,-70.91495236,22.1,6.4,1,2,Summer,2019.0,8.0,1,0,0
W0318,41.92174924,-70.92351752,22.2,4.6,1,3,Summer,2019.0,8.0,1,1,0
W1503,41.93629311,-70.98734776,22.6,6.0,1,2,Summer,2019.0,8.0,1,0,0
W2836,41.94881614,-70.96826996,19.3,8.2,1,2,Summer,2019.0,8.0,1,0,0
W2833,41.98177507,-71.16118832,19.8,7.9,1,2,Summer,2019.0,8.0,1,0,0
W2402,42.00502696,-71.21344675,21.4,7.7,1,2,Summer,2019.0,8.0,1,0,0
W2377,42.06112594,-71.2165861,17.9,7.8,1,2,Summer,2019.0,8.0,1,0,0
W2834,41.96932455,-70.88343597,23.2,3.3,1,3,Summer,2019.0,8.0,1,1,0
W1501,41.99937253,-70.93768479,23.0,6.5,1,2,Summer,2019.0,8.0,1,0,0
W1499,42.02160209,-70.9505329,24.3,5.6,1,2,Summer,2019.0,8.0,1,0,0
W2405,41.99746222,-70.95386851,23.6,5.3,1,2,Summer,2019.0,8.0,1,0,0
W2831,41.99502786,-70.97075555,24.2,6.1,1,2,Summer,2019.0,8.0,1,0,0
W2829,41.99230816,-71.04277391,23.4,0.8,1,3,Summer,2019.0,8.0,1,1,0
W2832,41.9780221,-71.13417172,24.5,4.6,1,3,Summer,2019.0,8.0,1,1,0
W2830,42.01901335,-71.12591191,22.8,6.6,1,2,Summer,2019.0,8.0,1,0,0
W0868,42.05820916,-70.89995609,19.4,4.6,1,3,Summer,2019.0,8.0,1,1,0
W0869,42.04238758,-70.89846196,19.5,4.0,1,3,Summer,2019.0,8.0,1,1,0
W1498,42.03148922,-70.96656207,20.1,7.5,1,2,Summer,2019.0,8.0,1,0,0
W1497,42.04550631,-70.97074029,19.4,7.4,1,2,Summer,2019.0,8.0,1,0,0
W1495,42.03776122,-70.98465422,21.8,6.5,1,2,Summer,2019.0,8.0,1,0,0
W1494,42.05376462,-71.00977821,21.4,6.6,1,2,Summer,2019.0,8.0,1,0,0
W1493,42.07964645,-71.00930657,21.6,5.8,1,2,Summer,2019.0,8.0,1,0,0
W1490,42.07936711,-71.01406198,21.6,7.9,1,2,Summer,2019.0,8.0,1,0,0
W2838,41.83523239,-71.13593516,17.1,7.2,1,1,Fall,2019.0,9.0,0,0,0
W1508,41.88590512,-71.13411655,21.3,7.5,1,1,Fall,2019.0,9.0,0,0,0
W2372,41.90037801,-71.09399859,20.6,8.5,1,1,Fall,2019.0,9.0,0,0,0
W0821,41.93332037,-71.15426672,21.0,7.6,1,1,Fall,2019.0,9.0,0,0,0
W2835,41.946818,-71.16067131,21.0,8.1,1,1,Fall,2019.0,9.0,0,0,0
W0858,41.9471012,-71.1769499,20.3,8.3,1,1,Fall,2019.0,9.0,0,0,0
W2894,41.94672655,-71.20083966,21.1,7.8,1,1,Fall,2019.0,9.0,0,0,0
W1504,41.88611169,-71.02994049,19.6,6.6,1,1,Fall,2019.0,9.0,0,0,0
W0317,41.9074391,-70.91495236,20.8,7.0,1,1,Fall,2019.0,9.0,0,0,0
W0318,41.92174924,-70.92351752,20.7,6.2,1,1,Fall,2019.0,9.0,0,0,0
W1503,41.93629311,-70.98734776,19.9,6.9,1,1,Fall,2019.0,9.0,0,0,0
W2836,41.94881614,-70.96826996,18.0,8.0,1,1,Fall,2019.0,9.0,0,0,0
W2833,41.98177507,-71.16118832,18.4,7.9,1,1,Fall,2019.0,9.0,0,0,0
W2402,42.00502696,-71.21344675,19.2,7.7,1,1,Fall,2019.0,9.0,0,0,0
W2377,42.06112594,-71.2165861,16.1,7.9,1,1,Fall,2019.0,9.0,0,0,0
W2834,41.96932455,-70.88343597,13.7,6.3,1,1,Fall,2019.0,9.0,0,0,0
W1501,41.99937253,-70.93768479,15.5,8.2,1,1,Fall,2019.0,9.0,0,0,0
W1499,42.02160209,-70.9505329,15.1,7.8,1,1,Fall,2019.0,9.0,0,0,0
W2405,41.99746222,-70.95386851,15.6,6.9,1,1,Fall,2019.0,9.0,0,0,0
W2831,41.99502786,-70.97075555,16.0,7.9,1,1,Fall,2019.0,9.0,0,0,0
W2829,41.99230816,-71.04277391,14.8,3.5,1,2,Fall,2019.0,9.0,0,1,0
W2832,41.9780221,-71.13417172,16.7,7.0,1,1,Fall,2019.0,9.0,0,0,0
W2830,42.01901335,-71.12591191,15.4,8.5,1,1,Fall,2019.0,9.0,0,0,0
W0868,42.05820916,-70.89995609,16.0,5.0,1,1,Fall,2019.0,9.0,0,0,0
W0869,42.04238758,-70.89846196,16.3,4.6,1,2,Fall,2019.0,9.0,0,1,0
W1498,42.03148922,-70.96656207,16.5,4.7,1,2,Fall,2019.0,9.0,0,1,0
W1497,42.04550631,-70.97074029,15.0,7.7,1,1,Fall,2019.0,9.0,0,0,0
W1495,42.03776122,-70.98465422,19.3,6.2,1,1,Fall,2019.0,9.0,0,0,0
W1494,42.05376462,-71.00977821,16.7,5.8,1,1,Fall,2019.0,9.0,0,0,0
W1493,42.07964645,-71.00930657,17.7,6.3,1,1,Fall,2019.0,9.0,0,0,0
W1490,42.07936711,-71.01406198,17.8,8.1,1,1,Fall,2019.0,9.0,0,0,0
W1226,42.45289418,-71.14158508,19.7,10.7,0,1,Summer,2019.0,6.0,1,0,0
W1226,42.45289418,-71.14158508,19.5,10.8,0,1,Summer,2019.0,6.0,1,0,0
W1226,42.45289418,-71.14158508,19.3,10.9,0,1,Summer,2019.0,6.0,1,0,0
W1226,42.45289418,-71.14158508,18.8,10.2,0,1,Summer,2019.0,6.0,1,0,0
W1226,42.45289418,-71.14158508,17.3,11.9,0,1,Summer,2019.0,6.0,1,0,0
W1226,42.45289418,-71.14158508,16.2,8.5,0,1,Summer,2019.0,6.0,1,0,0
W1226,42.45289418,-71.14158508,14.4,1.1,0,2,Summer,2019.0,6.0,1,1,0
W1087,42.46963022,-71.15765018,19.3,10.7,0,1,Summer,2019.0,6.0,1,0,0
W1087,42.46963022,-71.15765018,19.2,10.7,0,1,Summer,2019.0,6.0,1,0,0
W1087,42.46963022,-71.15765018,19.0,10.7,0,1,Summer,2019.0,6.0,1,0,0
W1087,42.46963022,-71.15765018,18.1,10.3,0,1,Summer,2019.0,6.0,1,0,0
W1087,42.46963022,-71.15765018,17.0,9.6,0,1,Summer,2019.0,6.0,1,0,0
W1087,42.46963022,-71.15765018,13.6,4.9,0,2,Summer,2019.0,6.0,1,1,0
W1087,42.46963022,-71.15765018,12.1,3.2,0,2,Summer,2019.0,6.0,1,1,0
W1087,42.46963022,-71.15765018,11.1,2.2,0,2,Summer,2019.0,6.0,1,1,0
W1087,42.46963022,-71.15765018,10.4,1.7,0,2,Summer,2019.0,6.0,1,1,0
W1087,42.46963022,-71.15765018,9.5,1.4,0,2,Summer,2019.0,6.0,1,1,0
W2837,42.40999949,-71.151994,19.7,9.8,0,1,Summer,2019.0,6.0,1,0,0
W2837,42.40999949,-71.151994,19.6,9.9,0,1,Summer,2019.0,6.0,1,0,0
W2837,42.40999949,-71.151994,19.6,9.9,0,1,Summer,2019.0,6.0,1,0,0
W2837,42.40999949,-71.151994,18.9,9.7,0,1,Summer,2019.0,6.0,1,0,0
W2837,42.40999949,-71.151994,17.7,9.5,0,1,Summer,2019.0,6.0,1,0,0
W2837,42.40999949,-71.151994,14.6,6.7,0,1,Summer,2019.0,6.0,1,0,0
W2837,42.40999949,-71.151994,12.3,2.1,0,2,Summer,2019.0,6.0,1,1,0
W2839,42.40600014,-71.15899647,20.6,9.8,0,1,Summer,2019.0,6.0,1,0,0
W2839,42.40600014,-71.15899647,19.6,9.9,0,1,Summer,2019.0,6.0,1,0,0
W2839,42.40600014,-71.15899647,19.4,9.5,0,1,Summer,2019.0,6.0,1,0,0
W2839,42.40600014,-71.15899647,18.4,9.0,0,1,Summer,2019.0,6.0,1,0,0
W2839,42.40600014,-71.15899647,16.3,3.6,0,2,Summer,2019.0,6.0,1,1,0
W2839,42.40600014,-71.15899647,15.4,0.5,0,2,Summer,2019.0,6.0,1,1,0
W2839,42.40600014,-71.15899647,17.2,5.8,0,1,Summer,2019.0,6.0,1,0,0
W2839,42.40600014,-71.15899647,15.8,1.9,0,2,Summer,2019.0,6.0,1,1,0
W1226,42.45289418,-71.14158508,27.0,12.7,1,2,Summer,2019.0,7.0,1,0,0
W1226,42.45289418,-71.14158508,26.9,12.7,1,2,Summer,2019.0,7.0,1,0,0
W1226,42.45289418,-71.14158508,26.4,11.7,1,2,Summer,2019.0,7.0,1,0,0
W1226,42.45289418,-71.14158508,24.0,7.9,1,2,Summer,2019.0,7.0,1,0,0
W1226,42.45289418,-71.14158508,22.2,1.5,1,3,Summer,2019.0,7.0,1,1,0
W1087,42.46963022,-71.15765018,28.0,15.5,1,2,Summer,2019.0,7.0,1,0,0
W1087,42.46963022,-71.15765018,27.0,15.5,1,2,Summer,2019.0,7.0,1,0,0
W1087,42.46963022,-71.15765018,24.5,9.6,1,2,Summer,2019.0,7.0,1,0,0
W1087,42.46963022,-71.15765018,21.2,3.3,1,3,Summer,2019.0,7.0,1,1,0
W2837,42.40999949,-71.151994,27.5,9.8,1,2,Summer,2019.0,7.0,1,0,0
W2837,42.40999949,-71.151994,27.4,9.7,1,2,Summer,2019.0,7.0,1,0,0
W2837,42.40999949,-71.151994,26.8,10.1,1,2,Summer,2019.0,7.0,1,0,0
W2837,42.40999949,-71.151994,24.4,10.5,1,2,Summer,2019.0,7.0,1,0,0
W2837,42.40999949,-71.151994,20.8,8.6,1,2,Summer,2019.0,7.0,1,0,0
W2837,42.40999949,-71.151994,17.2,5.9,1,2,Summer,2019.0,7.0,1,0,0
W2837,42.40999949,-71.151994,14.5,1.9,1,3,Summer,2019.0,7.0,1,1,0
W2839,42.40600014,-71.15899647,27.8,10.4,1,2,Summer,2019.0,7.0,1,0,0
W2839,42.40600014,-71.15899647,27.3,11.3,1,2,Summer,2019.0,7.0,1,0,0
W2839,42.40600014,-71.15899647,26.3,12.4,1,2,Summer,2019.0,7.0,1,0,0
W2839,42.40600014,-71.15899647,24.2,4.7,1,3,Summer,2019.0,7.0,1,1,0
W2839,42.40600014,-71.15899647,23.0,1.7,1,3,Summer,2019.0,7.0,1,1,0
W1226,42.45289418,-71.14158508,26.3,8.6,1,2,Summer,2019.0,8.0,1,0,0
W1226,42.45289418,-71.14158508,26.2,8.5,1,2,Summer,2019.0,8.0,1,0,0
W1226,42.45289418,-71.14158508,26.2,7.7,1,2,Summer,2019.0,8.0,1,0,0
W1226,42.45289418,-71.14158508,25.9,6.0,1,2,Summer,2019.0,8.0,1,0,0
W1226,42.45289418,-71.14158508,25.1,2.3,1,4,Summer,2019.0,8.0,1,1,1
W1226,42.45289418,-71.14158508,19.5,0.6,1,3,Summer,2019.0,8.0,1,1,0
W1087,42.46963022,-71.15765018,26.9,8.9,1,2,Summer,2019.0,8.0,1,0,0
W1087,42.46963022,-71.15765018,26.8,8.8,1,2,Summer,2019.0,8.0,1,0,0
W1087,42.46963022,-71.15765018,26.0,4.6,1,4,Summer,2019.0,8.0,1,1,1
W2837,42.40999949,-71.151994,26.1,7.3,1,2,Summer,2019.0,8.0,1,0,0
W2837,42.40999949,-71.151994,26.1,7.2,1,2,Summer,2019.0,8.0,1,0,0
W2837,42.40999949,-71.151994,26.0,7.0,1,2,Summer,2019.0,8.0,1,0,0
W2837,42.40999949,-71.151994,24.5,2.9,1,3,Summer,2019.0,8.0,1,1,0
W2837,42.40999949,-71.151994,22.4,0.4,1,3,Summer,2019.0,8.0,1,1,0
W2839,42.40600014,-71.15899647,26.0,6.1,1,2,Summer,2019.0,8.0,1,0,0
W2839,42.40600014,-71.15899647,25.8,5.2,1,2,Summer,2019.0,8.0,1,0,0
W2839,42.40600014,-71.15899647,25.5,3.9,1,4,Summer,2019.0,8.0,1,1,1
W2839,42.40600014,-71.15899647,24.6,0.9,1,3,Summer,2019.0,8.0,1,1,0
W1226,42.45289418,-71.14158508,21.5,8.6,1,1,Fall,2019.0,9.0,0,0,0
W1226,42.45289418,-71.14158508,21.4,8.9,1,1,Fall,2019.0,9.0,0,0,0
W1226,42.45289418,-71.14158508,21.4,8.7,1,1,Fall,2019.0,9.0,0,0,0
W1226,42.45289418,-71.14158508,21.4,7.6,1,1,Fall,2019.0,9.0,0,0,0
W1226,42.45289418,-71.14158508,21.3,4.1,1,2,Fall,2019.0,9.0,0,1,0
W1226,42.45289418,-71.14158508,21.2,1.8,1,2,Fall,2019.0,9.0,0,1,0
W1226,42.45289418,-71.14158508,21.0,1.4,1,2,Fall,2019.0,9.0,0,1,0
W1087,42.46963022,-71.15765018,22.2,9.1,1,1,Fall,2019.0,9.0,0,0,0
W1087,42.46963022,-71.15765018,21.9,8.9,1,1,Fall,2019.0,9.0,0,0,0
W1087,42.46963022,-71.15765018,21.6,8.4,1,1,Fall,2019.0,9.0,0,0,0
W1087,42.46963022,-71.15765018,21.4,7.4,1,1,Fall,2019.0,9.0,0,0,0
W1087,42.46963022,-71.15765018,21.2,6.5,1,1,Fall,2019.0,9.0,0,0,0
W2837,42.40999949,-71.151994,22.1,9.1,1,1,Fall,2019.0,9.0,0,0,0
W2837,42.40999949,-71.151994,22.1,9.1,1,1,Fall,2019.0,9.0,0,0,0
W2837,42.40999949,-71.151994,22.0,8.6,1,1,Fall,2019.0,9.0,0,0,0
W2837,42.40999949,-71.151994,21.6,7.4,1,1,Fall,2019.0,9.0,0,0,0
W2837,42.40999949,-71.151994,21.4,5.9,1,1,Fall,2019.0,9.0,0,0,0
W2837,42.40999949,-71.151994,20.5,1.4,1,2,Fall,2019.0,9.0,0,1,0
W2839,42.40600014,-71.15899647,22.0,8.9,1,1,Fall,2019.0,9.0,0,0,0
W2839,42.40600014,-71.15899647,22.0,8.8,1,1,Fall,2019.0,9.0,0,0,0
W2839,42.40600014,-71.15899647,22.0,8.8,1,1,Fall,2019.0,9.0,0,0,0
W2839,42.40600014,-71.15899647,21.6,4.9,1,2,Fall,2019.0,9.0,0,1,0
W2839,42.40600014,-71.15899647,21.3,2.6,1,2,Fall,2019.0,9.0,0,1,0
W1226,42.45289418,-71.14158508,12.9,7.2,1,1,Fall,2019.0,10.0,0,0,0
W1226,42.45289418,-71.14158508,12.9,7.4,1,1,Fall,2019.0,10.0,0,0,0
W1226,42.45289418,-71.14158508,12.9,7.2,1,1,Fall,2019.0,10.0,0,0,0
W1226,42.45289418,-71.14158508,12.9,7.4,1,1,Fall,2019.0,10.0,0,0,0
W1226,42.45289418,-71.14158508,12.9,7.4,1,1,Fall,2019.0,10.0,0,0,0
W1226,42.45289418,-71.14158508,12.9,7.4,1,1,Fall,2019.0,10.0,0,0,0
W1226,42.45289418,-71.14158508,12.9,7.3,1,1,Fall,2019.0,10.0,0,0,0
W1226,42.45289418,-71.14158508,12.9,7.1,1,1,Fall,2019.0,10.0,0,0,0
W1226,42.45289418,-71.14158508,12.9,7.0,1,1,Fall,2019.0,10.0,0,0,0
W1087,42.46963022,-71.15765018,13.2,9.1,1,1,Fall,2019.0,10.0,0,0,0
W1087,42.46963022,-71.15765018,13.2,9.0,1,1,Fall,2019.0,10.0,0,0,0
W1087,42.46963022,-71.15765018,13.2,9.0,1,1,Fall,2019.0,10.0,0,0,0
W1087,42.46963022,-71.15765018,13.2,8.8,1,1,Fall,2019.0,10.0,0,0,0
W1087,42.46963022,-71.15765018,13.1,8.8,1,1,Fall,2019.0,10.0,0,0,0
W1087,42.46963022,-71.15765018,13.1,8.1,1,1,Fall,2019.0,10.0,0,0,0
W1087,42.46963022,-71.15765018,13.0,7.8,1,1,Fall,2019.0,10.0,0,0,0
W1087,42.46963022,-71.15765018,13.0,7.7,1,1,Fall,2019.0,10.0,0,0,0
W1087,42.46963022,-71.15765018,12.9,7.3,1,1,Fall,2019.0,10.0,0,0,0
W1087,42.46963022,-71.15765018,12.6,5.3,1,1,Fall,2019.0,10.0,0,0,0
W2837,42.40999949,-71.151994,13.6,5.4,0,0,Fall,2019.0,10.0,0,0,0
W2837,42.40999949,-71.151994,13.6,5.2,0,0,Fall,2019.0,10.0,0,0,0
W2837,42.40999949,-71.151994,13.6,5.1,0,0,Fall,2019.0,10.0,0,0,0
W2837,42.40999949,-71.151994,13.5,5.0,0,0,Fall,2019.0,10.0,0,0,0
W2837,42.40999949,-71.151994,13.5,5.0,0,0,Fall,2019.0,10.0,0,0,0
W2837,42.40999949,-71.151994,13.5,4.7,0,1,Fall,2019.0,10.0,0,1,0
W2837,42.40999949,-71.151994,13.5,4.5,0,1,Fall,2019.0,10.0,0,1,0
W2837,42.40999949,-71.151994,13.5,4.4,0,1,Fall,2019.0,10.0,0,1,0
W2837,42.40999949,-71.151994,13.5,3.3,0,1,Fall,2019.0,10.0,0,1,0
W2837,42.40999949,-71.151994,13.4,1.5,0,1,Fall,2019.0,10.0,0,1,0
W2839,42.40600014,-71.15899647,13.6,7.1,0,0,Fall,2019.0,10.0,0,0,0
W2839,42.40600014,-71.15899647,13.4,6.8,0,0,Fall,2019.0,10.0,0,0,0
W2839,42.40600014,-71.15899647,13.4,6.5,0,0,Fall,2019.0,10.0,0,0,0
W2839,42.40600014,-71.15899647,13.3,6.1,0,0,Fall,2019.0,10.0,0,0,0
W2839,42.40600014,-71.15899647,13.3,5.9,0,0,Fall,2019.0,10.0,0,0,0
W2839,42.40600014,-71.15899647,13.3,5.1,0,0,Fall,2019.0,10.0,0,0,0
W2839,42.40600014,-71.15899647,13.3,4.8,0,1,Fall,2019.0,10.0,0,1,0
W0926,42.00459582,-70.84525352,22.9,8.2,0,1,Summer,2019.0,6.0,1,0,0
W0926,42.00459582,-70.84525352,22.6,8.2,0,1,Summer,2019.0,6.0,1,0,0
W0926,42.00459582,-70.84525352,22.4,8.2,0,1,Summer,2019.0,6.0,1,0,0
W0926,42.00459582,-70.84525352,22.3,8.2,0,1,Summer,2019.0,6.0,1,0,0
W0926,42.00459582,-70.84525352,22.2,8.2,0,1,Summer,2019.0,6.0,1,0,0
W0926,42.00459582,-70.84525352,22.2,8.2,0,1,Summer,2019.0,6.0,1,0,0
W0930,42.00146724,-70.83678103,24.6,7.9,0,1,Summer,2019.0,6.0,1,0,0
W0930,42.00146724,-70.83678103,22.9,8.0,0,1,Summer,2019.0,6.0,1,0,0
W0930,42.00146724,-70.83678103,22.4,7.7,0,1,Summer,2019.0,6.0,1,0,0
W0930,42.00146724,-70.83678103,22.1,7.6,0,1,Summer,2019.0,6.0,1,0,0
W0930,42.00146724,-70.83678103,21.9,7.6,0,1,Summer,2019.0,6.0,1,0,0
W0930,42.00146724,-70.83678103,21.7,7.5,0,1,Summer,2019.0,6.0,1,0,0
W0926,42.00459582,-70.84525352,28.3,7.8,1,2,Summer,2019.0,7.0,1,0,0
W0926,42.00459582,-70.84525352,28.1,7.7,1,2,Summer,2019.0,7.0,1,0,0
W0926,42.00459582,-70.84525352,27.7,7.7,1,2,Summer,2019.0,7.0,1,0,0
W0926,42.00459582,-70.84525352,27.6,7.6,1,2,Summer,2019.0,7.0,1,0,0
W0926,42.00459582,-70.84525352,27.6,7.5,1,2,Summer,2019.0,7.0,1,0,0
W0926,42.00459582,-70.84525352,27.3,6.4,1,2,Summer,2019.0,7.0,1,0,0
W0930,42.00146724,-70.83678103,28.2,7.9,1,2,Summer,2019.0,7.0,1,0,0
W0930,42.00146724,-70.83678103,27.5,7.5,1,2,Summer,2019.0,7.0,1,0,0
W0930,42.00146724,-70.83678103,27.3,7.2,1,2,Summer,2019.0,7.0,1,0,0
W0930,42.00146724,-70.83678103,27.2,7.3,1,2,Summer,2019.0,7.0,1,0,0
W0930,42.00146724,-70.83678103,25.0,1.2,1,3,Summer,2019.0,7.0,1,1,0
W0926,42.00459582,-70.84525352,25.1,7.6,1,2,Summer,2019.0,8.0,1,0,0
W0926,42.00459582,-70.84525352,25.1,7.6,1,2,Summer,2019.0,8.0,1,0,0
W0926,42.00459582,-70.84525352,25.1,7.6,1,2,Summer,2019.0,8.0,1,0,0
W0926,42.00459582,-70.84525352,25.1,7.6,1,2,Summer,2019.0,8.0,1,0,0
W0926,42.00459582,-70.84525352,25.1,7.6,1,2,Summer,2019.0,8.0,1,0,0
W0926,42.00459582,-70.84525352,25.0,7.6,1,2,Summer,2019.0,8.0,1,0,0
W0930,42.00146724,-70.83678103,24.9,7.3,1,2,Summer,2019.0,8.0,1,0,0
W0930,42.00146724,-70.83678103,24.9,7.3,1,2,Summer,2019.0,8.0,1,0,0
W0930,42.00146724,-70.83678103,24.9,7.2,1,2,Summer,2019.0,8.0,1,0,0
W0930,42.00146724,-70.83678103,24.9,7.2,1,2,Summer,2019.0,8.0,1,0,0
W0930,42.00146724,-70.83678103,24.8,7.2,1,2,Summer,2019.0,8.0,1,0,0
W0930,42.00146724,-70.83678103,24.7,7.2,1,2,Summer,2019.0,8.0,1,0,0
W0926,42.00459582,-70.84525352,21.2,9.0,1,1,Fall,2019.0,9.0,0,0,0
W0926,42.00459582,-70.84525352,21.2,9.0,1,1,Fall,2019.0,9.0,0,0,0
W0926,42.00459582,-70.84525352,21.1,9.0,1,1,Fall,2019.0,9.0,0,0,0
W0926,42.00459582,-70.84525352,21.1,9.0,1,1,Fall,2019.0,9.0,0,0,0
W0926,42.00459582,-70.84525352,21.1,9.0,1,1,Fall,2019.0,9.0,0,0,0
W0926,42.00459582,-70.84525352,21.0,9.1,1,1,Fall,2019.0,9.0,0,0,0
W0930,42.00146724,-70.83678103,21.4,8.2,1,1,Fall,2019.0,9.0,0,0,0
W0930,42.00146724,-70.83678103,21.4,8.1,1,1,Fall,2019.0,9.0,0,0,0
W0930,42.00146724,-70.83678103,21.2,7.7,1,1,Fall,2019.0,9.0,0,0,0
W0930,42.00146724,-70.83678103,21.1,7.6,1,1,Fall,2019.0,9.0,0,0,0
W0930,42.00146724,-70.83678103,21.1,7.5,1,1,Fall,2019.0,9.0,0,0,0
W0930,42.00146724,-70.83678103,21.0,7.2,1,1,Fall,2019.0,9.0,0,0,0
W0958,41.96889822,-71.32511071,20.0,8.9,1,2,Summer,2018.0,6.0,1,0,0
W0958,41.96889822,-71.32511071,19.8,9.0,1,2,Summer,2018.0,6.0,1,0,0
W0958,41.96889822,-71.32511071,19.0,6.7,1,2,Summer,2018.0,6.0,1,0,0
W0958,41.96889822,-71.32511071,14.3,9.2,1,2,Summer,2018.0,6.0,1,0,0
W0958,41.96889822,-71.32511071,10.5,4.1,1,3,Summer,2018.0,6.0,1,1,0
W0958,41.96889822,-71.32511071,9.4,1.1,1,3,Summer,2018.0,6.0,1,1,0
W0947,41.95142643,-71.11913351,21.3,9.0,1,2,Summer,2018.0,6.0,1,0,0
W0947,41.95142643,-71.11913351,20.8,8.8,1,2,Summer,2018.0,6.0,1,0,0
W0947,41.95142643,-71.11913351,20.5,8.7,1,2,Summer,2018.0,6.0,1,0,0
W0947,41.95142643,-71.11913351,20.3,8.2,1,2,Summer,2018.0,6.0,1,0,0
W0947,41.95142643,-71.11913351,19.9,3.3,1,3,Summer,2018.0,6.0,1,1,0
W0940,42.07840473,-71.11554731,19.5,8.4,1,2,Summer,2018.0,6.0,1,0,0
W0940,42.07840473,-71.11554731,19.4,8.5,1,2,Summer,2018.0,6.0,1,0,0
W0940,42.07840473,-71.11554731,19.3,8.2,1,2,Summer,2018.0,6.0,1,0,0
W0940,42.07840473,-71.11554731,19.2,8.1,1,2,Summer,2018.0,6.0,1,0,0
W2778,42.11454642,-70.97910126,17.7,5.4,1,2,Summer,2018.0,6.0,1,0,0
W2778,42.11454642,-70.97910126,17.5,4.7,1,3,Summer,2018.0,6.0,1,1,0
W2778,42.11454642,-70.97910126,17.2,2.6,1,3,Summer,2018.0,6.0,1,1,0
W2780,42.006179,-70.906276,21.5,7.6,1,2,Summer,2018.0,6.0,1,0,0
W2780,42.006179,-70.906276,21.4,7.6,1,2,Summer,2018.0,6.0,1,0,0
W2780,42.006179,-70.906276,21.4,7.6,1,2,Summer,2018.0,6.0,1,0,0
W2780,42.006179,-70.906276,21.0,7.4,1,2,Summer,2018.0,6.0,1,0,0
W2780,42.006179,-70.906276,20.8,7.0,1,2,Summer,2018.0,6.0,1,0,0
W1093,42.05376314,-70.82255737,21.2,9.0,1,2,Summer,2018.0,6.0,1,0,0
W1093,42.05376314,-70.82255737,21.2,9.0,1,2,Summer,2018.0,6.0,1,0,0
W1093,42.05376314,-70.82255737,21.2,9.0,1,2,Summer,2018.0,6.0,1,0,0
W1093,42.05376314,-70.82255737,21.1,8.9,1,2,Summer,2018.0,6.0,1,0,0
W2814,41.9641053,-70.0077192,20.7,8.2,1,2,Summer,2018.0,6.0,1,0,0
W2814,41.9641053,-70.0077192,20.0,8.7,1,2,Summer,2018.0,6.0,1,0,0
W2814,41.9641053,-70.0077192,19.8,8.4,1,2,Summer,2018.0,6.0,1,0,0
W2801,41.8295909,-69.9846351,21.4,8.8,1,2,Summer,2018.0,6.0,1,0,0
W2801,41.8295909,-69.9846351,20.6,8.6,1,2,Summer,2018.0,6.0,1,0,0
W2801,41.8295909,-69.9846351,21.3,8.9,1,2,Summer,2018.0,6.0,1,0,0
W2801,41.8295909,-69.9846351,20.3,8.7,1,2,Summer,2018.0,6.0,1,0,0
W2801,41.8295909,-69.9846351,19.7,8.5,1,2,Summer,2018.0,6.0,1,0,0
W2801,41.8295909,-69.9846351,17.8,4.7,1,3,Summer,2018.0,6.0,1,1,0
W2801,41.8295909,-69.9846351,15.5,1.0,1,3,Summer,2018.0,6.0,1,1,0
W2810,41.703389,-69.986116,20.5,9.1,1,2,Summer,2018.0,6.0,1,0,0
W2810,41.703389,-69.986116,20.4,9.0,1,2,Summer,2018.0,6.0,1,0,0
W2810,41.703389,-69.986116,20.2,8.9,1,2,Summer,2018.0,6.0,1,0,0
W2810,41.703389,-69.986116,20.2,8.6,1,2,Summer,2018.0,6.0,1,0,0
W2810,41.703389,-69.986116,18.3,7.9,1,2,Summer,2018.0,6.0,1,0,0
W2810,41.703389,-69.986116,16.0,3.8,1,3,Summer,2018.0,6.0,1,1,0
W2810,41.703389,-69.986116,13.8,1.8,1,3,Summer,2018.0,6.0,1,1,0
W2810,41.703389,-69.986116,11.7,1.5,1,3,Summer,2018.0,6.0,1,1,0
W2810,41.703389,-69.986116,10.3,0.9,1,3,Summer,2018.0,6.0,1,1,0
W2791,41.75446,-70.79039,23.2,8.7,1,2,Summer,2018.0,6.0,1,0,0
W2791,41.75446,-70.79039,23.2,8.7,1,2,Summer,2018.0,6.0,1,0,0
W2791,41.75446,-70.79039,23.2,8.7,1,2,Summer,2018.0,6.0,1,0,0
W2791,41.75446,-70.79039,22.4,9.1,1,2,Summer,2018.0,6.0,1,0,0
W2791,41.75446,-70.79039,19.8,9.1,1,2,Summer,2018.0,6.0,1,0,0
W2791,41.75446,-70.79039,15.7,9.0,1,2,Summer,2018.0,6.0,1,0,0
W2791,41.75446,-70.79039,13.9,6.5,1,2,Summer,2018.0,6.0,1,0,0
W2791,41.75446,-70.79039,12.4,3.7,1,3,Summer,2018.0,6.0,1,1,0
W2791,41.75446,-70.79039,12.1,2.7,1,3,Summer,2018.0,6.0,1,1,0
W2791,41.75446,-70.79039,12.0,2.1,1,3,Summer,2018.0,6.0,1,1,0
W2775,41.671546,-71.126475,22.3,9.4,1,2,Summer,2018.0,6.0,1,0,0
W2775,41.671546,-71.126475,22.0,9.1,1,2,Summer,2018.0,6.0,1,0,0
W2775,41.671546,-71.126475,21.6,8.6,1,2,Summer,2018.0,6.0,1,0,0
W2775,41.671546,-71.126475,21.1,8.0,1,2,Summer,2018.0,6.0,1,0,0
W2775,41.671546,-71.126475,21.0,7.8,1,2,Summer,2018.0,6.0,1,0,0
W2775,41.671546,-71.126475,20.9,7.6,1,2,Summer,2018.0,6.0,1,0,0
W2798,41.620352,-70.56532,23.0,9.5,1,2,Summer,2018.0,6.0,1,0,0
W2798,41.620352,-70.56532,22.9,9.5,1,2,Summer,2018.0,6.0,1,0,0
W2798,41.620352,-70.56532,22.9,9.4,1,2,Summer,2018.0,6.0,1,0,0
W2798,41.620352,-70.56532,22.8,9.3,1,2,Summer,2018.0,6.0,1,0,0
W2798,41.620352,-70.56532,21.8,10.2,1,2,Summer,2018.0,6.0,1,0,0
W2798,41.620352,-70.56532,19.7,11.0,1,2,Summer,2018.0,6.0,1,0,0
W2798,41.620352,-70.56532,16.5,10.3,1,2,Summer,2018.0,6.0,1,0,0
W2798,41.620352,-70.56532,13.5,3.1,1,3,Summer,2018.0,6.0,1,1,0
W2798,41.620352,-70.56532,12.2,0.7,1,3,Summer,2018.0,6.0,1,1,0
W1308,41.65691189,-70.48391147,23.2,9.4,1,2,Summer,2018.0,6.0,1,0,0
W1308,41.65691189,-70.48391147,22.9,9.4,1,2,Summer,2018.0,6.0,1,0,0
W1308,41.65691189,-70.48391147,22.4,9.6,1,2,Summer,2018.0,6.0,1,0,0
W1308,41.65691189,-70.48391147,22.0,9.6,1,2,Summer,2018.0,6.0,1,0,0
W1308,41.65691189,-70.48391147,21.9,9.6,1,2,Summer,2018.0,6.0,1,0,0
W1308,41.65691189,-70.48391147,20.8,10.2,1,2,Summer,2018.0,6.0,1,0,0
W1308,41.65691189,-70.48391147,19.4,9.9,1,2,Summer,2018.0,6.0,1,0,0
W1308,41.65691189,-70.48391147,17.3,9.5,1,2,Summer,2018.0,6.0,1,0,0
W1308,41.65691189,-70.48391147,15.1,7.1,1,2,Summer,2018.0,6.0,1,0,0
W1308,41.65691189,-70.48391147,12.9,5.4,1,2,Summer,2018.0,6.0,1,0,0
W1308,41.65691189,-70.48391147,11.0,3.9,1,3,Summer,2018.0,6.0,1,1,0
W1308,41.65691189,-70.48391147,9.9,3.1,1,3,Summer,2018.0,6.0,1,1,0
W1308,41.65691189,-70.48391147,8.9,2.2,1,3,Summer,2018.0,6.0,1,1,0
W1308,41.65691189,-70.48391147,8.6,1.9,1,3,Summer,2018.0,6.0,1,1,0
W1308,41.65691189,-70.48391147,8.6,1.6,1,3,Summer,2018.0,6.0,1,1,0
W1308,41.65691189,-70.48391147,8.6,1.7,1,3,Summer,2018.0,6.0,1,1,0
W1308,41.65691189,-70.48391147,8.5,1.6,1,3,Summer,2018.0,6.0,1,1,0
W1308,41.65691189,-70.48391147,8.4,1.5,1,3,Summer,2018.0,6.0,1,1,0
W1308,41.65691189,-70.48391147,8.4,1.4,1,3,Summer,2018.0,6.0,1,1,0
W1308,41.65691189,-70.48391147,8.4,1.4,1,3,Summer,2018.0,6.0,1,1,0
W1308,41.65691189,-70.48391147,8.3,1.3,1,3,Summer,2018.0,6.0,1,1,0
W1308,41.65691189,-70.48391147,8.3,1.3,1,3,Summer,2018.0,6.0,1,1,0
W1308,41.65691189,-70.48391147,8.3,1.1,1,3,Summer,2018.0,6.0,1,1,0
W1308,41.65691189,-70.48391147,8.2,1.0,1,3,Summer,2018.0,6.0,1,1,0
W1308,41.65691189,-70.48391147,8.2,0.8,1,3,Summer,2018.0,6.0,1,1,0
W2789,41.804909,-70.611966,25.9,8.2,1,2,Summer,2018.0,7.0,1,0,0
W2789,41.804909,-70.611966,25.9,8.2,1,2,Summer,2018.0,7.0,1,0,0
W2789,41.804909,-70.611966,25.9,8.2,1,2,Summer,2018.0,7.0,1,0,0
W2789,41.804909,-70.611966,25.4,8.4,1,2,Summer,2018.0,7.0,1,0,0
W2789,41.804909,-70.611966,22.2,3.8,1,3,Summer,2018.0,7.0,1,1,0
W2789,41.804909,-70.611966,17.8,0.4,1,3,Summer,2018.0,7.0,1,1,0
W2953,41.76842431,-70.72293943,25.5,8.7,1,2,Summer,2018.0,7.0,1,0,0
W2953,41.76842431,-70.72293943,25.4,8.7,1,2,Summer,2018.0,7.0,1,0,0
W2953,41.76842431,-70.72293943,25.4,8.6,1,2,Summer,2018.0,7.0,1,0,0
W2803,41.671685,-70.193271,22.2,8.7,1,2,Summer,2018.0,6.0,1,0,0
W2803,41.671685,-70.193271,22.2,8.7,1,2,Summer,2018.0,6.0,1,0,0
W2803,41.671685,-70.193271,22.2,8.7,1,2,Summer,2018.0,6.0,1,0,0
W2803,41.671685,-70.193271,22.2,8.7,1,2,Summer,2018.0,6.0,1,0,0
W2803,41.671685,-70.193271,22.2,8.7,1,2,Summer,2018.0,6.0,1,0,0
W2803,41.671685,-70.193271,21.1,8.5,1,2,Summer,2018.0,6.0,1,0,0
W2803,41.671685,-70.193271,16.0,7.5,1,2,Summer,2018.0,6.0,1,0,0
W2803,41.671685,-70.193271,13.0,5.8,1,2,Summer,2018.0,6.0,1,0,0
W2803,41.671685,-70.193271,11.5,3.1,1,3,Summer,2018.0,6.0,1,1,0
W2803,41.671685,-70.193271,11.3,2.0,1,3,Summer,2018.0,6.0,1,1,0
W2812,41.7024219,-70.1327421,22.9,8.5,1,2,Summer,2018.0,6.0,1,0,0
W2812,41.7024219,-70.1327421,22.8,8.6,1,2,Summer,2018.0,6.0,1,0,0
W2812,41.7024219,-70.1327421,22.7,8.5,1,2,Summer,2018.0,6.0,1,0,0
W2812,41.7024219,-70.1327421,22.6,8.6,1,2,Summer,2018.0,6.0,1,0,0
W2812,41.7024219,-70.1327421,21.6,10.2,1,2,Summer,2018.0,6.0,1,0,0
W2812,41.7024219,-70.1327421,18.6,12.3,1,2,Summer,2018.0,6.0,1,0,0
W2812,41.7024219,-70.1327421,16.6,12.7,1,2,Summer,2018.0,6.0,1,0,0
W2812,41.7024219,-70.1327421,15.2,13.6,1,2,Summer,2018.0,6.0,1,0,0
W2773,41.7254646,-70.0397423,23.3,6.9,1,2,Summer,2018.0,6.0,1,0,0
W2773,41.7254646,-70.0397423,23.2,6.9,1,2,Summer,2018.0,6.0,1,0,0
W2773,41.7254646,-70.0397423,21.8,4.8,1,3,Summer,2018.0,6.0,1,1,0
W2773,41.7254646,-70.0397423,20.5,0.3,1,3,Summer,2018.0,6.0,1,1,0
W1237,41.71377641,-70.09062853,22.4,9.1,1,2,Summer,2018.0,6.0,1,0,0
W1237,41.71377641,-70.09062853,22.4,9.2,1,2,Summer,2018.0,6.0,1,0,0
W1237,41.71377641,-70.09062853,22.2,9.2,1,2,Summer,2018.0,6.0,1,0,0
W1237,41.71377641,-70.09062853,21.9,8.3,1,2,Summer,2018.0,6.0,1,0,0
W1237,41.71377641,-70.09062853,21.6,7.6,1,2,Summer,2018.0,6.0,1,0,0
W1237,41.71377641,-70.09062853,21.3,5.0,1,2,Summer,2018.0,6.0,1,0,0
W1092,41.90533067,-70.55598017,25.6,7.9,1,2,Summer,2018.0,7.0,1,0,0
W1092,41.90533067,-70.55598017,25.5,7.9,1,2,Summer,2018.0,7.0,1,0,0
W1092,41.90533067,-70.55598017,25.4,7.9,1,2,Summer,2018.0,7.0,1,0,0
W1092,41.90533067,-70.55598017,25.2,7.8,1,2,Summer,2018.0,7.0,1,0,0
W1092,41.90533067,-70.55598017,25.2,7.8,1,2,Summer,2018.0,7.0,1,0,0
W1092,41.90533067,-70.55598017,21.0,5.6,1,2,Summer,2018.0,7.0,1,0,0
W1092,41.90533067,-70.55598017,16.2,5.4,1,2,Summer,2018.0,7.0,1,0,0
W1092,41.90533067,-70.55598017,12.8,3.3,1,3,Summer,2018.0,7.0,1,1,0
W2783,41.9207192,-70.6654059,27.3,8.4,1,2,Summer,2018.0,7.0,1,0,0
W2783,41.9207192,-70.6654059,25.2,9.4,1,2,Summer,2018.0,7.0,1,0,0
W2783,41.9207192,-70.6654059,24.7,5.1,1,2,Summer,2018.0,7.0,1,0,0
W2808,41.671039,-70.393715,25.0,9.0,1,2,Summer,2018.0,7.0,1,0,0
W2808,41.671039,-70.393715,24.9,9.0,1,2,Summer,2018.0,7.0,1,0,0
W2808,41.671039,-70.393715,24.9,9.0,1,2,Summer,2018.0,7.0,1,0,0
W2808,41.671039,-70.393715,24.9,9.0,1,2,Summer,2018.0,7.0,1,0,0
W2808,41.671039,-70.393715,20.0,11.7,1,2,Summer,2018.0,7.0,1,0,0
W2808,41.671039,-70.393715,14.9,12.0,1,2,Summer,2018.0,7.0,1,0,0
W2808,41.671039,-70.393715,11.8,8.5,1,2,Summer,2018.0,7.0,1,0,0
W2808,41.671039,-70.393715,10.7,4.8,1,3,Summer,2018.0,7.0,1,1,0
W2808,41.671039,-70.393715,9.8,2.7,1,3,Summer,2018.0,7.0,1,1,0
W2805,41.6671004,-70.4441491,25.8,9.1,1,2,Summer,2018.0,7.0,1,0,0
W2805,41.6671004,-70.4441491,25.5,9.2,1,2,Summer,2018.0,7.0,1,0,0
W2805,41.6671004,-70.4441491,25.2,9.2,1,2,Summer,2018.0,7.0,1,0,0
W2805,41.6671004,-70.4441491,24.2,9.8,1,2,Summer,2018.0,7.0,1,0,0
W2805,41.6671004,-70.4441491,22.6,10.7,1,2,Summer,2018.0,7.0,1,0,0
W2805,41.6671004,-70.4441491,19.5,5.6,1,2,Summer,2018.0,7.0,1,0,0
W2787,41.811935,-70.5766951,26.8,8.7,1,2,Summer,2018.0,7.0,1,0,0
W2787,41.811935,-70.5766951,26.8,8.8,1,2,Summer,2018.0,7.0,1,0,0
W2787,41.811935,-70.5766951,26.8,8.8,1,2,Summer,2018.0,7.0,1,0,0
W2787,41.811935,-70.5766951,26.6,8.9,1,2,Summer,2018.0,7.0,1,0,0
W2787,41.811935,-70.5766951,26.0,9.0,1,2,Summer,2018.0,7.0,1,0,0
W2787,41.811935,-70.5766951,25.5,8.8,1,2,Summer,2018.0,7.0,1,0,0
W2787,41.811935,-70.5766951,24.3,8.6,1,2,Summer,2018.0,7.0,1,0,0
W2787,41.811935,-70.5766951,21.3,7.0,1,2,Summer,2018.0,7.0,1,0,0
W2787,41.811935,-70.5766951,18.6,7.2,1,2,Summer,2018.0,7.0,1,0,0
W2787,41.811935,-70.5766951,14.9,4.2,1,3,Summer,2018.0,7.0,1,1,0
W2787,41.811935,-70.5766951,14.1,0.6,1,3,Summer,2018.0,7.0,1,1,0
W2796,41.852937,-70.614673,26.0,8.6,1,2,Summer,2018.0,7.0,1,0,0
W2796,41.852937,-70.614673,26.1,8.6,1,2,Summer,2018.0,7.0,1,0,0
W2796,41.852937,-70.614673,26.1,8.6,1,2,Summer,2018.0,7.0,1,0,0
W2796,41.852937,-70.614673,26.1,8.6,1,2,Summer,2018.0,7.0,1,0,0
W2796,41.852937,-70.614673,26.0,8.6,1,2,Summer,2018.0,7.0,1,0,0
W2796,41.852937,-70.614673,26.0,8.6,1,2,Summer,2018.0,7.0,1,0,0
W2796,41.852937,-70.614673,24.9,8.4,1,2,Summer,2018.0,7.0,1,0,0
W0947,41.95142643,-71.11913351,28.4,8.4,1,2,Summer,2018.0,7.0,1,0,0
W0947,41.95142643,-71.11913351,28.3,8.5,1,2,Summer,2018.0,7.0,1,0,0
W0947,41.95142643,-71.11913351,28.0,8.8,1,2,Summer,2018.0,7.0,1,0,0
W0947,41.95142643,-71.11913351,27.7,7.4,1,2,Summer,2018.0,7.0,1,0,0
W0958,41.96889822,-71.32511071,27.1,8.6,1,2,Summer,2018.0,7.0,1,0,0
W0958,41.96889822,-71.32511071,27.0,8.6,1,2,Summer,2018.0,7.0,1,0,0
W0958,41.96889822,-71.32511071,27.0,8.5,1,2,Summer,2018.0,7.0,1,0,0
W0958,41.96889822,-71.32511071,21.9,8.4,1,2,Summer,2018.0,7.0,1,0,0
W0958,41.96889822,-71.32511071,14.6,3.0,1,3,Summer,2018.0,7.0,1,1,0
W0940,42.07840473,-71.11554731,26.8,7.4,1,2,Summer,2018.0,7.0,1,0,0
W0940,42.07840473,-71.11554731,26.7,7.3,1,2,Summer,2018.0,7.0,1,0,0
W0940,42.07840473,-71.11554731,26.6,7.0,1,2,Summer,2018.0,7.0,1,0,0
W2778,42.11454642,-70.97910126,26.7,5.6,1,2,Summer,2018.0,7.0,1,0,0
W2778,42.11454642,-70.97910126,26.3,5.3,1,2,Summer,2018.0,7.0,1,0,0
W2780,42.006179,-70.906276,26.4,6.7,1,2,Summer,2018.0,7.0,1,0,0
W2780,42.006179,-70.906276,26.4,6.6,1,2,Summer,2018.0,7.0,1,0,0
W2780,42.006179,-70.906276,26.4,6.7,1,2,Summer,2018.0,7.0,1,0,0
W2780,42.006179,-70.906276,26.4,6.7,1,2,Summer,2018.0,7.0,1,0,0
W2780,42.006179,-70.906276,26.4,6.6,1,2,Summer,2018.0,7.0,1,0,0
W1093,42.05376314,-70.82255737,26.8,7.8,1,2,Summer,2018.0,7.0,1,0,0
W1093,42.05376314,-70.82255737,26.8,7.7,1,2,Summer,2018.0,7.0,1,0,0
W1093,42.05376314,-70.82255737,26.7,7.6,1,2,Summer,2018.0,7.0,1,0,0
W1093,42.05376314,-70.82255737,26.7,7.0,1,2,Summer,2018.0,7.0,1,0,0
W2814,41.9641053,-70.0077192,26.8,8.2,1,2,Summer,2018.0,7.0,1,0,0
W2814,41.9641053,-70.0077192,26.5,7.8,1,2,Summer,2018.0,7.0,1,0,0
W2801,41.8295909,-69.9846351,26.8,8.0,1,2,Summer,2018.0,7.0,1,0,0
W2801,41.8295909,-69.9846351,26.5,8.1,1,2,Summer,2018.0,7.0,1,0,0
W2801,41.8295909,-69.9846351,26.5,7.9,1,2,Summer,2018.0,7.0,1,0,0
W2801,41.8295909,-69.9846351,25.9,7.9,1,2,Summer,2018.0,7.0,1,0,0
W2801,41.8295909,-69.9846351,25.4,7.7,1,2,Summer,2018.0,7.0,1,0,0
W2801,41.8295909,-69.9846351,23.8,4.6,1,3,Summer,2018.0,7.0,1,1,0
W2801,41.8295909,-69.9846351,21.1,1.4,1,3,Summer,2018.0,7.0,1,1,0
W2810,41.703389,-69.986116,26.2,8.3,1,2,Summer,2018.0,7.0,1,0,0
W2810,41.703389,-69.986116,26.2,8.3,1,2,Summer,2018.0,7.0,1,0,0
W2810,41.703389,-69.986116,25.8,8.3,1,2,Summer,2018.0,7.0,1,0,0
W2810,41.703389,-69.986116,25.2,7.9,1,2,Summer,2018.0,7.0,1,0,0
W2810,41.703389,-69.986116,20.7,5.9,1,2,Summer,2018.0,7.0,1,0,0
W2810,41.703389,-69.986116,16.5,1.6,1,3,Summer,2018.0,7.0,1,1,0
W2810,41.703389,-69.986116,12.9,0.3,1,3,Summer,2018.0,7.0,1,1,0
W2791,41.75446,-70.79039,27.5,7.8,1,2,Summer,2018.0,7.0,1,0,0
W2791,41.75446,-70.79039,27.4,7.8,1,2,Summer,2018.0,7.0,1,0,0
W2791,41.75446,-70.79039,27.4,7.8,1,2,Summer,2018.0,7.0,1,0,0
W2791,41.75446,-70.79039,27.4,7.6,1,2,Summer,2018.0,7.0,1,0,0
W2791,41.75446,-70.79039,27.2,7.3,1,2,Summer,2018.0,7.0,1,0,0
W2791,41.75446,-70.79039,26.0,7.3,1,2,Summer,2018.0,7.0,1,0,0
W2791,41.75446,-70.79039,20.5,6.7,1,2,Summer,2018.0,7.0,1,0,0
W2791,41.75446,-70.79039,17.1,3.5,1,3,Summer,2018.0,7.0,1,1,0
W2791,41.75446,-70.79039,15.3,1.4,1,3,Summer,2018.0,7.0,1,1,0
W2775,41.671546,-71.126475,26.7,9.3,1,2,Summer,2018.0,7.0,1,0,0
W2775,41.671546,-71.126475,26.1,7.2,1,2,Summer,2018.0,7.0,1,0,0
W2775,41.671546,-71.126475,26.0,7.0,1,2,Summer,2018.0,7.0,1,0,0
W2775,41.671546,-71.126475,25.9,6.6,1,2,Summer,2018.0,7.0,1,0,0
W2775,41.671546,-71.126475,25.8,4.1,1,4,Summer,2018.0,7.0,1,1,1
W2775,41.671546,-71.126475,25.4,1.8,1,4,Summer,2018.0,7.0,1,1,1
W2798,41.620352,-70.56532,26.5,8.5,1,2,Summer,2018.0,8.0,1,0,0
W2798,41.620352,-70.56532,26.5,8.4,1,2,Summer,2018.0,8.0,1,0,0
W2798,41.620352,-70.56532,26.5,8.4,1,2,Summer,2018.0,8.0,1,0,0
W2798,41.620352,-70.56532,26.4,8.5,1,2,Summer,2018.0,8.0,1,0,0
W2798,41.620352,-70.56532,26.4,8.4,1,2,Summer,2018.0,8.0,1,0,0
W2798,41.620352,-70.56532,26.4,8.4,1,2,Summer,2018.0,8.0,1,0,0
W2798,41.620352,-70.56532,21.6,10.4,1,2,Summer,2018.0,8.0,1,0,0
W1308,41.65691189,-70.48391147,26.6,8.7,1,2,Summer,2018.0,8.0,1,0,0
W1308,41.65691189,-70.48391147,26.7,8.7,1,2,Summer,2018.0,8.0,1,0,0
W1308,41.65691189,-70.48391147,26.6,8.7,1,2,Summer,2018.0,8.0,1,0,0
W1308,41.65691189,-70.48391147,26.6,8.8,1,2,Summer,2018.0,8.0,1,0,0
W1308,41.65691189,-70.48391147,26.6,8.8,1,2,Summer,2018.0,8.0,1,0,0
W1308,41.65691189,-70.48391147,26.6,8.8,1,2,Summer,2018.0,8.0,1,0,0
W1308,41.65691189,-70.48391147,25.4,8.7,1,2,Summer,2018.0,8.0,1,0,0
W1308,41.65691189,-70.48391147,23.2,8.9,1,2,Summer,2018.0,8.0,1,0,0
W1308,41.65691189,-70.48391147,19.4,5.0,1,2,Summer,2018.0,8.0,1,0,0
W1308,41.65691189,-70.48391147,16.1,1.1,1,3,Summer,2018.0,8.0,1,1,0
W2789,41.804909,-70.611966,28.7,8.1,1,2,Summer,2018.0,8.0,1,0,0
W2789,41.804909,-70.611966,28.7,8.1,1,2,Summer,2018.0,8.0,1,0,0
W2789,41.804909,-70.611966,28.6,8.0,1,2,Summer,2018.0,8.0,1,0,0
W2789,41.804909,-70.611966,27.6,7.0,1,2,Summer,2018.0,8.0,1,0,0
W0776,41.77018529,-70.72205854,29.4,8.2,1,2,Summer,2018.0,8.0,1,0,0
W0776,41.77018529,-70.72205854,24.5,0.4,1,3,Summer,2018.0,8.0,1,1,0
W2803,41.671685,-70.193271,28.3,8.5,1,2,Summer,2018.0,8.0,1,0,0
W2803,41.671685,-70.193271,28.3,8.5,1,2,Summer,2018.0,8.0,1,0,0
W2803,41.671685,-70.193271,28.3,8.5,1,2,Summer,2018.0,8.0,1,0,0
W2803,41.671685,-70.193271,28.3,8.6,1,2,Summer,2018.0,8.0,1,0,0
W2803,41.671685,-70.193271,28.3,8.6,1,2,Summer,2018.0,8.0,1,0,0
W2803,41.671685,-70.193271,28.3,8.6,1,2,Summer,2018.0,8.0,1,0,0
W2803,41.671685,-70.193271,27.2,8.9,1,2,Summer,2018.0,8.0,1,0,0
W2803,41.671685,-70.193271,27.0,8.7,1,2,Summer,2018.0,8.0,1,0,0
W2803,41.671685,-70.193271,26.4,7.8,1,2,Summer,2018.0,8.0,1,0,0
W2803,41.671685,-70.193271,25.5,6.4,1,2,Summer,2018.0,8.0,1,0,0
W2803,41.671685,-70.193271,23.3,7.5,1,2,Summer,2018.0,8.0,1,0,0
W2803,41.671685,-70.193271,20.8,8.9,1,2,Summer,2018.0,8.0,1,0,0
W2803,41.671685,-70.193271,16.6,6.2,1,2,Summer,2018.0,8.0,1,0,0
W2803,41.671685,-70.193271,14.3,2.6,1,3,Summer,2018.0,8.0,1,1,0
W2812,41.7024219,-70.1327421,29.3,7.9,1,2,Summer,2018.0,8.0,1,0,0
W2812,41.7024219,-70.1327421,29.2,8.0,1,2,Summer,2018.0,8.0,1,0,0
W2812,41.7024219,-70.1327421,28.8,8.0,1,2,Summer,2018.0,8.0,1,0,0
W2812,41.7024219,-70.1327421,28.6,7.9,1,2,Summer,2018.0,8.0,1,0,0
W2812,41.7024219,-70.1327421,28.0,8.4,1,2,Summer,2018.0,8.0,1,0,0
W2812,41.7024219,-70.1327421,27.5,8.4,1,2,Summer,2018.0,8.0,1,0,0
W2812,41.7024219,-70.1327421,25.4,11.8,1,2,Summer,2018.0,8.0,1,0,0
W2812,41.7024219,-70.1327421,22.1,13.8,1,2,Summer,2018.0,8.0,1,0,0
W2812,41.7024219,-70.1327421,19.4,0.5,1,3,Summer,2018.0,8.0,1,1,0
W2773,41.7254646,-70.0397423,28.4,6.2,1,2,Summer,2018.0,8.0,1,0,0
W2773,41.7254646,-70.0397423,28.4,6.1,1,2,Summer,2018.0,8.0,1,0,0
W2773,41.7254646,-70.0397423,28.3,5.2,1,2,Summer,2018.0,8.0,1,0,0
W2773,41.7254646,-70.0397423,24.4,0.6,1,3,Summer,2018.0,8.0,1,1,0
W2773,41.7254646,-70.0397423,19.8,1.4,1,3,Summer,2018.0,8.0,1,1,0
W1237,41.71377641,-70.09062853,28.2,8.3,1,2,Summer,2018.0,8.0,1,0,0
W1237,41.71377641,-70.09062853,28.2,8.3,1,2,Summer,2018.0,8.0,1,0,0
W1237,41.71377641,-70.09062853,28.2,8.3,1,2,Summer,2018.0,8.0,1,0,0
W1237,41.71377641,-70.09062853,27.8,8.2,1,2,Summer,2018.0,8.0,1,0,0
W1237,41.71377641,-70.09062853,26.4,4.1,1,4,Summer,2018.0,8.0,1,1,1
W1092,41.90533067,-70.55598017,27.2,7.5,1,2,Summer,2018.0,8.0,1,0,0
W1092,41.90533067,-70.55598017,27.1,7.5,1,2,Summer,2018.0,8.0,1,0,0
W1092,41.90533067,-70.55598017,27.1,7.3,1,2,Summer,2018.0,8.0,1,0,0
W1092,41.90533067,-70.55598017,27.1,7.1,1,2,Summer,2018.0,8.0,1,0,0
W1092,41.90533067,-70.55598017,27.0,7.2,1,2,Summer,2018.0,8.0,1,0,0
W1092,41.90533067,-70.55598017,26.2,3.8,1,4,Summer,2018.0,8.0,1,1,1
W1092,41.90533067,-70.55598017,19.0,3.2,1,3,Summer,2018.0,8.0,1,1,0
W1092,41.90533067,-70.55598017,14.3,2.0,1,3,Summer,2018.0,8.0,1,1,0
W2783,41.9207192,-70.6654059,26.4,4.3,1,4,Summer,2018.0,8.0,1,1,1
W2783,41.9207192,-70.6654059,26.3,4.2,1,4,Summer,2018.0,8.0,1,1,1
W2783,41.9207192,-70.6654059,25.7,1.5,1,4,Summer,2018.0,8.0,1,1,1
W2783,41.9207192,-70.6654059,25.5,0.8,1,4,Summer,2018.0,8.0,1,1,1
W2808,41.671039,-70.393715,27.7,8.6,1,2,Summer,2018.0,8.0,1,0,0
W2808,41.671039,-70.393715,27.4,8.5,1,2,Summer,2018.0,8.0,1,0,0
W2808,41.671039,-70.393715,27.4,8.2,1,2,Summer,2018.0,8.0,1,0,0
W2808,41.671039,-70.393715,27.0,7.4,1,2,Summer,2018.0,8.0,1,0,0
W2808,41.671039,-70.393715,22.4,9.2,1,2,Summer,2018.0,8.0,1,0,0
W2808,41.671039,-70.393715,17.4,9.5,1,2,Summer,2018.0,8.0,1,0,0
W2808,41.671039,-70.393715,12.6,2.0,1,3,Summer,2018.0,8.0,1,1,0
W2805,41.6671004,-70.4441491,27.8,8.2,1,2,Summer,2018.0,8.0,1,0,0
W2805,41.6671004,-70.4441491,27.7,8.3,1,2,Summer,2018.0,8.0,1,0,0
W2805,41.6671004,-70.4441491,27.3,8.2,1,2,Summer,2018.0,8.0,1,0,0
W2805,41.6671004,-70.4441491,27.0,8.3,1,2,Summer,2018.0,8.0,1,0,0
W2805,41.6671004,-70.4441491,25.9,7.4,1,2,Summer,2018.0,8.0,1,0,0
W2805,41.6671004,-70.4441491,22.8,5.6,1,2,Summer,2018.0,8.0,1,0,0
W2787,41.811935,-70.5766951,25.4,7.6,1,2,Summer,2018.0,8.0,1,0,0
W2787,41.811935,-70.5766951,25.4,7.6,1,2,Summer,2018.0,8.0,1,0,0
W2787,41.811935,-70.5766951,25.3,7.6,1,2,Summer,2018.0,8.0,1,0,0
W2787,41.811935,-70.5766951,25.3,7.6,1,2,Summer,2018.0,8.0,1,0,0
W2787,41.811935,-70.5766951,25.2,7.4,1,2,Summer,2018.0,8.0,1,0,0
W2796,41.852937,-70.614673,24.4,8.0,1,2,Summer,2018.0,8.0,1,0,0
W2796,41.852937,-70.614673,24.4,7.9,1,2,Summer,2018.0,8.0,1,0,0
W2796,41.852937,-70.614673,24.4,7.8,1,2,Summer,2018.0,8.0,1,0,0
W2796,41.852937,-70.614673,24.3,7.1,1,2,Summer,2018.0,8.0,1,0,0
W2796,41.852937,-70.614673,24.3,7.2,1,2,Summer,2018.0,8.0,1,0,0
W2796,41.852937,-70.614673,24.1,7.6,1,2,Summer,2018.0,8.0,1,0,0
W2796,41.852937,-70.614673,23.8,5.5,1,2,Summer,2018.0,8.0,1,0,0
W0958,41.96889822,-71.32511071,24.9,8.7,1,2,Summer,2018.0,8.0,1,0,0
W0958,41.96889822,-71.32511071,24.9,8.7,1,2,Summer,2018.0,8.0,1,0,0
W0958,41.96889822,-71.32511071,24.9,8.7,1,2,Summer,2018.0,8.0,1,0,0
W0958,41.96889822,-71.32511071,24.9,8.7,1,2,Summer,2018.0,8.0,1,0,0
W0958,41.96889822,-71.32511071,23.6,4.6,1,3,Summer,2018.0,8.0,1,1,0
W0947,41.95142643,-71.11913351,24.8,4.1,1,3,Summer,2018.0,8.0,1,1,0
W0947,41.95142643,-71.11913351,24.8,4.3,1,3,Summer,2018.0,8.0,1,1,0
W0947,41.95142643,-71.11913351,24.7,3.9,1,3,Summer,2018.0,8.0,1,1,0
W0940,42.07840473,-71.11554731,24.2,7.2,1,2,Summer,2018.0,8.0,1,0,0
W0940,42.07840473,-71.11554731,24.2,7.2,1,2,Summer,2018.0,8.0,1,0,0
W0940,42.07840473,-71.11554731,24.2,7.2,1,2,Summer,2018.0,8.0,1,0,0
W0940,42.07840473,-71.11554731,24.2,7.2,1,2,Summer,2018.0,8.0,1,0,0
W2778,42.11454642,-70.97910126,23.8,7.0,1,2,Summer,2018.0,8.0,1,0,0
W2778,42.11454642,-70.97910126,23.8,6.9,1,2,Summer,2018.0,8.0,1,0,0
W2778,42.11454642,-70.97910126,23.6,6.1,1,2,Summer,2018.0,8.0,1,0,0
W2778,42.11454642,-70.97910126,20.2,1.3,1,3,Summer,2018.0,8.0,1,1,0
W2780,42.006179,-70.906276,25.6,7.3,1,2,Summer,2018.0,8.0,1,0,0
W2780,42.006179,-70.906276,24.2,5.8,1,2,Summer,2018.0,8.0,1,0,0
W2780,42.006179,-70.906276,23.8,4.9,1,3,Summer,2018.0,8.0,1,1,0
W2780,42.006179,-70.906276,23.7,4.7,1,3,Summer,2018.0,8.0,1,1,0
W2780,42.006179,-70.906276,23.7,4.3,1,3,Summer,2018.0,8.0,1,1,0
W1093,42.05376314,-70.82255737,25.0,7.0,1,2,Summer,2018.0,8.0,1,0,0
W1093,42.05376314,-70.82255737,24.4,3.9,1,3,Summer,2018.0,8.0,1,1,0
W2814,41.9641053,-70.0077192,25.8,6.6,1,2,Summer,2018.0,8.0,1,0,0
W2801,41.8295909,-69.9846351,28.2,8.3,1,2,Summer,2018.0,8.0,1,0,0
W2801,41.8295909,-69.9846351,27.5,8.4,1,2,Summer,2018.0,8.0,1,0,0
W2801,41.8295909,-69.9846351,26.6,8.8,1,2,Summer,2018.0,8.0,1,0,0
W2801,41.8295909,-69.9846351,26.0,8.6,1,2,Summer,2018.0,8.0,1,0,0
W2801,41.8295909,-69.9846351,25.5,8.3,1,2,Summer,2018.0,8.0,1,0,0
W2801,41.8295909,-69.9846351,24.8,6.6,1,2,Summer,2018.0,8.0,1,0,0
W2801,41.8295909,-69.9846351,23.8,3.3,1,3,Summer,2018.0,8.0,1,1,0
W2810,41.703389,-69.986116,26.9,8.0,1,2,Summer,2018.0,8.0,1,0,0
W2810,41.703389,-69.986116,26.8,8.1,1,2,Summer,2018.0,8.0,1,0,0
W2810,41.703389,-69.986116,26.8,8.2,1,2,Summer,2018.0,8.0,1,0,0
W2810,41.703389,-69.986116,25.9,8.4,1,2,Summer,2018.0,8.0,1,0,0
W2810,41.703389,-69.986116,25.3,8.3,1,2,Summer,2018.0,8.0,1,0,0
W2810,41.703389,-69.986116,23.3,3.6,1,3,Summer,2018.0,8.0,1,1,0
W2810,41.703389,-69.986116,18.1,1.8,1,3,Summer,2018.0,8.0,1,1,0
W2810,41.703389,-69.986116,14.6,0.4,1,3,Summer,2018.0,8.0,1,1,0
W2791,41.75446,-70.79039,27.0,7.9,1,1,Fall,2018.0,9.0,0,0,0
W2791,41.75446,-70.79039,27.0,7.9,1,1,Fall,2018.0,9.0,0,0,0
W2791,41.75446,-70.79039,27.0,7.6,1,1,Fall,2018.0,9.0,0,0,0
W2791,41.75446,-70.79039,26.8,7.7,1,1,Fall,2018.0,9.0,0,0,0
W2791,41.75446,-70.79039,26.2,7.1,1,1,Fall,2018.0,9.0,0,0,0
W2791,41.75446,-70.79039,25.6,5.7,1,1,Fall,2018.0,9.0,0,0,0
W2791,41.75446,-70.79039,23.6,1.0,1,2,Fall,2018.0,9.0,0,1,0
W2791,41.75446,-70.79039,19.2,0.4,1,2,Fall,2018.0,9.0,0,1,0
W2775,41.671546,-71.126475,26.8,8.9,1,1,Fall,2018.0,9.0,0,0,0
W2775,41.671546,-71.126475,26.6,8.8,1,1,Fall,2018.0,9.0,0,0,0
W2775,41.671546,-71.126475,26.5,8.6,1,1,Fall,2018.0,9.0,0,0,0
W2775,41.671546,-71.126475,26.4,8.4,1,1,Fall,2018.0,9.0,0,0,0
W2775,41.671546,-71.126475,25.8,7.3,1,1,Fall,2018.0,9.0,0,0,0
W2775,41.671546,-71.126475,25.7,6.5,1,1,Fall,2018.0,9.0,0,0,0
W2775,41.671546,-71.126475,25.6,6.0,1,1,Fall,2018.0,9.0,0,0,0
W2798,41.620352,-70.56532,22.8,8.5,1,1,Fall,2018.0,9.0,0,0,0
W2798,41.620352,-70.56532,22.8,8.5,1,1,Fall,2018.0,9.0,0,0,0
W2798,41.620352,-70.56532,22.8,8.4,1,1,Fall,2018.0,9.0,0,0,0
W2798,41.620352,-70.56532,22.7,8.3,1,1,Fall,2018.0,9.0,0,0,0
W2798,41.620352,-70.56532,22.7,8.1,1,1,Fall,2018.0,9.0,0,0,0
W2798,41.620352,-70.56532,22.5,7.7,1,1,Fall,2018.0,9.0,0,0,0
W2798,41.620352,-70.56532,21.9,6.0,1,1,Fall,2018.0,9.0,0,0,0
W1308,41.65691189,-70.48391147,23.2,8.5,1,1,Fall,2018.0,9.0,0,0,0
W1308,41.65691189,-70.48391147,23.2,8.5,1,1,Fall,2018.0,9.0,0,0,0
W1308,41.65691189,-70.48391147,23.2,8.5,1,1,Fall,2018.0,9.0,0,0,0
W1308,41.65691189,-70.48391147,23.2,8.6,1,1,Fall,2018.0,9.0,0,0,0
W1308,41.65691189,-70.48391147,23.1,8.5,1,1,Fall,2018.0,9.0,0,0,0
W1308,41.65691189,-70.48391147,23.1,8.5,1,1,Fall,2018.0,9.0,0,0,0
W1308,41.65691189,-70.48391147,23.0,8.2,1,1,Fall,2018.0,9.0,0,0,0
W1308,41.65691189,-70.48391147,22.9,7.5,1,1,Fall,2018.0,9.0,0,0,0
W1308,41.65691189,-70.48391147,22.8,7.3,1,1,Fall,2018.0,9.0,0,0,0
W1308,41.65691189,-70.48391147,22.3,6.2,1,1,Fall,2018.0,9.0,0,0,0
W2789,41.804909,-70.611966,23.8,8.4,1,1,Fall,2018.0,9.0,0,0,0
W2789,41.804909,-70.611966,23.8,8.4,1,1,Fall,2018.0,9.0,0,0,0
W2789,41.804909,-70.611966,23.8,8.4,1,1,Fall,2018.0,9.0,0,0,0
W2789,41.804909,-70.611966,23.8,8.4,1,1,Fall,2018.0,9.0,0,0,0
W2789,41.804909,-70.611966,23.8,8.3,1,1,Fall,2018.0,9.0,0,0,0
W2789,41.804909,-70.611966,22.4,3.3,1,2,Fall,2018.0,9.0,0,1,0
W2789,41.804909,-70.611966,21.6,0.3,1,2,Fall,2018.0,9.0,0,1,0
W2953,41.76842431,-70.72293943,21.0,2.9,1,2,Fall,2018.0,9.0,0,1,0
W2953,41.76842431,-70.72293943,20.5,1.6,1,2,Fall,2018.0,9.0,0,1,0
W2803,41.671685,-70.193271,23.6,8.2,1,1,Fall,2018.0,9.0,0,0,0
W2803,41.671685,-70.193271,23.6,8.2,1,1,Fall,2018.0,9.0,0,0,0
W2803,41.671685,-70.193271,23.5,8.0,1,1,Fall,2018.0,9.0,0,0,0
W2803,41.671685,-70.193271,23.4,7.7,1,1,Fall,2018.0,9.0,0,0,0
W2803,41.671685,-70.193271,22.9,7.3,1,1,Fall,2018.0,9.0,0,0,0
W2803,41.671685,-70.193271,22.3,5.6,1,1,Fall,2018.0,9.0,0,0,0
W2803,41.671685,-70.193271,20.6,1.1,1,2,Fall,2018.0,9.0,0,1,0
W2812,41.7024219,-70.1327421,23.8,7.8,1,1,Fall,2018.0,9.0,0,0,0
W2812,41.7024219,-70.1327421,23.8,7.8,1,1,Fall,2018.0,9.0,0,0,0
W2812,41.7024219,-70.1327421,23.8,7.8,1,1,Fall,2018.0,9.0,0,0,0
W2812,41.7024219,-70.1327421,23.8,7.8,1,1,Fall,2018.0,9.0,0,0,0
W2812,41.7024219,-70.1327421,23.8,7.8,1,1,Fall,2018.0,9.0,0,0,0
W2812,41.7024219,-70.1327421,23.8,7.8,1,1,Fall,2018.0,9.0,0,0,0
W2812,41.7024219,-70.1327421,23.8,7.5,1,1,Fall,2018.0,9.0,0,0,0
W2812,41.7024219,-70.1327421,23.7,6.4,1,1,Fall,2018.0,9.0,0,0,0
W2812,41.7024219,-70.1327421,23.3,1.2,1,2,Fall,2018.0,9.0,0,1,0
W2773,41.7254646,-70.0397423,21.6,6.0,1,1,Fall,2018.0,9.0,0,0,0
W2773,41.7254646,-70.0397423,21.6,6.0,1,1,Fall,2018.0,9.0,0,0,0
W2773,41.7254646,-70.0397423,21.6,6.0,1,1,Fall,2018.0,9.0,0,0,0
W2773,41.7254646,-70.0397423,21.6,5.9,1,1,Fall,2018.0,9.0,0,0,0
W1237,41.71377641,-70.09062853,22.3,7.6,1,1,Fall,2018.0,9.0,0,0,0
W1237,41.71377641,-70.09062853,22.3,7.6,1,1,Fall,2018.0,9.0,0,0,0
W1237,41.71377641,-70.09062853,22.3,7.6,1,1,Fall,2018.0,9.0,0,0,0
W1237,41.71377641,-70.09062853,22.3,7.6,1,1,Fall,2018.0,9.0,0,0,0
W1237,41.71377641,-70.09062853,22.3,7.6,1,1,Fall,2018.0,9.0,0,0,0
W1237,41.71377641,-70.09062853,22.3,7.6,1,1,Fall,2018.0,9.0,0,0,0
W1237,41.71377641,-70.09062853,22.2,7.5,1,1,Fall,2018.0,9.0,0,0,0
W1237,41.71377641,-70.09062853,22.2,7.4,1,1,Fall,2018.0,9.0,0,0,0
W1237,41.71377641,-70.09062853,22.1,7.5,1,1,Fall,2018.0,9.0,0,0,0
W1092,41.90533067,-70.55598017,19.6,8.4,1,1,Fall,2018.0,9.0,0,0,0
W1092,41.90533067,-70.55598017,19.6,8.4,1,1,Fall,2018.0,9.0,0,0,0
W1092,41.90533067,-70.55598017,19.6,8.4,1,1,Fall,2018.0,9.0,0,0,0
W1092,41.90533067,-70.55598017,19.6,8.4,1,1,Fall,2018.0,9.0,0,0,0
W1092,41.90533067,-70.55598017,19.6,8.4,1,1,Fall,2018.0,9.0,0,0,0
W1092,41.90533067,-70.55598017,19.5,8.3,1,1,Fall,2018.0,9.0,0,0,0
W1092,41.90533067,-70.55598017,19.5,8.3,1,1,Fall,2018.0,9.0,0,0,0
W1092,41.90533067,-70.55598017,18.9,7.1,1,1,Fall,2018.0,9.0,0,0,0
W2783,41.9207192,-70.6654059,18.6,5.4,1,1,Fall,2018.0,9.0,0,0,0
W2783,41.9207192,-70.6654059,18.4,4.9,1,2,Fall,2018.0,9.0,0,1,0
W2783,41.9207192,-70.6654059,18.5,5.3,1,1,Fall,2018.0,9.0,0,0,0
W2783,41.9207192,-70.6654059,18.4,4.8,1,2,Fall,2018.0,9.0,0,1,0
W2783,41.9207192,-70.6654059,18.4,4.9,1,2,Fall,2018.0,9.0,0,1,0
W2783,41.9207192,-70.6654059,18.3,4.8,1,2,Fall,2018.0,9.0,0,1,0
W2808,41.671039,-70.393715,19.9,8.3,1,1,Fall,2018.0,9.0,0,0,0
W2808,41.671039,-70.393715,19.9,8.3,1,1,Fall,2018.0,9.0,0,0,0
W2808,41.671039,-70.393715,19.8,8.2,1,1,Fall,2018.0,9.0,0,0,0
W2808,41.671039,-70.393715,19.8,8.2,1,1,Fall,2018.0,9.0,0,0,0
W2808,41.671039,-70.393715,19.8,8.1,1,1,Fall,2018.0,9.0,0,0,0
W2808,41.671039,-70.393715,19.3,6.4,1,1,Fall,2018.0,9.0,0,0,0
W2805,41.6671004,-70.4441491,20.3,8.5,1,1,Fall,2018.0,9.0,0,0,0
W2805,41.6671004,-70.4441491,20.2,8.4,1,1,Fall,2018.0,9.0,0,0,0
W2805,41.6671004,-70.4441491,20.1,8.5,1,1,Fall,2018.0,9.0,0,0,0
W2805,41.6671004,-70.4441491,20.1,8.4,1,1,Fall,2018.0,9.0,0,0,0
W2805,41.6671004,-70.4441491,20.1,8.4,1,1,Fall,2018.0,9.0,0,0,0
W2805,41.6671004,-70.4441491,20.0,8.1,1,1,Fall,2018.0,9.0,0,0,0
W2787,41.811935,-70.5766951,20.6,8.4,1,1,Fall,2018.0,9.0,0,0,0
W2787,41.811935,-70.5766951,20.6,8.3,1,1,Fall,2018.0,9.0,0,0,0
W2787,41.811935,-70.5766951,20.5,8.3,1,1,Fall,2018.0,9.0,0,0,0
W2787,41.811935,-70.5766951,20.5,8.3,1,1,Fall,2018.0,9.0,0,0,0
W2787,41.811935,-70.5766951,20.5,8.4,1,1,Fall,2018.0,9.0,0,0,0
W2787,41.811935,-70.5766951,20.0,7.8,1,1,Fall,2018.0,9.0,0,0,0
W2787,41.811935,-70.5766951,19.6,6.8,1,1,Fall,2018.0,9.0,0,0,0
W2787,41.811935,-70.5766951,18.6,1.4,1,2,Fall,2018.0,9.0,0,1,0
W2796,41.852937,-70.614673,19.6,9.9,1,1,Fall,2018.0,9.0,0,0,0
W2796,41.852937,-70.614673,19.6,9.9,1,1,Fall,2018.0,9.0,0,0,0
W2796,41.852937,-70.614673,19.6,9.7,1,1,Fall,2018.0,9.0,0,0,0
W2796,41.852937,-70.614673,19.6,9.7,1,1,Fall,2018.0,9.0,0,0,0
W2796,41.852937,-70.614673,19.6,9.6,1,1,Fall,2018.0,9.0,0,0,0
W2796,41.852937,-70.614673,19.5,9.5,1,1,Fall,2018.0,9.0,0,0,0
W2796,41.852937,-70.614673,19.5,9.2,1,1,Fall,2018.0,9.0,0,0,0
W2796,41.852937,-70.614673,19.4,9.0,1,1,Fall,2018.0,9.0,0,0,0
W2220,42.03481475,-72.16158627,1.0,13.2,1,1,Winter,2017.0,12.0,0,0,0
W0678,42.39432391,-72.04921345,2.4,12.5,1,1,Winter,2017.0,12.0,0,0,0
W2218,42.46470593,-72.38454489,0.3,13.3,1,1,Winter,2017.0,12.0,0,0,0
W0926,42.00459582,-70.84525352,27.5,8.2,1,2,Summer,2018.0,7.0,1,0,0
W0926,42.00459582,-70.84525352,27.5,8.2,1,2,Summer,2018.0,7.0,1,0,0
W0926,42.00459582,-70.84525352,27.4,8.2,1,2,Summer,2018.0,7.0,1,0,0
W0926,42.00459582,-70.84525352,27.3,8.2,1,2,Summer,2018.0,7.0,1,0,0
W0926,42.00459582,-70.84525352,27.1,8.1,1,2,Summer,2018.0,7.0,1,0,0
W0926,42.00459582,-70.84525352,27.0,7.8,1,2,Summer,2018.0,7.0,1,0,0
W0930,42.00146724,-70.83678103,27.8,8.2,1,2,Summer,2018.0,7.0,1,0,0
W0930,42.00146724,-70.83678103,27.6,8.2,1,2,Summer,2018.0,7.0,1,0,0
W0930,42.00146724,-70.83678103,27.5,8.1,1,2,Summer,2018.0,7.0,1,0,0
W0930,42.00146724,-70.83678103,27.4,8.0,1,2,Summer,2018.0,7.0,1,0,0
W0930,42.00146724,-70.83678103,26.9,6.8,1,2,Summer,2018.0,7.0,1,0,0
W0930,42.00146724,-70.83678103,26.2,5.4,1,2,Summer,2018.0,7.0,1,0,0
W0926,42.00459582,-70.84525352,26.9,7.7,1,2,Summer,2018.0,8.0,1,0,0
W0926,42.00459582,-70.84525352,26.6,7.7,1,2,Summer,2018.0,8.0,1,0,0
W0926,42.00459582,-70.84525352,26.3,7.5,1,2,Summer,2018.0,8.0,1,0,0
W0926,42.00459582,-70.84525352,26.2,7.6,1,2,Summer,2018.0,8.0,1,0,0
W0926,42.00459582,-70.84525352,26.2,7.5,1,2,Summer,2018.0,8.0,1,0,0
W0926,42.00459582,-70.84525352,26.1,6.6,1,2,Summer,2018.0,8.0,1,0,0
W0930,42.00146724,-70.83678103,27.2,7.6,1,2,Summer,2018.0,8.0,1,0,0
W0930,42.00146724,-70.83678103,26.6,7.6,1,2,Summer,2018.0,8.0,1,0,0
W0930,42.00146724,-70.83678103,26.5,7.2,1,2,Summer,2018.0,8.0,1,0,0
W0930,42.00146724,-70.83678103,26.3,6.5,1,2,Summer,2018.0,8.0,1,0,0
W0930,42.00146724,-70.83678103,26.0,5.3,1,2,Summer,2018.0,8.0,1,0,0
W0930,42.00146724,-70.83678103,25.9,4.7,1,4,Summer,2018.0,8.0,1,1,1
W0926,42.00459582,-70.84525352,22.2,8.4,1,1,Fall,2018.0,9.0,0,0,0
W0926,42.00459582,-70.84525352,22.2,8.4,1,1,Fall,2018.0,9.0,0,0,0
W0926,42.00459582,-70.84525352,22.2,8.4,1,1,Fall,2018.0,9.0,0,0,0
W0926,42.00459582,-70.84525352,22.2,8.3,1,1,Fall,2018.0,9.0,0,0,0
W0926,42.00459582,-70.84525352,22.2,8.3,1,1,Fall,2018.0,9.0,0,0,0
W0926,42.00459582,-70.84525352,21.7,6.7,1,1,Fall,2018.0,9.0,0,0,0
W0930,42.00146724,-70.83678103,22.6,9.0,1,1,Fall,2018.0,9.0,0,0,0
W0930,42.00146724,-70.83678103,22.6,9.0,1,1,Fall,2018.0,9.0,0,0,0
W0930,42.00146724,-70.83678103,22.5,8.9,1,1,Fall,2018.0,9.0,0,0,0
W0930,42.00146724,-70.83678103,22.4,8.7,1,1,Fall,2018.0,9.0,0,0,0
W0930,42.00146724,-70.83678103,21.7,6.0,1,1,Fall,2018.0,9.0,0,0,0
W0930,42.00146724,-70.83678103,21.4,6.1,1,1,Fall,2018.0,9.0,0,0,0
W0603,42.52346976,-71.6880925,16.7,9.6,1,2,Summer,2017.0,6.0,1,0,0
W0603,42.52346976,-71.6880925,16.7,9.5,1,2,Summer,2017.0,6.0,1,0,0
W0603,42.52346976,-71.6880925,16.7,9.5,1,2,Summer,2017.0,6.0,1,0,0
W0603,42.52346976,-71.6880925,11.8,8.4,1,2,Summer,2017.0,6.0,1,0,0
W0603,42.52346976,-71.6880925,9.3,8.4,1,2,Summer,2017.0,6.0,1,0,0
W0603,42.52346976,-71.6880925,7.3,8.8,1,2,Summer,2017.0,6.0,1,0,0
W0603,42.52346976,-71.6880925,6.2,7.8,1,2,Summer,2017.0,6.0,1,0,0
W0603,42.52346976,-71.6880925,5.9,8.3,1,2,Summer,2017.0,6.0,1,0,0
W0603,42.52346976,-71.6880925,5.5,8.4,1,2,Summer,2017.0,6.0,1,0,0
W0603,42.52346976,-71.6880925,5.4,6.9,1,2,Summer,2017.0,6.0,1,0,0
W0603,42.52346976,-71.6880925,5.3,5.4,1,2,Summer,2017.0,6.0,1,0,0
W0603,42.52346976,-71.6880925,5.2,3.1,1,3,Summer,2017.0,6.0,1,1,0
W2688,42.5375642,-71.6046167,16.4,11.1,1,2,Summer,2017.0,6.0,1,0,0
W2688,42.5375642,-71.6046167,15.8,10.1,1,2,Summer,2017.0,6.0,1,0,0
W2688,42.5375642,-71.6046167,15.5,8.5,1,2,Summer,2017.0,6.0,1,0,0
W2684,42.5663185,-71.388142,15.4,7.7,1,2,Summer,2017.0,6.0,1,0,0
W2684,42.5663185,-71.388142,15.3,7.6,1,2,Summer,2017.0,6.0,1,0,0
W2684,42.5663185,-71.388142,15.3,7.6,1,2,Summer,2017.0,6.0,1,0,0
W2684,42.5663185,-71.388142,14.7,6.5,1,2,Summer,2017.0,6.0,1,0,0
W2684,42.5663185,-71.388142,13.7,5.0,1,2,Summer,2017.0,6.0,1,0,0
W2674,42.6167752,-71.42794,17.6,9.5,1,2,Summer,2017.0,6.0,1,0,0
W2674,42.6167752,-71.42794,17.4,9.6,1,2,Summer,2017.0,6.0,1,0,0
W2674,42.6167752,-71.42794,16.9,9.4,1,2,Summer,2017.0,6.0,1,0,0
W2674,42.6167752,-71.42794,16.8,9.5,1,2,Summer,2017.0,6.0,1,0,0
W2674,42.6167752,-71.42794,16.7,9.5,1,2,Summer,2017.0,6.0,1,0,0
W2674,42.6167752,-71.42794,16.6,9.2,1,2,Summer,2017.0,6.0,1,0,0
W2674,42.6167752,-71.42794,14.0,7.2,1,2,Summer,2017.0,6.0,1,0,0
W2097,42.19218292,-71.09296807,19.6,9.4,1,2,Summer,2017.0,6.0,1,0,0
W2097,42.19218292,-71.09296807,19.1,9.5,1,2,Summer,2017.0,6.0,1,0,0
W2097,42.19218292,-71.09296807,17.3,9.4,1,2,Summer,2017.0,6.0,1,0,0
W2097,42.19218292,-71.09296807,16.8,9.5,1,2,Summer,2017.0,6.0,1,0,0
W0970,42.06605001,-71.3520429,17.7,9.5,1,2,Summer,2017.0,6.0,1,0,0
W0970,42.06605001,-71.3520429,17.2,9.4,1,2,Summer,2017.0,6.0,1,0,0
W0970,42.06605001,-71.3520429,17.1,9.3,1,2,Summer,2017.0,6.0,1,0,0
W0970,42.06605001,-71.3520429,16.7,9.2,1,2,Summer,2017.0,6.0,1,0,0
W0970,42.06605001,-71.3520429,16.0,8.7,1,2,Summer,2017.0,6.0,1,0,0
W0970,42.06605001,-71.3520429,14.3,6.7,1,2,Summer,2017.0,6.0,1,0,0
W0970,42.06605001,-71.3520429,13.2,5.8,1,2,Summer,2017.0,6.0,1,0,0
W0970,42.06605001,-71.3520429,11.2,4.4,1,3,Summer,2017.0,6.0,1,1,0
W0970,42.06605001,-71.3520429,9.4,1.3,1,3,Summer,2017.0,6.0,1,1,0
W2672,42.39611,-71.4949986,23.3,9.5,1,2,Summer,2017.0,6.0,1,0,0
W2672,42.39611,-71.4949986,22.8,9.7,1,2,Summer,2017.0,6.0,1,0,0
W2672,42.39611,-71.4949986,21.1,10.2,1,2,Summer,2017.0,6.0,1,0,0
W2672,42.39611,-71.4949986,19.2,10.2,1,2,Summer,2017.0,6.0,1,0,0
W2672,42.39611,-71.4949986,15.7,9.8,1,2,Summer,2017.0,6.0,1,0,0
W2672,42.39611,-71.4949986,13.3,6.8,1,2,Summer,2017.0,6.0,1,0,0
W2717,42.3167909,-71.6184564,26.0,9.1,1,2,Summer,2017.0,6.0,1,0,0
W2717,42.3167909,-71.6184564,20.9,13.6,1,2,Summer,2017.0,6.0,1,0,0
W2717,42.3167909,-71.6184564,16.1,6.5,1,2,Summer,2017.0,6.0,1,0,0
W2690,42.3059341,-71.6172087,27.1,9.1,1,2,Summer,2017.0,6.0,1,0,0
W2690,42.3059341,-71.6172087,22.9,10.1,1,2,Summer,2017.0,6.0,1,0,0
W2690,42.3059341,-71.6172087,19.8,9.6,1,2,Summer,2017.0,6.0,1,0,0
W2690,42.3059341,-71.6172087,18.3,8.5,1,2,Summer,2017.0,6.0,1,0,0
W2690,42.3059341,-71.6172087,16.7,4.2,1,3,Summer,2017.0,6.0,1,1,0
W2690,42.3059341,-71.6172087,15.5,1.8,1,3,Summer,2017.0,6.0,1,1,0
W2690,42.3059341,-71.6172087,14.2,4.1,1,3,Summer,2017.0,6.0,1,1,0
W2690,42.3059341,-71.6172087,12.9,2.4,1,3,Summer,2017.0,6.0,1,1,0
W2690,42.3059341,-71.6172087,12.2,0.6,1,3,Summer,2017.0,6.0,1,1,0
W2701,42.495176,-71.0050255,24.8,8.9,1,2,Summer,2017.0,6.0,1,0,0
W2701,42.495176,-71.0050255,24.4,8.8,1,2,Summer,2017.0,6.0,1,0,0
W2701,42.495176,-71.0050255,20.5,9.4,1,2,Summer,2017.0,6.0,1,0,0
W2701,42.495176,-71.0050255,17.5,8.8,1,2,Summer,2017.0,6.0,1,0,0
W2701,42.495176,-71.0050255,16.0,8.0,1,2,Summer,2017.0,6.0,1,0,0
W2701,42.495176,-71.0050255,14.4,6.8,1,2,Summer,2017.0,6.0,1,0,0
W2701,42.495176,-71.0050255,12.6,6.3,1,2,Summer,2017.0,6.0,1,0,0
W2701,42.495176,-71.0050255,10.9,5.2,1,2,Summer,2017.0,6.0,1,0,0
W2701,42.495176,-71.0050255,9.8,2.7,1,3,Summer,2017.0,6.0,1,1,0
W2701,42.495176,-71.0050255,9.4,0.5,1,3,Summer,2017.0,6.0,1,1,0
W2715,42.6889889,-71.0370628,25.6,8.7,1,2,Summer,2017.0,6.0,1,0,0
W2715,42.6889889,-71.0370628,23.2,9.3,1,2,Summer,2017.0,6.0,1,0,0
W2715,42.6889889,-71.0370628,17.6,10.3,1,2,Summer,2017.0,6.0,1,0,0
W2715,42.6889889,-71.0370628,15.6,7.1,1,2,Summer,2017.0,6.0,1,0,0
W2715,42.6889889,-71.0370628,12.5,4.4,1,3,Summer,2017.0,6.0,1,1,0
W2715,42.6889889,-71.0370628,9.9,2.6,1,3,Summer,2017.0,6.0,1,1,0
W2699,42.3766553,-71.7695512,24.4,8.1,1,2,Summer,2017.0,6.0,1,0,0
W2699,42.3766553,-71.7695512,23.9,9.1,1,2,Summer,2017.0,6.0,1,0,0
W2699,42.3766553,-71.7695512,20.8,13.8,1,2,Summer,2017.0,6.0,1,0,0
W2699,42.3766553,-71.7695512,17.4,14.4,1,2,Summer,2017.0,6.0,1,0,0
W2699,42.3766553,-71.7695512,14.8,13.7,1,2,Summer,2017.0,6.0,1,0,0
W2699,42.3766553,-71.7695512,13.4,2.7,1,3,Summer,2017.0,6.0,1,1,0
W2666,42.2585509,-71.8916635,24.9,8.2,1,2,Summer,2017.0,6.0,1,0,0
W2666,42.2585509,-71.8916635,22.7,8.6,1,2,Summer,2017.0,6.0,1,0,0
W2666,42.2585509,-71.8916635,21.8,7.8,1,2,Summer,2017.0,6.0,1,0,0
W2666,42.2585509,-71.8916635,19.2,8.0,1,2,Summer,2017.0,6.0,1,0,0
W2666,42.2585509,-71.8916635,17.5,9.6,1,2,Summer,2017.0,6.0,1,0,0
W2666,42.2585509,-71.8916635,16.1,10.8,1,2,Summer,2017.0,6.0,1,0,0
W2712,42.6487901,-71.8434475,22.7,8.5,1,2,Summer,2017.0,6.0,1,0,0
W2712,42.6487901,-71.8434475,22.7,8.5,1,2,Summer,2017.0,6.0,1,0,0
W2712,42.6487901,-71.8434475,22.6,8.5,1,2,Summer,2017.0,6.0,1,0,0
W2712,42.6487901,-71.8434475,20.3,9.0,1,2,Summer,2017.0,6.0,1,0,0
W2712,42.6487901,-71.8434475,16.1,8.3,1,2,Summer,2017.0,6.0,1,0,0
W2712,42.6487901,-71.8434475,14.7,5.1,1,2,Summer,2017.0,6.0,1,0,0
W2696,42.6613996,-71.8825117,23.9,8.5,1,2,Summer,2017.0,6.0,1,0,0
W2696,42.6613996,-71.8825117,23.6,8.5,1,2,Summer,2017.0,6.0,1,0,0
W2696,42.6613996,-71.8825117,23.6,8.5,1,2,Summer,2017.0,6.0,1,0,0
W2696,42.6613996,-71.8825117,23.5,8.5,1,2,Summer,2017.0,6.0,1,0,0
W2696,42.6613996,-71.8825117,23.4,8.4,1,2,Summer,2017.0,6.0,1,0,0
W2694,42.1145632,-71.7422755,23.8,8.0,1,2,Summer,2017.0,6.0,1,0,0
W2694,42.1145632,-71.7422755,23.8,8.0,1,2,Summer,2017.0,6.0,1,0,0
W2694,42.1145632,-71.7422755,23.7,8.0,1,2,Summer,2017.0,6.0,1,0,0
W2694,42.1145632,-71.7422755,23.6,7.8,1,2,Summer,2017.0,6.0,1,0,0
W2694,42.1145632,-71.7422755,23.0,9.0,1,2,Summer,2017.0,6.0,1,0,0
W2694,42.1145632,-71.7422755,21.8,10.4,1,2,Summer,2017.0,6.0,1,0,0
W2694,42.1145632,-71.7422755,21.5,10.1,1,2,Summer,2017.0,6.0,1,0,0
W2676,42.0475462,-71.7682111,24.2,7.5,1,2,Summer,2017.0,6.0,1,0,0
W2676,42.0475462,-71.7682111,23.2,7.4,1,2,Summer,2017.0,6.0,1,0,0
W2676,42.0475462,-71.7682111,23.1,7.3,1,2,Summer,2017.0,6.0,1,0,0
W2676,42.0475462,-71.7682111,22.0,5.5,1,2,Summer,2017.0,6.0,1,0,0
W2676,42.0475462,-71.7682111,17.6,2.0,1,3,Summer,2017.0,6.0,1,1,0
W2686,42.4942145,-71.7835053,23.8,8.1,1,2,Summer,2017.0,6.0,1,0,0
W2686,42.4942145,-71.7835053,23.8,8.1,1,2,Summer,2017.0,6.0,1,0,0
W2686,42.4942145,-71.7835053,23.7,8.1,1,2,Summer,2017.0,6.0,1,0,0
W2686,42.4942145,-71.7835053,19.6,8.8,1,2,Summer,2017.0,6.0,1,0,0
W2686,42.4942145,-71.7835053,15.3,7.9,1,2,Summer,2017.0,6.0,1,0,0
W2686,42.4942145,-71.7835053,13.0,6.0,1,2,Summer,2017.0,6.0,1,0,0
W2686,42.4942145,-71.7835053,11.3,3.3,1,3,Summer,2017.0,6.0,1,1,0
W2692,42.5083102,-71.8811837,23.3,8.0,1,2,Summer,2017.0,6.0,1,0,0
W2692,42.5083102,-71.8811837,23.3,7.9,1,2,Summer,2017.0,6.0,1,0,0
W2692,42.5083102,-71.8811837,23.3,7.8,1,2,Summer,2017.0,6.0,1,0,0
W2692,42.5083102,-71.8811837,23.1,7.4,1,2,Summer,2017.0,6.0,1,0,0
W2692,42.5083102,-71.8811837,17.8,7.8,1,2,Summer,2017.0,6.0,1,0,0
W2692,42.5083102,-71.8811837,15.3,7.7,1,2,Summer,2017.0,6.0,1,0,0
W2692,42.5083102,-71.8811837,13.6,4.2,1,3,Summer,2017.0,6.0,1,1,0
W2692,42.5083102,-71.8811837,12.7,0.2,1,3,Summer,2017.0,6.0,1,1,0
W2708,42.5168034,-71.8554472,23.8,7.1,1,2,Summer,2017.0,6.0,1,0,0
W2708,42.5168034,-71.8554472,23.7,7.2,1,2,Summer,2017.0,6.0,1,0,0
W2708,42.5168034,-71.8554472,23.4,7.7,1,2,Summer,2017.0,6.0,1,0,0
W2708,42.5168034,-71.8554472,19.4,9.1,1,2,Summer,2017.0,6.0,1,0,0
W2708,42.5168034,-71.8554472,17.6,5.8,1,2,Summer,2017.0,6.0,1,0,0
W2704,42.4446923,-71.1158183,23.8,8.2,1,2,Summer,2017.0,6.0,1,0,0
W2704,42.4446923,-71.1158183,23.8,8.3,1,2,Summer,2017.0,6.0,1,0,0
W2704,42.4446923,-71.1158183,23.7,8.2,1,2,Summer,2017.0,6.0,1,0,0
W2704,42.4446923,-71.1158183,22.8,8.4,1,2,Summer,2017.0,6.0,1,0,0
W2704,42.4446923,-71.1158183,18.5,9.3,1,2,Summer,2017.0,6.0,1,0,0
W2704,42.4446923,-71.1158183,15.0,9.8,1,2,Summer,2017.0,6.0,1,0,0
W2704,42.4446923,-71.1158183,11.8,10.5,1,2,Summer,2017.0,6.0,1,0,0
W2704,42.4446923,-71.1158183,10.3,8.7,1,2,Summer,2017.0,6.0,1,0,0
W2704,42.4446923,-71.1158183,9.4,8.4,1,2,Summer,2017.0,6.0,1,0,0
W2704,42.4446923,-71.1158183,8.7,6.2,1,2,Summer,2017.0,6.0,1,0,0
W2704,42.4446923,-71.1158183,8.4,4.4,1,3,Summer,2017.0,6.0,1,1,0
W2704,42.4446923,-71.1158183,8.2,0.3,1,3,Summer,2017.0,6.0,1,1,0
W2710,42.6074803,-71.1097834,24.7,7.1,1,2,Summer,2017.0,6.0,1,0,0
W2710,42.6074803,-71.1097834,24.1,6.7,1,2,Summer,2017.0,6.0,1,0,0
W2710,42.6074803,-71.1097834,23.9,6.4,1,2,Summer,2017.0,6.0,1,0,0
W2710,42.6074803,-71.1097834,23.6,5.9,1,2,Summer,2017.0,6.0,1,0,0
W2710,42.6074803,-71.1097834,22.0,2.7,1,3,Summer,2017.0,6.0,1,1,0
W2678,42.7986363,-71.1439465,26.1,8.4,1,2,Summer,2017.0,7.0,1,0,0
W2678,42.7986363,-71.1439465,26.0,8.3,1,2,Summer,2017.0,7.0,1,0,0
W2678,42.7986363,-71.1439465,26.0,8.3,1,2,Summer,2017.0,7.0,1,0,0
W2678,42.7986363,-71.1439465,25.8,8.2,1,2,Summer,2017.0,7.0,1,0,0
W2678,42.7986363,-71.1439465,21.7,7.2,1,2,Summer,2017.0,7.0,1,0,0
W2678,42.7986363,-71.1439465,16.3,4.4,1,3,Summer,2017.0,7.0,1,1,0
W2678,42.7986363,-71.1439465,12.0,6.0,1,2,Summer,2017.0,7.0,1,0,0
W2678,42.7986363,-71.1439465,8.4,5.2,1,2,Summer,2017.0,7.0,1,0,0
W2678,42.7986363,-71.1439465,7.0,4.1,1,3,Summer,2017.0,7.0,1,1,0
W2678,42.7986363,-71.1439465,6.6,3.4,1,3,Summer,2017.0,7.0,1,1,0
W2678,42.7986363,-71.1439465,6.3,4.0,1,3,Summer,2017.0,7.0,1,1,0
W2678,42.7986363,-71.1439465,6.0,4.4,1,3,Summer,2017.0,7.0,1,1,0
W2678,42.7986363,-71.1439465,5.9,4.4,1,3,Summer,2017.0,7.0,1,1,0
W2678,42.7986363,-71.1439465,5.8,3.5,1,3,Summer,2017.0,7.0,1,1,0
W2678,42.7986363,-71.1439465,5.8,2.2,1,3,Summer,2017.0,7.0,1,1,0
W2678,42.7986363,-71.1439465,5.8,0.6,1,3,Summer,2017.0,7.0,1,1,0
W2680,42.7989549,-70.9325918,27.6,9.3,1,2,Summer,2017.0,7.0,1,0,0
W2680,42.7989549,-70.9325918,26.9,9.5,1,2,Summer,2017.0,7.0,1,0,0
W2680,42.7989549,-70.9325918,26.0,9.2,1,2,Summer,2017.0,7.0,1,0,0
W2682,42.3019466,-71.5128697,25.6,8.3,1,2,Summer,2017.0,7.0,1,0,0
W2682,42.3019466,-71.5128697,25.6,8.3,1,2,Summer,2017.0,7.0,1,0,0
W2682,42.3019466,-71.5128697,25.6,8.4,1,2,Summer,2017.0,7.0,1,0,0
W2682,42.3019466,-71.5128697,23.2,7.1,1,2,Summer,2017.0,7.0,1,0,0
W2682,42.3019466,-71.5128697,19.5,5.8,1,2,Summer,2017.0,7.0,1,0,0
W2682,42.3019466,-71.5128697,17.5,4.7,1,3,Summer,2017.0,7.0,1,1,0
W2682,42.3019466,-71.5128697,16.4,4.1,1,3,Summer,2017.0,7.0,1,1,0
W2682,42.3019466,-71.5128697,15.6,3.9,1,3,Summer,2017.0,7.0,1,1,0
W2682,42.3019466,-71.5128697,14.5,4.1,1,3,Summer,2017.0,7.0,1,1,0
W2682,42.3019466,-71.5128697,14.0,4.4,1,3,Summer,2017.0,7.0,1,1,0
W2682,42.3019466,-71.5128697,13.6,2.6,1,3,Summer,2017.0,7.0,1,1,0
W2682,42.3019466,-71.5128697,13.2,5.1,1,2,Summer,2017.0,7.0,1,0,0
W2682,42.3019466,-71.5128697,12.8,4.4,1,3,Summer,2017.0,7.0,1,1,0
W2682,42.3019466,-71.5128697,12.6,4.5,1,3,Summer,2017.0,7.0,1,1,0
W2682,42.3019466,-71.5128697,12.4,3.7,1,3,Summer,2017.0,7.0,1,1,0
W2682,42.3019466,-71.5128697,12.3,3.4,1,3,Summer,2017.0,7.0,1,1,0
W2668,42.2865424,-71.412718,25.7,7.0,1,2,Summer,2017.0,7.0,1,0,0
W2668,42.2865424,-71.412718,25.6,6.9,1,2,Summer,2017.0,7.0,1,0,0
W2670,42.4102831,-71.2674529,25.5,8.1,0,1,Summer,2017.0,7.0,1,0,0
W2670,42.4102831,-71.2674529,25.5,8.1,0,1,Summer,2017.0,7.0,1,0,0
W2670,42.4102831,-71.2674529,25.5,8.0,0,1,Summer,2017.0,7.0,1,0,0
W2670,42.4102831,-71.2674529,25.4,8.0,0,1,Summer,2017.0,7.0,1,0,0
W2670,42.4102831,-71.2674529,24.1,6.5,0,1,Summer,2017.0,7.0,1,0,0
W2670,42.4102831,-71.2674529,17.9,1.2,0,2,Summer,2017.0,7.0,1,1,0
W2706,42.4607823,-71.4322555,25.0,8.2,0,1,Summer,2017.0,7.0,1,0,0
W2706,42.4607823,-71.4322555,25.0,8.2,0,1,Summer,2017.0,7.0,1,0,0
W2706,42.4607823,-71.4322555,22.1,5.7,0,1,Summer,2017.0,7.0,1,0,0
W0603,42.52346976,-71.6880925,26.2,8.9,1,2,Summer,2017.0,7.0,1,0,0
W0603,42.52346976,-71.6880925,26.0,9.0,1,2,Summer,2017.0,7.0,1,0,0
W0603,42.52346976,-71.6880925,24.0,8.8,1,2,Summer,2017.0,7.0,1,0,0
W0603,42.52346976,-71.6880925,12.1,6.2,1,2,Summer,2017.0,7.0,1,0,0
W0603,42.52346976,-71.6880925,9.2,5.5,1,2,Summer,2017.0,7.0,1,0,0
W0603,42.52346976,-71.6880925,7.3,4.7,1,3,Summer,2017.0,7.0,1,1,0
W0603,42.52346976,-71.6880925,6.5,5.2,1,2,Summer,2017.0,7.0,1,0,0
W0603,42.52346976,-71.6880925,6.0,6.1,1,2,Summer,2017.0,7.0,1,0,0
W0603,42.52346976,-71.6880925,5.7,5.4,1,2,Summer,2017.0,7.0,1,0,0
W0603,42.52346976,-71.6880925,5.5,0.2,1,3,Summer,2017.0,7.0,1,1,0
W0603,42.52346976,-71.6880925,5.4,0.7,1,3,Summer,2017.0,7.0,1,1,0
W2688,42.5375642,-71.6046167,26.0,6.7,1,2,Summer,2017.0,7.0,1,0,0
W2688,42.5375642,-71.6046167,24.9,5.3,1,2,Summer,2017.0,7.0,1,0,0
W2688,42.5375642,-71.6046167,23.9,2.7,1,3,Summer,2017.0,7.0,1,1,0
W2684,42.5663185,-71.388142,27.1,8.6,0,1,Summer,2017.0,7.0,1,0,0
W2684,42.5663185,-71.388142,24.5,4.9,0,2,Summer,2017.0,7.0,1,1,0
W2674,42.6167752,-71.42794,26.7,9.4,0,1,Summer,2017.0,7.0,1,0,0
W2674,42.6167752,-71.42794,26.0,9.5,0,1,Summer,2017.0,7.0,1,0,0
W2674,42.6167752,-71.42794,24.7,9.1,0,1,Summer,2017.0,7.0,1,0,0
W2674,42.6167752,-71.42794,23.5,7.3,0,1,Summer,2017.0,7.0,1,0,0
W2674,42.6167752,-71.42794,18.6,2.9,0,2,Summer,2017.0,7.0,1,1,0
W2097,42.19218292,-71.09296807,27.9,8.2,1,2,Summer,2017.0,7.0,1,0,0
W2097,42.19218292,-71.09296807,27.6,8.2,1,2,Summer,2017.0,7.0,1,0,0
W2097,42.19218292,-71.09296807,26.0,9.1,1,2,Summer,2017.0,7.0,1,0,0
W2097,42.19218292,-71.09296807,25.5,9.2,1,2,Summer,2017.0,7.0,1,0,0
W0970,42.06605001,-71.3520429,28.2,9.8,1,2,Summer,2017.0,7.0,1,0,0
W0970,42.06605001,-71.3520429,27.6,10.3,1,2,Summer,2017.0,7.0,1,0,0
W0970,42.06605001,-71.3520429,25.1,11.1,1,2,Summer,2017.0,7.0,1,0,0
W0970,42.06605001,-71.3520429,23.2,6.8,1,2,Summer,2017.0,7.0,1,0,0
W0970,42.06605001,-71.3520429,20.5,3.5,1,3,Summer,2017.0,7.0,1,1,0
W0970,42.06605001,-71.3520429,16.2,0.3,1,3,Summer,2017.0,7.0,1,1,0
W2672,42.39611,-71.4949986,24.8,7.9,1,2,Summer,2017.0,7.0,1,0,0
W2672,42.39611,-71.4949986,24.8,7.9,1,2,Summer,2017.0,7.0,1,0,0
W2672,42.39611,-71.4949986,24.8,7.9,1,2,Summer,2017.0,7.0,1,0,0
W2672,42.39611,-71.4949986,24.8,7.8,1,2,Summer,2017.0,7.0,1,0,0
W2672,42.39611,-71.4949986,22.5,2.4,1,3,Summer,2017.0,7.0,1,1,0
W2672,42.39611,-71.4949986,17.5,0.3,1,3,Summer,2017.0,7.0,1,1,0
W2717,42.3167909,-71.6184564,21.4,3.8,1,3,Summer,2017.0,7.0,1,1,0
W2717,42.3167909,-71.6184564,21.4,3.5,1,3,Summer,2017.0,7.0,1,1,0
W2690,42.3059341,-71.6172087,22.6,5.0,1,2,Summer,2017.0,7.0,1,0,0
W2690,42.3059341,-71.6172087,22.6,5.1,1,2,Summer,2017.0,7.0,1,0,0
W2690,42.3059341,-71.6172087,22.5,5.1,1,2,Summer,2017.0,7.0,1,0,0
W2690,42.3059341,-71.6172087,22.5,5.1,1,2,Summer,2017.0,7.0,1,0,0
W2690,42.3059341,-71.6172087,21.8,0.2,1,3,Summer,2017.0,7.0,1,1,0
W2701,42.495176,-71.0050255,23.5,7.6,1,2,Summer,2017.0,7.0,1,0,0
W2701,42.495176,-71.0050255,23.5,7.7,1,2,Summer,2017.0,7.0,1,0,0
W2701,42.495176,-71.0050255,23.2,7.5,1,2,Summer,2017.0,7.0,1,0,0
W2701,42.495176,-71.0050255,21.5,3.2,1,3,Summer,2017.0,7.0,1,1,0
W2701,42.495176,-71.0050255,16.6,2.8,1,3,Summer,2017.0,7.0,1,1,0
W2701,42.495176,-71.0050255,13.7,2.4,1,3,Summer,2017.0,7.0,1,1,0
W2701,42.495176,-71.0050255,11.8,2.1,1,3,Summer,2017.0,7.0,1,1,0
W2715,42.6889889,-71.0370628,23.5,8.4,1,2,Summer,2017.0,7.0,1,0,0
W2715,42.6889889,-71.0370628,23.3,8.4,1,2,Summer,2017.0,7.0,1,0,0
W2715,42.6889889,-71.0370628,23.2,8.4,1,2,Summer,2017.0,7.0,1,0,0
W2699,42.3766553,-71.7695512,24.1,10.7,1,2,Summer,2017.0,8.0,1,0,0
W2699,42.3766553,-71.7695512,24.1,10.6,1,2,Summer,2017.0,8.0,1,0,0
W2699,42.3766553,-71.7695512,23.8,11.5,1,2,Summer,2017.0,8.0,1,0,0
W2699,42.3766553,-71.7695512,23.6,10.6,1,2,Summer,2017.0,8.0,1,0,0
W2699,42.3766553,-71.7695512,23.2,10.4,1,2,Summer,2017.0,8.0,1,0,0
W2699,42.3766553,-71.7695512,22.1,12.3,1,2,Summer,2017.0,8.0,1,0,0
W2699,42.3766553,-71.7695512,20.7,13.8,1,2,Summer,2017.0,8.0,1,0,0
W2699,42.3766553,-71.7695512,19.7,11.5,1,2,Summer,2017.0,8.0,1,0,0
W2666,42.2585509,-71.8916635,24.4,8.3,1,2,Summer,2017.0,8.0,1,0,0
W2666,42.2585509,-71.8916635,23.5,8.2,1,2,Summer,2017.0,8.0,1,0,0
W2666,42.2585509,-71.8916635,22.5,8.0,1,2,Summer,2017.0,8.0,1,0,0
W2666,42.2585509,-71.8916635,21.4,6.0,1,2,Summer,2017.0,8.0,1,0,0
W2666,42.2585509,-71.8916635,20.2,1.3,1,3,Summer,2017.0,8.0,1,1,0
W2712,42.6487901,-71.8434475,24.4,8.2,1,2,Summer,2017.0,8.0,1,0,0
W2712,42.6487901,-71.8434475,23.8,8.4,1,2,Summer,2017.0,8.0,1,0,0
W2712,42.6487901,-71.8434475,22.9,8.4,1,2,Summer,2017.0,8.0,1,0,0
W2712,42.6487901,-71.8434475,22.5,8.3,1,2,Summer,2017.0,8.0,1,0,0
W2712,42.6487901,-71.8434475,22.0,8.1,1,2,Summer,2017.0,8.0,1,0,0
W2712,42.6487901,-71.8434475,19.9,3.4,1,3,Summer,2017.0,8.0,1,1,0
W2712,42.6487901,-71.8434475,17.6,2.0,1,3,Summer,2017.0,8.0,1,1,0
W2696,42.6613996,-71.8825117,25.7,8.5,1,2,Summer,2017.0,8.0,1,0,0
W2696,42.6613996,-71.8825117,25.4,8.5,1,2,Summer,2017.0,8.0,1,0,0
W2696,42.6613996,-71.8825117,25.0,8.5,1,2,Summer,2017.0,8.0,1,0,0
W2696,42.6613996,-71.8825117,22.7,8.7,1,2,Summer,2017.0,8.0,1,0,0
W2696,42.6613996,-71.8825117,22.1,8.6,1,2,Summer,2017.0,8.0,1,0,0
W2694,42.1145632,-71.7422755,24.7,8.1,1,2,Summer,2017.0,8.0,1,0,0
W2694,42.1145632,-71.7422755,24.7,8.1,1,2,Summer,2017.0,8.0,1,0,0
W2694,42.1145632,-71.7422755,24.7,8.1,1,2,Summer,2017.0,8.0,1,0,0
W2694,42.1145632,-71.7422755,24.4,8.4,1,2,Summer,2017.0,8.0,1,0,0
W2694,42.1145632,-71.7422755,24.1,8.7,1,2,Summer,2017.0,8.0,1,0,0
W2694,42.1145632,-71.7422755,24.0,8.6,1,2,Summer,2017.0,8.0,1,0,0
W2694,42.1145632,-71.7422755,23.8,6.5,1,2,Summer,2017.0,8.0,1,0,0
W2676,42.0475462,-71.7682111,24.8,7.9,1,2,Summer,2017.0,8.0,1,0,0
W2676,42.0475462,-71.7682111,23.6,7.3,1,2,Summer,2017.0,8.0,1,0,0
W2676,42.0475462,-71.7682111,21.1,4.4,1,3,Summer,2017.0,8.0,1,1,0
W2676,42.0475462,-71.7682111,20.5,4.4,1,3,Summer,2017.0,8.0,1,1,0
W2676,42.0475462,-71.7682111,19.8,2.9,1,3,Summer,2017.0,8.0,1,1,0
W2676,42.0475462,-71.7682111,19.6,2.2,1,3,Summer,2017.0,8.0,1,1,0
W2686,42.4942145,-71.7835053,23.1,8.2,1,2,Summer,2017.0,8.0,1,0,0
W2686,42.4942145,-71.7835053,23.1,8.2,1,2,Summer,2017.0,8.0,1,0,0
W2686,42.4942145,-71.7835053,23.0,8.2,1,2,Summer,2017.0,8.0,1,0,0
W2686,42.4942145,-71.7835053,23.0,8.2,1,2,Summer,2017.0,8.0,1,0,0
W2686,42.4942145,-71.7835053,22.9,8.0,1,2,Summer,2017.0,8.0,1,0,0
W2686,42.4942145,-71.7835053,19.6,7.8,1,2,Summer,2017.0,8.0,1,0,0
W2686,42.4942145,-71.7835053,15.3,5.8,1,2,Summer,2017.0,8.0,1,0,0
W2686,42.4942145,-71.7835053,13.4,4.3,1,3,Summer,2017.0,8.0,1,1,0
W2692,42.5083102,-71.8811837,22.6,7.7,1,2,Summer,2017.0,8.0,1,0,0
W2692,42.5083102,-71.8811837,22.6,7.7,1,2,Summer,2017.0,8.0,1,0,0
W2692,42.5083102,-71.8811837,22.6,7.7,1,2,Summer,2017.0,8.0,1,0,0
W2692,42.5083102,-71.8811837,22.6,7.7,1,2,Summer,2017.0,8.0,1,0,0
W2692,42.5083102,-71.8811837,22.6,7.7,1,2,Summer,2017.0,8.0,1,0,0
W2692,42.5083102,-71.8811837,22.4,7.3,1,2,Summer,2017.0,8.0,1,0,0
W2692,42.5083102,-71.8811837,18.4,1.9,1,3,Summer,2017.0,8.0,1,1,0
W2708,42.5168034,-71.8554472,22.3,6.4,1,2,Summer,2017.0,8.0,1,0,0
W2708,42.5168034,-71.8554472,22.2,6.5,1,2,Summer,2017.0,8.0,1,0,0
W2708,42.5168034,-71.8554472,22.1,6.2,1,2,Summer,2017.0,8.0,1,0,0
W2708,42.5168034,-71.8554472,22.1,6.4,1,2,Summer,2017.0,8.0,1,0,0
W2708,42.5168034,-71.8554472,21.7,3.6,1,3,Summer,2017.0,8.0,1,1,0
W2704,42.4446923,-71.1158183,24.1,8.3,1,2,Summer,2017.0,8.0,1,0,0
W2704,42.4446923,-71.1158183,24.0,8.3,1,2,Summer,2017.0,8.0,1,0,0
W2704,42.4446923,-71.1158183,23.9,8.4,1,2,Summer,2017.0,8.0,1,0,0
W2704,42.4446923,-71.1158183,23.7,8.4,1,2,Summer,2017.0,8.0,1,0,0
W2704,42.4446923,-71.1158183,22.9,8.5,1,2,Summer,2017.0,8.0,1,0,0
W2704,42.4446923,-71.1158183,16.6,10.1,1,2,Summer,2017.0,8.0,1,0,0
W2704,42.4446923,-71.1158183,12.7,8.3,1,2,Summer,2017.0,8.0,1,0,0
W2704,42.4446923,-71.1158183,11.0,7.4,1,2,Summer,2017.0,8.0,1,0,0
W2704,42.4446923,-71.1158183,9.9,3.9,1,3,Summer,2017.0,8.0,1,1,0
W2704,42.4446923,-71.1158183,9.2,0.7,1,3,Summer,2017.0,8.0,1,1,0
W2710,42.6074803,-71.1097834,25.2,6.6,1,2,Summer,2017.0,8.0,1,0,0
W2710,42.6074803,-71.1097834,24.7,6.4,1,2,Summer,2017.0,8.0,1,0,0
W2710,42.6074803,-71.1097834,24.1,5.9,1,2,Summer,2017.0,8.0,1,0,0
W2710,42.6074803,-71.1097834,23.7,5.0,1,2,Summer,2017.0,8.0,1,0,0
W2710,42.6074803,-71.1097834,23.2,2.5,1,3,Summer,2017.0,8.0,1,1,0
W2678,42.7986363,-71.1439465,25.5,8.4,1,2,Summer,2017.0,8.0,1,0,0
W2678,42.7986363,-71.1439465,25.5,8.4,1,2,Summer,2017.0,8.0,1,0,0
W2678,42.7986363,-71.1439465,25.5,8.4,1,2,Summer,2017.0,8.0,1,0,0
W2678,42.7986363,-71.1439465,25.5,8.3,1,2,Summer,2017.0,8.0,1,0,0
W2678,42.7986363,-71.1439465,24.8,7.6,1,2,Summer,2017.0,8.0,1,0,0
W2678,42.7986363,-71.1439465,22.6,2.9,1,3,Summer,2017.0,8.0,1,1,0
W2678,42.7986363,-71.1439465,12.6,3.0,1,3,Summer,2017.0,8.0,1,1,0
W2678,42.7986363,-71.1439465,6.6,0.4,1,3,Summer,2017.0,8.0,1,1,0
W2678,42.7986363,-71.1439465,6.3,0.4,1,3,Summer,2017.0,8.0,1,1,0
W2680,42.7989549,-70.9325918,25.4,10.3,1,2,Summer,2017.0,8.0,1,0,0
W2680,42.7989549,-70.9325918,25.0,10.0,1,2,Summer,2017.0,8.0,1,0,0
W2682,42.3019466,-71.5128697,24.7,8.6,0,1,Summer,2017.0,8.0,1,0,0
W2682,42.3019466,-71.5128697,24.7,8.6,0,1,Summer,2017.0,8.0,1,0,0
W2682,42.3019466,-71.5128697,24.7,8.6,0,1,Summer,2017.0,8.0,1,0,0
W2682,42.3019466,-71.5128697,24.6,8.6,0,1,Summer,2017.0,8.0,1,0,0
W2682,42.3019466,-71.5128697,24.6,8.6,0,1,Summer,2017.0,8.0,1,0,0
W2682,42.3019466,-71.5128697,24.6,8.6,0,1,Summer,2017.0,8.0,1,0,0
W2682,42.3019466,-71.5128697,22.2,1.8,0,2,Summer,2017.0,8.0,1,1,0
W2682,42.3019466,-71.5128697,15.0,1.4,0,2,Summer,2017.0,8.0,1,1,0
W2682,42.3019466,-71.5128697,14.2,1.2,0,2,Summer,2017.0,8.0,1,1,0
W2682,42.3019466,-71.5128697,13.6,1.1,0,2,Summer,2017.0,8.0,1,1,0
W2682,42.3019466,-71.5128697,13.1,1.2,0,2,Summer,2017.0,8.0,1,1,0
W2682,42.3019466,-71.5128697,12.9,0.5,0,2,Summer,2017.0,8.0,1,1,0
W2668,42.2865424,-71.412718,25.8,7.3,1,2,Summer,2017.0,8.0,1,0,0
W2668,42.2865424,-71.412718,25.6,7.3,1,2,Summer,2017.0,8.0,1,0,0
W2668,42.2865424,-71.412718,23.9,3.0,1,3,Summer,2017.0,8.0,1,1,0
W2668,42.2865424,-71.412718,21.7,1.9,1,3,Summer,2017.0,8.0,1,1,0
W2668,42.2865424,-71.412718,24.4,5.9,1,2,Summer,2017.0,8.0,1,0,0
W2670,42.4102831,-71.2674529,24.8,8.5,1,2,Summer,2017.0,8.0,1,0,0
W2670,42.4102831,-71.2674529,24.8,8.5,1,2,Summer,2017.0,8.0,1,0,0
W2670,42.4102831,-71.2674529,24.7,8.4,1,2,Summer,2017.0,8.0,1,0,0
W2670,42.4102831,-71.2674529,24.6,8.4,1,2,Summer,2017.0,8.0,1,0,0
W2670,42.4102831,-71.2674529,24.5,8.3,1,2,Summer,2017.0,8.0,1,0,0
W2706,42.4607823,-71.4322555,23.9,9.7,1,2,Summer,2017.0,8.0,1,0,0
W2706,42.4607823,-71.4322555,23.5,8.3,1,2,Summer,2017.0,8.0,1,0,0
W2706,42.4607823,-71.4322555,22.4,1.2,1,3,Summer,2017.0,8.0,1,1,0
W0603,42.52346976,-71.6880925,25.2,8.6,1,2,Summer,2017.0,8.0,1,0,0
W0603,42.52346976,-71.6880925,25.1,8.6,1,2,Summer,2017.0,8.0,1,0,0
W0603,42.52346976,-71.6880925,24.9,8.5,1,2,Summer,2017.0,8.0,1,0,0
W0603,42.52346976,-71.6880925,22.9,11.1,1,2,Summer,2017.0,8.0,1,0,0
W0603,42.52346976,-71.6880925,15.8,5.5,1,2,Summer,2017.0,8.0,1,0,0
W0603,42.52346976,-71.6880925,10.9,3.3,1,3,Summer,2017.0,8.0,1,1,0
W0603,42.52346976,-71.6880925,8.3,3.1,1,3,Summer,2017.0,8.0,1,1,0
W0603,42.52346976,-71.6880925,7.3,3.2,1,3,Summer,2017.0,8.0,1,1,0
W0603,42.52346976,-71.6880925,6.5,3.3,1,3,Summer,2017.0,8.0,1,1,0
W2688,42.5375642,-71.6046167,25.9,6.8,1,2,Summer,2017.0,8.0,1,0,0
W2688,42.5375642,-71.6046167,25.2,4.3,1,4,Summer,2017.0,8.0,1,1,1
W2688,42.5375642,-71.6046167,24.9,1.9,1,3,Summer,2017.0,8.0,1,1,0
W2684,42.5663185,-71.388142,25.2,8.1,1,2,Summer,2017.0,8.0,1,0,0
W2684,42.5663185,-71.388142,25.2,8.0,1,2,Summer,2017.0,8.0,1,0,0
W2684,42.5663185,-71.388142,24.4,0.5,1,3,Summer,2017.0,8.0,1,1,0
W2674,42.6167752,-71.42794,25.6,8.9,1,2,Summer,2017.0,8.0,1,0,0
W2674,42.6167752,-71.42794,25.5,9.0,1,2,Summer,2017.0,8.0,1,0,0
W2674,42.6167752,-71.42794,25.3,9.0,1,2,Summer,2017.0,8.0,1,0,0
W2674,42.6167752,-71.42794,25.3,8.8,1,2,Summer,2017.0,8.0,1,0,0
W2674,42.6167752,-71.42794,23.7,4.7,1,3,Summer,2017.0,8.0,1,1,0
W2674,42.6167752,-71.42794,20.1,1.1,1,3,Summer,2017.0,8.0,1,1,0
W2097,42.19218292,-71.09296807,22.9,8.2,1,2,Summer,2017.0,8.0,1,0,0
W2097,42.19218292,-71.09296807,22.9,8.2,1,2,Summer,2017.0,8.0,1,0,0
W2097,42.19218292,-71.09296807,22.9,8.3,1,2,Summer,2017.0,8.0,1,0,0
W0970,42.06605001,-71.3520429,23.4,8.1,1,2,Summer,2017.0,8.0,1,0,0
W0970,42.06605001,-71.3520429,23.4,8.1,1,2,Summer,2017.0,8.0,1,0,0
W0970,42.06605001,-71.3520429,23.4,8.1,1,2,Summer,2017.0,8.0,1,0,0
W0970,42.06605001,-71.3520429,23.4,8.1,1,2,Summer,2017.0,8.0,1,0,0
W0970,42.06605001,-71.3520429,23.4,8.1,1,2,Summer,2017.0,8.0,1,0,0
W2712,42.6487901,-71.8434475,21.8,7.4,1,2,Summer,2017.0,8.0,1,0,0
W2712,42.6487901,-71.8434475,21.8,7.3,1,2,Summer,2017.0,8.0,1,0,0
W2712,42.6487901,-71.8434475,21.8,7.3,1,2,Summer,2017.0,8.0,1,0,0
W2712,42.6487901,-71.8434475,21.7,7.4,1,2,Summer,2017.0,8.0,1,0,0
W2712,42.6487901,-71.8434475,21.7,7.6,1,2,Summer,2017.0,8.0,1,0,0
W2712,42.6487901,-71.8434475,21.6,7.5,1,2,Summer,2017.0,8.0,1,0,0
W2696,42.6613996,-71.8825117,21.3,7.7,1,2,Summer,2017.0,8.0,1,0,0
W2696,42.6613996,-71.8825117,21.0,7.5,1,2,Summer,2017.0,8.0,1,0,0
W2696,42.6613996,-71.8825117,20.9,7.5,1,2,Summer,2017.0,8.0,1,0,0
W2696,42.6613996,-71.8825117,20.9,7.6,1,2,Summer,2017.0,8.0,1,0,0
W2696,42.6613996,-71.8825117,20.8,7.7,1,2,Summer,2017.0,8.0,1,0,0
W2701,42.495176,-71.0050255,22.5,8.2,1,2,Summer,2017.0,8.0,1,0,0
W2701,42.495176,-71.0050255,22.4,8.2,1,2,Summer,2017.0,8.0,1,0,0
W2701,42.495176,-71.0050255,22.2,8.2,1,2,Summer,2017.0,8.0,1,0,0
W2701,42.495176,-71.0050255,22.0,8.0,1,2,Summer,2017.0,8.0,1,0,0
W2715,42.6889889,-71.0370628,22.9,8.2,1,2,Summer,2017.0,8.0,1,0,0
W2715,42.6889889,-71.0370628,22.8,8.2,1,2,Summer,2017.0,8.0,1,0,0
W2715,42.6889889,-71.0370628,22.8,8.2,1,2,Summer,2017.0,8.0,1,0,0
W2715,42.6889889,-71.0370628,22.3,8.0,1,2,Summer,2017.0,8.0,1,0,0
W2672,42.39611,-71.4949986,21.6,7.7,0,0,Fall,2017.0,9.0,0,0,0
W2672,42.39611,-71.4949986,21.6,7.7,0,0,Fall,2017.0,9.0,0,0,0
W2672,42.39611,-71.4949986,21.6,7.7,0,0,Fall,2017.0,9.0,0,0,0
W2672,42.39611,-71.4949986,21.5,7.4,0,0,Fall,2017.0,9.0,0,0,0
W2672,42.39611,-71.4949986,21.1,5.3,0,0,Fall,2017.0,9.0,0,0,0
W2717,42.3167909,-71.6184564,20.9,7.8,0,0,Fall,2017.0,9.0,0,0,0
W2717,42.3167909,-71.6184564,20.8,7.7,0,0,Fall,2017.0,9.0,0,0,0
W2717,42.3167909,-71.6184564,19.4,1.4,0,1,Fall,2017.0,9.0,0,1,0
W2717,42.3167909,-71.6184564,19.0,0.5,0,1,Fall,2017.0,9.0,0,1,0
W2690,42.3059341,-71.6172087,21.3,7.3,0,0,Fall,2017.0,9.0,0,0,0
W2690,42.3059341,-71.6172087,21.2,7.2,0,0,Fall,2017.0,9.0,0,0,0
W2690,42.3059341,-71.6172087,19.4,3.4,0,1,Fall,2017.0,9.0,0,1,0
W2690,42.3059341,-71.6172087,19.2,1.8,0,1,Fall,2017.0,9.0,0,1,0
W2699,42.3766553,-71.7695512,20.2,9.4,1,1,Fall,2017.0,9.0,0,0,0
W2699,42.3766553,-71.7695512,20.2,9.6,1,1,Fall,2017.0,9.0,0,0,0
W2699,42.3766553,-71.7695512,20.2,9.6,1,1,Fall,2017.0,9.0,0,0,0
W2699,42.3766553,-71.7695512,20.2,9.6,1,1,Fall,2017.0,9.0,0,0,0
W2699,42.3766553,-71.7695512,20.1,9.6,1,1,Fall,2017.0,9.0,0,0,0
W2699,42.3766553,-71.7695512,20.2,9.6,1,1,Fall,2017.0,9.0,0,0,0
W2699,42.3766553,-71.7695512,20.2,9.6,1,1,Fall,2017.0,9.0,0,0,0
W2666,42.2585509,-71.8916635,19.5,8.8,1,1,Fall,2017.0,9.0,0,0,0
W2666,42.2585509,-71.8916635,18.9,8.7,1,1,Fall,2017.0,9.0,0,0,0
W2666,42.2585509,-71.8916635,18.4,8.9,1,1,Fall,2017.0,9.0,0,0,0
W2666,42.2585509,-71.8916635,18.0,8.0,1,1,Fall,2017.0,9.0,0,0,0
W2666,42.2585509,-71.8916635,18.0,7.8,1,1,Fall,2017.0,9.0,0,0,0
W2694,42.1145632,-71.7422755,20.9,7.8,1,1,Fall,2017.0,9.0,0,0,0
W2694,42.1145632,-71.7422755,20.9,7.8,1,1,Fall,2017.0,9.0,0,0,0
W2694,42.1145632,-71.7422755,20.9,7.9,1,1,Fall,2017.0,9.0,0,0,0
W2694,42.1145632,-71.7422755,20.8,7.9,1,1,Fall,2017.0,9.0,0,0,0
W2694,42.1145632,-71.7422755,20.8,7.9,1,1,Fall,2017.0,9.0,0,0,0
W2694,42.1145632,-71.7422755,20.8,7.9,1,1,Fall,2017.0,9.0,0,0,0
W2694,42.1145632,-71.7422755,20.6,3.6,1,2,Fall,2017.0,9.0,0,1,0
W2676,42.0475462,-71.7682111,21.0,8.4,1,1,Fall,2017.0,9.0,0,0,0
W2676,42.0475462,-71.7682111,20.7,8.4,1,1,Fall,2017.0,9.0,0,0,0
W2676,42.0475462,-71.7682111,20.2,8.4,1,1,Fall,2017.0,9.0,0,0,0
W2676,42.0475462,-71.7682111,20.1,8.4,1,1,Fall,2017.0,9.0,0,0,0
W2676,42.0475462,-71.7682111,19.8,7.5,1,1,Fall,2017.0,9.0,0,0,0
W2676,42.0475462,-71.7682111,19.6,6.9,1,1,Fall,2017.0,9.0,0,0,0
W2704,42.4446923,-71.1158183,21.4,8.8,1,1,Fall,2017.0,9.0,0,0,0
W2704,42.4446923,-71.1158183,21.3,8.8,1,1,Fall,2017.0,9.0,0,0,0
W2704,42.4446923,-71.1158183,21.1,8.8,1,1,Fall,2017.0,9.0,0,0,0
W2704,42.4446923,-71.1158183,20.9,8.8,1,1,Fall,2017.0,9.0,0,0,0
W2704,42.4446923,-71.1158183,20.8,8.8,1,1,Fall,2017.0,9.0,0,0,0
W2704,42.4446923,-71.1158183,20.6,8.6,1,1,Fall,2017.0,9.0,0,0,0
W2704,42.4446923,-71.1158183,15.9,7.4,1,1,Fall,2017.0,9.0,0,0,0
W2704,42.4446923,-71.1158183,12.9,6.1,1,1,Fall,2017.0,9.0,0,0,0
W2704,42.4446923,-71.1158183,11.3,2.8,1,2,Fall,2017.0,9.0,0,1,0
W2710,42.6074803,-71.1097834,22.8,7.9,1,1,Fall,2017.0,9.0,0,0,0
W2710,42.6074803,-71.1097834,22.4,7.4,1,1,Fall,2017.0,9.0,0,0,0
W2710,42.6074803,-71.1097834,21.5,7.5,1,1,Fall,2017.0,9.0,0,0,0
W2710,42.6074803,-71.1097834,21.2,7.1,1,1,Fall,2017.0,9.0,0,0,0
W2710,42.6074803,-71.1097834,20.8,3.8,1,2,Fall,2017.0,9.0,0,1,0
W2686,42.4942145,-71.7835053,21.9,8.5,1,1,Fall,2017.0,9.0,0,0,0
W2686,42.4942145,-71.7835053,21.9,8.5,1,1,Fall,2017.0,9.0,0,0,0
W2686,42.4942145,-71.7835053,21.4,8.9,1,1,Fall,2017.0,9.0,0,0,0
W2686,42.4942145,-71.7835053,21.1,8.8,1,1,Fall,2017.0,9.0,0,0,0
W2686,42.4942145,-71.7835053,20.6,8.8,1,1,Fall,2017.0,9.0,0,0,0
W2686,42.4942145,-71.7835053,20.1,8.7,1,1,Fall,2017.0,9.0,0,0,0
W2686,42.4942145,-71.7835053,19.5,8.5,1,1,Fall,2017.0,9.0,0,0,0
W2686,42.4942145,-71.7835053,16.9,3.8,1,2,Fall,2017.0,9.0,0,1,0
W2692,42.5083102,-71.8811837,21.9,8.4,1,1,Fall,2017.0,9.0,0,0,0
W2692,42.5083102,-71.8811837,21.9,8.5,1,1,Fall,2017.0,9.0,0,0,0
W2692,42.5083102,-71.8811837,21.9,8.4,1,1,Fall,2017.0,9.0,0,0,0
W2692,42.5083102,-71.8811837,21.0,8.1,1,1,Fall,2017.0,9.0,0,0,0
W2692,42.5083102,-71.8811837,20.6,8.5,1,1,Fall,2017.0,9.0,0,0,0
W2692,42.5083102,-71.8811837,20.0,7.9,1,1,Fall,2017.0,9.0,0,0,0
W2692,42.5083102,-71.8811837,19.4,4.2,1,2,Fall,2017.0,9.0,0,1,0
W2692,42.5083102,-71.8811837,19.0,2.0,1,2,Fall,2017.0,9.0,0,1,0
W2708,42.5168034,-71.8554472,21.8,7.3,1,1,Fall,2017.0,9.0,0,0,0
W2708,42.5168034,-71.8554472,21.8,7.2,1,1,Fall,2017.0,9.0,0,0,0
W2708,42.5168034,-71.8554472,21.5,7.6,1,1,Fall,2017.0,9.0,0,0,0
W2708,42.5168034,-71.8554472,20.5,6.8,1,1,Fall,2017.0,9.0,0,0,0
W2708,42.5168034,-71.8554472,19.9,3.0,1,2,Fall,2017.0,9.0,0,1,0
W2678,42.7986363,-71.1439465,21.5,8.6,1,1,Fall,2017.0,9.0,0,0,0
W2678,42.7986363,-71.1439465,21.5,8.6,1,1,Fall,2017.0,9.0,0,0,0
W2678,42.7986363,-71.1439465,21.5,8.6,1,1,Fall,2017.0,9.0,0,0,0
W2678,42.7986363,-71.1439465,21.5,8.6,1,1,Fall,2017.0,9.0,0,0,0
W2678,42.7986363,-71.1439465,21.0,8.1,1,1,Fall,2017.0,9.0,0,0,0
W2678,42.7986363,-71.1439465,18.6,6.0,1,1,Fall,2017.0,9.0,0,0,0
W2680,42.7989549,-70.9325918,20.8,7.6,1,1,Fall,2017.0,9.0,0,0,0
W2680,42.7989549,-70.9325918,20.8,7.6,1,1,Fall,2017.0,9.0,0,0,0
W2680,42.7989549,-70.9325918,20.8,7.5,1,1,Fall,2017.0,9.0,0,0,0
W2680,42.7989549,-70.9325918,20.8,7.6,1,1,Fall,2017.0,9.0,0,0,0
W2682,42.3019466,-71.5128697,22.4,8.4,1,1,Fall,2017.0,9.0,0,0,0
W2682,42.3019466,-71.5128697,22.1,8.4,1,1,Fall,2017.0,9.0,0,0,0
W2682,42.3019466,-71.5128697,21.1,8.2,1,1,Fall,2017.0,9.0,0,0,0
W2682,42.3019466,-71.5128697,20.9,8.1,1,1,Fall,2017.0,9.0,0,0,0
W2682,42.3019466,-71.5128697,20.6,7.4,1,1,Fall,2017.0,9.0,0,0,0
W2682,42.3019466,-71.5128697,20.5,7.2,1,1,Fall,2017.0,9.0,0,0,0
W2682,42.3019466,-71.5128697,20.2,6.2,1,1,Fall,2017.0,9.0,0,0,0
W2668,42.2865424,-71.412718,24.0,8.7,1,1,Fall,2017.0,9.0,0,0,0
W2668,42.2865424,-71.412718,22.1,7.8,1,1,Fall,2017.0,9.0,0,0,0
W2668,42.2865424,-71.412718,19.8,5.6,1,1,Fall,2017.0,9.0,0,0,0
W2668,42.2865424,-71.412718,19.5,6.4,1,1,Fall,2017.0,9.0,0,0,0
W2668,42.2865424,-71.412718,19.1,3.7,1,2,Fall,2017.0,9.0,0,1,0
W2668,42.2865424,-71.412718,18.9,2.8,1,2,Fall,2017.0,9.0,0,1,0
W2670,42.4102831,-71.2674529,22.5,8.8,0,0,Fall,2017.0,9.0,0,0,0
W2670,42.4102831,-71.2674529,22.5,8.8,0,0,Fall,2017.0,9.0,0,0,0
W2670,42.4102831,-71.2674529,22.3,8.3,0,0,Fall,2017.0,9.0,0,0,0
W2670,42.4102831,-71.2674529,20.5,7.6,0,0,Fall,2017.0,9.0,0,0,0
W2670,42.4102831,-71.2674529,20.0,6.2,0,0,Fall,2017.0,9.0,0,0,0
W2670,42.4102831,-71.2674529,19.7,5.2,0,0,Fall,2017.0,9.0,0,0,0
W2706,42.4607823,-71.4322555,24.0,6.5,1,1,Fall,2017.0,9.0,0,0,0
W2252,42.24776313,-73.28034588,19.4,8.4,1,2,Summer,2017.0,6.0,1,0,0
W2291,42.38648751,-73.25940756,19.2,8.6,1,2,Summer,2017.0,6.0,1,0,0
W2719,42.32285317,-72.92619955,20.8,9.0,1,2,Summer,2017.0,6.0,1,0,0
W1458,42.25418274,-72.94869942,15.3,9.8,1,2,Summer,2017.0,6.0,1,0,0
W2720,42.0385568,-72.94065317,19.9,8.8,1,2,Summer,2017.0,6.0,1,0,0
W2721,42.04200482,-72.91837725,18.1,9.1,1,2,Summer,2017.0,6.0,1,0,0
W1989,42.27962685,-72.58673039,15.0,10.3,1,2,Summer,2017.0,6.0,1,0,0
W2298,42.62731387,-73.22431951,12.9,10.0,1,2,Summer,2017.0,6.0,1,0,0
W2222,42.63256876,-72.97439535,16.4,9.5,1,2,Summer,2017.0,6.0,1,0,0
W2722,42.72088383,-72.59477377,16.4,9.5,1,2,Summer,2017.0,6.0,1,0,0
W0293,42.58708857,-72.35718789,15.6,9.7,1,2,Summer,2017.0,6.0,1,0,0
W2218,42.46470593,-72.38454489,18.9,8.6,1,2,Summer,2017.0,6.0,1,0,0
W2252,42.24776313,-73.28034588,19.9,8.3,1,2,Summer,2017.0,7.0,1,0,0
W2291,42.38648751,-73.25940756,19.4,8.6,1,2,Summer,2017.0,7.0,1,0,0
W2719,42.32285317,-72.92619955,20.2,9.2,1,2,Summer,2017.0,7.0,1,0,0
W1458,42.25418274,-72.94869942,17.1,9.4,1,2,Summer,2017.0,7.0,1,0,0
W2720,42.0385568,-72.94065317,20.6,8.8,1,2,Summer,2017.0,7.0,1,0,0
W2721,42.04200482,-72.91837725,19.0,9.0,1,2,Summer,2017.0,7.0,1,0,0
W1989,42.27962685,-72.58673039,15.8,9.6,1,2,Summer,2017.0,7.0,1,0,0
W2298,42.62731387,-73.22431951,15.0,9.7,1,2,Summer,2017.0,7.0,1,0,0
W2222,42.63256876,-72.97439535,17.5,9.3,1,2,Summer,2017.0,7.0,1,0,0
W2722,42.72088383,-72.59477377,17.0,9.4,1,2,Summer,2017.0,7.0,1,0,0
W0293,42.58708857,-72.35718789,15.7,9.7,1,2,Summer,2017.0,7.0,1,0,0
W2218,42.46470593,-72.38454489,20.0,8.4,1,2,Summer,2017.0,7.0,1,0,0
W2252,42.24776313,-73.28034588,14.5,9.4,1,2,Summer,2017.0,8.0,1,0,0
W2291,42.38648751,-73.25940756,16.0,9.2,1,2,Summer,2017.0,8.0,1,0,0
W2719,42.32285317,-72.92619955,20.8,9.0,1,2,Summer,2017.0,8.0,1,0,0
W1458,42.25418274,-72.94869942,15.4,9.7,1,2,Summer,2017.0,8.0,1,0,0
W2720,42.0385568,-72.94065317,18.9,9.0,1,2,Summer,2017.0,8.0,1,0,0
W2721,42.04200482,-72.91837725,17.7,9.3,1,2,Summer,2017.0,8.0,1,0,0
W1989,42.27962685,-72.58673039,20.2,8.0,1,2,Summer,2017.0,8.0,1,0,0
W2298,42.62731387,-73.22431951,17.4,9.1,1,2,Summer,2017.0,8.0,1,0,0
W2222,42.63256876,-72.97439535,18.6,9.1,1,2,Summer,2017.0,8.0,1,0,0
W2722,42.72088383,-72.59477377,19.1,8.8,1,2,Summer,2017.0,8.0,1,0,0
W0293,42.58708857,-72.35718789,19.0,9.0,1,2,Summer,2017.0,8.0,1,0,0
W2218,42.46470593,-72.38454489,22.2,7.8,1,2,Summer,2017.0,8.0,1,0,0
W2252,42.24776313,-73.28034588,17.0,8.4,1,1,Fall,2017.0,9.0,0,0,0
W2291,42.38648751,-73.25940756,18.6,8.5,1,1,Fall,2017.0,9.0,0,0,0
W2719,42.32285317,-72.92619955,19.5,9.2,1,1,Fall,2017.0,9.0,0,0,0
W1458,42.25418274,-72.94869942,16.8,9.1,1,1,Fall,2017.0,9.0,0,0,0
W2720,42.0385568,-72.94065317,18.8,9.0,1,1,Fall,2017.0,9.0,0,0,0
W2721,42.04200482,-72.91837725,18.1,9.0,1,1,Fall,2017.0,9.0,0,0,0
W1989,42.27962685,-72.58673039,18.5,7.9,1,1,Fall,2017.0,9.0,0,0,0
W2298,42.62731387,-73.22431951,18.0,8.8,1,1,Fall,2017.0,9.0,0,0,0
W2222,42.63256876,-72.97439535,18.2,9.0,1,1,Fall,2017.0,9.0,0,0,0
W2722,42.72088383,-72.59477377,18.3,8.4,1,1,Fall,2017.0,9.0,0,0,0
W0293,42.58708857,-72.35718789,18.6,8.8,1,1,Fall,2017.0,9.0,0,0,0
W2218,42.46470593,-72.38454489,20.5,7.9,1,1,Fall,2017.0,9.0,0,0,0
W2723,42.17440807,-72.90639061,9.2,10.6,1,1,Spring,2017.0,5.0,0,0,0
W2724,42.17006824,-72.8968609,8.9,11.2,1,1,Spring,2017.0,5.0,0,0,0
W2725,42.1666955,-72.8810188,8.5,11.4,1,1,Spring,2017.0,5.0,0,0,0
W2726,42.16429788,-72.84705857,8.0,11.7,1,1,Spring,2017.0,5.0,0,0,0
W0244,42.16599233,-72.83056299,8.4,11.8,1,1,Spring,2017.0,5.0,0,0,0
W0533,42.085924,-71.25668829,3.5,12.2,1,1,Winter,2017.0,12.0,0,0,0
W0543,42.17269436,-71.2049852,2.7,12.8,1,1,Winter,2017.0,12.0,0,0,0
W0549,42.16852193,-71.16788696,3.8,11.4,1,1,Winter,2017.0,12.0,0,0,0
W0564,42.19696522,-71.15515153,3.1,11.2,1,1,Winter,2017.0,12.0,0,0,0
W0568,42.20923111,-71.14595217,3.7,11.0,1,1,Winter,2017.0,12.0,0,0,0
W0565,42.18896192,-71.14424053,4.7,9.9,1,1,Winter,2017.0,12.0,0,0,0
W0566,42.20323377,-71.13501796,3.1,11.2,1,1,Winter,2017.0,12.0,0,0,0
W2772,42.23453213,-71.12261455,3.2,11.4,1,1,Winter,2017.0,12.0,0,0,0
W2748,42.3324757,-73.08289073,14.3,10.0,1,1,Fall,2017.0,10.0,0,0,0
W2749,42.277704,-72.981323,15.2,10.0,1,1,Fall,2017.0,10.0,0,0,0
W1459,42.30603984,-72.90670538,15.0,9.6,1,1,Fall,2017.0,10.0,0,0,0
W2750,42.35308915,-72.92865942,14.0,9.3,1,1,Fall,2017.0,10.0,0,0,0
W0220,42.27084268,-72.86666034,16.8,10.0,1,1,Fall,2017.0,10.0,0,0,0
W2744,42.23095925,-72.87390013,17.7,10.0,1,1,Fall,2017.0,10.0,0,0,0
W2765,42.18433187,-72.87142394,15.2,9.9,1,1,Fall,2017.0,10.0,0,0,0
W2768,42.21003083,-73.0950755,13.9,9.8,1,1,Fall,2017.0,10.0,0,0,0
W0198,42.15688759,-73.07352832,13.8,10.0,1,1,Fall,2017.0,10.0,0,0,0
W0201,42.07885841,-73.0731024,13.9,10.4,1,1,Fall,2017.0,10.0,0,0,0
W2766,42.22619242,-72.85646293,13.2,10.3,1,1,Fall,2017.0,10.0,0,0,0
W2752,42.20567158,-72.81139374,12.7,9.1,1,1,Fall,2017.0,10.0,0,0,0
W2753,42.14856865,-72.79318461,15.9,10.6,1,1,Fall,2017.0,10.0,0,0,0
W2754,42.13783821,-72.78458658,15.4,5.8,1,1,Fall,2017.0,10.0,0,0,0
W2751,42.10235702,-72.77246658,14.0,8.5,1,1,Fall,2017.0,10.0,0,0,0
W2624,42.45860912,-72.13100007,24.0,7.2,1,2,Summer,2016.0,6.0,1,0,0
W2624,42.45860912,-72.13100007,23.8,7.1,1,2,Summer,2016.0,6.0,1,0,0
W2624,42.45860912,-72.13100007,23.2,6.9,1,2,Summer,2016.0,6.0,1,0,0
W2624,42.45860912,-72.13100007,21.2,5.6,1,2,Summer,2016.0,6.0,1,0,0
W2624,42.45860912,-72.13100007,18.3,2.2,1,3,Summer,2016.0,6.0,1,1,0
W2631,42.35064193,-71.99240896,22.9,8.7,1,2,Summer,2016.0,6.0,1,0,0
W2631,42.35064193,-71.99240896,22.3,8.7,1,2,Summer,2016.0,6.0,1,0,0
W2631,42.35064193,-71.99240896,21.6,9.0,1,2,Summer,2016.0,6.0,1,0,0
W2631,42.35064193,-71.99240896,18.9,10.0,1,2,Summer,2016.0,6.0,1,0,0
W2631,42.35064193,-71.99240896,17.4,10.5,1,2,Summer,2016.0,6.0,1,0,0
W2631,42.35064193,-71.99240896,16.8,10.6,1,2,Summer,2016.0,6.0,1,0,0
W2631,42.35064193,-71.99240896,16.6,10.3,1,2,Summer,2016.0,6.0,1,0,0
W2629,42.53538777,-72.11401537,22.2,9.0,1,2,Summer,2016.0,6.0,1,0,0
W2629,42.53538777,-72.11401537,22.1,8.9,1,2,Summer,2016.0,6.0,1,0,0
W2629,42.53538777,-72.11401537,21.9,8.9,1,2,Summer,2016.0,6.0,1,0,0
W2629,42.53538777,-72.11401537,19.7,10.0,1,2,Summer,2016.0,6.0,1,0,0
W2629,42.53538777,-72.11401537,17.5,9.8,1,2,Summer,2016.0,6.0,1,0,0
W2629,42.53538777,-72.11401537,15.7,8.1,1,2,Summer,2016.0,6.0,1,0,0
W2629,42.53538777,-72.11401537,14.6,4.6,1,3,Summer,2016.0,6.0,1,1,0
W2629,42.53538777,-72.11401537,14.4,2.4,1,3,Summer,2016.0,6.0,1,1,0
W2636,42.54862493,-71.97261742,24.2,7.1,1,2,Summer,2016.0,6.0,1,0,0
W2636,42.54862493,-71.97261742,23.7,7.1,1,2,Summer,2016.0,6.0,1,0,0
W2637,42.05025716,-72.24662045,23.9,6.6,1,2,Summer,2016.0,6.0,1,0,0
W2637,42.05025716,-72.24662045,20.7,5.2,1,2,Summer,2016.0,6.0,1,0,0
W2637,42.05025716,-72.24662045,18.0,5.6,1,2,Summer,2016.0,6.0,1,0,0
W2619,42.05296096,-72.15851801,23.6,8.0,1,2,Summer,2016.0,6.0,1,0,0
W2619,42.05296096,-72.15851801,23.5,8.0,1,2,Summer,2016.0,6.0,1,0,0
W2619,42.05296096,-72.15851801,23.1,7.8,1,2,Summer,2016.0,6.0,1,0,0
W2619,42.05296096,-72.15851801,23.0,7.5,1,2,Summer,2016.0,6.0,1,0,0
W2619,42.05296096,-72.15851801,22.6,7.4,1,2,Summer,2016.0,6.0,1,0,0
W2619,42.05296096,-72.15851801,22.1,6.5,1,2,Summer,2016.0,6.0,1,0,0
W2619,42.05296096,-72.15851801,18.5,5.8,1,2,Summer,2016.0,6.0,1,0,0
W2619,42.05296096,-72.15851801,17.1,4.9,1,3,Summer,2016.0,6.0,1,1,0
W2619,42.05296096,-72.15851801,15.6,3.2,1,3,Summer,2016.0,6.0,1,1,0
W2640,42.245392,-71.91672999,23.4,8.3,1,2,Summer,2016.0,6.0,1,0,0
W2640,42.245392,-71.91672999,23.3,8.4,1,2,Summer,2016.0,6.0,1,0,0
W2640,42.245392,-71.91672999,23.1,8.4,1,2,Summer,2016.0,6.0,1,0,0
W2640,42.245392,-71.91672999,22.9,8.8,1,2,Summer,2016.0,6.0,1,0,0
W2640,42.245392,-71.91672999,22.5,8.9,1,2,Summer,2016.0,6.0,1,0,0
W2640,42.245392,-71.91672999,21.3,9.2,1,2,Summer,2016.0,6.0,1,0,0
W2625,42.1169928,-71.90951431,23.6,8.3,1,2,Summer,2016.0,6.0,1,0,0
W2625,42.1169928,-71.90951431,23.2,8.2,1,2,Summer,2016.0,6.0,1,0,0
W2625,42.1169928,-71.90951431,18.5,8.1,1,2,Summer,2016.0,6.0,1,0,0
W2625,42.1169928,-71.90951431,15.4,5.5,1,2,Summer,2016.0,6.0,1,0,0
W1295,42.05363901,-71.84807799,26.4,8.1,1,2,Summer,2016.0,7.0,1,0,0
W1295,42.05363901,-71.84807799,26.3,8.1,1,2,Summer,2016.0,7.0,1,0,0
W1295,42.05363901,-71.84807799,26.2,8.1,1,2,Summer,2016.0,7.0,1,0,0
W1295,42.05363901,-71.84807799,25.6,8.2,1,2,Summer,2016.0,7.0,1,0,0
W1295,42.05363901,-71.84807799,25.2,8.0,1,2,Summer,2016.0,7.0,1,0,0
W1295,42.05363901,-71.84807799,24.7,7.6,1,2,Summer,2016.0,7.0,1,0,0
W1295,42.05363901,-71.84807799,20.6,5.9,1,2,Summer,2016.0,7.0,1,0,0
W1295,42.05363901,-71.84807799,18.7,2.4,1,3,Summer,2016.0,7.0,1,1,0
W1295,42.05363901,-71.84807799,16.7,1.0,1,3,Summer,2016.0,7.0,1,1,0
W1295,42.05363901,-71.84807799,15.7,0.5,1,3,Summer,2016.0,7.0,1,1,0
W1295,42.05363901,-71.84807799,14.6,0.4,1,3,Summer,2016.0,7.0,1,1,0
W2627,42.12009007,-72.13122415,21.4,8.5,1,2,Summer,2016.0,6.0,1,0,0
W2627,42.12009007,-72.13122415,21.4,8.5,1,2,Summer,2016.0,6.0,1,0,0
W2627,42.12009007,-72.13122415,21.4,8.5,1,2,Summer,2016.0,6.0,1,0,0
W2627,42.12009007,-72.13122415,19.3,9.8,1,2,Summer,2016.0,6.0,1,0,0
W2627,42.12009007,-72.13122415,14.0,6.5,1,2,Summer,2016.0,6.0,1,0,0
W2627,42.12009007,-72.13122415,11.8,0.2,1,3,Summer,2016.0,6.0,1,1,0
W1005,42.17302268,-72.07108074,25.2,8.5,1,2,Summer,2016.0,7.0,1,0,0
W1005,42.17302268,-72.07108074,25.0,8.4,1,2,Summer,2016.0,7.0,1,0,0
W1005,42.17302268,-72.07108074,24.8,8.4,1,2,Summer,2016.0,7.0,1,0,0
W1005,42.17302268,-72.07108074,24.2,8.4,1,2,Summer,2016.0,7.0,1,0,0
W1005,42.17302268,-72.07108074,22.8,9.0,1,2,Summer,2016.0,7.0,1,0,0
W1005,42.17302268,-72.07108074,17.7,10.8,1,2,Summer,2016.0,7.0,1,0,0
W1005,42.17302268,-72.07108074,14.3,10.8,1,2,Summer,2016.0,7.0,1,0,0
W1005,42.17302268,-72.07108074,12.2,10.6,1,2,Summer,2016.0,7.0,1,0,0
W1005,42.17302268,-72.07108074,10.8,8.8,1,2,Summer,2016.0,7.0,1,0,0
W1005,42.17302268,-72.07108074,9.7,7.2,1,2,Summer,2016.0,7.0,1,0,0
W1005,42.17302268,-72.07108074,9.0,5.0,1,2,Summer,2016.0,7.0,1,0,0
W1005,42.17302268,-72.07108074,8.6,4.0,1,3,Summer,2016.0,7.0,1,1,0
W1005,42.17302268,-72.07108074,8.3,3.7,1,3,Summer,2016.0,7.0,1,1,0
W1005,42.17302268,-72.07108074,8.2,3.2,1,3,Summer,2016.0,7.0,1,1,0
W1005,42.17302268,-72.07108074,8.0,2.8,1,3,Summer,2016.0,7.0,1,1,0
W1005,42.17302268,-72.07108074,7.9,2.3,1,3,Summer,2016.0,7.0,1,1,0
W1005,42.17302268,-72.07108074,7.8,1.7,1,3,Summer,2016.0,7.0,1,1,0
W1005,42.17302268,-72.07108074,7.8,0.8,1,3,Summer,2016.0,7.0,1,1,0
W2635,42.636926,-72.24684588,19.8,8.2,1,2,Summer,2016.0,6.0,1,0,0
W2635,42.636926,-72.24684588,19.4,8.2,1,2,Summer,2016.0,6.0,1,0,0
W2635,42.636926,-72.24684588,19.3,8.2,1,2,Summer,2016.0,6.0,1,0,0
W2635,42.636926,-72.24684588,19.1,8.1,1,2,Summer,2016.0,6.0,1,0,0
W2635,42.636926,-72.24684588,19.0,8.0,1,2,Summer,2016.0,6.0,1,0,0
W2635,42.636926,-72.24684588,18.9,8.0,1,2,Summer,2016.0,6.0,1,0,0
W2623,42.72687692,-71.98870188,17.8,8.8,1,2,Summer,2016.0,6.0,1,0,0
W2623,42.72687692,-71.98870188,17.8,8.8,1,2,Summer,2016.0,6.0,1,0,0
W2623,42.72687692,-71.98870188,17.8,8.8,1,2,Summer,2016.0,6.0,1,0,0
W2623,42.72687692,-71.98870188,17.7,8.8,1,2,Summer,2016.0,6.0,1,0,0
W2623,42.72687692,-71.98870188,17.4,8.6,1,2,Summer,2016.0,6.0,1,0,0
W2623,42.72687692,-71.98870188,14.9,5.5,1,2,Summer,2016.0,6.0,1,0,0
W2623,42.72687692,-71.98870188,13.2,3.7,1,3,Summer,2016.0,6.0,1,1,0
W2623,42.72687692,-71.98870188,12.4,1.1,1,3,Summer,2016.0,6.0,1,1,0
W2639,42.46965247,-72.66562458,20.3,9.1,1,2,Summer,2016.0,6.0,1,0,0
W2639,42.46965247,-72.66562458,20.3,9.1,1,2,Summer,2016.0,6.0,1,0,0
W2639,42.46965247,-72.66562458,19.6,9.2,1,2,Summer,2016.0,6.0,1,0,0
W2639,42.46965247,-72.66562458,18.7,9.1,1,2,Summer,2016.0,6.0,1,0,0
W2639,42.46965247,-72.66562458,16.6,9.4,1,2,Summer,2016.0,6.0,1,0,0
W2639,42.46965247,-72.66562458,13.8,10.0,1,2,Summer,2016.0,6.0,1,0,0
W2639,42.46965247,-72.66562458,12.8,9.8,1,2,Summer,2016.0,6.0,1,0,0
W2639,42.46965247,-72.66562458,12.0,9.5,1,2,Summer,2016.0,6.0,1,0,0
W2639,42.46965247,-72.66562458,11.7,9.0,1,2,Summer,2016.0,6.0,1,0,0
W2639,42.46965247,-72.66562458,10.7,8.3,1,2,Summer,2016.0,6.0,1,0,0
W2639,42.46965247,-72.66562458,9.7,6.8,1,2,Summer,2016.0,6.0,1,0,0
W2620,42.42484642,-72.48672107,20.5,9.0,1,2,Summer,2016.0,6.0,1,0,0
W2620,42.42484642,-72.48672107,20.0,9.0,1,2,Summer,2016.0,6.0,1,0,0
W2620,42.42484642,-72.48672107,19.5,9.1,1,2,Summer,2016.0,6.0,1,0,0
W2620,42.42484642,-72.48672107,18.5,9.5,1,2,Summer,2016.0,6.0,1,0,0
W2620,42.42484642,-72.48672107,14.3,10.5,1,2,Summer,2016.0,6.0,1,0,0
W2620,42.42484642,-72.48672107,11.9,6.3,1,2,Summer,2016.0,6.0,1,0,0
W2620,42.42484642,-72.48672107,10.9,2.9,1,3,Summer,2016.0,6.0,1,1,0
W2620,42.42484642,-72.48672107,10.5,0.8,1,3,Summer,2016.0,6.0,1,1,0
W2626,42.4122105,-72.83425736,21.6,8.3,0,1,Summer,2016.0,6.0,1,0,0
W2626,42.4122105,-72.83425736,20.3,8.4,0,1,Summer,2016.0,6.0,1,0,0
W2626,42.4122105,-72.83425736,18.9,7.7,0,1,Summer,2016.0,6.0,1,0,0
W2626,42.4122105,-72.83425736,17.6,7.0,0,1,Summer,2016.0,6.0,1,0,0
W2634,42.55110325,-72.94258179,23.0,8.8,1,2,Summer,2016.0,6.0,1,0,0
W2634,42.55110325,-72.94258179,20.6,9.1,1,2,Summer,2016.0,6.0,1,0,0
W2634,42.55110325,-72.94258179,20.0,9.6,1,2,Summer,2016.0,6.0,1,0,0
W2642,42.31250093,-72.42809583,25.4,8.7,1,2,Summer,2016.0,6.0,1,0,0
W2642,42.31250093,-72.42809583,25.2,8.7,1,2,Summer,2016.0,6.0,1,0,0
W2642,42.31250093,-72.42809583,25.1,8.7,1,2,Summer,2016.0,6.0,1,0,0
W2642,42.31250093,-72.42809583,25.1,8.7,1,2,Summer,2016.0,6.0,1,0,0
W2642,42.31250093,-72.42809583,25.1,8.8,1,2,Summer,2016.0,6.0,1,0,0
W2642,42.31250093,-72.42809583,25.0,8.7,1,2,Summer,2016.0,6.0,1,0,0
W2633,42.3121799,-72.23904354,25.8,8.4,1,2,Summer,2016.0,6.0,1,0,0
W2633,42.3121799,-72.23904354,25.6,8.4,1,2,Summer,2016.0,6.0,1,0,0
W2633,42.3121799,-72.23904354,22.7,7.7,1,2,Summer,2016.0,6.0,1,0,0
W2633,42.3121799,-72.23904354,20.6,7.8,1,2,Summer,2016.0,6.0,1,0,0
W2633,42.3121799,-72.23904354,16.5,0.8,1,3,Summer,2016.0,6.0,1,1,0
W1751,42.18432523,-72.69383159,25.0,9.6,1,2,Summer,2016.0,6.0,1,0,0
W1751,42.18432523,-72.69383159,25.0,9.6,1,2,Summer,2016.0,6.0,1,0,0
W1751,42.18432523,-72.69383159,25.0,9.6,1,2,Summer,2016.0,6.0,1,0,0
W1751,42.18432523,-72.69383159,25.0,9.6,1,2,Summer,2016.0,6.0,1,0,0
W1751,42.18432523,-72.69383159,22.1,11.4,1,2,Summer,2016.0,6.0,1,0,0
W1751,42.18432523,-72.69383159,19.0,12.5,1,2,Summer,2016.0,6.0,1,0,0
W1751,42.18432523,-72.69383159,16.0,6.5,1,2,Summer,2016.0,6.0,1,0,0
W1751,42.18432523,-72.69383159,14.3,0.3,1,3,Summer,2016.0,6.0,1,1,0
W0925,42.0147182,-72.76361682,24.7,10.2,1,2,Summer,2016.0,6.0,1,0,0
W0925,42.0147182,-72.76361682,24.6,10.1,1,2,Summer,2016.0,6.0,1,0,0
W0925,42.0147182,-72.76361682,24.4,10.2,1,2,Summer,2016.0,6.0,1,0,0
W0925,42.0147182,-72.76361682,24.1,10.3,1,2,Summer,2016.0,6.0,1,0,0
W0925,42.0147182,-72.76361682,20.5,10.0,1,2,Summer,2016.0,6.0,1,0,0
W0925,42.0147182,-72.76361682,17.0,0.6,1,3,Summer,2016.0,6.0,1,1,0
W0923,42.02715395,-72.75717252,24.6,10.2,1,2,Summer,2016.0,6.0,1,0,0
W0923,42.02715395,-72.75717252,24.5,10.4,1,2,Summer,2016.0,6.0,1,0,0
W0923,42.02715395,-72.75717252,24.4,10.3,1,2,Summer,2016.0,6.0,1,0,0
W0923,42.02715395,-72.75717252,23.5,10.6,1,2,Summer,2016.0,6.0,1,0,0
W0923,42.02715395,-72.75717252,20.3,10.5,1,2,Summer,2016.0,6.0,1,0,0
W0923,42.02715395,-72.75717252,16.6,6.1,1,2,Summer,2016.0,6.0,1,0,0
W0923,42.02715395,-72.75717252,13.8,0.5,1,3,Summer,2016.0,6.0,1,1,0
W2641,42.26464411,-72.66845786,21.4,11.7,0,1,Summer,2016.0,6.0,1,0,0
W2641,42.26464411,-72.66845786,21.3,11.6,0,1,Summer,2016.0,6.0,1,0,0
W2641,42.26464411,-72.66845786,19.8,13.3,0,1,Summer,2016.0,6.0,1,0,0
W2641,42.26464411,-72.66845786,18.2,13.5,0,1,Summer,2016.0,6.0,1,0,0
W2641,42.26464411,-72.66845786,17.0,10.9,0,1,Summer,2016.0,6.0,1,0,0
W2641,42.26464411,-72.66845786,16.0,3.4,0,2,Summer,2016.0,6.0,1,1,0
W1068,42.30619738,-72.43188682,24.9,8.5,1,2,Summer,2016.0,6.0,1,0,0
W1068,42.30619738,-72.43188682,24.6,8.5,1,2,Summer,2016.0,6.0,1,0,0
W1068,42.30619738,-72.43188682,24.0,8.5,1,2,Summer,2016.0,6.0,1,0,0
W1068,42.30619738,-72.43188682,23.8,8.2,1,2,Summer,2016.0,6.0,1,0,0
W1068,42.30619738,-72.43188682,22.6,7.6,1,2,Summer,2016.0,6.0,1,0,0
W1068,42.30619738,-72.43188682,20.4,4.7,1,3,Summer,2016.0,6.0,1,1,0
W1068,42.30619738,-72.43188682,18.9,1.6,1,3,Summer,2016.0,6.0,1,1,0
W2727,42.38254588,-73.16168233,22.6,8.4,1,2,Summer,2016.0,6.0,1,0,0
W2727,42.38254588,-73.16168233,22.6,8.4,1,2,Summer,2016.0,6.0,1,0,0
W2727,42.38254588,-73.16168233,22.4,8.3,1,2,Summer,2016.0,6.0,1,0,0
W2727,42.38254588,-73.16168233,22.2,8.4,1,2,Summer,2016.0,6.0,1,0,0
W2727,42.38254588,-73.16168233,19.4,9.0,1,2,Summer,2016.0,6.0,1,0,0
W2727,42.38254588,-73.16168233,17.6,8.5,1,2,Summer,2016.0,6.0,1,0,0
W2727,42.38254588,-73.16168233,17.3,8.1,1,2,Summer,2016.0,6.0,1,0,0
W2630,42.32791673,-73.36695718,24.7,8.5,1,2,Summer,2016.0,6.0,1,0,0
W2630,42.32791673,-73.36695718,24.6,8.5,1,2,Summer,2016.0,6.0,1,0,0
W2630,42.32791673,-73.36695718,24.3,8.5,1,2,Summer,2016.0,6.0,1,0,0
W2630,42.32791673,-73.36695718,24.2,4.2,1,3,Summer,2016.0,6.0,1,1,0
W2622,42.31238075,-73.13334482,22.9,7.5,1,2,Summer,2016.0,6.0,1,0,0
W2622,42.31238075,-73.13334482,22.9,7.4,1,2,Summer,2016.0,6.0,1,0,0
W2622,42.31238075,-73.13334482,22.8,7.1,1,2,Summer,2016.0,6.0,1,0,0
W2621,42.25157365,-73.06217159,24.4,8.6,1,2,Summer,2016.0,6.0,1,0,0
W2621,42.25157365,-73.06217159,23.8,8.7,1,2,Summer,2016.0,6.0,1,0,0
W2621,42.25157365,-73.06217159,23.6,8.6,1,2,Summer,2016.0,6.0,1,0,0
W2621,42.25157365,-73.06217159,20.8,8.6,1,2,Summer,2016.0,6.0,1,0,0
W2632,42.68633588,-73.09319174,24.4,8.5,1,2,Summer,2016.0,6.0,1,0,0
W2632,42.68633588,-73.09319174,24.3,8.5,1,2,Summer,2016.0,6.0,1,0,0
W2632,42.68633588,-73.09319174,24.1,8.4,1,2,Summer,2016.0,6.0,1,0,0
W2632,42.68633588,-73.09319174,21.8,8.9,1,2,Summer,2016.0,6.0,1,0,0
W2632,42.68633588,-73.09319174,19.7,4.0,1,3,Summer,2016.0,6.0,1,1,0
W2628,42.16259277,-73.11804242,24.9,8.6,1,2,Summer,2016.0,6.0,1,0,0
W2628,42.16259277,-73.11804242,24.8,8.6,1,2,Summer,2016.0,6.0,1,0,0
W2628,42.16259277,-73.11804242,24.3,8.5,1,2,Summer,2016.0,6.0,1,0,0
W2628,42.16259277,-73.11804242,22.9,8.8,1,2,Summer,2016.0,6.0,1,0,0
W2628,42.16259277,-73.11804242,20.7,9.2,1,2,Summer,2016.0,6.0,1,0,0
W2628,42.16259277,-73.11804242,18.0,4.6,1,3,Summer,2016.0,6.0,1,1,0
W2628,42.16259277,-73.11804242,16.8,1.9,1,3,Summer,2016.0,6.0,1,1,0
W0347,42.18359566,-73.04390073,24.1,8.4,1,2,Summer,2016.0,6.0,1,0,0
W0347,42.18359566,-73.04390073,24.0,8.4,1,2,Summer,2016.0,6.0,1,0,0
W0347,42.18359566,-73.04390073,24.0,8.4,1,2,Summer,2016.0,6.0,1,0,0
W0347,42.18359566,-73.04390073,23.3,8.1,1,2,Summer,2016.0,6.0,1,0,0
W0347,42.18359566,-73.04390073,20.9,7.5,1,2,Summer,2016.0,6.0,1,0,0
W0347,42.18359566,-73.04390073,18.9,7.0,1,2,Summer,2016.0,6.0,1,0,0
W0347,42.18359566,-73.04390073,17.4,2.0,1,3,Summer,2016.0,6.0,1,1,0
W2624,42.45860912,-72.13100007,22.0,6.5,1,2,Summer,2016.0,7.0,1,0,0
W2624,42.45860912,-72.13100007,22.0,6.5,1,2,Summer,2016.0,7.0,1,0,0
W2624,42.45860912,-72.13100007,21.9,6.5,1,2,Summer,2016.0,7.0,1,0,0
W2624,42.45860912,-72.13100007,21.8,6.3,1,2,Summer,2016.0,7.0,1,0,0
W2624,42.45860912,-72.13100007,21.8,6.3,1,2,Summer,2016.0,7.0,1,0,0
W2631,42.35064193,-71.99240896,24.3,7.9,1,2,Summer,2016.0,7.0,1,0,0
W2631,42.35064193,-71.99240896,23.6,7.9,1,2,Summer,2016.0,7.0,1,0,0
W2631,42.35064193,-71.99240896,23.5,7.8,1,2,Summer,2016.0,7.0,1,0,0
W2631,42.35064193,-71.99240896,23.4,7.6,1,2,Summer,2016.0,7.0,1,0,0
W2631,42.35064193,-71.99240896,23.3,7.4,1,2,Summer,2016.0,7.0,1,0,0
W2631,42.35064193,-71.99240896,22.8,5.0,1,2,Summer,2016.0,7.0,1,0,0
W2629,42.53538777,-72.11401537,24.2,8.2,1,2,Summer,2016.0,7.0,1,0,0
W2629,42.53538777,-72.11401537,23.7,8.3,1,2,Summer,2016.0,7.0,1,0,0
W2629,42.53538777,-72.11401537,23.4,8.3,1,2,Summer,2016.0,7.0,1,0,0
W2629,42.53538777,-72.11401537,23.2,8.2,1,2,Summer,2016.0,7.0,1,0,0
W2629,42.53538777,-72.11401537,23.1,7.8,1,2,Summer,2016.0,7.0,1,0,0
W2629,42.53538777,-72.11401537,22.1,4.6,1,3,Summer,2016.0,7.0,1,1,0
W2629,42.53538777,-72.11401537,22.6,6.5,1,2,Summer,2016.0,7.0,1,0,0
W2636,42.54862493,-71.97261742,25.4,7.8,0,1,Summer,2016.0,7.0,1,0,0
W2636,42.54862493,-71.97261742,25.0,7.7,0,1,Summer,2016.0,7.0,1,0,0
W2636,42.54862493,-71.97261742,23.5,6.5,0,1,Summer,2016.0,7.0,1,0,0
W2635,42.636926,-72.24684588,25.2,8.1,1,2,Summer,2016.0,7.0,1,0,0
W2635,42.636926,-72.24684588,24.5,7.7,1,2,Summer,2016.0,7.0,1,0,0
W2635,42.636926,-72.24684588,24.0,7.1,1,2,Summer,2016.0,7.0,1,0,0
W2635,42.636926,-72.24684588,23.4,6.4,1,2,Summer,2016.0,7.0,1,0,0
W2635,42.636926,-72.24684588,23.0,5.5,1,2,Summer,2016.0,7.0,1,0,0
W2635,42.636926,-72.24684588,22.5,2.7,1,3,Summer,2016.0,7.0,1,1,0
W2623,42.72687692,-71.98870188,24.2,7.8,1,2,Summer,2016.0,7.0,1,0,0
W2623,42.72687692,-71.98870188,24.2,7.8,1,2,Summer,2016.0,7.0,1,0,0
W2623,42.72687692,-71.98870188,24.1,7.9,1,2,Summer,2016.0,7.0,1,0,0
W2623,42.72687692,-71.98870188,24.1,7.8,1,2,Summer,2016.0,7.0,1,0,0
W2623,42.72687692,-71.98870188,19.9,4.3,1,3,Summer,2016.0,7.0,1,1,0
W2637,42.05025716,-72.24662045,25.8,7.6,1,2,Summer,2016.0,7.0,1,0,0
W2637,42.05025716,-72.24662045,24.8,7.1,1,2,Summer,2016.0,7.0,1,0,0
W2637,42.05025716,-72.24662045,21.3,2.0,1,3,Summer,2016.0,7.0,1,1,0
W2619,42.05296096,-72.15851801,26.9,8.1,1,2,Summer,2016.0,7.0,1,0,0
W2619,42.05296096,-72.15851801,26.9,8.1,1,2,Summer,2016.0,7.0,1,0,0
W2619,42.05296096,-72.15851801,26.8,8.0,1,2,Summer,2016.0,7.0,1,0,0
W2619,42.05296096,-72.15851801,24.3,5.7,1,2,Summer,2016.0,7.0,1,0,0
W2619,42.05296096,-72.15851801,22.4,2.2,1,3,Summer,2016.0,7.0,1,1,0
W2641,42.26464411,-72.66845786,23.3,12.3,1,2,Summer,2016.0,7.0,1,0,0
W2641,42.26464411,-72.66845786,22.9,12.3,1,2,Summer,2016.0,7.0,1,0,0
W2641,42.26464411,-72.66845786,21.6,8.6,1,2,Summer,2016.0,7.0,1,0,0
W2641,42.26464411,-72.66845786,19.9,8.7,1,2,Summer,2016.0,7.0,1,0,0
W2641,42.26464411,-72.66845786,18.8,0.5,1,3,Summer,2016.0,7.0,1,1,0
W1068,42.30619738,-72.43188682,27.3,7.7,1,2,Summer,2016.0,7.0,1,0,0
W1068,42.30619738,-72.43188682,26.8,7.9,1,2,Summer,2016.0,7.0,1,0,0
W1068,42.30619738,-72.43188682,26.5,7.6,1,2,Summer,2016.0,7.0,1,0,0
W1068,42.30619738,-72.43188682,26.3,7.5,1,2,Summer,2016.0,7.0,1,0,0
W1068,42.30619738,-72.43188682,25.9,7.0,1,2,Summer,2016.0,7.0,1,0,0
W1068,42.30619738,-72.43188682,25.0,4.1,1,3,Summer,2016.0,7.0,1,1,0
W1068,42.30619738,-72.43188682,22.1,0.4,1,3,Summer,2016.0,7.0,1,1,0
W2626,42.4122105,-72.83425736,24.2,7.5,1,2,Summer,2016.0,7.0,1,0,0
W2626,42.4122105,-72.83425736,24.1,7.5,1,2,Summer,2016.0,7.0,1,0,0
W2626,42.4122105,-72.83425736,23.6,7.2,1,2,Summer,2016.0,7.0,1,0,0
W2626,42.4122105,-72.83425736,22.3,0.5,1,3,Summer,2016.0,7.0,1,1,0
W2634,42.55110325,-72.94258179,25.2,7.9,1,2,Summer,2016.0,7.0,1,0,0
W2634,42.55110325,-72.94258179,25.0,7.9,1,2,Summer,2016.0,7.0,1,0,0
W2634,42.55110325,-72.94258179,24.5,8.2,1,2,Summer,2016.0,7.0,1,0,0
W2639,42.46965247,-72.66562458,27.0,8.3,1,2,Summer,2016.0,7.0,1,0,0
W2639,42.46965247,-72.66562458,27.0,8.3,1,2,Summer,2016.0,7.0,1,0,0
W2639,42.46965247,-72.66562458,27.0,8.3,1,2,Summer,2016.0,7.0,1,0,0
W2639,42.46965247,-72.66562458,26.9,8.4,1,2,Summer,2016.0,7.0,1,0,0
W2639,42.46965247,-72.66562458,25.1,8.4,1,2,Summer,2016.0,7.0,1,0,0
W2639,42.46965247,-72.66562458,22.6,7.7,1,2,Summer,2016.0,7.0,1,0,0
W2639,42.46965247,-72.66562458,20.4,6.6,1,2,Summer,2016.0,7.0,1,0,0
W2639,42.46965247,-72.66562458,17.7,5.4,1,2,Summer,2016.0,7.0,1,0,0
W2639,42.46965247,-72.66562458,15.4,5.7,1,2,Summer,2016.0,7.0,1,0,0
W2639,42.46965247,-72.66562458,13.9,5.8,1,2,Summer,2016.0,7.0,1,0,0
W2639,42.46965247,-72.66562458,13.0,5.8,1,2,Summer,2016.0,7.0,1,0,0
W2639,42.46965247,-72.66562458,10.7,1.3,1,3,Summer,2016.0,7.0,1,1,0
W2620,42.42484642,-72.48672107,28.3,8.3,1,2,Summer,2016.0,7.0,1,0,0
W2620,42.42484642,-72.48672107,27.7,8.3,1,2,Summer,2016.0,7.0,1,0,0
W2620,42.42484642,-72.48672107,27.0,8.4,1,2,Summer,2016.0,7.0,1,0,0
W2620,42.42484642,-72.48672107,26.1,8.8,1,2,Summer,2016.0,7.0,1,0,0
W2620,42.42484642,-72.48672107,19.2,7.9,1,2,Summer,2016.0,7.0,1,0,0
W2620,42.42484642,-72.48672107,15.1,2.9,1,3,Summer,2016.0,7.0,1,1,0
W2620,42.42484642,-72.48672107,14.4,1.8,1,3,Summer,2016.0,7.0,1,1,0
W2632,42.68633588,-73.09319174,26.7,9.2,1,2,Summer,2016.0,7.0,1,0,0
W2632,42.68633588,-73.09319174,26.6,9.2,1,2,Summer,2016.0,7.0,1,0,0
W2632,42.68633588,-73.09319174,26.4,9.0,1,2,Summer,2016.0,7.0,1,0,0
W2632,42.68633588,-73.09319174,26.1,7.4,1,2,Summer,2016.0,7.0,1,0,0
W2632,42.68633588,-73.09319174,24.4,0.9,1,3,Summer,2016.0,7.0,1,1,0
W2632,42.68633588,-73.09319174,21.1,0.7,1,3,Summer,2016.0,7.0,1,1,0
W1751,42.18432523,-72.69383159,28.3,9.0,1,2,Summer,2016.0,7.0,1,0,0
W1751,42.18432523,-72.69383159,28.1,9.1,1,2,Summer,2016.0,7.0,1,0,0
W1751,42.18432523,-72.69383159,28.1,8.8,1,2,Summer,2016.0,7.0,1,0,0
W1751,42.18432523,-72.69383159,27.7,8.4,1,2,Summer,2016.0,7.0,1,0,0
W1751,42.18432523,-72.69383159,24.2,13.6,1,2,Summer,2016.0,7.0,1,0,0
W1751,42.18432523,-72.69383159,20.6,3.4,1,3,Summer,2016.0,7.0,1,1,0
W0925,42.0147182,-72.76361682,29.0,9.9,1,2,Summer,2016.0,7.0,1,0,0
W0925,42.0147182,-72.76361682,28.5,10.0,1,2,Summer,2016.0,7.0,1,0,0
W0925,42.0147182,-72.76361682,27.7,9.7,1,2,Summer,2016.0,7.0,1,0,0
W0925,42.0147182,-72.76361682,26.6,5.1,1,2,Summer,2016.0,7.0,1,0,0
W0923,42.02715395,-72.75717252,29.0,9.3,1,2,Summer,2016.0,7.0,1,0,0
W0923,42.02715395,-72.75717252,28.4,9.4,1,2,Summer,2016.0,7.0,1,0,0
W0923,42.02715395,-72.75717252,27.9,9.3,1,2,Summer,2016.0,7.0,1,0,0
W0923,42.02715395,-72.75717252,27.1,8.3,1,2,Summer,2016.0,7.0,1,0,0
W0923,42.02715395,-72.75717252,24.3,1.3,1,3,Summer,2016.0,7.0,1,1,0
W2642,42.31250093,-72.42809583,26.1,7.0,1,2,Summer,2016.0,8.0,1,0,0
W2642,42.31250093,-72.42809583,26.1,7.0,1,2,Summer,2016.0,8.0,1,0,0
W2642,42.31250093,-72.42809583,26.1,7.0,1,2,Summer,2016.0,8.0,1,0,0
W2642,42.31250093,-72.42809583,26.1,7.0,1,2,Summer,2016.0,8.0,1,0,0
W2642,42.31250093,-72.42809583,26.1,7.0,1,2,Summer,2016.0,8.0,1,0,0
W2633,42.3121799,-72.23904354,24.8,6.1,1,2,Summer,2016.0,8.0,1,0,0
W2633,42.3121799,-72.23904354,24.8,6.0,1,2,Summer,2016.0,8.0,1,0,0
W2633,42.3121799,-72.23904354,24.8,5.9,1,2,Summer,2016.0,8.0,1,0,0
W2633,42.3121799,-72.23904354,24.7,5.8,1,2,Summer,2016.0,8.0,1,0,0
W2633,42.3121799,-72.23904354,24.4,4.6,1,3,Summer,2016.0,8.0,1,1,0
W2627,42.12009007,-72.13122415,25.6,8.1,1,2,Summer,2016.0,8.0,1,0,0
W2627,42.12009007,-72.13122415,25.5,8.0,1,2,Summer,2016.0,8.0,1,0,0
W2627,42.12009007,-72.13122415,25.4,7.9,1,2,Summer,2016.0,8.0,1,0,0
W2627,42.12009007,-72.13122415,25.3,7.8,1,2,Summer,2016.0,8.0,1,0,0
W2627,42.12009007,-72.13122415,21.8,7.6,1,2,Summer,2016.0,8.0,1,0,0
W2627,42.12009007,-72.13122415,17.5,1.1,1,3,Summer,2016.0,8.0,1,1,0
W1005,42.17302268,-72.07108074,26.5,8.4,1,2,Summer,2016.0,8.0,1,0,0
W1005,42.17302268,-72.07108074,25.9,8.4,1,2,Summer,2016.0,8.0,1,0,0
W1005,42.17302268,-72.07108074,25.8,8.4,1,2,Summer,2016.0,8.0,1,0,0
W1005,42.17302268,-72.07108074,25.6,8.4,1,2,Summer,2016.0,8.0,1,0,0
W1005,42.17302268,-72.07108074,25.5,8.3,1,2,Summer,2016.0,8.0,1,0,0
W1005,42.17302268,-72.07108074,21.2,9.6,1,2,Summer,2016.0,8.0,1,0,0
W1005,42.17302268,-72.07108074,17.2,10.3,1,2,Summer,2016.0,8.0,1,0,0
W1005,42.17302268,-72.07108074,14.0,9.8,1,2,Summer,2016.0,8.0,1,0,0
W1005,42.17302268,-72.07108074,11.9,8.1,1,2,Summer,2016.0,8.0,1,0,0
W1005,42.17302268,-72.07108074,10.1,5.4,1,2,Summer,2016.0,8.0,1,0,0
W1005,42.17302268,-72.07108074,9.4,4.0,1,3,Summer,2016.0,8.0,1,1,0
W1005,42.17302268,-72.07108074,9.0,2.4,1,3,Summer,2016.0,8.0,1,1,0
W1005,42.17302268,-72.07108074,8.4,1.5,1,3,Summer,2016.0,8.0,1,1,0
W1005,42.17302268,-72.07108074,8.2,1.0,1,3,Summer,2016.0,8.0,1,1,0
W1005,42.17302268,-72.07108074,8.1,0.4,1,3,Summer,2016.0,8.0,1,1,0
W1005,42.17302268,-72.07108074,8.0,0.3,1,3,Summer,2016.0,8.0,1,1,0
W2640,42.245392,-71.91672999,24.0,7.4,1,2,Summer,2016.0,8.0,1,0,0
W2640,42.245392,-71.91672999,23.9,7.5,1,2,Summer,2016.0,8.0,1,0,0
W2640,42.245392,-71.91672999,23.9,7.5,1,2,Summer,2016.0,8.0,1,0,0
W2640,42.245392,-71.91672999,23.8,7.3,1,2,Summer,2016.0,8.0,1,0,0
W2640,42.245392,-71.91672999,23.6,7.0,1,2,Summer,2016.0,8.0,1,0,0
W2640,42.245392,-71.91672999,23.6,6.7,1,2,Summer,2016.0,8.0,1,0,0
W2625,42.1169928,-71.90951431,26.0,7.3,1,2,Summer,2016.0,8.0,1,0,0
W2625,42.1169928,-71.90951431,25.4,7.1,1,2,Summer,2016.0,8.0,1,0,0
W2625,42.1169928,-71.90951431,25.0,5.8,1,2,Summer,2016.0,8.0,1,0,0
W2625,42.1169928,-71.90951431,24.8,5.0,1,2,Summer,2016.0,8.0,1,0,0
W1295,42.05363901,-71.84807799,26.2,7.1,1,2,Summer,2016.0,8.0,1,0,0
W1295,42.05363901,-71.84807799,26.0,7.1,1,2,Summer,2016.0,8.0,1,0,0
W1295,42.05363901,-71.84807799,26.0,7.2,1,2,Summer,2016.0,8.0,1,0,0
W1295,42.05363901,-71.84807799,25.9,7.1,1,2,Summer,2016.0,8.0,1,0,0
W1295,42.05363901,-71.84807799,25.8,7.0,1,2,Summer,2016.0,8.0,1,0,0
W1295,42.05363901,-71.84807799,25.7,6.9,1,2,Summer,2016.0,8.0,1,0,0
W1295,42.05363901,-71.84807799,25.4,6.9,1,2,Summer,2016.0,8.0,1,0,0
W2638,42.38136667,-73.16073334,24.2,8.1,1,2,Summer,2016.0,8.0,1,0,0
W2638,42.38136667,-73.16073334,24.0,8.0,1,2,Summer,2016.0,8.0,1,0,0
W2638,42.38136667,-73.16073334,24.0,8.0,1,2,Summer,2016.0,8.0,1,0,0
W2638,42.38136667,-73.16073334,23.7,7.8,1,2,Summer,2016.0,8.0,1,0,0
W2638,42.38136667,-73.16073334,23.2,7.5,1,2,Summer,2016.0,8.0,1,0,0
W2638,42.38136667,-73.16073334,20.9,7.1,1,2,Summer,2016.0,8.0,1,0,0
W2638,42.38136667,-73.16073334,16.6,4.5,1,3,Summer,2016.0,8.0,1,1,0
W2638,42.38136667,-73.16073334,13.2,3.6,1,3,Summer,2016.0,8.0,1,1,0
W2630,42.32791673,-73.36695718,24.6,7.9,1,2,Summer,2016.0,8.0,1,0,0
W2630,42.32791673,-73.36695718,24.2,6.7,1,2,Summer,2016.0,8.0,1,0,0
W2630,42.32791673,-73.36695718,24.1,7.1,1,2,Summer,2016.0,8.0,1,0,0
W2630,42.32791673,-73.36695718,24.0,7.5,1,2,Summer,2016.0,8.0,1,0,0
W2622,42.31238075,-73.13334482,23.9,7.5,1,2,Summer,2016.0,8.0,1,0,0
W2622,42.31238075,-73.13334482,23.9,7.5,1,2,Summer,2016.0,8.0,1,0,0
W2622,42.31238075,-73.13334482,23.9,7.5,1,2,Summer,2016.0,8.0,1,0,0
W2622,42.31238075,-73.13334482,23.8,7.5,1,2,Summer,2016.0,8.0,1,0,0
W2622,42.31238075,-73.13334482,23.3,5.5,1,2,Summer,2016.0,8.0,1,0,0
W2622,42.31238075,-73.13334482,22.7,4.0,1,3,Summer,2016.0,8.0,1,1,0
W2621,42.25157365,-73.06217159,24.8,8.1,1,2,Summer,2016.0,8.0,1,0,0
W2621,42.25157365,-73.06217159,24.8,8.1,1,2,Summer,2016.0,8.0,1,0,0
W2621,42.25157365,-73.06217159,24.8,7.9,1,2,Summer,2016.0,8.0,1,0,0
W2621,42.25157365,-73.06217159,24.7,7.7,1,2,Summer,2016.0,8.0,1,0,0
W2621,42.25157365,-73.06217159,24.4,6.2,1,2,Summer,2016.0,8.0,1,0,0
W2621,42.25157365,-73.06217159,23.4,1.3,1,3,Summer,2016.0,8.0,1,1,0
W2628,42.16259277,-73.11804242,25.1,8.7,1,2,Summer,2016.0,8.0,1,0,0
W2628,42.16259277,-73.11804242,25.0,8.7,1,2,Summer,2016.0,8.0,1,0,0
W2628,42.16259277,-73.11804242,24.9,8.7,1,2,Summer,2016.0,8.0,1,0,0
W2628,42.16259277,-73.11804242,24.6,8.6,1,2,Summer,2016.0,8.0,1,0,0
W2628,42.16259277,-73.11804242,23.3,5.3,1,2,Summer,2016.0,8.0,1,0,0
W2628,42.16259277,-73.11804242,22.5,2.2,1,3,Summer,2016.0,8.0,1,1,0
W2628,42.16259277,-73.11804242,21.2,0.6,1,3,Summer,2016.0,8.0,1,1,0
W0347,42.18359566,-73.04390073,26.2,7.9,1,2,Summer,2016.0,8.0,1,0,0
W0347,42.18359566,-73.04390073,25.7,7.9,1,2,Summer,2016.0,8.0,1,0,0
W0347,42.18359566,-73.04390073,25.4,7.9,1,2,Summer,2016.0,8.0,1,0,0
W0347,42.18359566,-73.04390073,25.1,7.9,1,2,Summer,2016.0,8.0,1,0,0
W0347,42.18359566,-73.04390073,25.0,7.7,1,2,Summer,2016.0,8.0,1,0,0
W0347,42.18359566,-73.04390073,24.5,5.2,1,2,Summer,2016.0,8.0,1,0,0
W0347,42.18359566,-73.04390073,22.8,1.5,1,3,Summer,2016.0,8.0,1,1,0
W0604,42.49250849,-71.5969091,26.7,8.2,1,2,Summer,2016.0,7.0,1,0,0
W0604,42.49250849,-71.5969091,26.7,8.2,1,2,Summer,2016.0,7.0,1,0,0
W0604,42.49250849,-71.5969091,26.1,8.0,1,2,Summer,2016.0,7.0,1,0,0
W0604,42.49250849,-71.5969091,25.7,7.8,1,2,Summer,2016.0,7.0,1,0,0
W0604,42.49250849,-71.5969091,24.1,6.7,1,2,Summer,2016.0,7.0,1,0,0
W0604,42.49250849,-71.5969091,18.5,1.8,1,3,Summer,2016.0,7.0,1,1,0
W2624,42.45860912,-72.13100007,23.6,6.5,1,2,Summer,2016.0,8.0,1,0,0
W2624,42.45860912,-72.13100007,23.6,6.5,1,2,Summer,2016.0,8.0,1,0,0
W2624,42.45860912,-72.13100007,23.6,6.5,1,2,Summer,2016.0,8.0,1,0,0
W2624,42.45860912,-72.13100007,23.4,6.2,1,2,Summer,2016.0,8.0,1,0,0
W2631,42.35064193,-71.99240896,26.2,7.4,1,2,Summer,2016.0,8.0,1,0,0
W2631,42.35064193,-71.99240896,25.8,7.2,1,2,Summer,2016.0,8.0,1,0,0
W2631,42.35064193,-71.99240896,25.7,7.2,1,2,Summer,2016.0,8.0,1,0,0
W2631,42.35064193,-71.99240896,25.6,7.1,1,2,Summer,2016.0,8.0,1,0,0
W2631,42.35064193,-71.99240896,25.4,6.9,1,2,Summer,2016.0,8.0,1,0,0
W2631,42.35064193,-71.99240896,25.2,6.8,1,2,Summer,2016.0,8.0,1,0,0
W2629,42.53538777,-72.11401537,24.8,7.4,1,2,Summer,2016.0,8.0,1,0,0
W2629,42.53538777,-72.11401537,24.7,7.3,1,2,Summer,2016.0,8.0,1,0,0
W2629,42.53538777,-72.11401537,24.6,7.3,1,2,Summer,2016.0,8.0,1,0,0
W2629,42.53538777,-72.11401537,24.6,7.3,1,2,Summer,2016.0,8.0,1,0,0
W2629,42.53538777,-72.11401537,24.5,7.3,1,2,Summer,2016.0,8.0,1,0,0
W2629,42.53538777,-72.11401537,24.4,6.9,1,2,Summer,2016.0,8.0,1,0,0
W2629,42.53538777,-72.11401537,24.4,6.3,1,2,Summer,2016.0,8.0,1,0,0
W2636,42.54862493,-71.97261742,24.2,7.1,1,2,Summer,2016.0,8.0,1,0,0
W2636,42.54862493,-71.97261742,23.5,7.0,1,2,Summer,2016.0,8.0,1,0,0
W2636,42.54862493,-71.97261742,23.2,7.1,1,2,Summer,2016.0,8.0,1,0,0
W2635,42.636926,-72.24684588,24.4,6.9,1,2,Summer,2016.0,8.0,1,0,0
W2635,42.636926,-72.24684588,24.2,6.8,1,2,Summer,2016.0,8.0,1,0,0
W2635,42.636926,-72.24684588,24.1,6.6,1,2,Summer,2016.0,8.0,1,0,0
W2635,42.636926,-72.24684588,23.8,6.0,1,2,Summer,2016.0,8.0,1,0,0
W2635,42.636926,-72.24684588,23.5,5.1,1,2,Summer,2016.0,8.0,1,0,0
W2623,42.72687692,-71.98870188,25.1,7.6,1,2,Summer,2016.0,8.0,1,0,0
W2623,42.72687692,-71.98870188,25.1,7.5,1,2,Summer,2016.0,8.0,1,0,0
W2623,42.72687692,-71.98870188,25.1,7.5,1,2,Summer,2016.0,8.0,1,0,0
W2623,42.72687692,-71.98870188,25.1,7.5,1,2,Summer,2016.0,8.0,1,0,0
W2623,42.72687692,-71.98870188,25.0,7.4,1,2,Summer,2016.0,8.0,1,0,0
W2623,42.72687692,-71.98870188,22.7,1.1,1,3,Summer,2016.0,8.0,1,1,0
W2637,42.05025716,-72.24662045,24.5,6.9,1,2,Summer,2016.0,8.0,1,0,0
W2637,42.05025716,-72.24662045,24.4,6.8,1,2,Summer,2016.0,8.0,1,0,0
W2619,42.05296096,-72.15851801,26.5,7.8,1,2,Summer,2016.0,8.0,1,0,0
W2619,42.05296096,-72.15851801,25.9,7.8,1,2,Summer,2016.0,8.0,1,0,0
W2619,42.05296096,-72.15851801,25.7,7.7,1,2,Summer,2016.0,8.0,1,0,0
W2619,42.05296096,-72.15851801,25.6,7.5,1,2,Summer,2016.0,8.0,1,0,0
W2619,42.05296096,-72.15851801,25.4,6.8,1,2,Summer,2016.0,8.0,1,0,0
W2619,42.05296096,-72.15851801,24.0,0.2,1,3,Summer,2016.0,8.0,1,1,0
W2639,42.46965247,-72.66562458,25.6,7.8,1,2,Summer,2016.0,8.0,1,0,0
W2639,42.46965247,-72.66562458,25.6,7.8,1,2,Summer,2016.0,8.0,1,0,0
W2639,42.46965247,-72.66562458,25.6,7.8,1,2,Summer,2016.0,8.0,1,0,0
W2639,42.46965247,-72.66562458,25.6,7.8,1,2,Summer,2016.0,8.0,1,0,0
W2639,42.46965247,-72.66562458,25.4,6.8,1,2,Summer,2016.0,8.0,1,0,0
W2639,42.46965247,-72.66562458,25.0,5.5,1,2,Summer,2016.0,8.0,1,0,0
W2639,42.46965247,-72.66562458,24.0,2.7,1,3,Summer,2016.0,8.0,1,1,0
W2620,42.42484642,-72.48672107,26.0,7.8,1,2,Summer,2016.0,8.0,1,0,0
W2620,42.42484642,-72.48672107,26.0,7.8,1,2,Summer,2016.0,8.0,1,0,0
W2620,42.42484642,-72.48672107,26.0,7.8,1,2,Summer,2016.0,8.0,1,0,0
W2620,42.42484642,-72.48672107,25.8,7.4,1,2,Summer,2016.0,8.0,1,0,0
W2620,42.42484642,-72.48672107,24.6,3.1,1,3,Summer,2016.0,8.0,1,1,0
W2620,42.42484642,-72.48672107,26.0,7.8,1,2,Summer,2016.0,8.0,1,0,0
W2620,42.42484642,-72.48672107,26.0,7.8,1,2,Summer,2016.0,8.0,1,0,0
W2626,42.4122105,-72.83425736,23.6,7.2,1,1,Fall,2016.0,9.0,0,0,0
W2626,42.4122105,-72.83425736,23.7,7.1,1,1,Fall,2016.0,9.0,0,0,0
W2626,42.4122105,-72.83425736,23.6,7.2,1,1,Fall,2016.0,9.0,0,0,0
W2626,42.4122105,-72.83425736,23.6,6.9,1,1,Fall,2016.0,9.0,0,0,0
W2634,42.55110325,-72.94258179,23.7,7.4,1,1,Fall,2016.0,9.0,0,0,0
W2634,42.55110325,-72.94258179,23.5,7.4,1,1,Fall,2016.0,9.0,0,0,0
W2634,42.55110325,-72.94258179,23.5,7.4,1,1,Fall,2016.0,9.0,0,0,0
W2632,42.68633588,-73.09319174,23.7,7.2,0,0,Fall,2016.0,9.0,0,0,0
W2632,42.68633588,-73.09319174,23.5,7.3,0,0,Fall,2016.0,9.0,0,0,0
W2632,42.68633588,-73.09319174,23.5,7.2,0,0,Fall,2016.0,9.0,0,0,0
W2632,42.68633588,-73.09319174,23.4,7.2,0,0,Fall,2016.0,9.0,0,0,0
W2640,42.245392,-71.91672999,21.4,7.7,1,1,Fall,2016.0,9.0,0,0,0
W2640,42.245392,-71.91672999,21.3,7.7,1,1,Fall,2016.0,9.0,0,0,0
W2640,42.245392,-71.91672999,21.3,7.7,1,1,Fall,2016.0,9.0,0,0,0
W2640,42.245392,-71.91672999,21.2,7.6,1,1,Fall,2016.0,9.0,0,0,0
W2640,42.245392,-71.91672999,21.2,7.6,1,1,Fall,2016.0,9.0,0,0,0
W2640,42.245392,-71.91672999,21.1,7.4,1,1,Fall,2016.0,9.0,0,0,0
W2625,42.1169928,-71.90951431,22.4,7.1,1,1,Fall,2016.0,9.0,0,0,0
W2625,42.1169928,-71.90951431,22.3,6.8,1,1,Fall,2016.0,9.0,0,0,0
W2625,42.1169928,-71.90951431,22.2,6.7,1,1,Fall,2016.0,9.0,0,0,0
W2625,42.1169928,-71.90951431,22.2,6.7,1,1,Fall,2016.0,9.0,0,0,0
W2625,42.1169928,-71.90951431,22.2,6.6,1,1,Fall,2016.0,9.0,0,0,0
W2625,42.1169928,-71.90951431,22.2,6.2,1,1,Fall,2016.0,9.0,0,0,0
W2625,42.1169928,-71.90951431,22.0,5.4,1,1,Fall,2016.0,9.0,0,0,0
W2625,42.1169928,-71.90951431,21.7,1.8,1,2,Fall,2016.0,9.0,0,1,0
W1295,42.05363901,-71.84807799,22.8,7.7,1,1,Fall,2016.0,9.0,0,0,0
W1295,42.05363901,-71.84807799,22.8,7.7,1,1,Fall,2016.0,9.0,0,0,0
W1295,42.05363901,-71.84807799,22.8,7.7,1,1,Fall,2016.0,9.0,0,0,0
W1295,42.05363901,-71.84807799,22.8,7.6,1,1,Fall,2016.0,9.0,0,0,0
W1295,42.05363901,-71.84807799,22.8,7.6,1,1,Fall,2016.0,9.0,0,0,0
W1295,42.05363901,-71.84807799,22.7,7.6,1,1,Fall,2016.0,9.0,0,0,0
W1295,42.05363901,-71.84807799,22.7,7.5,1,1,Fall,2016.0,9.0,0,0,0
W1295,42.05363901,-71.84807799,22.7,7.5,1,1,Fall,2016.0,9.0,0,0,0
W2627,42.12009007,-72.13122415,23.0,7.9,1,1,Fall,2016.0,9.0,0,0,0
W2627,42.12009007,-72.13122415,22.7,7.9,1,1,Fall,2016.0,9.0,0,0,0
W2627,42.12009007,-72.13122415,22.7,7.8,1,1,Fall,2016.0,9.0,0,0,0
W2627,42.12009007,-72.13122415,22.6,7.7,1,1,Fall,2016.0,9.0,0,0,0
W2627,42.12009007,-72.13122415,22.3,6.6,1,1,Fall,2016.0,9.0,0,0,0
W2627,42.12009007,-72.13122415,18.1,1.1,1,2,Fall,2016.0,9.0,0,1,0
W1005,42.17302268,-72.07108074,23.7,8.6,0,0,Fall,2016.0,9.0,0,0,0
W1005,42.17302268,-72.07108074,23.2,8.7,0,0,Fall,2016.0,9.0,0,0,0
W1005,42.17302268,-72.07108074,23.1,8.6,0,0,Fall,2016.0,9.0,0,0,0
W1005,42.17302268,-72.07108074,23.1,8.6,0,0,Fall,2016.0,9.0,0,0,0
W1005,42.17302268,-72.07108074,23.0,8.6,0,0,Fall,2016.0,9.0,0,0,0
W1005,42.17302268,-72.07108074,22.9,8.4,0,0,Fall,2016.0,9.0,0,0,0
W1005,42.17302268,-72.07108074,21.0,7.5,0,0,Fall,2016.0,9.0,0,0,0
W1005,42.17302268,-72.07108074,15.7,6.2,0,0,Fall,2016.0,9.0,0,0,0
W1005,42.17302268,-72.07108074,12.7,4.7,0,1,Fall,2016.0,9.0,0,1,0
W1005,42.17302268,-72.07108074,11.4,4.0,0,1,Fall,2016.0,9.0,0,1,0
W1005,42.17302268,-72.07108074,10.0,1.4,0,1,Fall,2016.0,9.0,0,1,0
W2642,42.31250093,-72.42809583,24.0,7.7,1,1,Fall,2016.0,9.0,0,0,0
W2642,42.31250093,-72.42809583,23.9,7.7,1,1,Fall,2016.0,9.0,0,0,0
W2642,42.31250093,-72.42809583,23.8,7.7,1,1,Fall,2016.0,9.0,0,0,0
W2642,42.31250093,-72.42809583,23.8,7.6,1,1,Fall,2016.0,9.0,0,0,0
W2633,42.3121799,-72.23904354,23.0,8.1,1,1,Fall,2016.0,9.0,0,0,0
W2633,42.3121799,-72.23904354,22.3,7.8,1,1,Fall,2016.0,9.0,0,0,0
W2633,42.3121799,-72.23904354,21.7,4.4,1,2,Fall,2016.0,9.0,0,1,0
W1751,42.18432523,-72.69383159,24.9,9.3,1,1,Fall,2016.0,9.0,0,0,0
W1751,42.18432523,-72.69383159,24.6,9.4,1,1,Fall,2016.0,9.0,0,0,0
W1751,42.18432523,-72.69383159,24.1,9.5,1,1,Fall,2016.0,9.0,0,0,0
W1751,42.18432523,-72.69383159,24.0,9.4,1,1,Fall,2016.0,9.0,0,0,0
W1751,42.18432523,-72.69383159,23.7,8.1,1,1,Fall,2016.0,9.0,0,0,0
W1751,42.18432523,-72.69383159,22.2,2.3,1,2,Fall,2016.0,9.0,0,1,0
W0925,42.0147182,-72.76361682,23.9,7.8,1,1,Fall,2016.0,9.0,0,0,0
W0925,42.0147182,-72.76361682,23.7,7.4,1,1,Fall,2016.0,9.0,0,0,0
W0925,42.0147182,-72.76361682,23.6,7.3,1,1,Fall,2016.0,9.0,0,0,0
W0925,42.0147182,-72.76361682,23.6,6.3,1,1,Fall,2016.0,9.0,0,0,0
W0925,42.0147182,-72.76361682,23.4,3.1,1,2,Fall,2016.0,9.0,0,1,0
W0923,42.02715395,-72.75717252,24.2,8.6,1,1,Fall,2016.0,9.0,0,0,0
W0923,42.02715395,-72.75717252,23.9,8.4,1,1,Fall,2016.0,9.0,0,0,0
W0923,42.02715395,-72.75717252,23.8,8.4,1,1,Fall,2016.0,9.0,0,0,0
W0923,42.02715395,-72.75717252,23.8,8.3,1,1,Fall,2016.0,9.0,0,0,0
W0923,42.02715395,-72.75717252,23.4,6.5,1,1,Fall,2016.0,9.0,0,0,0
W0923,42.02715395,-72.75717252,22.6,3.6,1,2,Fall,2016.0,9.0,0,1,0
W2641,42.26464411,-72.66845786,19.9,10.3,1,1,Fall,2016.0,9.0,0,0,0
W2641,42.26464411,-72.66845786,19.8,9.8,1,1,Fall,2016.0,9.0,0,0,0
W1068,42.30619738,-72.43188682,23.7,7.8,1,1,Fall,2016.0,9.0,0,0,0
W1068,42.30619738,-72.43188682,23.5,7.9,1,1,Fall,2016.0,9.0,0,0,0
W1068,42.30619738,-72.43188682,23.3,7.8,1,1,Fall,2016.0,9.0,0,0,0
W1068,42.30619738,-72.43188682,23.2,7.8,1,1,Fall,2016.0,9.0,0,0,0
W1068,42.30619738,-72.43188682,23.0,7.7,1,1,Fall,2016.0,9.0,0,0,0
W1068,42.30619738,-72.43188682,23.0,7.6,1,1,Fall,2016.0,9.0,0,0,0
W1068,42.30619738,-72.43188682,22.6,7.0,1,1,Fall,2016.0,9.0,0,0,0
W2638,42.38136667,-73.16073334,21.0,8.5,1,1,Fall,2016.0,9.0,0,0,0
W2638,42.38136667,-73.16073334,20.9,8.5,1,1,Fall,2016.0,9.0,0,0,0
W2638,42.38136667,-73.16073334,20.8,8.3,1,1,Fall,2016.0,9.0,0,0,0
W2638,42.38136667,-73.16073334,20.8,8.2,1,1,Fall,2016.0,9.0,0,0,0
W2638,42.38136667,-73.16073334,20.7,8.0,1,1,Fall,2016.0,9.0,0,0,0
W2638,42.38136667,-73.16073334,20.6,7.6,1,1,Fall,2016.0,9.0,0,0,0
W2638,42.38136667,-73.16073334,20.5,7.3,1,1,Fall,2016.0,9.0,0,0,0
W2630,42.32791673,-73.36695718,21.6,6.9,1,1,Fall,2016.0,9.0,0,0,0
W2630,42.32791673,-73.36695718,20.5,4.8,1,2,Fall,2016.0,9.0,0,1,0
W2630,42.32791673,-73.36695718,20.4,4.1,1,2,Fall,2016.0,9.0,0,1,0
W2622,42.31238075,-73.13334482,21.0,8.0,1,1,Fall,2016.0,9.0,0,0,0
W2622,42.31238075,-73.13334482,20.8,8.0,1,1,Fall,2016.0,9.0,0,0,0
W2622,42.31238075,-73.13334482,20.6,7.9,1,1,Fall,2016.0,9.0,0,0,0
W2622,42.31238075,-73.13334482,20.5,6.3,1,1,Fall,2016.0,9.0,0,0,0
W2622,42.31238075,-73.13334482,20.3,5.5,1,1,Fall,2016.0,9.0,0,0,0
W2621,42.25157365,-73.06217159,21.3,8.1,1,1,Fall,2016.0,9.0,0,0,0
W2621,42.25157365,-73.06217159,21.2,8.1,1,1,Fall,2016.0,9.0,0,0,0
W2621,42.25157365,-73.06217159,21.1,8.0,1,1,Fall,2016.0,9.0,0,0,0
W2621,42.25157365,-73.06217159,21.1,8.0,1,1,Fall,2016.0,9.0,0,0,0
W2621,42.25157365,-73.06217159,21.0,7.8,1,1,Fall,2016.0,9.0,0,0,0
W2621,42.25157365,-73.06217159,20.9,7.2,1,1,Fall,2016.0,9.0,0,0,0
W2621,42.25157365,-73.06217159,20.7,5.5,1,1,Fall,2016.0,9.0,0,0,0
W2628,42.16259277,-73.11804242,21.3,9.6,1,1,Fall,2016.0,9.0,0,0,0
W2628,42.16259277,-73.11804242,20.9,9.6,1,1,Fall,2016.0,9.0,0,0,0
W2628,42.16259277,-73.11804242,20.8,9.4,1,1,Fall,2016.0,9.0,0,0,0
W2628,42.16259277,-73.11804242,20.7,8.5,1,1,Fall,2016.0,9.0,0,0,0
W2628,42.16259277,-73.11804242,20.5,6.6,1,1,Fall,2016.0,9.0,0,0,0
W2628,42.16259277,-73.11804242,20.5,6.6,1,1,Fall,2016.0,9.0,0,0,0
W2628,42.16259277,-73.11804242,20.2,1.1,1,2,Fall,2016.0,9.0,0,1,0
W0347,42.18359566,-73.04390073,22.1,8.2,1,1,Fall,2016.0,9.0,0,0,0
W0347,42.18359566,-73.04390073,21.8,8.1,1,1,Fall,2016.0,9.0,0,0,0
W0347,42.18359566,-73.04390073,21.8,8.0,1,1,Fall,2016.0,9.0,0,0,0
W0347,42.18359566,-73.04390073,21.7,8.0,1,1,Fall,2016.0,9.0,0,0,0
W0347,42.18359566,-73.04390073,21.7,7.7,1,1,Fall,2016.0,9.0,0,0,0
W0347,42.18359566,-73.04390073,21.6,7.1,1,1,Fall,2016.0,9.0,0,0,0
W0347,42.18359566,-73.04390073,21.2,3.9,1,2,Fall,2016.0,9.0,0,1,0
W0604,42.49250849,-71.5969091,25.9,7.7,1,2,Summer,2016.0,8.0,1,0,0
W0604,42.49250849,-71.5969091,25.9,7.8,1,2,Summer,2016.0,8.0,1,0,0
W0604,42.49250849,-71.5969091,25.8,7.7,1,2,Summer,2016.0,8.0,1,0,0
W0604,42.49250849,-71.5969091,25.7,7.7,1,2,Summer,2016.0,8.0,1,0,0
W0604,42.49250849,-71.5969091,25.7,7.6,1,2,Summer,2016.0,8.0,1,0,0
W0604,42.49250849,-71.5969091,25.1,5.8,1,2,Summer,2016.0,8.0,1,0,0
W0604,42.49250849,-71.5969091,18.9,4.4,1,3,Summer,2016.0,8.0,1,1,0
W0604,42.49250849,-71.5969091,20.0,8.3,1,1,Fall,2016.0,9.0,0,0,0
W0604,42.49250849,-71.5969091,20.0,8.4,1,1,Fall,2016.0,9.0,0,0,0
W0604,42.49250849,-71.5969091,20.0,8.4,1,1,Fall,2016.0,9.0,0,0,0
W0604,42.49250849,-71.5969091,19.9,8.4,1,1,Fall,2016.0,9.0,0,0,0
W0604,42.49250849,-71.5969091,19.9,8.3,1,1,Fall,2016.0,9.0,0,0,0
W0604,42.49250849,-71.5969091,19.6,8.1,1,1,Fall,2016.0,9.0,0,0,0
W0604,42.49250849,-71.5969091,19.4,7.8,1,1,Fall,2016.0,9.0,0,0,0
W2410,42.664623,-71.753811,17.4,8.2,1,2,Summer,2016.0,6.0,1,0,0
W2540,42.700651,-71.487647,21.3,1.5,1,3,Summer,2016.0,6.0,1,1,0
W2543,42.733424,-70.904624,21.1,7.7,1,2,Summer,2016.0,6.0,1,0,0
W2542,42.618394,-71.021129,21.2,3.2,1,3,Summer,2016.0,6.0,1,1,0
W2541,42.444418,-71.551697,21.3,6.9,1,2,Summer,2016.0,6.0,1,0,0
W2544,42.398058,-71.658249,20.1,8.3,1,2,Summer,2016.0,6.0,1,0,0
W2226,42.38381603,-71.83775116,17.3,8.7,1,2,Summer,2016.0,6.0,1,0,0
W2411,41.562812,-71.133855,17.3,7.5,1,2,Summer,2016.0,6.0,1,0,0
W0344,41.63266048,-71.06038287,17.0,8.9,1,2,Summer,2016.0,6.0,1,0,0
W2466,41.77254787,-71.08494839,17.9,8.7,0,1,Summer,2016.0,6.0,1,0,0
W2284,42.04638466,-71.6301536,21.1,7.4,1,2,Summer,2016.0,6.0,1,0,0
W2413,42.00792,-71.70506,21.2,7.6,1,2,Summer,2016.0,6.0,1,0,0
W1864,42.16171173,-72.26845965,18.5,9.0,1,2,Summer,2016.0,6.0,1,0,0
W2410,42.664623,-71.753811,17.0,8.1,1,2,Summer,2016.0,7.0,1,0,0
W2540,42.700651,-71.487647,22.4,1.7,1,3,Summer,2016.0,7.0,1,1,0
W2543,42.733424,-70.904624,21.8,2.3,1,3,Summer,2016.0,7.0,1,1,0
W2542,42.618394,-71.021129,18.4,0.6,1,3,Summer,2016.0,7.0,1,1,0
W2544,42.398058,-71.658249,20.4,8.1,1,2,Summer,2016.0,7.0,1,0,0
W2226,42.38381603,-71.83775116,19.2,8.1,1,2,Summer,2016.0,7.0,1,0,0
W0344,41.63266048,-71.06038287,22.0,7.5,1,2,Summer,2016.0,7.0,1,0,0
W2466,41.77254787,-71.08494839,21.4,8.2,0,1,Summer,2016.0,7.0,1,0,0
W2284,42.04638466,-71.6301536,25.0,7.8,1,2,Summer,2016.0,7.0,1,0,0
W2413,42.00792,-71.70506,23.5,7.2,1,2,Summer,2016.0,7.0,1,0,0
W1864,42.16171173,-72.26845965,21.3,8.7,1,2,Summer,2016.0,7.0,1,0,0
W2410,42.664623,-71.753811,17.1,8.2,1,2,Summer,2016.0,8.0,1,0,0
W2540,42.700651,-71.487647,19.2,4.6,1,3,Summer,2016.0,8.0,1,1,0
W2543,42.733424,-70.904624,21.1,2.8,1,3,Summer,2016.0,8.0,1,1,0
W2542,42.618394,-71.021129,19.2,1.7,1,3,Summer,2016.0,8.0,1,1,0
W2541,42.444418,-71.551697,23.8,7.3,1,2,Summer,2016.0,8.0,1,0,0
W2544,42.398058,-71.658249,21.5,7.9,1,2,Summer,2016.0,8.0,1,0,0
W2226,42.38381603,-71.83775116,19.8,7.8,1,2,Summer,2016.0,8.0,1,0,0
W0344,41.63266048,-71.06038287,19.8,9.0,1,2,Summer,2016.0,8.0,1,0,0
W2466,41.77254787,-71.08494839,19.9,7.6,0,1,Summer,2016.0,8.0,1,0,0
W2284,42.04638466,-71.6301536,22.6,8.2,1,2,Summer,2016.0,8.0,1,0,0
W2413,42.00792,-71.70506,20.5,8.3,1,2,Summer,2016.0,8.0,1,0,0
W1864,42.16171173,-72.26845965,17.9,9.2,1,2,Summer,2016.0,8.0,1,0,0
W2410,42.664623,-71.753811,13.5,9.2,1,1,Fall,2016.0,9.0,0,0,0
W2540,42.700651,-71.487647,13.4,2.4,1,2,Fall,2016.0,9.0,0,1,0
W2543,42.733424,-70.904624,15.0,5.1,1,1,Fall,2016.0,9.0,0,0,0
W2541,42.444418,-71.551697,16.4,8.6,1,1,Fall,2016.0,9.0,0,0,0
W2544,42.398058,-71.658249,15.8,9.3,1,1,Fall,2016.0,9.0,0,0,0
W2226,42.38381603,-71.83775116,14.8,9.1,1,1,Fall,2016.0,9.0,0,0,0
W2411,41.562812,-71.133855,15.6,5.3,1,1,Fall,2016.0,9.0,0,0,0
W0344,41.63266048,-71.06038287,15.2,9.8,1,1,Fall,2016.0,9.0,0,0,0
W2466,41.77254787,-71.08494839,14.6,9.6,0,0,Fall,2016.0,9.0,0,0,0
W2284,42.04638466,-71.6301536,15.5,9.8,1,1,Fall,2016.0,9.0,0,0,0
W2413,42.00792,-71.70506,14.1,9.9,1,1,Fall,2016.0,9.0,0,0,0
W1864,42.16171173,-72.26845965,13.7,10.3,1,1,Fall,2016.0,9.0,0,0,0
W2547,42.56231539,-71.33630595,7.6,11.6,1,1,Spring,2016.0,4.0,0,0,0
W1488,42.57826214,-71.33253012,12.8,10.5,1,1,Spring,2016.0,4.0,0,0,0
W2548,42.61458152,-71.32256374,11.0,10.6,1,1,Spring,2016.0,4.0,0,0,0
W1489,42.63380122,-71.30119731,12.1,11.4,1,1,Spring,2016.0,4.0,0,0,0
W2549,42.63381819,-71.30053328,13.8,10.3,1,1,Spring,2016.0,4.0,0,0,0
W2227,42.63595037,-71.30148697,13.9,10.5,1,1,Spring,2016.0,4.0,0,0,0
W2547,42.56231539,-71.33630595,14.5,8.7,1,2,Summer,2016.0,6.0,1,0,0
W1488,42.57826214,-71.33253012,22.2,8.1,1,2,Summer,2016.0,6.0,1,0,0
W2548,42.61458152,-71.32256374,18.8,5.5,1,2,Summer,2016.0,6.0,1,0,0
W1489,42.63380122,-71.30119731,20.8,6.6,1,2,Summer,2016.0,6.0,1,0,0
W2549,42.63381819,-71.30053328,24.3,7.2,1,2,Summer,2016.0,6.0,1,0,0
W2227,42.63595037,-71.30148697,23.8,7.3,1,2,Summer,2016.0,6.0,1,0,0
W2547,42.56231539,-71.33630595,16.8,8.2,1,2,Summer,2016.0,8.0,1,0,0
W1488,42.57826214,-71.33253012,20.4,2.7,1,3,Summer,2016.0,8.0,1,1,0
W2548,42.61458152,-71.32256374,19.6,6.3,1,2,Summer,2016.0,8.0,1,0,0
W1489,42.63380122,-71.30119731,21.5,8.4,1,2,Summer,2016.0,8.0,1,0,0
W2549,42.63381819,-71.30053328,25.8,7.9,1,2,Summer,2016.0,8.0,1,0,0
W2227,42.63595037,-71.30148697,29.4,11.0,1,2,Summer,2016.0,8.0,1,0,0
W2547,42.56231539,-71.33630595,17.6,7.9,1,1,Fall,2016.0,9.0,0,0,0
W1488,42.57826214,-71.33253012,19.5,1.5,1,2,Fall,2016.0,9.0,0,1,0
W2548,42.61458152,-71.32256374,18.7,4.2,1,2,Fall,2016.0,9.0,0,1,0
W1489,42.63380122,-71.30119731,20.1,8.0,1,1,Fall,2016.0,9.0,0,0,0
W2549,42.63381819,-71.30053328,22.1,8.4,1,1,Fall,2016.0,9.0,0,0,0
W2227,42.63595037,-71.30148697,23.2,9.1,1,1,Fall,2016.0,9.0,0,0,0
W2514,42.3049376,-71.2338344,16.9,7.6,1,2,Summer,2015.0,7.0,1,0,0
W2518,42.3900984,-71.1967182,22.8,8.1,1,2,Summer,2015.0,7.0,1,0,0
W2535,42.494062,-71.2559826,23.6,6.8,1,2,Summer,2015.0,7.0,1,0,0
W2522,42.5017852,-71.2407158,22.3,0.8,1,3,Summer,2015.0,7.0,1,1,0
W2519,42.4958058,-71.0387409,24.8,4.1,1,3,Summer,2015.0,7.0,1,1,0
W2515,42.5790278,-70.9915364,26.2,2.3,1,4,Summer,2015.0,7.0,1,1,1
W2526,42.5718288,-71.0962545,25.4,4.0,1,4,Summer,2015.0,7.0,1,1,1
W2538,42.6521945,-71.1509714,24.1,6.4,1,2,Summer,2015.0,8.0,1,0,0
W2506,42.616929,-70.9964121,25.3,4.0,1,4,Summer,2015.0,8.0,1,1,1
W2521,42.6339232,-70.9747374,22.0,4.9,1,3,Summer,2015.0,8.0,1,1,0
W2517,42.7350352,-70.9427296,15.3,9.4,1,2,Summer,2015.0,8.0,1,0,0
W2512,42.8659286,-70.9615914,24.7,3.6,1,3,Summer,2015.0,8.0,1,1,0
W2532,42.8261109,-70.9840121,25.6,8.6,1,2,Summer,2015.0,8.0,1,0,0
W2523,42.6971169,-71.1439954,24.7,7.7,1,2,Summer,2015.0,8.0,1,0,0
W2529,42.6297304,-71.5061583,21.7,3.7,1,3,Summer,2015.0,8.0,1,1,0
W2534,42.5975906,-71.4475714,22.0,0.5,1,3,Summer,2015.0,8.0,1,1,0
W2539,42.6091843,-71.411679,21.8,8.2,1,2,Summer,2015.0,8.0,1,0,0
W2516,42.6253944,-71.3890868,22.1,7.8,1,2,Summer,2015.0,8.0,1,0,0
W2507,42.5943564,-71.3406697,21.6,3.7,1,3,Summer,2015.0,8.0,1,1,0
W2510,42.6718435,-71.3444481,22.8,7.8,1,2,Summer,2015.0,8.0,1,0,0
W2533,42.6681776,-71.3263353,24.1,7.8,1,2,Summer,2015.0,8.0,1,0,0
W2509,42.1049813,-71.4584048,21.7,4.5,1,3,Summer,2015.0,8.0,1,1,0
W2530,42.1217687,-71.3654398,20.9,2.3,1,3,Summer,2015.0,8.0,1,1,0
W2537,42.1870159,-71.3758224,21.1,3.8,1,3,Summer,2015.0,8.0,1,1,0
W2508,42.2247791,-71.4776709,21.8,5.0,1,2,Summer,2015.0,8.0,1,0,0
W2513,42.2532139,-71.56727,20.4,0.6,1,3,Summer,2015.0,8.0,1,1,0
W2536,42.3193238,-71.3955834,23.8,8.7,1,2,Summer,2015.0,8.0,1,0,0
W2528,42.2910744,-71.6885308,17.7,8.6,1,2,Summer,2015.0,8.0,1,0,0
W2531,42.2871321,-71.6512886,20.6,6.9,1,2,Summer,2015.0,8.0,1,0,0
W2520,42.347696,-71.5179405,17.5,1.7,1,3,Summer,2015.0,8.0,1,1,0
W2511,42.4276412,-71.4854492,20.6,4.8,1,3,Summer,2015.0,8.0,1,1,0
W2525,42.4356962,-71.5704097,19.4,7.1,1,2,Summer,2015.0,8.0,1,0,0
W2524,42.4768312,-71.5654205,17.8,4.1,1,3,Summer,2015.0,8.0,1,1,0
W2527,42.5267785,-71.4134214,19.3,3.3,1,3,Summer,2015.0,8.0,1,1,0
W2514,42.3049376,-71.2338344,16.0,9.1,1,2,Summer,2015.0,8.0,1,0,0
W2518,42.3900984,-71.1967182,19.8,8.7,1,2,Summer,2015.0,8.0,1,0,0
W2522,42.5017852,-71.2407158,22.0,0.7,1,3,Summer,2015.0,8.0,1,1,0
W2519,42.4958058,-71.0387409,23.2,4.7,1,3,Summer,2015.0,8.0,1,1,0
W2515,42.5790278,-70.9915364,23.6,1.6,1,3,Summer,2015.0,8.0,1,1,0
W2526,42.5718288,-71.0962545,23.4,4.5,1,3,Summer,2015.0,8.0,1,1,0
W2538,42.6521945,-71.1509714,22.1,7.1,1,1,Fall,2015.0,9.0,0,0,0
W2506,42.616929,-70.9964121,23.6,5.2,1,1,Fall,2015.0,9.0,0,0,0
W2521,42.6339232,-70.9747374,20.4,4.8,1,2,Fall,2015.0,9.0,0,1,0
W2517,42.7350352,-70.9427296,15.0,9.6,1,1,Fall,2015.0,9.0,0,0,0
W2512,42.8659286,-70.9615914,22.9,3.8,1,2,Fall,2015.0,9.0,0,1,0
W2532,42.8261109,-70.9840121,26.3,9.9,1,1,Fall,2015.0,9.0,0,0,0
W2523,42.6971169,-71.1439954,23.3,8.1,1,1,Fall,2015.0,9.0,0,0,0
W2529,42.6297304,-71.5061583,21.6,3.8,1,2,Fall,2015.0,9.0,0,1,0
W2539,42.6091843,-71.411679,20.8,8.1,1,1,Fall,2015.0,9.0,0,0,0
W2516,42.6253944,-71.3890868,21.7,8.0,1,1,Fall,2015.0,9.0,0,0,0
W2507,42.5943564,-71.3406697,20.0,2.9,1,2,Fall,2015.0,9.0,0,1,0
W2510,42.6718435,-71.3444481,22.2,7.1,1,1,Fall,2015.0,9.0,0,0,0
W2533,42.6681776,-71.3263353,23.9,8.1,1,1,Fall,2015.0,9.0,0,0,0
W2509,42.1049813,-71.4584048,22.4,3.9,1,2,Fall,2015.0,9.0,0,1,0
W2530,42.1217687,-71.3654398,20.9,1.8,1,2,Fall,2015.0,9.0,0,1,0
W2537,42.1870159,-71.3758224,21.9,3.1,1,2,Fall,2015.0,9.0,0,1,0
W2508,42.2247791,-71.4776709,21.3,2.7,1,2,Fall,2015.0,9.0,0,1,0
W2513,42.2532139,-71.56727,22.1,1.6,1,2,Fall,2015.0,9.0,0,1,0
W2536,42.3193238,-71.3955834,25.7,8.4,1,1,Fall,2015.0,9.0,0,0,0
W2528,42.2910744,-71.6885308,20.3,8.1,1,1,Fall,2015.0,9.0,0,0,0
W2531,42.2871321,-71.6512886,22.3,6.3,1,1,Fall,2015.0,9.0,0,0,0
W2520,42.347696,-71.5179405,24.3,5.2,1,1,Fall,2015.0,9.0,0,0,0
W2511,42.4276412,-71.4854492,21.4,3.3,1,2,Fall,2015.0,9.0,0,1,0
W2525,42.4356962,-71.5704097,23.0,6.5,1,1,Fall,2015.0,9.0,0,0,0
W2514,42.3049376,-71.2338344,14.3,8.5,1,1,Fall,2015.0,9.0,0,0,0
W2518,42.3900984,-71.1967182,18.7,9.2,1,1,Fall,2015.0,9.0,0,0,0
W2522,42.5017852,-71.2407158,17.0,0.4,1,2,Fall,2015.0,9.0,0,1,0
W2519,42.4958058,-71.0387409,16.6,6.7,1,1,Fall,2015.0,9.0,0,0,0
W2515,42.5790278,-70.9915364,17.8,2.5,1,2,Fall,2015.0,9.0,0,1,0
W2526,42.5718288,-71.0962545,15.5,6.5,1,1,Fall,2015.0,9.0,0,0,0
W2538,42.6521945,-71.1509714,17.3,8.2,1,1,Fall,2015.0,9.0,0,0,0
W2506,42.616929,-70.9964121,17.0,4.4,1,2,Fall,2015.0,9.0,0,1,0
W2521,42.6339232,-70.9747374,14.5,6.2,1,1,Fall,2015.0,9.0,0,0,0
W2517,42.7350352,-70.9427296,12.5,10.1,1,1,Fall,2015.0,9.0,0,0,0
W2512,42.8659286,-70.9615914,17.2,3.7,1,2,Fall,2015.0,9.0,0,1,0
W2532,42.8261109,-70.9840121,19.6,9.8,1,1,Fall,2015.0,9.0,0,0,0
W2523,42.6971169,-71.1439954,17.6,9.0,1,1,Fall,2015.0,9.0,0,0,0
W2529,42.6297304,-71.5061583,15.5,5.1,1,1,Fall,2015.0,9.0,0,0,0
W2539,42.6091843,-71.411679,18.0,9.1,1,1,Fall,2015.0,9.0,0,0,0
W2516,42.6253944,-71.3890868,18.1,9.6,1,1,Fall,2015.0,9.0,0,0,0
W2507,42.5943564,-71.3406697,17.2,5.0,1,1,Fall,2015.0,9.0,0,0,0
W2510,42.6718435,-71.3444481,18.1,8.2,1,1,Fall,2015.0,9.0,0,0,0
W2533,42.6681776,-71.3263353,19.7,9.4,1,1,Fall,2015.0,9.0,0,0,0
W2509,42.1049813,-71.4584048,11.3,8.0,1,1,Fall,2015.0,10.0,0,0,0
W2530,42.1217687,-71.3654398,10.2,5.1,1,1,Fall,2015.0,10.0,0,0,0
W2537,42.1870159,-71.3758224,11.2,5.8,1,1,Fall,2015.0,10.0,0,0,0
W2508,42.2247791,-71.4776709,11.0,7.2,1,1,Fall,2015.0,10.0,0,0,0
W2513,42.2532139,-71.56727,11.3,3.3,1,2,Fall,2015.0,10.0,0,1,0
W2536,42.3193238,-71.3955834,17.2,9.4,1,1,Fall,2015.0,10.0,0,0,0
W2528,42.2910744,-71.6885308,16.7,8.4,1,1,Fall,2015.0,10.0,0,0,0
W2531,42.2871321,-71.6512886,17.7,7.1,1,1,Fall,2015.0,10.0,0,0,0
W2520,42.347696,-71.5179405,15.0,7.0,1,1,Fall,2015.0,10.0,0,0,0
W2511,42.4276412,-71.4854492,16.4,5.5,1,1,Fall,2015.0,10.0,0,0,0
W2525,42.4356962,-71.5704097,16.0,7.2,1,1,Fall,2015.0,10.0,0,0,0
W2527,42.5267785,-71.4134214,16.5,6.4,1,1,Fall,2015.0,10.0,0,0,0
W2286,42.70347188,-72.95887989,13.1,10.0,1,2,Summer,2015.0,6.0,1,0,0
W2222,42.63256876,-72.97439535,14.5,9.8,1,2,Summer,2015.0,6.0,1,0,0
W2414,42.71500304,-72.66972243,15.0,9.8,1,2,Summer,2015.0,6.0,1,0,0
W2282,42.71492884,-72.6693994,14.9,9.7,1,2,Summer,2015.0,6.0,1,0,0
W2287,42.69539254,-72.22718449,16.1,7.9,1,2,Summer,2015.0,6.0,1,0,0
W2280,42.10614,-73.48299,13.6,10.0,1,2,Summer,2015.0,6.0,1,0,0
W2252,42.24776313,-73.28034588,17.7,9.0,1,2,Summer,2015.0,6.0,1,0,0
W2291,42.38648751,-73.25940756,18.6,8.8,1,2,Summer,2015.0,6.0,1,0,0
W2283,42.32000999,-73.02774999,17.1,9.3,1,2,Summer,2015.0,6.0,1,0,0
W1458,42.25418274,-72.94869942,14.8,9.9,1,2,Summer,2015.0,6.0,1,0,0
W2545,42.34376837,-72.95334229,14.8,10.0,1,2,Summer,2015.0,6.0,1,0,0
W1362,42.4841721,-72.7542118,15.0,9.6,1,2,Summer,2015.0,6.0,1,0,0
W0293,42.58708857,-72.35718789,14.8,9.9,1,2,Summer,2015.0,6.0,1,0,0
W2218,42.46470593,-72.38454489,17.4,9.0,1,2,Summer,2015.0,6.0,1,0,0
W1864,42.16171173,-72.26845965,16.4,9.6,1,2,Summer,2015.0,6.0,1,0,0
W2410,42.664623,-71.753811,19.2,8.1,1,2,Summer,2015.0,6.0,1,0,0
W2540,42.700651,-71.487647,22.7,3.0,1,3,Summer,2015.0,6.0,1,1,0
W2543,42.733424,-70.904624,21.1,6.5,1,2,Summer,2015.0,6.0,1,0,0
W2542,42.618394,-71.021129,21.7,4.3,1,3,Summer,2015.0,6.0,1,1,0
W2541,42.444418,-71.551697,20.6,7.0,1,2,Summer,2015.0,6.0,1,0,0
W2544,42.398058,-71.658249,21.0,8.4,1,2,Summer,2015.0,6.0,1,0,0
W2226,42.38381603,-71.83775116,20.4,8.5,1,2,Summer,2015.0,6.0,1,0,0
W2411,41.562812,-71.133855,20.2,7.2,1,2,Summer,2015.0,6.0,1,0,0
W0344,41.63266048,-71.06038287,19.8,8.4,1,2,Summer,2015.0,6.0,1,0,0
W2466,41.77254787,-71.08494839,19.1,8.5,1,2,Summer,2015.0,6.0,1,0,0
W2284,42.04638466,-71.6301536,21.6,8.4,1,2,Summer,2015.0,6.0,1,0,0
W2413,42.00792,-71.70506,20.1,8.6,1,2,Summer,2015.0,6.0,1,0,0
W2220,42.03481475,-72.16158627,21.5,8.5,1,2,Summer,2015.0,6.0,1,0,0
W2286,42.70347188,-72.95887989,17.2,9.1,1,2,Summer,2015.0,7.0,1,0,0
W2222,42.63256876,-72.97439535,20.5,8.6,1,2,Summer,2015.0,7.0,1,0,0
W2414,42.71500304,-72.66972243,22.9,8.8,1,2,Summer,2015.0,7.0,1,0,0
W2282,42.71492884,-72.6693994,19.9,8.7,1,2,Summer,2015.0,7.0,1,0,0
W2287,42.69539254,-72.22718449,23.4,6.7,1,2,Summer,2015.0,7.0,1,0,0
W2280,42.10614,-73.48299,15.6,9.4,1,2,Summer,2015.0,7.0,1,0,0
W2252,42.24776313,-73.28034588,18.6,8.6,1,2,Summer,2015.0,7.0,1,0,0
W2291,42.38648751,-73.25940756,19.8,8.5,1,2,Summer,2015.0,7.0,1,0,0
W2283,42.32000999,-73.02774999,19.1,8.8,1,2,Summer,2015.0,7.0,1,0,0
W1458,42.25418274,-72.94869942,16.6,9.4,1,2,Summer,2015.0,7.0,1,0,0
W2545,42.34376837,-72.95334229,17.0,9.6,1,2,Summer,2015.0,7.0,1,0,0
W1362,42.4841721,-72.7542118,16.9,9.2,1,2,Summer,2015.0,7.0,1,0,0
W0293,42.58708857,-72.35718789,17.7,9.2,1,2,Summer,2015.0,7.0,1,0,0
W2218,42.46470593,-72.38454489,21.5,8.2,1,2,Summer,2015.0,7.0,1,0,0
W1864,42.16171173,-72.26845965,19.1,9.0,1,2,Summer,2015.0,7.0,1,0,0
W2410,42.664623,-71.753811,18.3,8.2,1,2,Summer,2015.0,7.0,1,0,0
W2540,42.700651,-71.487647,22.1,2.2,1,3,Summer,2015.0,7.0,1,1,0
W2543,42.733424,-70.904624,21.8,4.8,1,3,Summer,2015.0,7.0,1,1,0
W2542,42.618394,-71.021129,24.5,4.0,1,3,Summer,2015.0,7.0,1,1,0
W2541,42.444418,-71.551697,23.7,7.2,1,2,Summer,2015.0,7.0,1,0,0
W2544,42.398058,-71.658249,26.1,7.4,1,2,Summer,2015.0,7.0,1,0,0
W2226,42.38381603,-71.83775116,22.0,8.0,1,2,Summer,2015.0,7.0,1,0,0
W2411,41.562812,-71.133855,20.3,7.8,1,2,Summer,2015.0,7.0,1,0,0
W0344,41.63266048,-71.06038287,19.8,8.5,1,2,Summer,2015.0,7.0,1,0,0
W2466,41.77254787,-71.08494839,19.4,8.6,1,2,Summer,2015.0,7.0,1,0,0
W2284,42.04638466,-71.6301536,23.1,8.1,1,2,Summer,2015.0,7.0,1,0,0
W2413,42.00792,-71.70506,23.1,8.0,1,2,Summer,2015.0,7.0,1,0,0
W2220,42.03481475,-72.16158627,21.6,7.1,1,2,Summer,2015.0,7.0,1,0,0
W2286,42.70347188,-72.95887989,17.7,9.2,1,2,Summer,2015.0,8.0,1,0,0
W2222,42.63256876,-72.97439535,19.5,8.9,1,2,Summer,2015.0,8.0,1,0,0
W2414,42.71500304,-72.66972243,23.6,8.9,1,2,Summer,2015.0,8.0,1,0,0
W2282,42.71492884,-72.6693994,20.0,8.9,1,2,Summer,2015.0,8.0,1,0,0
W2287,42.69539254,-72.22718449,23.8,7.1,1,2,Summer,2015.0,8.0,1,0,0
W2280,42.10614,-73.48299,17.7,9.1,1,2,Summer,2015.0,8.0,1,0,0
W2252,42.24776313,-73.28034588,21.5,8.1,1,2,Summer,2015.0,8.0,1,0,0
W2291,42.38648751,-73.25940756,20.5,8.4,1,2,Summer,2015.0,8.0,1,0,0
W2283,42.32000999,-73.02774999,20.5,8.7,1,2,Summer,2015.0,8.0,1,0,0
W2545,42.34376837,-72.95334229,20.5,9.3,1,2,Summer,2015.0,8.0,1,0,0
W1362,42.4841721,-72.7542118,19.8,8.8,1,2,Summer,2015.0,8.0,1,0,0
W0293,42.58708857,-72.35718789,19.6,8.9,1,2,Summer,2015.0,8.0,1,0,0
W2218,42.46470593,-72.38454489,22.7,8.2,1,2,Summer,2015.0,8.0,1,0,0
W1864,42.16171173,-72.26845965,21.0,8.8,1,2,Summer,2015.0,8.0,1,0,0
W2410,42.664623,-71.753811,18.8,7.8,1,2,Summer,2015.0,8.0,1,0,0
W2543,42.733424,-70.904624,22.0,5.0,1,2,Summer,2015.0,8.0,1,0,0
W2542,42.618394,-71.021129,21.8,2.5,1,3,Summer,2015.0,8.0,1,1,0
W2541,42.444418,-71.551697,24.7,7.2,1,2,Summer,2015.0,8.0,1,0,0
W2544,42.398058,-71.658249,24.5,7.6,1,2,Summer,2015.0,8.0,1,0,0
W2226,42.38381603,-71.83775116,21.1,8.1,1,2,Summer,2015.0,8.0,1,0,0
W2411,41.562812,-71.133855,22.6,7.6,1,2,Summer,2015.0,8.0,1,0,0
W0344,41.63266048,-71.06038287,22.0,8.2,1,2,Summer,2015.0,8.0,1,0,0
W2466,41.77254787,-71.08494839,21.7,8.3,1,2,Summer,2015.0,8.0,1,0,0
W2284,42.04638466,-71.6301536,22.5,8.2,1,2,Summer,2015.0,8.0,1,0,0
W2413,42.00792,-71.70506,22.4,8.0,1,2,Summer,2015.0,8.0,1,0,0
W2220,42.03481475,-72.16158627,20.5,8.2,1,2,Summer,2015.0,8.0,1,0,0
W2286,42.70347188,-72.95887989,18.2,9.0,1,1,Fall,2015.0,9.0,0,0,0
W2222,42.63256876,-72.97439535,19.1,9.0,1,1,Fall,2015.0,9.0,0,0,0
W2414,42.71500304,-72.66972243,20.7,9.0,1,1,Fall,2015.0,9.0,0,0,0
W2282,42.71492884,-72.6693994,18.9,9.0,1,1,Fall,2015.0,9.0,0,0,0
W2287,42.69539254,-72.22718449,21.2,6.9,1,1,Fall,2015.0,9.0,0,0,0
W2280,42.10614,-73.48299,13.7,9.9,1,1,Fall,2015.0,9.0,0,0,0
W2252,42.24776313,-73.28034588,16.0,9.3,1,1,Fall,2015.0,9.0,0,0,0
W2291,42.38648751,-73.25940756,16.4,9.3,1,1,Fall,2015.0,9.0,0,0,0
W2283,42.32000999,-73.02774999,16.0,9.5,1,1,Fall,2015.0,9.0,0,0,0
W1458,42.25418274,-72.94869942,15.2,9.8,1,1,Fall,2015.0,9.0,0,0,0
W2545,42.34376837,-72.95334229,14.3,10.4,1,1,Fall,2015.0,9.0,0,0,0
W1362,42.4841721,-72.7542118,15.5,9.7,1,1,Fall,2015.0,9.0,0,0,0
W0293,42.58708857,-72.35718789,15.1,9.9,1,1,Fall,2015.0,9.0,0,0,0
W2218,42.46470593,-72.38454489,17.8,9.0,1,1,Fall,2015.0,9.0,0,0,0
W1864,42.16171173,-72.26845965,16.8,9.6,1,1,Fall,2015.0,9.0,0,0,0
W2410,42.664623,-71.753811,16.7,8.4,1,1,Fall,2015.0,9.0,0,0,0
W2540,42.700651,-71.487647,17.3,1.3,1,2,Fall,2015.0,9.0,0,1,0
W2543,42.733424,-70.904624,19.2,4.1,1,2,Fall,2015.0,9.0,0,1,0
W2542,42.618394,-71.021129,18.7,2.6,1,2,Fall,2015.0,9.0,0,1,0
W2541,42.444418,-71.551697,21.5,8.0,1,1,Fall,2015.0,9.0,0,0,0
W2544,42.398058,-71.658249,21.8,8.0,1,1,Fall,2015.0,9.0,0,0,0
W2226,42.38381603,-71.83775116,18.7,8.5,1,1,Fall,2015.0,9.0,0,0,0
W2411,41.562812,-71.133855,16.2,9.0,1,1,Fall,2015.0,9.0,0,0,0
W0344,41.63266048,-71.06038287,15.8,9.7,1,1,Fall,2015.0,9.0,0,0,0
W2466,41.77254787,-71.08494839,15.3,9.8,1,1,Fall,2015.0,9.0,0,0,0
W2284,42.04638466,-71.6301536,15.9,9.6,1,1,Fall,2015.0,9.0,0,0,0
W2413,42.00792,-71.70506,15.9,9.6,1,1,Fall,2015.0,9.0,0,0,0
W2220,42.03481475,-72.16158627,14.6,9.3,1,1,Fall,2015.0,9.0,0,0,0
W0926,42.00459582,-70.84525352,16.6,10.1,1,1,Spring,2015.0,5.0,0,0,0
W0926,42.00459582,-70.84525352,16.4,10.0,1,1,Spring,2015.0,5.0,0,0,0
W0926,42.00459582,-70.84525352,16.4,10.0,1,1,Spring,2015.0,5.0,0,0,0
W0926,42.00459582,-70.84525352,15.0,8.1,1,1,Spring,2015.0,5.0,0,0,0
W0930,42.00146724,-70.83678103,17.5,9.8,0,0,Spring,2015.0,5.0,0,0,0
W0930,42.00146724,-70.83678103,16.8,9.9,0,0,Spring,2015.0,5.0,0,0,0
W0930,42.00146724,-70.83678103,15.2,9.4,0,0,Spring,2015.0,5.0,0,0,0
W2173,42.02988442,-70.85262833,18.5,10.0,0,0,Spring,2015.0,5.0,0,0,0
W2173,42.02988442,-70.85262833,17.3,9.2,0,0,Spring,2015.0,5.0,0,0,0
W2173,42.02988442,-70.85262833,14.8,4.8,0,1,Spring,2015.0,5.0,0,1,0
W1086,42.02849624,-70.82611145,16.9,10.6,1,1,Spring,2015.0,5.0,0,0,0
W1086,42.02849624,-70.82611145,16.6,10.5,1,1,Spring,2015.0,5.0,0,0,0
W1086,42.02849624,-70.82611145,16.3,10.8,1,1,Spring,2015.0,5.0,0,0,0
W1086,42.02849624,-70.82611145,14.4,10.6,1,1,Spring,2015.0,5.0,0,0,0
W1086,42.02849624,-70.82611145,11.8,7.8,1,1,Spring,2015.0,5.0,0,0,0
W1086,42.02849624,-70.82611145,11.5,7.1,1,1,Spring,2015.0,5.0,0,0,0
W1086,42.02849624,-70.82611145,11.4,6.5,1,1,Spring,2015.0,5.0,0,0,0
W1086,42.02849624,-70.82611145,11.3,6.2,1,1,Spring,2015.0,5.0,0,0,0
W0926,42.00459582,-70.84525352,21.2,9.4,1,2,Summer,2015.0,6.0,1,0,0
W0926,42.00459582,-70.84525352,21.2,9.4,1,2,Summer,2015.0,6.0,1,0,0
W0926,42.00459582,-70.84525352,20.9,9.4,1,2,Summer,2015.0,6.0,1,0,0
W0926,42.00459582,-70.84525352,20.4,8.8,1,2,Summer,2015.0,6.0,1,0,0
W0930,42.00146724,-70.83678103,21.6,8.6,1,2,Summer,2015.0,6.0,1,0,0
W0930,42.00146724,-70.83678103,21.4,8.5,1,2,Summer,2015.0,6.0,1,0,0
W0930,42.00146724,-70.83678103,20.8,8.2,1,2,Summer,2015.0,6.0,1,0,0
W1086,42.02849624,-70.82611145,20.8,9.2,0,1,Summer,2015.0,6.0,1,0,0
W1086,42.02849624,-70.82611145,20.6,9.3,0,1,Summer,2015.0,6.0,1,0,0
W1086,42.02849624,-70.82611145,20.1,9.2,0,1,Summer,2015.0,6.0,1,0,0
W1086,42.02849624,-70.82611145,19.8,8.6,0,1,Summer,2015.0,6.0,1,0,0
W1086,42.02849624,-70.82611145,19.2,7.8,0,1,Summer,2015.0,6.0,1,0,0
W2173,42.02988442,-70.85262833,21.3,9.4,1,2,Summer,2015.0,6.0,1,0,0
W2173,42.02988442,-70.85262833,19.8,8.4,1,2,Summer,2015.0,6.0,1,0,0
W1086,42.02849624,-70.82611145,25.9,8.6,1,2,Summer,2015.0,7.0,1,0,0
W1086,42.02849624,-70.82611145,25.8,8.4,1,2,Summer,2015.0,7.0,1,0,0
W1086,42.02849624,-70.82611145,22.8,5.6,1,2,Summer,2015.0,7.0,1,0,0
W2173,42.02988442,-70.85262833,26.8,9.2,0,1,Summer,2015.0,7.0,1,0,0
W0926,42.00459582,-70.84525352,24.7,8.3,0,1,Summer,2015.0,8.0,1,0,0
W0926,42.00459582,-70.84525352,23.9,7.5,0,1,Summer,2015.0,8.0,1,0,0
W0926,42.00459582,-70.84525352,23.9,7.4,0,1,Summer,2015.0,8.0,1,0,0
W0926,42.00459582,-70.84525352,23.9,7.2,0,1,Summer,2015.0,8.0,1,0,0
W0926,42.00459582,-70.84525352,23.8,7.0,0,1,Summer,2015.0,8.0,1,0,0
W0926,42.00459582,-70.84525352,23.8,6.9,0,1,Summer,2015.0,8.0,1,0,0
W0930,42.00146724,-70.83678103,25.5,7.6,0,1,Summer,2015.0,8.0,1,0,0
W0930,42.00146724,-70.83678103,24.5,7.7,0,1,Summer,2015.0,8.0,1,0,0
W0930,42.00146724,-70.83678103,24.3,7.6,0,1,Summer,2015.0,8.0,1,0,0
W0930,42.00146724,-70.83678103,24.2,7.5,0,1,Summer,2015.0,8.0,1,0,0
W0930,42.00146724,-70.83678103,24.2,7.5,0,1,Summer,2015.0,8.0,1,0,0
W1086,42.02849624,-70.82611145,25.7,9.0,0,1,Summer,2015.0,8.0,1,0,0
W1086,42.02849624,-70.82611145,25.6,9.0,0,1,Summer,2015.0,8.0,1,0,0
W1086,42.02849624,-70.82611145,25.0,8.4,0,1,Summer,2015.0,8.0,1,0,0
W1086,42.02849624,-70.82611145,24.6,7.9,0,1,Summer,2015.0,8.0,1,0,0
W1086,42.02849624,-70.82611145,24.5,6.8,0,1,Summer,2015.0,8.0,1,0,0
W1086,42.02849624,-70.82611145,23.5,1.0,0,2,Summer,2015.0,8.0,1,1,0
W2173,42.02988442,-70.85262833,25.1,9.4,0,1,Summer,2015.0,8.0,1,0,0
W2173,42.02988442,-70.85262833,23.7,4.8,0,2,Summer,2015.0,8.0,1,1,0
W2173,42.02988442,-70.85262833,23.2,2.4,0,2,Summer,2015.0,8.0,1,1,0
W0926,42.00459582,-70.84525352,25.7,9.4,1,1,Fall,2015.0,9.0,0,0,0
W0926,42.00459582,-70.84525352,25.6,9.4,1,1,Fall,2015.0,9.0,0,0,0
W0926,42.00459582,-70.84525352,24.0,4.4,1,2,Fall,2015.0,9.0,0,1,0
W0930,42.00146724,-70.83678103,26.4,8.2,1,1,Fall,2015.0,9.0,0,0,0
W0930,42.00146724,-70.83678103,26.2,8.1,1,1,Fall,2015.0,9.0,0,0,0
W0930,42.00146724,-70.83678103,26.2,8.1,1,1,Fall,2015.0,9.0,0,0,0
W1086,42.02849624,-70.82611145,22.8,7.7,0,0,Fall,2015.0,9.0,0,0,0
W1086,42.02849624,-70.82611145,22.8,7.7,0,0,Fall,2015.0,9.0,0,0,0
W1086,42.02849624,-70.82611145,22.7,7.8,0,0,Fall,2015.0,9.0,0,0,0
W1086,42.02849624,-70.82611145,22.5,7.2,0,0,Fall,2015.0,9.0,0,0,0
W1086,42.02849624,-70.82611145,22.3,4.8,0,1,Fall,2015.0,9.0,0,1,0
W2173,42.02988442,-70.85262833,22.4,8.6,1,1,Fall,2015.0,9.0,0,0,0
W2547,42.56231539,-71.33630595,9.6,10.5,1,1,Fall,2015.0,10.0,0,0,0
W2547,42.56231539,-71.33630595,8.0,10.6,1,1,Fall,2015.0,11.0,0,0,0
W1488,42.57826214,-71.33253012,12.5,9.5,1,1,Fall,2015.0,10.0,0,0,0
W1488,42.57826214,-71.33253012,10.3,10.3,1,1,Fall,2015.0,11.0,0,0,0
W2548,42.61458152,-71.32256374,14.4,8.8,1,1,Fall,2015.0,10.0,0,0,0
W2548,42.61458152,-71.32256374,10.8,7.3,1,1,Fall,2015.0,11.0,0,0,0
W1489,42.63380122,-71.30119731,13.7,9.7,1,1,Fall,2015.0,10.0,0,0,0
W1489,42.63380122,-71.30119731,11.6,9.8,1,1,Fall,2015.0,11.0,0,0,0
W2549,42.63381819,-71.30053328,15.2,9.4,1,1,Fall,2015.0,10.0,0,0,0
W2549,42.63381819,-71.30053328,11.7,9.8,1,1,Fall,2015.0,11.0,0,0,0
W2227,42.63595037,-71.30148697,15.4,9.3,1,1,Fall,2015.0,10.0,0,0,0
W2227,42.63595037,-71.30148697,11.7,9.8,1,1,Fall,2015.0,11.0,0,0,0
W2547,42.56231539,-71.33630595,5.9,11.5,1,1,Winter,2015.0,12.0,0,0,0
W1488,42.57826214,-71.33253012,4.4,12.0,1,1,Winter,2015.0,12.0,0,0,0
W2548,42.61458152,-71.32256374,5.3,10.0,1,1,Winter,2015.0,12.0,0,0,0
W1489,42.63380122,-71.30119731,5.6,11.6,1,1,Winter,2015.0,12.0,0,0,0
W2549,42.63381819,-71.30053328,5.6,11.9,1,1,Winter,2015.0,12.0,0,0,0
W2227,42.63595037,-71.30148697,5.7,11.8,1,1,Winter,2015.0,12.0,0,0,0
W2457,42.05933009,-72.27160475,20.7,8.8,1,2,Summer,2014.0,7.0,1,0,0
W2350,42.09324205,-72.31183457,20.3,9.0,1,2,Summer,2014.0,7.0,1,0,0
W1880,42.04351371,-72.45647808,18.9,8.9,1,2,Summer,2014.0,7.0,1,0,0
W2290,42.04079295,-72.48489555,18.1,8.7,1,2,Summer,2014.0,7.0,1,0,0
W2081,42.07983422,-72.56556396,20.3,7.2,1,2,Summer,2014.0,7.0,1,0,0
W2458,42.0373016,-72.69990551,17.6,8.4,1,2,Summer,2014.0,7.0,1,0,0
W1778,42.62272904,-72.54970791,15.1,10.1,1,2,Summer,2014.0,7.0,1,0,0
W1883,42.50677372,-72.5270761,21.7,8.3,1,2,Summer,2014.0,7.0,1,0,0
W2461,42.47653586,-72.51860357,15.6,9.4,1,2,Summer,2014.0,7.0,1,0,0
W1828,42.40886407,-71.98179294,18.1,8.7,1,2,Summer,2014.0,7.0,1,0,0
W1717,42.34007232,-72.15953425,21.9,8.7,1,2,Summer,2014.0,7.0,1,0,0
W1892,42.36091839,-72.23011415,18.2,7.1,1,2,Summer,2014.0,7.0,1,0,0
W2164,42.2354613,-72.27899479,21.0,8.9,1,2,Summer,2014.0,7.0,1,0,0
W1900,42.25040334,-72.42653878,15.7,8.0,1,2,Summer,2014.0,7.0,1,0,0
W2041,42.27317372,-71.9749944,25.2,7.4,1,2,Summer,2014.0,8.0,1,0,0
W2455,42.2526325,-72.05643235,17.3,8.2,1,2,Summer,2014.0,8.0,1,0,0
W2166,42.26215141,-72.10659989,19.2,8.4,1,2,Summer,2014.0,8.0,1,0,0
W2165,42.22337829,-72.17965076,23.6,6.3,1,2,Summer,2014.0,8.0,1,0,0
W1754,42.21273236,-72.22875627,24.5,8.2,1,2,Summer,2014.0,8.0,1,0,0
W2279,42.55506751,-72.55825658,17.1,9.3,1,2,Summer,2014.0,8.0,1,0,0
W1579,42.45655696,-72.63699267,20.2,8.0,1,2,Summer,2014.0,8.0,1,0,0
W2083,42.42257737,-72.76956339,17.9,9.2,1,2,Summer,2014.0,8.0,1,0,0
W2163,42.28135393,-72.72939605,19.4,9.6,1,2,Summer,2014.0,8.0,1,0,0
W1887,42.2636059,-72.70605094,19.7,8.6,1,2,Summer,2014.0,8.0,1,0,0
W2454,42.33802189,-72.55536786,19.1,8.2,1,2,Summer,2014.0,8.0,1,0,0
W1989,42.27962685,-72.58673039,20.2,9.9,1,2,Summer,2014.0,8.0,1,0,0
W2463,42.27003392,-72.594205,23.6,8.8,1,2,Summer,2014.0,8.0,1,0,0
W2219,42.25020895,-72.65892694,13.6,9.5,1,2,Summer,2014.0,8.0,1,0,0
W2460,42.26076443,-72.81803592,17.5,8.4,1,2,Summer,2014.0,8.0,1,0,0
W2456,42.47216953,-72.25680238,21.3,6.9,1,2,Summer,2014.0,8.0,1,0,0
W1757,42.46999426,-72.32259937,17.4,9.4,1,2,Summer,2014.0,8.0,1,0,0
W2324,42.44207131,-72.36869256,18.6,8.9,1,2,Summer,2014.0,8.0,1,0,0
W2462,42.38732571,-72.37351445,17.2,9.0,1,2,Summer,2014.0,8.0,1,0,0
W1805,42.34968275,-72.431373,16.0,9.4,1,2,Summer,2014.0,8.0,1,0,0
W2457,42.05933009,-72.27160475,17.2,6.5,1,2,Summer,2014.0,8.0,1,0,0
W2350,42.09324205,-72.31183457,17.2,9.4,1,2,Summer,2014.0,8.0,1,0,0
W1880,42.04351371,-72.45647808,17.2,8.8,1,2,Summer,2014.0,8.0,1,0,0
W2290,42.04079295,-72.48489555,16.4,9.2,1,2,Summer,2014.0,8.0,1,0,0
W2081,42.07983422,-72.56556396,19.2,7.9,1,2,Summer,2014.0,8.0,1,0,0
W2458,42.0373016,-72.69990551,17.5,8.4,1,2,Summer,2014.0,8.0,1,0,0
W1778,42.62272904,-72.54970791,15.5,10.0,1,2,Summer,2014.0,8.0,1,0,0
W2453,42.55286755,-72.51950306,17.0,7.2,1,2,Summer,2014.0,8.0,1,0,0
W1883,42.50677372,-72.5270761,20.6,8.6,1,2,Summer,2014.0,8.0,1,0,0
W2461,42.47653586,-72.51860357,15.2,9.6,1,2,Summer,2014.0,8.0,1,0,0
W1828,42.40886407,-71.98179294,17.6,8.9,1,2,Summer,2014.0,8.0,1,0,0
W1717,42.34007232,-72.15953425,20.8,7.7,1,2,Summer,2014.0,8.0,1,0,0
W1892,42.36091839,-72.23011415,19.6,3.6,1,3,Summer,2014.0,8.0,1,1,0
W2164,42.2354613,-72.27899479,23.1,9.5,1,2,Summer,2014.0,8.0,1,0,0
W1900,42.25040334,-72.42653878,18.7,6.4,1,2,Summer,2014.0,8.0,1,0,0
W2041,42.27317372,-71.9749944,23.7,8.0,1,2,Summer,2014.0,8.0,1,0,0
W2459,42.2036239,-72.00426939,17.6,4.7,1,3,Summer,2014.0,8.0,1,1,0
W2455,42.2526325,-72.05643235,17.5,8.7,1,2,Summer,2014.0,8.0,1,0,0
W2166,42.26215141,-72.10659989,18.6,8.2,1,2,Summer,2014.0,8.0,1,0,0
W2165,42.22337829,-72.17965076,24.5,6.5,1,2,Summer,2014.0,8.0,1,0,0
W1754,42.21273236,-72.22875627,22.7,8.2,1,2,Summer,2014.0,8.0,1,0,0
W2279,42.55506751,-72.55825658,18.0,9.1,1,1,Fall,2014.0,9.0,0,0,0
W1579,42.45655696,-72.63699267,20.9,7.6,1,1,Fall,2014.0,9.0,0,0,0
W2083,42.42257737,-72.76956339,18.1,9.2,1,1,Fall,2014.0,9.0,0,0,0
W2163,42.28135393,-72.72939605,20.2,9.7,1,1,Fall,2014.0,9.0,0,0,0
W1887,42.2636059,-72.70605094,20.3,8.4,1,1,Fall,2014.0,9.0,0,0,0
W2454,42.33802189,-72.55536786,20.1,7.0,1,1,Fall,2014.0,9.0,0,0,0
W1989,42.27962685,-72.58673039,19.0,7.5,1,1,Fall,2014.0,9.0,0,0,0
W2463,42.27003392,-72.594205,23.4,7.3,1,1,Fall,2014.0,9.0,0,0,0
W2219,42.25020895,-72.65892694,15.1,9.2,1,1,Fall,2014.0,9.0,0,0,0
W2460,42.26076443,-72.81803592,19.5,8.1,1,1,Fall,2014.0,9.0,0,0,0
W2456,42.47216953,-72.25680238,19.7,7.1,1,1,Fall,2014.0,9.0,0,0,0
W1757,42.46999426,-72.32259937,16.9,9.5,1,1,Fall,2014.0,9.0,0,0,0
W2324,42.44207131,-72.36869256,17.9,9.1,1,1,Fall,2014.0,9.0,0,0,0
W2462,42.38732571,-72.37351445,17.2,9.2,1,1,Fall,2014.0,9.0,0,0,0
W1805,42.34968275,-72.431373,17.1,9.2,1,1,Fall,2014.0,9.0,0,0,0
W2457,42.05933009,-72.27160475,12.0,7.2,1,1,Fall,2014.0,9.0,0,0,0
W2350,42.09324205,-72.31183457,12.1,10.4,1,1,Fall,2014.0,9.0,0,0,0
W1880,42.04351371,-72.45647808,13.0,9.9,1,1,Fall,2014.0,9.0,0,0,0
W2290,42.04079295,-72.48489555,12.9,10.4,1,1,Fall,2014.0,9.0,0,0,0
W2081,42.07983422,-72.56556396,15.8,8.2,1,1,Fall,2014.0,9.0,0,0,0
W2458,42.0373016,-72.69990551,13.8,9.1,1,1,Fall,2014.0,9.0,0,0,0
W1778,42.62272904,-72.54970791,11.5,11.0,1,1,Fall,2014.0,9.0,0,0,0
W1883,42.50677372,-72.5270761,13.6,10.1,1,1,Fall,2014.0,9.0,0,0,0
W2461,42.47653586,-72.51860357,13.0,10.2,1,1,Fall,2014.0,9.0,0,0,0
W1828,42.40886407,-71.98179294,10.2,10.7,1,1,Fall,2014.0,9.0,0,0,0
W1717,42.34007232,-72.15953425,14.1,8.5,1,1,Fall,2014.0,9.0,0,0,0
W1892,42.36091839,-72.23011415,13.8,7.3,1,1,Fall,2014.0,9.0,0,0,0
W2164,42.2354613,-72.27899479,16.2,10.7,1,1,Fall,2014.0,9.0,0,0,0
W1900,42.25040334,-72.42653878,12.7,7.3,1,1,Fall,2014.0,9.0,0,0,0
W2041,42.27317372,-71.9749944,17.0,9.2,1,1,Fall,2014.0,9.0,0,0,0
W2459,42.2036239,-72.00426939,11.8,6.4,1,1,Fall,2014.0,9.0,0,0,0
W2166,42.26215141,-72.10659989,12.4,10.6,1,1,Fall,2014.0,9.0,0,0,0
W2165,42.22337829,-72.17965076,17.0,9.3,1,1,Fall,2014.0,9.0,0,0,0
W1754,42.21273236,-72.22875627,17.0,10.0,1,1,Fall,2014.0,9.0,0,0,0
W2279,42.55506751,-72.55825658,11.7,10.7,1,1,Fall,2014.0,9.0,0,0,0
W1579,42.45655696,-72.63699267,13.5,9.4,1,1,Fall,2014.0,9.0,0,0,0
W2083,42.42257737,-72.76956339,10.9,10.9,1,1,Fall,2014.0,9.0,0,0,0
W2163,42.28135393,-72.72939605,12.5,11.3,1,1,Fall,2014.0,9.0,0,0,0
W1887,42.2636059,-72.70605094,13.3,9.9,1,1,Fall,2014.0,9.0,0,0,0
W1989,42.27962685,-72.58673039,15.1,8.8,1,1,Fall,2014.0,9.0,0,0,0
W2463,42.27003392,-72.594205,17.6,7.4,1,1,Fall,2014.0,9.0,0,0,0
W2219,42.25020895,-72.65892694,12.4,9.3,1,1,Fall,2014.0,9.0,0,0,0
W2456,42.47216953,-72.25680238,16.2,7.4,1,1,Fall,2014.0,9.0,0,0,0
W1757,42.46999426,-72.32259937,14.0,10.2,1,1,Fall,2014.0,9.0,0,0,0
W2324,42.44207131,-72.36869256,14.7,9.7,1,1,Fall,2014.0,9.0,0,0,0
W2462,42.38732571,-72.37351445,13.8,9.9,1,1,Fall,2014.0,9.0,0,0,0
W1805,42.34968275,-72.431373,13.0,10.2,1,1,Fall,2014.0,9.0,0,0,0
W1362,42.4841721,-72.7542118,17.4,9.2,1,2,Summer,2014.0,6.0,1,0,0
W2222,42.63256876,-72.97439535,16.9,9.4,1,2,Summer,2014.0,6.0,1,0,0
W2286,42.70347188,-72.95887989,15.5,9.7,1,2,Summer,2014.0,6.0,1,0,0
W2414,42.71500304,-72.66972243,19.6,9.3,1,2,Summer,2014.0,6.0,1,0,0
W2282,42.71492884,-72.6693994,19.6,9.0,1,2,Summer,2014.0,6.0,1,0,0
W2280,42.10614,-73.48299,14.1,9.9,1,2,Summer,2014.0,6.0,1,0,0
W2252,42.24776313,-73.28034588,19.4,8.6,1,2,Summer,2014.0,6.0,1,0,0
W2291,42.38648751,-73.25940756,19.0,8.8,1,2,Summer,2014.0,6.0,1,0,0
W2283,42.32000999,-73.02774999,17.7,9.2,1,2,Summer,2014.0,6.0,1,0,0
W1458,42.25418274,-72.94869942,15.5,9.9,1,2,Summer,2014.0,6.0,1,0,0
W2411,41.562812,-71.133855,20.3,7.3,1,2,Summer,2014.0,6.0,1,0,0
W0344,41.63266048,-71.06038287,19.2,8.3,1,2,Summer,2014.0,6.0,1,0,0
W2466,41.77254787,-71.08494839,18.8,8.6,1,2,Summer,2014.0,6.0,1,0,0
W2284,42.04638466,-71.6301536,21.7,8.3,1,2,Summer,2014.0,6.0,1,0,0
W2413,42.00792,-71.70506,21.9,8.1,1,2,Summer,2014.0,6.0,1,0,0
W2220,42.03481475,-72.16158627,22.3,8.0,1,2,Summer,2014.0,6.0,1,0,0
W0293,42.58708857,-72.35718789,13.0,10.4,1,2,Summer,2014.0,6.0,1,0,0
W2218,42.46470593,-72.38454489,14.2,9.6,1,2,Summer,2014.0,6.0,1,0,0
W2287,42.69539254,-72.22718449,16.8,8.2,1,2,Summer,2014.0,6.0,1,0,0
W2409,42.706137,-71.751964,17.3,9.4,1,2,Summer,2014.0,6.0,1,0,0
W2410,42.664623,-71.753811,18.4,9.0,1,2,Summer,2014.0,6.0,1,0,0
W2226,42.38381603,-71.83775116,17.7,9.1,1,2,Summer,2014.0,6.0,1,0,0
W1362,42.4841721,-72.7542118,16.7,9.4,1,2,Summer,2014.0,7.0,1,0,0
W2222,42.63256876,-72.97439535,17.9,9.2,1,2,Summer,2014.0,7.0,1,0,0
W2286,42.70347188,-72.95887989,15.7,9.7,1,2,Summer,2014.0,7.0,1,0,0
W2414,42.71500304,-72.66972243,18.6,9.4,1,2,Summer,2014.0,7.0,1,0,0
W2282,42.71492884,-72.6693994,17.9,9.3,1,2,Summer,2014.0,7.0,1,0,0
W2280,42.10614,-73.48299,14.6,9.8,1,2,Summer,2014.0,7.0,1,0,0
W2252,42.24776313,-73.28034588,20.4,8.4,1,2,Summer,2014.0,7.0,1,0,0
W2291,42.38648751,-73.25940756,19.9,8.6,1,2,Summer,2014.0,7.0,1,0,0
W2283,42.32000999,-73.02774999,19.0,8.9,1,2,Summer,2014.0,7.0,1,0,0
W1458,42.25418274,-72.94869942,17.3,9.4,1,2,Summer,2014.0,7.0,1,0,0
W2411,41.562812,-71.133855,21.5,7.4,1,2,Summer,2014.0,7.0,1,0,0
W0344,41.63266048,-71.06038287,20.8,8.2,1,2,Summer,2014.0,7.0,1,0,0
W2466,41.77254787,-71.08494839,20.8,8.0,1,2,Summer,2014.0,7.0,1,0,0
W2284,42.04638466,-71.6301536,22.2,8.1,1,2,Summer,2014.0,7.0,1,0,0
W2413,42.00792,-71.70506,22.3,8.0,1,2,Summer,2014.0,7.0,1,0,0
W2220,42.03481475,-72.16158627,22.1,8.1,1,2,Summer,2014.0,7.0,1,0,0
W0293,42.58708857,-72.35718789,18.2,9.1,1,2,Summer,2014.0,7.0,1,0,0
W2218,42.46470593,-72.38454489,19.2,8.4,1,2,Summer,2014.0,7.0,1,0,0
W2287,42.69539254,-72.22718449,20.5,6.6,1,2,Summer,2014.0,7.0,1,0,0
W2409,42.706137,-71.751964,21.9,7.0,1,2,Summer,2014.0,7.0,1,0,0
W2410,42.664623,-71.753811,22.4,8.0,1,2,Summer,2014.0,7.0,1,0,0
W2226,42.38381603,-71.83775116,22.9,8.0,1,2,Summer,2014.0,7.0,1,0,0
W1362,42.4841721,-72.7542118,17.1,9.2,1,2,Summer,2014.0,8.0,1,0,0
W2222,42.63256876,-72.97439535,16.6,9.3,1,2,Summer,2014.0,8.0,1,0,0
W2286,42.70347188,-72.95887989,15.8,9.4,1,2,Summer,2014.0,8.0,1,0,0
W2414,42.71500304,-72.66972243,16.8,9.3,1,2,Summer,2014.0,8.0,1,0,0
W2280,42.10614,-73.48299,14.3,9.7,1,2,Summer,2014.0,8.0,1,0,0
W2252,42.24776313,-73.28034588,16.6,9.0,1,2,Summer,2014.0,8.0,1,0,0
W2291,42.38648751,-73.25940756,16.7,9.1,1,2,Summer,2014.0,8.0,1,0,0
W2283,42.32000999,-73.02774999,16.3,9.4,1,2,Summer,2014.0,8.0,1,0,0
W1458,42.25418274,-72.94869942,15.2,9.7,1,2,Summer,2014.0,8.0,1,0,0
W2411,41.562812,-71.133855,17.3,8.8,1,2,Summer,2014.0,8.0,1,0,0
W0344,41.63266048,-71.06038287,17.0,9.2,1,2,Summer,2014.0,8.0,1,0,0
W2466,41.77254787,-71.08494839,16.7,9.0,1,2,Summer,2014.0,8.0,1,0,0
W2284,42.04638466,-71.6301536,19.4,8.8,1,2,Summer,2014.0,8.0,1,0,0
W2413,42.00792,-71.70506,18.7,8.9,1,2,Summer,2014.0,8.0,1,0,0
W2220,42.03481475,-72.16158627,18.6,8.7,1,2,Summer,2014.0,8.0,1,0,0
W0293,42.58708857,-72.35718789,13.2,10.2,1,2,Summer,2014.0,8.0,1,0,0
W2218,42.46470593,-72.38454489,14.0,9.6,1,2,Summer,2014.0,8.0,1,0,0
W2287,42.69539254,-72.22718449,15.8,7.7,1,2,Summer,2014.0,8.0,1,0,0
W2409,42.706137,-71.751964,16.7,9.0,1,2,Summer,2014.0,8.0,1,0,0
W2410,42.664623,-71.753811,18.6,9.0,1,2,Summer,2014.0,8.0,1,0,0
W2226,42.38381603,-71.83775116,16.8,9.2,1,2,Summer,2014.0,8.0,1,0,0
W1362,42.4841721,-72.7542118,13.5,10.0,1,1,Fall,2014.0,9.0,0,0,0
W2222,42.63256876,-72.97439535,14.8,9.9,1,1,Fall,2014.0,9.0,0,0,0
W2286,42.70347188,-72.95887989,14.1,10.0,1,1,Fall,2014.0,9.0,0,0,0
W2414,42.71500304,-72.66972243,16.3,10.0,1,1,Fall,2014.0,9.0,0,0,0
W2282,42.71492884,-72.6693994,13.6,10.1,1,1,Fall,2014.0,9.0,0,0,0
W2280,42.10614,-73.48299,13.9,9.8,1,1,Fall,2014.0,9.0,0,0,0
W2252,42.24776313,-73.28034588,14.8,9.3,1,1,Fall,2014.0,9.0,0,0,0
W2291,42.38648751,-73.25940756,16.2,9.2,1,1,Fall,2014.0,9.0,0,0,0
W2283,42.32000999,-73.02774999,16.2,9.4,1,1,Fall,2014.0,9.0,0,0,0
W1458,42.25418274,-72.94869942,15.0,9.9,1,1,Fall,2014.0,9.0,0,0,0
W0344,41.63266048,-71.06038287,14.4,10.3,1,1,Fall,2014.0,9.0,0,0,0
W2466,41.77254787,-71.08494839,14.2,9.6,1,1,Fall,2014.0,9.0,0,0,0
W2284,42.04638466,-71.6301536,13.7,9.8,1,1,Fall,2014.0,9.0,0,0,0
W2413,42.00792,-71.70506,13.4,9.8,1,1,Fall,2014.0,9.0,0,0,0
W2220,42.03481475,-72.16158627,13.7,9.4,1,1,Fall,2014.0,9.0,0,0,0
W0293,42.58708857,-72.35718789,14.5,9.8,1,1,Fall,2014.0,9.0,0,0,0
W2218,42.46470593,-72.38454489,15.8,9.0,1,1,Fall,2014.0,9.0,0,0,0
W2287,42.69539254,-72.22718449,16.1,7.4,1,1,Fall,2014.0,9.0,0,0,0
W2409,42.706137,-71.751964,16.5,7.4,1,1,Fall,2014.0,9.0,0,0,0
W2410,42.664623,-71.753811,16.9,8.8,1,1,Fall,2014.0,9.0,0,0,0
W2226,42.38381603,-71.83775116,17.2,8.8,1,1,Fall,2014.0,9.0,0,0,0
W0762,41.80918339,-70.61753091,23.9,8.7,0,1,Summer,2014.0,6.0,1,0,0
W0762,41.80918339,-70.61753091,23.9,8.7,0,1,Summer,2014.0,6.0,1,0,0
W0762,41.80918339,-70.61753091,23.9,8.7,0,1,Summer,2014.0,6.0,1,0,0
W0762,41.80918339,-70.61753091,23.9,8.8,0,1,Summer,2014.0,6.0,1,0,0
W0754,41.80999411,-70.62755574,24.5,8.6,1,2,Summer,2014.0,6.0,1,0,0
W0754,41.80999411,-70.62755574,24.5,8.6,1,2,Summer,2014.0,6.0,1,0,0
W0754,41.80999411,-70.62755574,24.4,8.6,1,2,Summer,2014.0,6.0,1,0,0
W0926,42.00459582,-70.84525352,24.4,8.2,0,1,Summer,2014.0,6.0,1,0,0
W0926,42.00459582,-70.84525352,24.1,8.0,0,1,Summer,2014.0,6.0,1,0,0
W0926,42.00459582,-70.84525352,23.8,7.5,0,1,Summer,2014.0,6.0,1,0,0
W0930,42.00146724,-70.83678103,24.9,8.5,0,1,Summer,2014.0,6.0,1,0,0
W0930,42.00146724,-70.83678103,24.0,8.1,0,1,Summer,2014.0,6.0,1,0,0
W0930,42.00146724,-70.83678103,23.9,7.9,0,1,Summer,2014.0,6.0,1,0,0
W0762,41.80918339,-70.61753091,25.3,7.9,0,1,Summer,2014.0,7.0,1,0,0
W0762,41.80918339,-70.61753091,25.2,8.0,0,1,Summer,2014.0,7.0,1,0,0
W0762,41.80918339,-70.61753091,25.2,8.1,0,1,Summer,2014.0,7.0,1,0,0
W0762,41.80918339,-70.61753091,25.1,8.0,0,1,Summer,2014.0,7.0,1,0,0
W0754,41.80999411,-70.62755574,25.8,8.0,0,1,Summer,2014.0,7.0,1,0,0
W0754,41.80999411,-70.62755574,25.6,8.0,0,1,Summer,2014.0,7.0,1,0,0
W0754,41.80999411,-70.62755574,25.5,8.0,0,1,Summer,2014.0,7.0,1,0,0
W0754,41.80999411,-70.62755574,25.4,8.1,0,1,Summer,2014.0,7.0,1,0,0
W0926,42.00459582,-70.84525352,25.5,7.8,1,2,Summer,2014.0,7.0,1,0,0
W0926,42.00459582,-70.84525352,25.0,7.2,1,2,Summer,2014.0,7.0,1,0,0
W0926,42.00459582,-70.84525352,24.9,7.1,1,2,Summer,2014.0,7.0,1,0,0
W0926,42.00459582,-70.84525352,24.8,5.8,1,2,Summer,2014.0,7.0,1,0,0
W0930,42.00146724,-70.83678103,25.8,8.6,0,1,Summer,2014.0,7.0,1,0,0
W0930,42.00146724,-70.83678103,25.0,8.3,0,1,Summer,2014.0,7.0,1,0,0
W0930,42.00146724,-70.83678103,25.0,8.4,0,1,Summer,2014.0,7.0,1,0,0
W0930,42.00146724,-70.83678103,24.7,7.8,0,1,Summer,2014.0,7.0,1,0,0
W0762,41.80918339,-70.61753091,24.3,7.9,1,2,Summer,2014.0,8.0,1,0,0
W0762,41.80918339,-70.61753091,24.2,8.0,1,2,Summer,2014.0,8.0,1,0,0
W0762,41.80918339,-70.61753091,24.0,8.1,1,2,Summer,2014.0,8.0,1,0,0
W0762,41.80918339,-70.61753091,23.9,8.0,1,2,Summer,2014.0,8.0,1,0,0
W0754,41.80999411,-70.62755574,24.9,9.5,1,2,Summer,2014.0,8.0,1,0,0
W0754,41.80999411,-70.62755574,24.7,9.6,1,2,Summer,2014.0,8.0,1,0,0
W0754,41.80999411,-70.62755574,24.3,9.6,1,2,Summer,2014.0,8.0,1,0,0
W0754,41.80999411,-70.62755574,24.0,9.5,1,2,Summer,2014.0,8.0,1,0,0
W0926,42.00459582,-70.84525352,24.0,9.8,1,2,Summer,2014.0,8.0,1,0,0
W0926,42.00459582,-70.84525352,23.4,9.2,1,2,Summer,2014.0,8.0,1,0,0
W0926,42.00459582,-70.84525352,23.2,8.1,1,2,Summer,2014.0,8.0,1,0,0
W0926,42.00459582,-70.84525352,22.8,5.7,1,2,Summer,2014.0,8.0,1,0,0
W0930,42.00146724,-70.83678103,24.6,9.1,1,2,Summer,2014.0,8.0,1,0,0
W0930,42.00146724,-70.83678103,23.9,9.1,1,2,Summer,2014.0,8.0,1,0,0
W0930,42.00146724,-70.83678103,23.4,5.9,1,2,Summer,2014.0,8.0,1,0,0
W0754,41.80999411,-70.62755574,22.0,8.2,1,1,Fall,2014.0,9.0,0,0,0
W0754,41.80999411,-70.62755574,22.0,8.2,1,1,Fall,2014.0,9.0,0,0,0
W0754,41.80999411,-70.62755574,21.9,8.1,1,1,Fall,2014.0,9.0,0,0,0
W0762,41.80918339,-70.61753091,21.9,8.3,1,1,Fall,2014.0,9.0,0,0,0
W0762,41.80918339,-70.61753091,21.8,8.5,1,1,Fall,2014.0,9.0,0,0,0
W0762,41.80918339,-70.61753091,21.6,8.3,1,1,Fall,2014.0,9.0,0,0,0
W0762,41.80918339,-70.61753091,21.5,8.1,1,1,Fall,2014.0,9.0,0,0,0
W0926,42.00459582,-70.84525352,20.3,8.9,0,0,Fall,2014.0,9.0,0,0,0
W0926,42.00459582,-70.84525352,19.8,8.0,0,0,Fall,2014.0,9.0,0,0,0
W0926,42.00459582,-70.84525352,19.7,7.9,0,0,Fall,2014.0,9.0,0,0,0
W0930,42.00146724,-70.83678103,20.6,8.7,1,1,Fall,2014.0,9.0,0,0,0
W0930,42.00146724,-70.83678103,20.2,8.2,1,1,Fall,2014.0,9.0,0,0,0
W0930,42.00146724,-70.83678103,20.1,8.0,1,1,Fall,2014.0,9.0,0,0,0
W2392,41.70289295,-70.10477526,26.4,6.8,1,2,Summer,2013.0,7.0,1,0,0
W2391,41.64357833,-70.45336867,29.6,4.8,1,4,Summer,2013.0,7.0,1,1,1
W2374,41.72789933,-70.79814166,25.0,5.3,1,2,Summer,2013.0,7.0,1,0,0
W2388,41.67967123,-70.84082513,24.8,7.0,1,2,Summer,2013.0,7.0,1,0,0
W2397,41.72740826,-70.85635593,26.5,6.3,1,2,Summer,2013.0,7.0,1,0,0
W2382,41.75570188,-70.9831251,20.4,4.8,1,3,Summer,2013.0,7.0,1,1,0
W2404,41.63338435,-70.98602228,22.5,6.4,1,2,Summer,2013.0,7.0,1,0,0
W2394,41.64180645,-71.0764565,19.6,7.6,1,2,Summer,2013.0,7.0,1,0,0
W2376,41.74470234,-71.2482622,20.3,7.6,1,2,Summer,2013.0,7.0,1,0,0
W2387,41.7773089,-71.19253246,20.2,6.1,1,2,Summer,2013.0,7.0,1,0,0
W2383,41.80069261,-71.30434109,22.2,6.4,1,2,Summer,2013.0,7.0,1,0,0
W2392,41.70289295,-70.10477526,22.0,7.6,1,2,Summer,2013.0,8.0,1,0,0
W2391,41.64357833,-70.45336867,21.9,3.4,1,3,Summer,2013.0,8.0,1,1,0
W2374,41.72789933,-70.79814166,20.5,7.2,1,2,Summer,2013.0,8.0,1,0,0
W2388,41.67967123,-70.84082513,20.0,8.1,1,2,Summer,2013.0,8.0,1,0,0
W2397,41.72740826,-70.85635593,20.9,7.8,1,2,Summer,2013.0,8.0,1,0,0
W2382,41.75570188,-70.9831251,20.2,4.2,1,3,Summer,2013.0,8.0,1,1,0
W2404,41.63338435,-70.98602228,20.2,6.5,1,2,Summer,2013.0,8.0,1,0,0
W2394,41.64180645,-71.0764565,19.2,8.2,1,2,Summer,2013.0,8.0,1,0,0
W2376,41.74470234,-71.2482622,20.4,7.2,1,2,Summer,2013.0,8.0,1,0,0
W2387,41.7773089,-71.19253246,20.0,5.8,1,2,Summer,2013.0,8.0,1,0,0
W2383,41.80069261,-71.30434109,22.9,5.3,1,2,Summer,2013.0,8.0,1,0,0
W2392,41.70289295,-70.10477526,20.7,8.0,1,1,Fall,2013.0,9.0,0,0,0
W2391,41.64357833,-70.45336867,22.3,7.4,1,1,Fall,2013.0,9.0,0,0,0
W2374,41.72789933,-70.79814166,20.2,6.4,1,1,Fall,2013.0,9.0,0,0,0
W2388,41.67967123,-70.84082513,19.4,8.5,1,1,Fall,2013.0,9.0,0,0,0
W2397,41.72740826,-70.85635593,20.6,8.3,1,1,Fall,2013.0,9.0,0,0,0
W2396,41.8814227,-70.90942651,18.9,2.6,1,3,Summer,2013.0,6.0,1,1,0
W2379,41.90743834,-70.97991603,16.1,6.3,1,2,Summer,2013.0,6.0,1,0,0
W2400,41.9325177,-71.07757733,16.4,5.1,1,2,Summer,2013.0,6.0,1,0,0
W2389,41.9093812,-71.0981243,20.0,8.0,1,2,Summer,2013.0,6.0,1,0,0
W2398,41.8647818,-71.22918554,16.4,8.1,1,2,Summer,2013.0,6.0,1,0,0
W2380,41.84611359,-71.2625509,24.6,7.0,1,2,Summer,2013.0,7.0,1,0,0
W2384,42.01558538,-71.05266156,23.2,5.6,1,2,Summer,2013.0,6.0,1,0,0
W2405,41.99746222,-70.95386851,23.6,5.0,1,2,Summer,2013.0,6.0,1,0,0
W2375,42.0184717,-70.92252609,25.0,4.2,1,3,Summer,2013.0,6.0,1,1,0
W0869,42.04238758,-70.89846196,24.2,5.4,0,1,Summer,2013.0,6.0,1,0,0
W2386,42.06811651,-70.91424154,24.5,3.6,1,3,Summer,2013.0,6.0,1,1,0
W2406,42.0754278,-71.00963849,21.8,7.3,1,2,Summer,2013.0,6.0,1,0,0
W2390,42.49511888,-71.1361368,23.0,4.3,1,3,Summer,2013.0,7.0,1,1,0
W2401,42.42130109,-71.16909401,22.4,8.2,1,2,Summer,2013.0,7.0,1,0,0
W2385,42.24343046,-71.09437763,21.5,3.6,1,3,Summer,2013.0,7.0,1,1,0
W2399,42.08658274,-70.75694672,19.8,7.5,1,2,Summer,2013.0,7.0,1,0,0
W2403,42.19947614,-70.86206928,20.9,4.8,1,3,Summer,2013.0,7.0,1,1,0
W2395,42.2422342,-70.85910564,22.8,5.7,1,2,Summer,2013.0,7.0,1,0,0
W2396,41.8814227,-70.90942651,26.2,0.7,1,4,Summer,2013.0,7.0,1,1,1
W2379,41.90743834,-70.97991603,19.7,7.0,1,2,Summer,2013.0,7.0,1,0,0
W2400,41.9325177,-71.07757733,25.5,4.4,1,4,Summer,2013.0,7.0,1,1,1
W2372,41.90037801,-71.09399859,26.8,7.4,1,2,Summer,2013.0,7.0,1,0,0
W2389,41.9093812,-71.0981243,27.8,7.3,1,2,Summer,2013.0,7.0,1,0,0
W2398,41.8647818,-71.22918554,25.9,6.5,1,2,Summer,2013.0,7.0,1,0,0
W2380,41.84611359,-71.2625509,24.5,7.0,1,2,Summer,2013.0,7.0,1,0,0
W2378,42.08257418,-71.03007602,22.6,6.5,1,2,Summer,2013.0,7.0,1,0,0
W2377,42.06112594,-71.2165861,23.2,5.9,1,2,Summer,2013.0,7.0,1,0,0
W2402,42.00502696,-71.21344675,25.4,6.6,1,2,Summer,2013.0,7.0,1,0,0
W2393,41.98949513,-71.1737167,20.3,5.9,1,2,Summer,2013.0,7.0,1,0,0
W2407,41.94945845,-71.17552595,25.3,6.8,1,2,Summer,2013.0,7.0,1,0,0
W2373,41.95255141,-71.22476066,25.0,6.5,1,2,Summer,2013.0,7.0,1,0,0
W2408,41.83058753,-71.32993703,23.6,6.0,1,2,Summer,2013.0,7.0,1,0,0
W2381,41.98836801,-71.03545292,21.1,1.6,0,2,Summer,2013.0,7.0,1,1,0
W2384,42.01558538,-71.05266156,21.9,6.9,1,2,Summer,2013.0,7.0,1,0,0
W2405,41.99746222,-70.95386851,23.2,6.9,0,1,Summer,2013.0,7.0,1,0,0
W2375,42.0184717,-70.92252609,22.6,6.5,1,2,Summer,2013.0,7.0,1,0,0
W0869,42.04238758,-70.89846196,22.3,6.4,0,1,Summer,2013.0,7.0,1,0,0
W2386,42.06811651,-70.91424154,21.7,5.3,1,2,Summer,2013.0,7.0,1,0,0
W2406,42.0754278,-71.00963849,21.8,7.7,0,1,Summer,2013.0,7.0,1,0,0
W2390,42.49511888,-71.1361368,19.0,3.8,0,2,Summer,2013.0,8.0,1,1,0
W2401,42.42130109,-71.16909401,17.9,9.0,0,1,Summer,2013.0,8.0,1,0,0
W2385,42.24343046,-71.09437763,17.2,7.0,1,2,Summer,2013.0,8.0,1,0,0
W2399,42.08658274,-70.75694672,19.4,8.3,0,1,Summer,2013.0,8.0,1,0,0
W2403,42.19947614,-70.86206928,17.7,7.1,0,1,Summer,2013.0,8.0,1,0,0
W2395,42.2422342,-70.85910564,19.3,7.9,0,1,Summer,2013.0,8.0,1,0,0
W2396,41.8814227,-70.90942651,22.3,2.3,1,3,Summer,2013.0,8.0,1,1,0
W2379,41.90743834,-70.97991603,16.2,8.2,1,2,Summer,2013.0,8.0,1,0,0
W2400,41.9325177,-71.07757733,21.2,5.9,1,2,Summer,2013.0,8.0,1,0,0
W2372,41.90037801,-71.09399859,23.5,7.9,1,2,Summer,2013.0,8.0,1,0,0
W2389,41.9093812,-71.0981243,23.5,8.0,1,2,Summer,2013.0,8.0,1,0,0
W2398,41.8647818,-71.22918554,20.6,7.3,1,2,Summer,2013.0,8.0,1,0,0
W2380,41.84611359,-71.2625509,19.4,7.9,1,2,Summer,2013.0,8.0,1,0,0
W2378,42.08257418,-71.03007602,20.6,7.1,1,2,Summer,2013.0,8.0,1,0,0
W2377,42.06112594,-71.2165861,19.2,8.0,1,2,Summer,2013.0,8.0,1,0,0
W2402,42.00502696,-71.21344675,22.4,7.9,1,2,Summer,2013.0,8.0,1,0,0
W2393,41.98949513,-71.1737167,18.0,7.1,1,2,Summer,2013.0,8.0,1,0,0
W2407,41.94945845,-71.17552595,21.0,9.2,1,2,Summer,2013.0,8.0,1,0,0
W2373,41.95255141,-71.22476066,21.8,8.4,1,2,Summer,2013.0,8.0,1,0,0
W2408,41.83058753,-71.32993703,21.4,6.8,1,2,Summer,2013.0,8.0,1,0,0
W2381,41.98836801,-71.03545292,20.4,2.4,1,3,Summer,2013.0,8.0,1,1,0
W2384,42.01558538,-71.05266156,20.2,7.3,1,2,Summer,2013.0,8.0,1,0,0
W2405,41.99746222,-70.95386851,21.7,6.6,1,2,Summer,2013.0,8.0,1,0,0
W2375,42.0184717,-70.92252609,22.4,5.8,1,2,Summer,2013.0,8.0,1,0,0
W0869,42.04238758,-70.89846196,21.2,6.0,1,2,Summer,2013.0,8.0,1,0,0
W2386,42.06811651,-70.91424154,20.9,5.6,1,2,Summer,2013.0,8.0,1,0,0
W2406,42.0754278,-71.00963849,20.2,7.1,1,2,Summer,2013.0,8.0,1,0,0
W2390,42.49511888,-71.1361368,22.4,3.9,1,2,Fall,2013.0,9.0,0,1,0
W2401,42.42130109,-71.16909401,21.2,8.4,1,1,Fall,2013.0,9.0,0,0,0
W2385,42.24343046,-71.09437763,21.6,5.0,1,1,Fall,2013.0,9.0,0,0,0
W2399,42.08658274,-70.75694672,21.0,7.8,0,0,Fall,2013.0,9.0,0,0,0
W2403,42.19947614,-70.86206928,20.4,6.4,0,0,Fall,2013.0,9.0,0,0,0
W2395,42.2422342,-70.85910564,22.5,6.9,1,1,Fall,2013.0,9.0,0,0,0
W1362,42.4841721,-72.7542118,12.8,10.5,1,2,Summer,2013.0,6.0,1,0,0
W2222,42.63256876,-72.97439535,12.9,10.6,1,2,Summer,2013.0,6.0,1,0,0
W2286,42.70347188,-72.95887989,12.2,10.7,1,2,Summer,2013.0,6.0,1,0,0
W2414,42.71500304,-72.66972243,16.1,10.3,1,2,Summer,2013.0,6.0,1,0,0
W2282,42.71492884,-72.6693994,15.9,10.0,1,2,Summer,2013.0,6.0,1,0,0
W2280,42.10614,-73.48299,11.7,10.4,1,2,Summer,2013.0,6.0,1,0,0
W2291,42.38648751,-73.25940756,15.5,9.5,1,2,Summer,2013.0,6.0,1,0,0
W2283,42.32000999,-73.02774999,13.7,10.0,1,2,Summer,2013.0,6.0,1,0,0
W1458,42.25418274,-72.94869942,11.8,10.7,1,2,Summer,2013.0,6.0,1,0,0
W2223,42.16782704,-72.94935172,17.1,9.1,1,2,Summer,2013.0,6.0,1,0,0
W0293,42.58708857,-72.35718789,14.7,10.0,1,2,Summer,2013.0,6.0,1,0,0
W2218,42.46470593,-72.38454489,14.5,9.9,1,2,Summer,2013.0,6.0,1,0,0
W2287,42.69539254,-72.22718449,15.8,8.2,0,1,Summer,2013.0,6.0,1,0,0
W2409,42.706137,-71.751964,16.5,9.2,1,2,Summer,2013.0,6.0,1,0,0
W2410,42.664623,-71.753811,17.1,9.2,1,2,Summer,2013.0,6.0,1,0,0
W2226,42.38381603,-71.83775116,17.1,9.3,1,2,Summer,2013.0,6.0,1,0,0
W2411,41.562812,-71.133855,22.5,7.3,1,2,Summer,2013.0,6.0,1,0,0
W0344,41.63266048,-71.06038287,20.9,8.1,1,2,Summer,2013.0,6.0,1,0,0
W2412,41.77444,-71.08528,21.6,8.3,1,2,Summer,2013.0,6.0,1,0,0
W2284,42.04638466,-71.6301536,23.4,8.1,1,2,Summer,2013.0,6.0,1,0,0
W2413,42.00792,-71.70506,21.3,8.4,1,2,Summer,2013.0,7.0,1,0,0
W2220,42.03481475,-72.16158627,22.8,8.2,1,2,Summer,2013.0,6.0,1,0,0
W2280,42.10614,-73.48299,17.7,9.2,1,2,Summer,2013.0,7.0,1,0,0
W2291,42.38648751,-73.25940756,21.9,8.2,1,2,Summer,2013.0,7.0,1,0,0
W2283,42.32000999,-73.02774999,21.8,8.5,1,2,Summer,2013.0,7.0,1,0,0
W1458,42.25418274,-72.94869942,19.7,9.1,1,2,Summer,2013.0,7.0,1,0,0
W2223,42.16782704,-72.94935172,24.3,8.0,1,2,Summer,2013.0,7.0,1,0,0
W0293,42.58708857,-72.35718789,19.8,8.9,1,2,Summer,2013.0,7.0,1,0,0
W2218,42.46470593,-72.38454489,20.6,8.4,1,2,Summer,2013.0,7.0,1,0,0
W2287,42.69539254,-72.22718449,20.9,6.5,1,2,Summer,2013.0,7.0,1,0,0
W2409,42.706137,-71.751964,22.4,8.2,1,2,Summer,2013.0,7.0,1,0,0
W2410,42.664623,-71.753811,23.6,7.8,1,2,Summer,2013.0,7.0,1,0,0
W2226,42.38381603,-71.83775116,23.0,8.0,1,2,Summer,2013.0,7.0,1,0,0
W2411,41.562812,-71.133855,20.8,8.1,1,2,Summer,2013.0,7.0,1,0,0
W0344,41.63266048,-71.06038287,19.9,8.6,1,2,Summer,2013.0,7.0,1,0,0
W2412,41.77444,-71.08528,19.8,8.7,1,2,Summer,2013.0,7.0,1,0,0
W2284,42.04638466,-71.6301536,21.6,8.4,1,2,Summer,2013.0,7.0,1,0,0
W2220,42.03481475,-72.16158627,21.4,8.3,1,2,Summer,2013.0,7.0,1,0,0
W1362,42.4841721,-72.7542118,15.3,9.8,1,2,Summer,2013.0,8.0,1,0,0
W2286,42.70347188,-72.95887989,15.1,9.8,1,2,Summer,2013.0,8.0,1,0,0
W2414,42.71500304,-72.66972243,21.3,9.2,1,2,Summer,2013.0,8.0,1,0,0
W2282,42.71492884,-72.6693994,18.0,9.3,1,2,Summer,2013.0,8.0,1,0,0
W2280,42.10614,-73.48299,14.5,9.7,1,2,Summer,2013.0,8.0,1,0,0
W2291,42.38648751,-73.25940756,16.6,9.1,1,2,Summer,2013.0,8.0,1,0,0
W2283,42.32000999,-73.02774999,15.4,9.7,1,2,Summer,2013.0,8.0,1,0,0
W1458,42.25418274,-72.94869942,15.1,9.8,1,2,Summer,2013.0,8.0,1,0,0
W2223,42.16782704,-72.94935172,17.3,9.2,1,2,Summer,2013.0,8.0,1,0,0
W0293,42.58708857,-72.35718789,15.6,9.7,1,2,Summer,2013.0,8.0,1,0,0
W2218,42.46470593,-72.38454489,16.3,9.1,1,2,Summer,2013.0,8.0,1,0,0
W2287,42.69539254,-72.22718449,17.4,7.5,1,2,Summer,2013.0,8.0,1,0,0
W2409,42.706137,-71.751964,19.6,8.4,1,2,Summer,2013.0,8.0,1,0,0
W2410,42.664623,-71.753811,20.5,8.7,1,2,Summer,2013.0,8.0,1,0,0
W2226,42.38381603,-71.83775116,20.1,8.6,1,2,Summer,2013.0,8.0,1,0,0
W1362,42.4841721,-72.7542118,11.4,10.5,1,1,Fall,2013.0,9.0,0,0,0
W2286,42.70347188,-72.95887989,11.8,10.6,1,1,Fall,2013.0,9.0,0,0,0
W2414,42.71500304,-72.66972243,15.3,10.3,1,1,Fall,2013.0,9.0,0,0,0
W2282,42.71492884,-72.6693994,13.9,10.1,1,1,Fall,2013.0,9.0,0,0,0
W2280,42.10614,-73.48299,12.5,10.2,1,1,Fall,2013.0,9.0,0,0,0
W2291,42.38648751,-73.25940756,14.1,9.6,1,1,Fall,2013.0,9.0,0,0,0
W2283,42.32000999,-73.02774999,14.0,9.9,1,1,Fall,2013.0,9.0,0,0,0
W1458,42.25418274,-72.94869942,13.4,10.2,1,1,Fall,2013.0,9.0,0,0,0
W2223,42.16782704,-72.94935172,15.0,9.7,1,1,Fall,2013.0,9.0,0,0,0
W0293,42.58708857,-72.35718789,12.3,10.5,0,0,Fall,2013.0,10.0,0,0,0
W2218,42.46470593,-72.38454489,12.9,9.8,1,1,Fall,2013.0,10.0,0,0,0
W2287,42.69539254,-72.22718449,12.6,8.4,1,1,Fall,2013.0,10.0,0,0,0
W2409,42.706137,-71.751964,14.5,8.1,1,1,Fall,2013.0,10.0,0,0,0
W2410,42.664623,-71.753811,14.5,9.3,1,1,Fall,2013.0,10.0,0,0,0
W2226,42.38381603,-71.83775116,13.8,9.4,1,1,Fall,2013.0,10.0,0,0,0
W2411,41.562812,-71.133855,14.3,9.3,1,1,Fall,2013.0,9.0,0,0,0
W0344,41.63266048,-71.06038287,13.8,9.7,1,1,Fall,2013.0,9.0,0,0,0
W2412,41.77444,-71.08528,13.2,10.2,1,1,Fall,2013.0,9.0,0,0,0
W2284,42.04638466,-71.6301536,13.2,10.0,1,1,Fall,2013.0,9.0,0,0,0
W2413,42.00792,-71.70506,13.4,9.8,1,1,Fall,2013.0,9.0,0,0,0
W2220,42.03481475,-72.16158627,12.1,10.2,1,1,Fall,2013.0,9.0,0,0,0
W0762,41.80918339,-70.61753091,24.9,8.7,0,1,Summer,2013.0,6.0,1,0,0
W0762,41.80918339,-70.61753091,24.7,8.7,0,1,Summer,2013.0,6.0,1,0,0
W0762,41.80918339,-70.61753091,23.7,8.0,0,1,Summer,2013.0,6.0,1,0,0
W0762,41.80918339,-70.61753091,23.4,7.2,0,1,Summer,2013.0,6.0,1,0,0
W0754,41.80999411,-70.62755574,26.1,8.9,0,1,Summer,2013.0,6.0,1,0,0
W0754,41.80999411,-70.62755574,25.5,8.8,0,1,Summer,2013.0,6.0,1,0,0
W0754,41.80999411,-70.62755574,23.5,6.0,0,1,Summer,2013.0,6.0,1,0,0
W0926,42.00459582,-70.84525352,25.2,9.5,0,1,Summer,2013.0,7.0,1,0,0
W0926,42.00459582,-70.84525352,25.0,9.1,0,1,Summer,2013.0,7.0,1,0,0
W0926,42.00459582,-70.84525352,24.6,7.8,0,1,Summer,2013.0,7.0,1,0,0
W0930,42.00146724,-70.83678103,25.6,8.7,1,2,Summer,2013.0,7.0,1,0,0
W0930,42.00146724,-70.83678103,24.9,8.5,1,2,Summer,2013.0,7.0,1,0,0
W0930,42.00146724,-70.83678103,23.6,4.1,1,3,Summer,2013.0,7.0,1,1,0
W0762,41.80918339,-70.61753091,26.2,8.6,1,2,Summer,2013.0,7.0,1,0,0
W0762,41.80918339,-70.61753091,25.7,8.4,1,2,Summer,2013.0,7.0,1,0,0
W0762,41.80918339,-70.61753091,25.5,7.9,1,2,Summer,2013.0,7.0,1,0,0
W0762,41.80918339,-70.61753091,24.8,3.3,1,3,Summer,2013.0,7.0,1,1,0
W0754,41.80999411,-70.62755574,26.5,8.8,1,2,Summer,2013.0,7.0,1,0,0
W0754,41.80999411,-70.62755574,26.2,8.8,1,2,Summer,2013.0,7.0,1,0,0
W0754,41.80999411,-70.62755574,25.9,8.4,1,2,Summer,2013.0,7.0,1,0,0
W0754,41.80999411,-70.62755574,25.5,6.4,1,2,Summer,2013.0,7.0,1,0,0
W0926,42.00459582,-70.84525352,24.7,8.2,1,2,Summer,2013.0,8.0,1,0,0
W0926,42.00459582,-70.84525352,24.1,7.8,1,2,Summer,2013.0,8.0,1,0,0
W0926,42.00459582,-70.84525352,23.8,6.4,1,2,Summer,2013.0,8.0,1,0,0
W0926,42.00459582,-70.84525352,23.0,0.8,1,3,Summer,2013.0,8.0,1,1,0
W0930,42.00146724,-70.83678103,24.5,8.3,1,2,Summer,2013.0,8.0,1,0,0
W0930,42.00146724,-70.83678103,24.2,7.8,1,2,Summer,2013.0,8.0,1,0,0
W0930,42.00146724,-70.83678103,23.7,5.5,1,2,Summer,2013.0,8.0,1,0,0
W0930,42.00146724,-70.83678103,22.9,1.1,1,3,Summer,2013.0,8.0,1,1,0
W0690,42.59751119,-72.43783955,0.0,14.6,1,1,Winter,2013.0,1.0,0,0,0
W0691,42.58812535,-72.04099473,0.0,12.5,1,1,Winter,2013.0,1.0,0,0,0
W0693,42.68279648,-72.11503734,0.0,10.8,1,1,Winter,2013.0,1.0,0,0,0
W0695,42.30485304,-71.62845076,2.1,11.3,1,1,Winter,2013.0,1.0,0,0,0
W0696,42.32543468,-71.39736431,0.8,14.1,1,1,Winter,2013.0,1.0,0,0,0
W0697,42.43206352,-71.44974106,0.6,14.7,1,1,Winter,2013.0,1.0,0,0,0
W0698,42.51227518,-71.40458554,0.3,12.2,1,1,Winter,2013.0,1.0,0,0,0
W2227,42.63595037,-71.30148697,0.3,14.4,1,1,Winter,2013.0,1.0,0,0,0
W0680,42.22778189,-71.78735524,2.9,13.1,1,1,Winter,2013.0,1.0,0,0,0
W0689,42.23053792,-71.70809238,0.3,14.1,1,1,Winter,2013.0,1.0,0,0,0
W0767,42.153873,-71.65203977,4.6,13.1,1,1,Winter,2013.0,1.0,0,0,0
W0490,42.26477944,-72.00491606,0.9,14.6,1,1,Winter,2013.0,2.0,0,0,0
W0494,42.39121389,-72.0645552,0.2,14.6,1,1,Winter,2013.0,2.0,0,0,0
W0492,42.23872578,-72.285755,1.1,14.9,1,1,Winter,2013.0,2.0,0,0,0
W0491,42.18142994,-72.26354268,2.9,14.7,1,1,Winter,2013.0,2.0,0,0,0
W0601,42.10956147,-72.11856925,2.0,14.2,1,1,Winter,2013.0,2.0,0,0,0
W0615,42.11947322,-72.00870444,1.8,14.6,1,1,Winter,2013.0,2.0,0,0,0
W0600,42.02202663,-71.9543561,2.0,14.6,1,1,Winter,2013.0,2.0,0,0,0
W0075,42.0246995,-71.88418202,2.7,14.5,1,1,Winter,2013.0,2.0,0,0,0
W0690,42.59751119,-72.43783955,3.1,13.5,1,1,Spring,2013.0,3.0,0,0,0
W0691,42.58812535,-72.04099473,2.3,12.8,1,1,Spring,2013.0,3.0,0,0,0
W0692,42.62969793,-72.15035652,2.6,13.1,1,1,Spring,2013.0,3.0,0,0,0
W0693,42.68279648,-72.11503734,0.4,12.4,1,1,Spring,2013.0,3.0,0,0,0
W0694,42.6723218,-72.09305542,2.5,13.5,1,1,Spring,2013.0,3.0,0,0,0
W0695,42.30485304,-71.62845076,1.9,12.8,1,1,Spring,2013.0,3.0,0,0,0
W0696,42.32543468,-71.39736431,2.0,14.0,1,1,Spring,2013.0,3.0,0,0,0
W0697,42.43206352,-71.44974106,1.4,14.1,1,1,Spring,2013.0,3.0,0,0,0
W0698,42.51227518,-71.40458554,0.4,13.1,1,1,Spring,2013.0,3.0,0,0,0
W2227,42.63595037,-71.30148697,2.5,13.7,1,1,Spring,2013.0,3.0,0,0,0
W0680,42.22778189,-71.78735524,5.0,12.9,1,1,Spring,2013.0,3.0,0,0,0
W0689,42.23053792,-71.70809238,5.8,12.8,1,1,Spring,2013.0,3.0,0,0,0
W0767,42.153873,-71.65203977,5.9,12.8,1,1,Spring,2013.0,3.0,0,0,0
W0515,42.1003609,-71.60111703,4.8,12.0,1,1,Spring,2013.0,3.0,0,0,0
W0688,42.02298331,-71.57206082,5.7,12.6,1,1,Spring,2013.0,3.0,0,0,0
W0481,42.4951686,-71.72192464,10.0,11.5,1,1,Spring,2013.0,4.0,0,0,0
W0483,42.44442786,-71.67186298,10.8,10.4,1,1,Spring,2013.0,4.0,0,0,0
W0487,42.62094186,-71.64380951,9.8,11.4,1,1,Spring,2013.0,4.0,0,0,0
W0496,42.62647657,-71.59314962,10.6,11.1,1,1,Spring,2013.0,4.0,0,0,0
W0485,42.66968673,-71.56776529,10.1,11.8,1,1,Spring,2013.0,4.0,0,0,0
W0490,42.26477944,-72.00491606,9.5,11.8,1,1,Spring,2013.0,4.0,0,0,0
W0494,42.39121389,-72.0645552,10.3,11.6,1,1,Spring,2013.0,4.0,0,0,0
W0493,42.26797538,-72.33276108,5.5,14.0,1,1,Spring,2013.0,4.0,0,0,0
W0492,42.23872578,-72.285755,10.7,11.8,1,1,Spring,2013.0,4.0,0,0,0
W0491,42.18142994,-72.26354268,10.7,12.3,1,1,Spring,2013.0,4.0,0,0,0
W0601,42.10956147,-72.11856925,11.5,11.0,1,1,Spring,2013.0,4.0,0,0,0
W0615,42.11947322,-72.00870444,8.7,13.4,1,1,Spring,2013.0,4.0,0,0,0
W0600,42.02202663,-71.9543561,10.5,12.1,1,1,Spring,2013.0,4.0,0,0,0
W0075,42.0246995,-71.88418202,10.8,11.6,1,1,Spring,2013.0,4.0,0,0,0
W0602,42.05094532,-71.88507359,10.7,11.4,1,1,Spring,2013.0,4.0,0,0,0
W0695,42.30485304,-71.62845076,16.1,8.1,1,1,Spring,2013.0,5.0,0,0,0
W0696,42.32543468,-71.39736431,18.2,9.7,1,1,Spring,2013.0,5.0,0,0,0
W0697,42.43206352,-71.44974106,18.8,9.7,1,1,Spring,2013.0,5.0,0,0,0
W0698,42.51227518,-71.40458554,16.5,8.6,1,1,Spring,2013.0,5.0,0,0,0
W2227,42.63595037,-71.30148697,18.6,9.5,1,1,Spring,2013.0,5.0,0,0,0
W0680,42.22778189,-71.78735524,19.0,9.1,1,1,Spring,2013.0,5.0,0,0,0
W0689,42.23053792,-71.70809238,21.4,8.2,1,1,Spring,2013.0,5.0,0,0,0
W0767,42.153873,-71.65203977,19.7,8.6,1,1,Spring,2013.0,5.0,0,0,0
W0515,42.1003609,-71.60111703,20.9,7.8,1,1,Spring,2013.0,5.0,0,0,0
W1898,42.02271855,-71.57054135999999,20.2,8.6,1,1,Spring,2013.0,5.0,0,0,0
W0481,42.4951686,-71.72192464,15.8,8.7,1,1,Spring,2013.0,5.0,0,0,0
W0483,42.44442786,-71.67186298,15.7,8.4,1,1,Spring,2013.0,5.0,0,0,0
W0487,42.62094186,-71.64380951,16.9,8.5,1,1,Spring,2013.0,5.0,0,0,0
W0496,42.62647657,-71.59314962,18.2,7.6,1,1,Spring,2013.0,5.0,0,0,0
W0485,42.66968673,-71.56776529,18.5,8.2,1,1,Spring,2013.0,5.0,0,0,0
W1898,42.02271855,-71.57054135999999,21.1,7.4,1,2,Summer,2013.0,8.0,1,0,0
W0600,42.02202663,-71.9543561,21.8,8.6,1,2,Summer,2013.0,8.0,1,0,0
W0695,42.30485304,-71.62845076,20.8,6.8,1,2,Summer,2013.0,8.0,1,0,0
W0696,42.32543468,-71.39736431,21.7,8.1,1,2,Summer,2013.0,8.0,1,0,0
W0697,42.43206352,-71.44974106,23.5,8.0,1,2,Summer,2013.0,8.0,1,0,0
W0698,42.51227518,-71.40458554,21.0,7.3,1,2,Summer,2013.0,8.0,1,0,0
W2227,42.63595037,-71.30148697,25.0,8.2,1,2,Summer,2013.0,8.0,1,0,0
W1898,42.02271855,-71.57054135999999,17.0,8.1,1,1,Fall,2013.0,9.0,0,0,0
W0600,42.02202663,-71.9543561,17.4,9.8,1,1,Fall,2013.0,9.0,0,0,0
W0481,42.4951686,-71.72192464,13.9,9.6,1,1,Fall,2013.0,9.0,0,0,0
W0483,42.44442786,-71.67186298,13.2,9.2,1,1,Fall,2013.0,9.0,0,0,0
W0487,42.62094186,-71.64380951,14.8,7.8,1,1,Fall,2013.0,9.0,0,0,0
W0496,42.62647657,-71.59314962,16.3,8.3,1,1,Fall,2013.0,9.0,0,0,0
W0485,42.66968673,-71.56776529,16.7,10.0,1,1,Fall,2013.0,9.0,0,0,0
W0695,42.30485304,-71.62845076,15.0,8.0,1,1,Fall,2013.0,9.0,0,0,0
W0696,42.32543468,-71.39736431,15.4,9.3,1,1,Fall,2013.0,9.0,0,0,0
W0697,42.43206352,-71.44974106,16.5,9.5,1,1,Fall,2013.0,9.0,0,0,0
W0698,42.51227518,-71.40458554,13.2,9.0,1,1,Fall,2013.0,9.0,0,0,0
W2227,42.63595037,-71.30148697,17.6,9.8,1,1,Fall,2013.0,9.0,0,0,0
W2268,42.66112647,-73.10381096,17.5,9.7,1,2,Summer,2012.0,6.0,1,0,0
W2261,42.66954163,-73.10371096,18.2,9.6,1,2,Summer,2012.0,6.0,1,0,0
W2265,42.70289803,-73.20019809,18.8,9.8,1,2,Summer,2012.0,6.0,1,0,0
W2256,42.54503215,-73.31275339,14.4,9.6,1,2,Summer,2012.0,6.0,1,0,0
W2245,42.45191218,-73.30161974,18.1,8.5,1,2,Summer,2012.0,6.0,1,0,0
W2272,42.3572088,-73.35414315,17.0,9.4,1,2,Summer,2012.0,6.0,1,0,0
W2252,42.24776313,-73.28034588,17.2,9.1,1,2,Summer,2012.0,6.0,1,0,0
W2266,42.27211249,-73.27397995,14.8,9.9,1,2,Summer,2012.0,6.0,1,0,0
W2249,42.25259045,-73.21962782,17.3,9.3,1,2,Summer,2012.0,6.0,1,0,0
W2257,42.16952122,-72.9736829,18.9,8.2,1,2,Summer,2012.0,6.0,1,0,0
W2274,42.24539082,-73.11391881,17.7,8.8,1,2,Summer,2012.0,6.0,1,0,0
W2259,42.15946034,-73.12792409,15.6,8.8,1,2,Summer,2012.0,6.0,1,0,0
W2250,42.04759931,-73.01699669,15.4,9.3,1,2,Summer,2012.0,6.0,1,0,0
W2267,42.11380288,-73.23231291,15.0,9.4,1,2,Summer,2012.0,6.0,1,0,0
W2273,42.45247321,-72.87827159,15.3,10.2,1,2,Summer,2012.0,6.0,1,0,0
W2262,42.40226973,-72.9795908,14.0,10.1,1,2,Summer,2012.0,6.0,1,0,0
W2246,42.40624326,-72.88766468,13.3,10.5,1,2,Summer,2012.0,6.0,1,0,0
W2270,42.26068784,-72.878683,20.0,9.2,1,2,Summer,2012.0,6.0,1,0,0
W2247,42.23747744,-72.8853956,17.4,10.4,1,2,Summer,2012.0,6.0,1,0,0
W2264,42.09976917,-72.80864416,16.1,10.0,1,2,Summer,2012.0,6.0,1,0,0
W2243,42.54141177,-72.88420012,12.3,9.6,1,2,Summer,2012.0,6.0,1,0,0
W2251,42.63919882,-72.93808435,17.7,9.2,1,2,Summer,2012.0,6.0,1,0,0
W2269,42.55160608,-73.01460875,14.8,9.3,1,2,Summer,2012.0,6.0,1,0,0
W2253,42.51152705,-72.80105071,18.2,8.6,1,2,Summer,2012.0,6.0,1,0,0
W2260,42.50830194,-72.69870678,17.9,9.2,1,2,Summer,2012.0,6.0,1,0,0
W2248,42.59824776,-72.61591962,21.3,8.5,1,2,Summer,2012.0,7.0,1,0,0
W2263,42.6732761,-72.61264226,15.2,9.8,1,2,Summer,2012.0,7.0,1,0,0
W2277,42.63908097,-72.72437309,21.2,10.3,1,2,Summer,2012.0,7.0,1,0,0
W2244,42.67416852,-72.73352769,23.2,8.5,1,2,Summer,2012.0,7.0,1,0,0
W2255,42.73205357,-72.71945734,24.3,8.5,1,2,Summer,2012.0,7.0,1,0,0
W2275,42.62826823,-72.64485764,19.9,9.0,1,2,Summer,2012.0,7.0,1,0,0
W2268,42.66112647,-73.10381096,22.0,9.0,1,2,Summer,2012.0,7.0,1,0,0
W2261,42.66954163,-73.10371096,22.2,9.1,1,2,Summer,2012.0,7.0,1,0,0
W2265,42.70289803,-73.20019809,21.9,9.9,1,2,Summer,2012.0,7.0,1,0,0
W2256,42.54503215,-73.31275339,14.6,9.2,1,2,Summer,2012.0,7.0,1,0,0
W2258,42.47391986,-73.1412082,25.3,8.9,1,2,Summer,2012.0,7.0,1,0,0
W2245,42.45191218,-73.30161974,25.6,7.2,1,2,Summer,2012.0,7.0,1,0,0
W2272,42.3572088,-73.35414315,20.6,8.5,1,2,Summer,2012.0,7.0,1,0,0
W2252,42.24776313,-73.28034588,19.9,8.2,1,2,Summer,2012.0,7.0,1,0,0
W2266,42.27211249,-73.27397995,18.7,8.8,1,2,Summer,2012.0,7.0,1,0,0
W2249,42.25259045,-73.21962782,22.0,7.0,1,2,Summer,2012.0,7.0,1,0,0
W2273,42.45247321,-72.87827159,21.6,8.7,1,2,Summer,2012.0,7.0,1,0,0
W2262,42.40226973,-72.9795908,18.4,8.9,1,2,Summer,2012.0,7.0,1,0,0
W2246,42.40624326,-72.88766468,18.8,9.2,1,2,Summer,2012.0,7.0,1,0,0
W2271,42.3820888,-72.81255079,21.5,7.2,1,2,Summer,2012.0,7.0,1,0,0
W2270,42.26068784,-72.878683,27.0,8.2,1,2,Summer,2012.0,7.0,1,0,0
W2247,42.23747744,-72.8853956,26.6,8.7,1,2,Summer,2012.0,7.0,1,0,0
W2264,42.09976917,-72.80864416,21.8,8.8,1,2,Summer,2012.0,7.0,1,0,0
W2276,42.08621595,-72.72793165,21.2,10.2,1,2,Summer,2012.0,7.0,1,0,0
W2257,42.16952122,-72.9736829,18.9,8.1,1,2,Summer,2012.0,7.0,1,0,0
W2274,42.24539082,-73.11391881,20.4,8.1,1,2,Summer,2012.0,7.0,1,0,0
W2259,42.15946034,-73.12792409,18.5,8.3,1,2,Summer,2012.0,7.0,1,0,0
W2250,42.04759931,-73.01699669,18.1,8.7,1,2,Summer,2012.0,7.0,1,0,0
W2267,42.11380288,-73.23231291,17.9,9.0,1,2,Summer,2012.0,7.0,1,0,0
W2243,42.54141177,-72.88420012,14.7,9.1,1,2,Summer,2012.0,7.0,1,0,0
W2251,42.63919882,-72.93808435,24.4,8.7,1,2,Summer,2012.0,7.0,1,0,0
W2269,42.55160608,-73.01460875,19.9,8.8,1,2,Summer,2012.0,7.0,1,0,0
W2260,42.50830194,-72.69870678,23.0,8.7,1,2,Summer,2012.0,7.0,1,0,0
W2248,42.59824776,-72.61591962,20.0,8.9,1,2,Summer,2012.0,8.0,1,0,0
W2263,42.6732761,-72.61264226,16.7,9.4,1,2,Summer,2012.0,8.0,1,0,0
W2277,42.63908097,-72.72437309,23.1,10.4,1,2,Summer,2012.0,8.0,1,0,0
W2244,42.67416852,-72.73352769,22.7,9.0,1,2,Summer,2012.0,8.0,1,0,0
W2255,42.73205357,-72.71945734,23.4,9.0,1,2,Summer,2012.0,8.0,1,0,0
W2275,42.62826823,-72.64485764,20.1,9.1,1,2,Summer,2012.0,8.0,1,0,0
W2264,42.09976917,-72.80864416,20.8,9.1,1,2,Summer,2012.0,7.0,1,0,0
W2264,42.09976917,-72.80864416,19.5,8.8,1,2,Summer,2012.0,7.0,1,0,0
W2268,42.66112647,-73.10381096,19.2,8.4,1,2,Summer,2012.0,8.0,1,0,0
W2261,42.66954163,-73.10371096,19.4,8.4,1,2,Summer,2012.0,8.0,1,0,0
W2265,42.70289803,-73.20019809,19.7,9.6,1,2,Summer,2012.0,8.0,1,0,0
W2256,42.54503215,-73.31275339,15.5,8.4,1,2,Summer,2012.0,8.0,1,0,0
W2245,42.45191218,-73.30161974,20.5,7.3,1,2,Summer,2012.0,8.0,1,0,0
W2272,42.3572088,-73.35414315,19.0,8.9,1,2,Summer,2012.0,8.0,1,0,0
W2252,42.24776313,-73.28034588,17.7,8.7,1,2,Summer,2012.0,8.0,1,0,0
W2266,42.27211249,-73.27397995,17.5,9.4,1,2,Summer,2012.0,8.0,1,0,0
W2249,42.25259045,-73.21962782,20.2,8.3,1,2,Summer,2012.0,8.0,1,0,0
W2273,42.45247321,-72.87827159,18.2,9.7,1,2,Summer,2012.0,8.0,1,0,0
W2262,42.40226973,-72.9795908,15.7,9.4,1,2,Summer,2012.0,8.0,1,0,0
W2271,42.3820888,-72.81255079,20.5,7.6,1,2,Summer,2012.0,8.0,1,0,0
W2270,42.26068784,-72.878683,25.4,8.3,1,2,Summer,2012.0,8.0,1,0,0
W2247,42.23747744,-72.8853956,23.3,9.2,1,2,Summer,2012.0,8.0,1,0,0
W2264,42.09976917,-72.80864416,19.3,9.0,1,2,Summer,2012.0,8.0,1,0,0
W2276,42.08621595,-72.72793165,18.4,10.0,1,2,Summer,2012.0,8.0,1,0,0
W2257,42.16952122,-72.9736829,19.8,8.1,1,2,Summer,2012.0,8.0,1,0,0
W2274,42.24539082,-73.11391881,19.1,8.4,1,2,Summer,2012.0,8.0,1,0,0
W2259,42.15946034,-73.12792409,17.4,9.0,1,2,Summer,2012.0,8.0,1,0,0
W2250,42.04759931,-73.01699669,17.3,8.4,1,2,Summer,2012.0,8.0,1,0,0
W2267,42.11380288,-73.23231291,16.4,6.7,1,2,Summer,2012.0,8.0,1,0,0
W2243,42.54141177,-72.88420012,13.6,9.4,1,2,Summer,2012.0,8.0,1,0,0
W2251,42.63919882,-72.93808435,22.1,9.2,1,2,Summer,2012.0,8.0,1,0,0
W2269,42.55160608,-73.01460875,18.4,9.0,1,2,Summer,2012.0,8.0,1,0,0
W2253,42.51152705,-72.80105071,21.5,8.1,1,2,Summer,2012.0,8.0,1,0,0
W2260,42.50830194,-72.69870678,21.2,9.3,1,2,Summer,2012.0,8.0,1,0,0
W2248,42.59824776,-72.61591962,20.0,8.5,1,1,Fall,2012.0,9.0,0,0,0
W2263,42.6732761,-72.61264226,15.8,9.5,1,1,Fall,2012.0,9.0,0,0,0
W2277,42.63908097,-72.72437309,19.9,10.3,1,1,Fall,2012.0,9.0,0,0,0
W2244,42.67416852,-72.73352769,18.5,9.5,1,1,Fall,2012.0,9.0,0,0,0
W2255,42.73205357,-72.71945734,18.3,9.8,1,1,Fall,2012.0,9.0,0,0,0
W2275,42.62826823,-72.64485764,17.2,9.4,1,1,Fall,2012.0,9.0,0,0,0
W0754,41.80999411,-70.62755574,24.8,8.9,1,2,Summer,2012.0,6.0,1,0,0
W0754,41.80999411,-70.62755574,24.7,9.0,1,2,Summer,2012.0,6.0,1,0,0
W0754,41.80999411,-70.62755574,24.7,8.9,1,2,Summer,2012.0,6.0,1,0,0
W0754,41.80999411,-70.62755574,22.2,0.9,1,3,Summer,2012.0,6.0,1,1,0
W0762,41.80918339,-70.61753091,24.1,9.6,1,2,Summer,2012.0,6.0,1,0,0
W0762,41.80918339,-70.61753091,24.0,9.6,1,2,Summer,2012.0,6.0,1,0,0
W0762,41.80918339,-70.61753091,23.6,9.0,1,2,Summer,2012.0,6.0,1,0,0
W0762,41.80918339,-70.61753091,21.2,2.9,1,3,Summer,2012.0,6.0,1,1,0
W0930,42.00146724,-70.83678103,22.9,8.1,1,2,Summer,2012.0,6.0,1,0,0
W0930,42.00146724,-70.83678103,22.3,8.0,1,2,Summer,2012.0,6.0,1,0,0
W0930,42.00146724,-70.83678103,21.1,2.7,1,3,Summer,2012.0,6.0,1,1,0
W0926,42.00459582,-70.84525352,22.3,7.7,1,2,Summer,2012.0,6.0,1,0,0
W0926,42.00459582,-70.84525352,22.5,7.6,1,2,Summer,2012.0,6.0,1,0,0
W0926,42.00459582,-70.84525352,22.4,7.6,1,2,Summer,2012.0,6.0,1,0,0
W0762,41.80918339,-70.61753091,28.0,10.0,0,1,Summer,2012.0,7.0,1,0,0
W0762,41.80918339,-70.61753091,27.8,9.6,0,1,Summer,2012.0,7.0,1,0,0
W0762,41.80918339,-70.61753091,27.2,6.4,0,1,Summer,2012.0,7.0,1,0,0
W0762,41.80918339,-70.61753091,25.8,1.0,0,3,Summer,2012.0,7.0,1,1,1
W0754,41.80999411,-70.62755574,29.0,8.8,1,2,Summer,2012.0,7.0,1,0,0
W0754,41.80999411,-70.62755574,28.4,8.6,1,2,Summer,2012.0,7.0,1,0,0
W0754,41.80999411,-70.62755574,28.3,8.2,1,2,Summer,2012.0,7.0,1,0,0
W0926,42.00459582,-70.84525352,25.7,7.5,0,1,Summer,2012.0,7.0,1,0,0
W0926,42.00459582,-70.84525352,25.6,7.3,0,1,Summer,2012.0,7.0,1,0,0
W0926,42.00459582,-70.84525352,25.4,7.0,0,1,Summer,2012.0,7.0,1,0,0
W0926,42.00459582,-70.84525352,25.5,7.1,0,1,Summer,2012.0,7.0,1,0,0
W0930,42.00146724,-70.83678103,25.2,7.7,1,2,Summer,2012.0,7.0,1,0,0
W0930,42.00146724,-70.83678103,25.1,7.7,1,2,Summer,2012.0,7.0,1,0,0
W0930,42.00146724,-70.83678103,25.1,7.6,1,2,Summer,2012.0,7.0,1,0,0
W0762,41.80918339,-70.61753091,25.8,10.0,1,2,Summer,2012.0,8.0,1,0,0
W0762,41.80918339,-70.61753091,25.0,7.2,1,2,Summer,2012.0,8.0,1,0,0
W0762,41.80918339,-70.61753091,24.6,2.8,1,3,Summer,2012.0,8.0,1,1,0
W0754,41.80999411,-70.62755574,26.2,9.3,1,2,Summer,2012.0,8.0,1,0,0
W0754,41.80999411,-70.62755574,26.1,9.2,1,2,Summer,2012.0,8.0,1,0,0
W0754,41.80999411,-70.62755574,25.6,7.8,1,2,Summer,2012.0,8.0,1,0,0
W0926,42.00459582,-70.84525352,25.0,8.6,1,2,Summer,2012.0,8.0,1,0,0
W0926,42.00459582,-70.84525352,24.9,8.0,1,2,Summer,2012.0,8.0,1,0,0
W0926,42.00459582,-70.84525352,24.3,7.8,1,2,Summer,2012.0,8.0,1,0,0
W0930,42.00146724,-70.83678103,25.2,7.9,1,2,Summer,2012.0,8.0,1,0,0
W0930,42.00146724,-70.83678103,25.0,7.8,1,2,Summer,2012.0,8.0,1,0,0
W0930,42.00146724,-70.83678103,24.8,7.4,1,2,Summer,2012.0,8.0,1,0,0
W0926,42.00459582,-70.84525352,19.3,8.5,1,1,Fall,2012.0,9.0,0,0,0
W0926,42.00459582,-70.84525352,19.2,8.3,1,1,Fall,2012.0,9.0,0,0,0
W0926,42.00459582,-70.84525352,19.2,8.2,1,1,Fall,2012.0,9.0,0,0,0
W0930,42.00146724,-70.83678103,18.8,8.3,0,0,Fall,2012.0,9.0,0,0,0
W0930,42.00146724,-70.83678103,18.7,8.2,0,0,Fall,2012.0,9.0,0,0,0
W0930,42.00146724,-70.83678103,18.5,7.8,0,0,Fall,2012.0,9.0,0,0,0
W0762,41.80918339,-70.61753091,20.5,9.6,1,1,Fall,2012.0,9.0,0,0,0
W0762,41.80918339,-70.61753091,20.5,9.5,1,1,Fall,2012.0,9.0,0,0,0
W0762,41.80918339,-70.61753091,20.4,8.7,1,1,Fall,2012.0,9.0,0,0,0
W0754,41.80999411,-70.62755574,20.6,9.7,1,1,Fall,2012.0,9.0,0,0,0
W0754,41.80999411,-70.62755574,20.6,9.6,1,1,Fall,2012.0,9.0,0,0,0
W0754,41.80999411,-70.62755574,20.0,9.0,1,1,Fall,2012.0,9.0,0,0,0
W0481,42.4951686,-71.72192464,2.3,12.8,1,1,Winter,2012.0,1.0,0,0,0
W0483,42.44442786,-71.67186298,2.4,12.8,1,1,Winter,2012.0,1.0,0,0,0
W0487,42.62094186,-71.64380951,0.9,13.0,1,1,Winter,2012.0,1.0,0,0,0
W0496,42.62647657,-71.59314962,1.5,13.2,1,1,Winter,2012.0,1.0,0,0,0
W0485,42.66968673,-71.56776529,0.8,13.4,1,1,Winter,2012.0,1.0,0,0,0
W0601,42.10956147,-72.11856925,1.5,13.4,1,1,Winter,2012.0,1.0,0,0,0
W0615,42.11947322,-72.00870444,2.5,13.3,1,1,Winter,2012.0,1.0,0,0,0
W0600,42.02202663,-71.9543561,1.9,13.5,1,1,Winter,2012.0,1.0,0,0,0
W0075,42.0246995,-71.88418202,2.8,13.2,1,1,Winter,2012.0,1.0,0,0,0
W0602,42.05094532,-71.88507359,2.5,13.0,1,1,Winter,2012.0,1.0,0,0,0
W0690,42.59751119,-72.43783955,0.6,14.3,1,1,Winter,2012.0,2.0,0,0,0
W0691,42.58812535,-72.04099473,1.7,12.9,1,1,Winter,2012.0,2.0,0,0,0
W0692,42.62969793,-72.15035652,1.6,13.3,1,1,Winter,2012.0,2.0,0,0,0
W0693,42.68279648,-72.11503734,0.6,12.5,1,1,Winter,2012.0,2.0,0,0,0
W0694,42.6723218,-72.09305542,2.0,13.1,1,1,Winter,2012.0,2.0,0,0,0
W0695,42.30485304,-71.62845076,4.7,11.0,1,1,Winter,2012.0,2.0,0,0,0
W0696,42.32543468,-71.39736431,4.0,13.4,1,1,Winter,2012.0,2.0,0,0,0
W0697,42.43206352,-71.44974106,4.3,14.1,1,1,Winter,2012.0,2.0,0,0,0
W0698,42.51227518,-71.40458554,2.8,12.5,1,1,Winter,2012.0,2.0,0,0,0
W2227,42.63595037,-71.30148697,4.4,13.6,1,1,Winter,2012.0,2.0,0,0,0
W0680,42.22778189,-71.78735524,4.4,13.1,1,1,Winter,2012.0,2.0,0,0,0
W0689,42.23053792,-71.70809238,3.9,13.3,1,1,Winter,2012.0,2.0,0,0,0
W0767,42.153873,-71.65203977,5.4,13.1,1,1,Winter,2012.0,2.0,0,0,0
W0515,42.1003609,-71.60111703,3.3,12.6,1,1,Winter,2012.0,2.0,0,0,0
W1898,42.02271855,-71.57054135999999,4.6,13.4,1,1,Winter,2012.0,2.0,0,0,0
W0481,42.4951686,-71.72192464,10.7,10.6,1,1,Spring,2012.0,3.0,0,0,0
W0483,42.44442786,-71.67186298,6.3,12.7,1,1,Spring,2012.0,3.0,0,0,0
W0487,42.62094186,-71.64380951,10.6,10.9,1,1,Spring,2012.0,3.0,0,0,0
W0496,42.62647657,-71.59314962,10.1,11.3,1,1,Spring,2012.0,3.0,0,0,0
W0485,42.66968673,-71.56776529,9.7,12.0,1,1,Spring,2012.0,3.0,0,0,0
W0490,42.26477944,-72.00491606,4.0,12.9,1,1,Spring,2012.0,3.0,0,0,0
W0494,42.39121389,-72.0645552,7.2,12.8,1,1,Spring,2012.0,3.0,0,0,0
W0493,42.26797538,-72.33276108,5.7,12.6,1,1,Spring,2012.0,3.0,0,0,0
W0492,42.23872578,-72.285755,8.7,11.3,1,1,Spring,2012.0,3.0,0,0,0
W0491,42.18142994,-72.26354268,8.1,12.5,1,1,Spring,2012.0,3.0,0,0,0
W0601,42.10956147,-72.11856925,10.1,11.5,1,1,Spring,2012.0,3.0,0,0,0
W0615,42.11947322,-72.00870444,6.0,12.7,1,1,Spring,2012.0,3.0,0,0,0
W0600,42.02202663,-71.9543561,8.4,12.2,1,1,Spring,2012.0,3.0,0,0,0
W0075,42.0246995,-71.88418202,8.8,12.0,1,1,Spring,2012.0,3.0,0,0,0
W0602,42.05094532,-71.88507359,8.9,12.0,1,1,Spring,2012.0,3.0,0,0,0
W0690,42.59751119,-72.43783955,8.0,12.4,1,1,Spring,2012.0,4.0,0,0,0
W0691,42.58812535,-72.04099473,8.2,11.9,1,1,Spring,2012.0,4.0,0,0,0
W0692,42.62969793,-72.15035652,8.5,11.8,1,1,Spring,2012.0,4.0,0,0,0
W0693,42.68279648,-72.11503734,7.1,11.2,1,1,Spring,2012.0,4.0,0,0,0
W0694,42.6723218,-72.09305542,7.6,12.0,1,1,Spring,2012.0,4.0,0,0,0
W0695,42.30485304,-71.62845076,10.8,8.7,1,1,Spring,2012.0,4.0,0,0,0
W0696,42.32543468,-71.39736431,11.1,11.6,1,1,Spring,2012.0,4.0,0,0,0
W0697,42.43206352,-71.44974106,11.0,12.7,1,1,Spring,2012.0,4.0,0,0,0
W0698,42.51227518,-71.40458554,10.0,11.7,1,1,Spring,2012.0,4.0,0,0,0
W2227,42.63595037,-71.30148697,11.0,12.6,1,1,Spring,2012.0,4.0,0,0,0
W0680,42.22778189,-71.78735524,11.9,10.9,1,1,Spring,2012.0,4.0,0,0,0
W0689,42.23053792,-71.70809238,12.6,10.5,1,1,Spring,2012.0,4.0,0,0,0
W0767,42.153873,-71.65203977,12.1,10.8,1,1,Spring,2012.0,4.0,0,0,0
W0515,42.1003609,-71.60111703,12.1,8.5,1,1,Spring,2012.0,4.0,0,0,0
W1898,42.02271855,-71.57054135999999,12.6,10.4,1,1,Spring,2012.0,4.0,0,0,0
W0481,42.4951686,-71.72192464,16.7,8.7,1,1,Spring,2012.0,5.0,0,0,0
W0483,42.44442786,-71.67186298,13.2,10.2,1,1,Spring,2012.0,5.0,0,0,0
W0487,42.62094186,-71.64380951,17.2,8.3,1,1,Spring,2012.0,5.0,0,0,0
W0496,42.62647657,-71.59314962,17.8,7.9,1,1,Spring,2012.0,5.0,0,0,0
W0485,42.66968673,-71.56776529,18.5,7.8,1,1,Spring,2012.0,5.0,0,0,0
W0490,42.26477944,-72.00491606,18.2,8.5,1,1,Spring,2012.0,5.0,0,0,0
W0494,42.39121389,-72.0645552,18.3,9.7,1,1,Spring,2012.0,5.0,0,0,0
W0493,42.26797538,-72.33276108,11.8,11.3,1,1,Spring,2012.0,5.0,0,0,0
W0492,42.23872578,-72.285755,19.3,9.2,1,1,Spring,2012.0,5.0,0,0,0
W0491,42.18142994,-72.26354268,21.0,9.4,1,1,Spring,2012.0,5.0,0,0,0
W0601,42.10956147,-72.11856925,23.7,7.7,1,1,Spring,2012.0,5.0,0,0,0
W0615,42.11947322,-72.00870444,20.1,8.6,1,1,Spring,2012.0,5.0,0,0,0
W0600,42.02202663,-71.9543561,23.3,8.6,1,1,Spring,2012.0,5.0,0,0,0
W0075,42.0246995,-71.88418202,23.4,8.1,1,1,Spring,2012.0,5.0,0,0,0
W0602,42.05094532,-71.88507359,23.9,8.0,1,1,Spring,2012.0,5.0,0,0,0
W0690,42.59751119,-72.43783955,19.2,8.8,1,2,Summer,2012.0,6.0,1,0,0
W0691,42.58812535,-72.04099473,18.8,7.9,1,2,Summer,2012.0,6.0,1,0,0
W0692,42.62969793,-72.15035652,20.0,8.0,1,2,Summer,2012.0,6.0,1,0,0
W0693,42.68279648,-72.11503734,18.7,6.9,1,2,Summer,2012.0,6.0,1,0,0
W0694,42.6723218,-72.09305542,19.8,8.1,1,2,Summer,2012.0,6.0,1,0,0
W0695,42.30485304,-71.62845076,19.0,6.5,1,2,Summer,2012.0,6.0,1,0,0
W0696,42.32543468,-71.39736431,21.0,8.4,1,2,Summer,2012.0,6.0,1,0,0
W0697,42.43206352,-71.44974106,22.3,8.6,1,2,Summer,2012.0,6.0,1,0,0
W0698,42.51227518,-71.40458554,19.6,7.4,1,2,Summer,2012.0,6.0,1,0,0
W0680,42.22778189,-71.78735524,19.6,8.3,1,2,Summer,2012.0,6.0,1,0,0
W0689,42.23053792,-71.70809238,21.4,7.9,1,2,Summer,2012.0,6.0,1,0,0
W0767,42.153873,-71.65203977,19.8,8.2,1,2,Summer,2012.0,6.0,1,0,0
W0515,42.1003609,-71.60111703,19.8,5.8,1,2,Summer,2012.0,6.0,1,0,0
W1898,42.02271855,-71.57054135999999,20.2,7.9,1,2,Summer,2012.0,6.0,1,0,0
W0481,42.4951686,-71.72192464,24.4,6.4,1,2,Summer,2012.0,7.0,1,0,0
W0483,42.44442786,-71.67186298,18.7,8.9,1,2,Summer,2012.0,7.0,1,0,0
W0487,42.62094186,-71.64380951,25.2,5.5,1,2,Summer,2012.0,7.0,1,0,0
W0485,42.66968673,-71.56776529,25.9,7.5,1,2,Summer,2012.0,7.0,1,0,0
W0496,42.62647657,-71.59314962,24.8,7.5,1,2,Summer,2012.0,7.0,1,0,0
W0490,42.26477944,-72.00491606,21.0,8.0,1,2,Summer,2012.0,7.0,1,0,0
W0494,42.39121389,-72.0645552,23.0,8.4,1,2,Summer,2012.0,7.0,1,0,0
W0493,42.26797538,-72.33276108,12.1,12.1,1,2,Summer,2012.0,7.0,1,0,0
W0492,42.23872578,-72.285755,24.6,8.8,1,2,Summer,2012.0,7.0,1,0,0
W0491,42.18142994,-72.26354268,26.1,9.4,1,2,Summer,2012.0,7.0,1,0,0
W0601,42.10956147,-72.11856925,24.0,7.2,1,2,Summer,2012.0,7.0,1,0,0
W0615,42.11947322,-72.00870444,18.2,9.3,1,2,Summer,2012.0,7.0,1,0,0
W0600,42.02202663,-71.9543561,22.4,8.5,1,2,Summer,2012.0,7.0,1,0,0
W0075,42.0246995,-71.88418202,23.0,7.5,1,2,Summer,2012.0,7.0,1,0,0
W0602,42.05094532,-71.88507359,23.1,7.9,1,2,Summer,2012.0,7.0,1,0,0
W0690,42.59751119,-72.43783955,21.6,8.7,1,2,Summer,2012.0,8.0,1,0,0
W0691,42.58812535,-72.04099473,20.7,7.5,1,2,Summer,2012.0,8.0,1,0,0
W0692,42.62969793,-72.15035652,21.8,8.1,1,2,Summer,2012.0,8.0,1,0,0
W0693,42.68279648,-72.11503734,20.5,5.7,1,2,Summer,2012.0,8.0,1,0,0
W0694,42.6723218,-72.09305542,21.1,7.8,1,2,Summer,2012.0,8.0,1,0,0
W0695,42.30485304,-71.62845076,20.5,5.6,1,2,Summer,2012.0,8.0,1,0,0
W0696,42.32543468,-71.39736431,22.6,8.2,1,2,Summer,2012.0,8.0,1,0,0
W0697,42.43206352,-71.44974106,23.6,8.0,1,2,Summer,2012.0,8.0,1,0,0
W0698,42.51227518,-71.40458554,20.7,6.6,1,2,Summer,2012.0,8.0,1,0,0
W2227,42.63595037,-71.30148697,25.1,9.6,1,2,Summer,2012.0,8.0,1,0,0
W0680,42.22778189,-71.78735524,21.7,7.7,1,2,Summer,2012.0,8.0,1,0,0
W0689,42.23053792,-71.70809238,23.1,7.1,1,2,Summer,2012.0,8.0,1,0,0
W0767,42.153873,-71.65203977,21.6,7.4,1,2,Summer,2012.0,8.0,1,0,0
W0515,42.1003609,-71.60111703,21.8,4.7,1,3,Summer,2012.0,8.0,1,1,0
W1898,42.02271855,-71.57054135999999,22.4,7.8,1,2,Summer,2012.0,8.0,1,0,0
W0481,42.4951686,-71.72192464,19.1,7.9,1,1,Fall,2012.0,9.0,0,0,0
W0483,42.44442786,-71.67186298,17.8,7.6,1,1,Fall,2012.0,9.0,0,0,0
W0487,42.62094186,-71.64380951,16.5,6.8,1,1,Fall,2012.0,9.0,0,0,0
W0485,42.66968673,-71.56776529,18.6,8.0,1,1,Fall,2012.0,9.0,0,0,0
W0496,42.62647657,-71.59314962,18.1,7.2,1,1,Fall,2012.0,9.0,0,0,0
W0490,42.26477944,-72.00491606,10.9,10.2,1,1,Fall,2012.0,9.0,0,0,0
W0494,42.39121389,-72.0645552,14.1,9.6,1,1,Fall,2012.0,9.0,0,0,0
W0493,42.26797538,-72.33276108,13.1,10.4,1,1,Fall,2012.0,9.0,0,0,0
W0492,42.23872578,-72.285755,14.3,10.7,1,1,Fall,2012.0,9.0,0,0,0
W0491,42.18142994,-72.26354268,15.5,10.8,1,1,Fall,2012.0,9.0,0,0,0
W0601,42.10956147,-72.11856925,18.1,8.8,1,1,Fall,2012.0,9.0,0,0,0
W0615,42.11947322,-72.00870444,14.2,9.9,1,1,Fall,2012.0,9.0,0,0,0
W0600,42.02202663,-71.9543561,16.1,9.9,1,1,Fall,2012.0,9.0,0,0,0
W0075,42.0246995,-71.88418202,16.7,9.1,1,1,Fall,2012.0,9.0,0,0,0
W0602,42.05094532,-71.88507359,16.8,9.5,1,1,Fall,2012.0,9.0,0,0,0
W0690,42.59751119,-72.43783955,10.5,11.0,1,1,Fall,2012.0,10.0,0,0,0
W0691,42.58812535,-72.04099473,11.0,9.5,1,1,Fall,2012.0,10.0,0,0,0
W0692,42.62969793,-72.15035652,10.8,10.3,1,1,Fall,2012.0,10.0,0,0,0
W0693,42.68279648,-72.11503734,9.4,9.0,1,1,Fall,2012.0,10.0,0,0,0
W0694,42.6723218,-72.09305542,10.3,10.2,1,1,Fall,2012.0,10.0,0,0,0
W0695,42.30485304,-71.62845076,14.5,5.8,1,1,Fall,2012.0,10.0,0,0,0
W0696,42.32543468,-71.39736431,13.2,10.2,1,1,Fall,2012.0,10.0,0,0,0
W0697,42.43206352,-71.44974106,12.8,9.8,1,1,Fall,2012.0,10.0,0,0,0
W0698,42.51227518,-71.40458554,11.2,8.6,1,1,Fall,2012.0,10.0,0,0,0
W2227,42.63595037,-71.30148697,13.6,9.6,1,1,Fall,2012.0,10.0,0,0,0
W0680,42.22778189,-71.78735524,7.4,12.2,1,1,Fall,2012.0,11.0,0,0,0
W0689,42.23053792,-71.70809238,6.9,12.4,1,1,Fall,2012.0,11.0,0,0,0
W0767,42.153873,-71.65203977,8.4,12.0,1,1,Fall,2012.0,11.0,0,0,0
W0515,42.1003609,-71.60111703,4.9,10.7,1,1,Fall,2012.0,11.0,0,0,0
W1898,42.02271855,-71.57054135999999,7.6,11.8,1,1,Fall,2012.0,11.0,0,0,0
W0481,42.4951686,-71.72192464,5.8,12.4,1,1,Fall,2012.0,11.0,0,0,0
W0483,42.44442786,-71.67186298,7.1,11.2,1,1,Fall,2012.0,11.0,0,0,0
W0487,42.62094186,-71.64380951,5.3,11.8,1,1,Fall,2012.0,11.0,0,0,0
W0485,42.66968673,-71.56776529,7.3,12.3,1,1,Fall,2012.0,11.0,0,0,0
W0496,42.62647657,-71.59314962,6.9,11.3,1,1,Fall,2012.0,11.0,0,0,0
W0490,42.26477944,-72.00491606,9.4,11.0,1,1,Fall,2012.0,11.0,0,0,0
W0494,42.39121389,-72.0645552,8.2,12.8,1,1,Fall,2012.0,11.0,0,0,0
W0493,42.26797538,-72.33276108,11.3,10.7,1,1,Fall,2012.0,11.0,0,0,0
W0492,42.23872578,-72.285755,8.4,12.0,1,1,Fall,2012.0,11.0,0,0,0
W0491,42.18142994,-72.26354268,9.4,12.2,1,1,Fall,2012.0,11.0,0,0,0
W0601,42.10956147,-72.11856925,6.9,12.5,1,1,Fall,2012.0,11.0,0,0,0
W0615,42.11947322,-72.00870444,6.0,13.1,1,1,Fall,2012.0,11.0,0,0,0
W0600,42.02202663,-71.9543561,7.4,12.6,1,1,Fall,2012.0,11.0,0,0,0
W0075,42.0246995,-71.88418202,8.0,12.4,1,1,Fall,2012.0,11.0,0,0,0
W0602,42.05094532,-71.88507359,7.8,12.1,1,1,Fall,2012.0,11.0,0,0,0
W2193,42.61497981,-72.40184008,11.6,10.3,1,2,Summer,2011.0,6.0,1,0,0
W2202,42.58178925,-72.32696346,11.0,7.8,1,2,Summer,2011.0,6.0,1,0,0
W2197,42.64253866,-72.2573654,15.0,8.6,1,2,Summer,2011.0,6.0,1,0,0
W2183,42.62531983,-72.19502942,13.2,9.9,1,2,Summer,2011.0,6.0,1,0,0
W2215,42.65715091,-72.13290955,18.4,6.5,1,2,Summer,2011.0,6.0,1,0,0
W2177,42.56670939,-71.95196358,18.6,6.7,1,2,Summer,2011.0,6.0,1,0,0
W2211,42.6674075,-72.00414064,21.6,6.9,1,2,Summer,2011.0,6.0,1,0,0
W2195,42.67731084,-71.9407684,22.2,8.0,1,2,Summer,2011.0,6.0,1,0,0
W2209,42.59040888,-71.86334389,19.4,8.6,1,2,Summer,2011.0,6.0,1,0,0
W2194,42.58213165,-71.90260492,22.9,8.0,1,2,Summer,2011.0,6.0,1,0,0
W2216,42.5334948,-71.90277886,15.1,6.6,1,2,Summer,2011.0,6.0,1,0,0
W2190,42.55979904,-71.86605175,24.2,7.8,1,2,Summer,2011.0,6.0,1,0,0
W2200,42.57871152,-71.82995728,23.9,8.4,1,2,Summer,2011.0,6.0,1,0,0
W2178,42.58657345,-71.8162291,17.4,9.3,1,2,Summer,2011.0,6.0,1,0,0
W2180,42.52661784,-71.75691548,23.8,8.2,1,2,Summer,2011.0,6.0,1,0,0
W2186,42.55308278,-71.66947411,24.6,7.8,1,2,Summer,2011.0,6.0,1,0,0
W2205,42.53192718,-71.57910918,24.3,5.6,1,2,Summer,2011.0,6.0,1,0,0
W2210,41.89640012,-71.33321453,20.3,7.9,1,2,Summer,2011.0,6.0,1,0,0
W2179,41.91786565,-71.35216051,16.0,7.9,1,2,Summer,2011.0,6.0,1,0,0
W2192,42.02755221,-71.48301448,18.0,7.3,1,2,Summer,2011.0,6.0,1,0,0
W2207,42.02932229,-71.60542161,19.8,7.2,1,2,Summer,2011.0,6.0,1,0,0
W2182,42.09310671,-71.73709013,21.3,8.1,1,2,Summer,2011.0,6.0,1,0,0
W2188,42.20836571,-71.69757011,21.6,8.6,1,2,Summer,2011.0,6.0,1,0,0
W2203,42.23909491,-71.8258417,20.4,7.4,1,2,Summer,2011.0,6.0,1,0,0
W2208,42.23359373,-71.8557513,19.0,8.7,1,2,Summer,2011.0,6.0,1,0,0
W2185,42.32657968,-71.86537248,15.8,7.1,1,2,Summer,2011.0,6.0,1,0,0
W2212,42.47692289,-71.72378538,17.8,8.8,1,2,Summer,2011.0,6.0,1,0,0
W2206,42.13693403,-72.10313327,16.8,7.8,1,2,Summer,2011.0,6.0,1,0,0
W2198,42.12335485,-72.20669311,19.2,4.6,1,3,Summer,2011.0,6.0,1,1,0
W2191,42.05772637,-72.18751776,15.8,9.5,1,2,Summer,2011.0,6.0,1,0,0
W2184,42.04216137,-72.09714696,18.5,8.6,1,2,Summer,2011.0,6.0,1,0,0
W2214,42.06151141,-72.06454171,16.6,9.0,1,2,Summer,2011.0,6.0,1,0,0
W2189,42.07674201,-72.02541007,17.5,9.2,1,2,Summer,2011.0,6.0,1,0,0
W2201,42.16426655,-71.9488559,18.1,8.7,1,2,Summer,2011.0,6.0,1,0,0
W2187,42.10454751,-71.92879763,21.1,8.4,1,2,Summer,2011.0,6.0,1,0,0
W2213,42.1427144,-71.86184525,15.6,8.8,1,2,Summer,2011.0,6.0,1,0,0
W2181,42.20291112,-71.85617251,20.3,7.5,1,2,Summer,2011.0,6.0,1,0,0
W2193,42.61497981,-72.40184008,14.2,9.5,1,2,Summer,2011.0,6.0,1,0,0
W2202,42.58178925,-72.32696346,13.2,7.9,1,2,Summer,2011.0,6.0,1,0,0
W2199,42.55623608,-72.23102678,17.4,8.8,1,2,Summer,2011.0,6.0,1,0,0
W2197,42.64253866,-72.2573654,20.3,7.6,1,2,Summer,2011.0,6.0,1,0,0
W2183,42.62531983,-72.19502942,15.9,9.3,1,2,Summer,2011.0,6.0,1,0,0
W2215,42.65715091,-72.13290955,23.2,5.3,1,2,Summer,2011.0,6.0,1,0,0
W2177,42.56670939,-71.95196358,23.4,6.3,1,2,Summer,2011.0,6.0,1,0,0
W2211,42.6674075,-72.00414064,16.5,8.3,1,2,Summer,2011.0,6.0,1,0,0
W2195,42.67731084,-71.9407684,18.6,8.7,1,2,Summer,2011.0,6.0,1,0,0
W2209,42.59040888,-71.86334389,15.6,9.5,1,2,Summer,2011.0,6.0,1,0,0
W2194,42.58213165,-71.90260492,18.0,8.9,1,2,Summer,2011.0,6.0,1,0,0
W2216,42.5334948,-71.90277886,13.1,6.8,1,2,Summer,2011.0,6.0,1,0,0
W2190,42.55979904,-71.86605175,19.3,8.7,1,2,Summer,2011.0,6.0,1,0,0
W2200,42.57871152,-71.82995728,18.3,9.4,1,2,Summer,2011.0,6.0,1,0,0
W2178,42.58657345,-71.8162291,14.5,9.9,1,2,Summer,2011.0,6.0,1,0,0
W2180,42.52661784,-71.75691548,19.6,8.9,1,2,Summer,2011.0,6.0,1,0,0
W2186,42.55308278,-71.66947411,21.6,8.3,1,2,Summer,2011.0,6.0,1,0,0
W2205,42.53192718,-71.57910918,20.0,7.2,1,2,Summer,2011.0,6.0,1,0,0
W2210,41.89640012,-71.33321453,22.7,7.2,1,2,Summer,2011.0,6.0,1,0,0
W2179,41.91786565,-71.35216051,16.7,7.5,1,2,Summer,2011.0,6.0,1,0,0
W2192,42.02755221,-71.48301448,19.2,7.2,1,2,Summer,2011.0,6.0,1,0,0
W2207,42.02932229,-71.60542161,18.9,6.9,1,2,Summer,2011.0,6.0,1,0,0
W2182,42.09310671,-71.73709013,22.3,7.8,1,2,Summer,2011.0,6.0,1,0,0
W2188,42.20836571,-71.69757011,23.8,8.1,1,2,Summer,2011.0,6.0,1,0,0
W2203,42.23909491,-71.8258417,21.4,6.9,1,2,Summer,2011.0,6.0,1,0,0
W2208,42.23359373,-71.8557513,19.5,8.4,1,2,Summer,2011.0,6.0,1,0,0
W2185,42.32657968,-71.86537248,16.2,6.9,1,2,Summer,2011.0,6.0,1,0,0
W2212,42.47692289,-71.72378538,17.9,8.6,1,2,Summer,2011.0,6.0,1,0,0
W2206,42.13693403,-72.10313327,19.1,7.9,1,2,Summer,2011.0,6.0,1,0,0
W2198,42.12335485,-72.20669311,22.0,5.5,1,2,Summer,2011.0,6.0,1,0,0
W2191,42.05772637,-72.18751776,18.3,9.0,1,2,Summer,2011.0,6.0,1,0,0
W2184,42.04216137,-72.09714696,22.4,7.9,1,2,Summer,2011.0,6.0,1,0,0
W2214,42.06151141,-72.06454171,23.4,7.9,1,2,Summer,2011.0,6.0,1,0,0
W2189,42.07674201,-72.02541007,21.6,8.6,1,2,Summer,2011.0,6.0,1,0,0
W2201,42.16426655,-71.9488559,23.6,7.8,1,2,Summer,2011.0,6.0,1,0,0
W2187,42.10454751,-71.92879763,26.2,7.7,1,2,Summer,2011.0,6.0,1,0,0
W2213,42.1427144,-71.86184525,20.6,8.2,1,2,Summer,2011.0,6.0,1,0,0
W2181,42.20291112,-71.85617251,25.2,6.7,1,2,Summer,2011.0,6.0,1,0,0
W2193,42.61497981,-72.40184008,16.0,9.2,1,2,Summer,2011.0,7.0,1,0,0
W2202,42.58178925,-72.32696346,14.8,8.3,1,2,Summer,2011.0,7.0,1,0,0
W2199,42.55623608,-72.23102678,19.0,8.5,1,2,Summer,2011.0,7.0,1,0,0
W2197,42.64253866,-72.2573654,20.7,7.0,1,2,Summer,2011.0,7.0,1,0,0
W2183,42.62531983,-72.19502942,18.2,8.8,1,2,Summer,2011.0,7.0,1,0,0
W2215,42.65715091,-72.13290955,23.9,4.6,1,3,Summer,2011.0,7.0,1,1,0
W2177,42.56670939,-71.95196358,21.6,6.6,1,2,Summer,2011.0,7.0,1,0,0
W2211,42.6674075,-72.00414064,20.8,5.7,1,2,Summer,2011.0,7.0,1,0,0
W2195,42.67731084,-71.9407684,20.8,7.8,1,2,Summer,2011.0,7.0,1,0,0
W2209,42.59040888,-71.86334389,22.4,8.5,1,2,Summer,2011.0,7.0,1,0,0
W2194,42.58213165,-71.90260492,20.2,8.5,1,2,Summer,2011.0,7.0,1,0,0
W2190,42.55979904,-71.86605175,22.5,8.1,1,2,Summer,2011.0,7.0,1,0,0
W2200,42.57871152,-71.82995728,23.7,8.6,1,2,Summer,2011.0,7.0,1,0,0
W2180,42.52661784,-71.75691548,21.3,8.5,1,2,Summer,2011.0,7.0,1,0,0
W2212,42.47692289,-71.72378538,20.5,8.6,1,2,Summer,2011.0,7.0,1,0,0
W2186,42.55308278,-71.66947411,25.3,8.0,1,2,Summer,2011.0,7.0,1,0,0
W2205,42.53192718,-71.57910918,24.0,6.3,1,2,Summer,2011.0,7.0,1,0,0
W2210,41.89640012,-71.33321453,26.7,6.5,1,2,Summer,2011.0,7.0,1,0,0
W2179,41.91786565,-71.35216051,22.7,7.1,1,2,Summer,2011.0,7.0,1,0,0
W2192,42.02755221,-71.48301448,24.6,6.2,1,2,Summer,2011.0,7.0,1,0,0
W2207,42.02932229,-71.60542161,16.5,7.1,1,2,Summer,2011.0,7.0,1,0,0
W2182,42.09310671,-71.73709013,30.2,9.0,1,2,Summer,2011.0,7.0,1,0,0
W2188,42.20836571,-71.69757011,31.3,6.6,1,2,Summer,2011.0,7.0,1,0,0
W2203,42.23909491,-71.8258417,28.8,8.1,1,2,Summer,2011.0,7.0,1,0,0
W2208,42.23359373,-71.8557513,26.1,7.6,1,2,Summer,2011.0,7.0,1,0,0
W2185,42.32657968,-71.86537248,22.1,6.6,1,2,Summer,2011.0,7.0,1,0,0
W2206,42.13693403,-72.10313327,19.5,7.6,1,2,Summer,2011.0,7.0,1,0,0
W2198,42.12335485,-72.20669311,21.9,4.9,1,3,Summer,2011.0,7.0,1,1,0
W2191,42.05772637,-72.18751776,19.8,8.6,1,2,Summer,2011.0,7.0,1,0,0
W2184,42.04216137,-72.09714696,21.7,8.2,1,2,Summer,2011.0,7.0,1,0,0
W2214,42.06151141,-72.06454171,19.6,8.4,1,2,Summer,2011.0,7.0,1,0,0
W2189,42.07674201,-72.02541007,20.0,8.9,1,2,Summer,2011.0,7.0,1,0,0
W2201,42.16426655,-71.9488559,21.3,7.8,1,2,Summer,2011.0,7.0,1,0,0
W2187,42.10454751,-71.92879763,25.0,6.8,1,2,Summer,2011.0,7.0,1,0,0
W2213,42.1427144,-71.86184525,20.7,8.3,1,2,Summer,2011.0,7.0,1,0,0
W2181,42.20291112,-71.85617251,22.1,7.5,1,2,Summer,2011.0,7.0,1,0,0
W2193,42.61497981,-72.40184008,17.0,8.6,1,2,Summer,2011.0,7.0,1,0,0
W2202,42.58178925,-72.32696346,15.1,7.5,1,2,Summer,2011.0,7.0,1,0,0
W2199,42.55623608,-72.23102678,20.2,8.2,1,2,Summer,2011.0,7.0,1,0,0
W2197,42.64253866,-72.2573654,21.8,6.7,1,2,Summer,2011.0,7.0,1,0,0
W2183,42.62531983,-72.19502942,19.1,8.5,1,2,Summer,2011.0,7.0,1,0,0
W2215,42.65715091,-72.13290955,25.0,4.1,1,3,Summer,2011.0,7.0,1,1,0
W2177,42.56670939,-71.95196358,23.2,6.3,1,2,Summer,2011.0,7.0,1,0,0
W2211,42.6674075,-72.00414064,21.6,4.5,1,3,Summer,2011.0,7.0,1,1,0
W2195,42.67731084,-71.9407684,20.9,7.6,1,2,Summer,2011.0,7.0,1,0,0
W2209,42.59040888,-71.86334389,22.6,8.3,1,2,Summer,2011.0,7.0,1,0,0
W2194,42.58213165,-71.90260492,21.4,8.4,1,2,Summer,2011.0,7.0,1,0,0
W2190,42.55979904,-71.86605175,23.2,7.9,1,2,Summer,2011.0,7.0,1,0,0
W2200,42.57871152,-71.82995728,26.1,8.2,1,2,Summer,2011.0,7.0,1,0,0
W2180,42.52661784,-71.75691548,25.8,7.8,1,2,Summer,2011.0,7.0,1,0,0
W2212,42.47692289,-71.72378538,21.8,8.4,1,2,Summer,2011.0,7.0,1,0,0
W2186,42.55308278,-71.66947411,25.6,7.6,1,2,Summer,2011.0,7.0,1,0,0
W2205,42.53192718,-71.57910918,24.9,6.5,1,2,Summer,2011.0,7.0,1,0,0
W2210,41.89640012,-71.33321453,22.8,7.5,1,2,Summer,2011.0,7.0,1,0,0
W2179,41.91786565,-71.35216051,19.4,7.5,1,2,Summer,2011.0,7.0,1,0,0
W2192,42.02755221,-71.48301448,20.1,7.2,1,2,Summer,2011.0,7.0,1,0,0
W2207,42.02932229,-71.60542161,21.9,7.2,1,2,Summer,2011.0,7.0,1,0,0
W2182,42.09310671,-71.73709013,26.9,10.5,1,2,Summer,2011.0,7.0,1,0,0
W2188,42.20836571,-71.69757011,27.1,6.6,1,2,Summer,2011.0,7.0,1,0,0
W2203,42.23909491,-71.8258417,25.3,7.5,1,2,Summer,2011.0,7.0,1,0,0
W2208,42.23359373,-71.8557513,20.9,8.6,1,2,Summer,2011.0,7.0,1,0,0
W2185,42.32657968,-71.86537248,18.6,7.4,1,2,Summer,2011.0,7.0,1,0,0
W2206,42.13693403,-72.10313327,17.9,7.9,1,2,Summer,2011.0,8.0,1,0,0
W2198,42.12335485,-72.20669311,19.8,4.6,1,3,Summer,2011.0,8.0,1,1,0
W2191,42.05772637,-72.18751776,18.4,8.8,1,2,Summer,2011.0,8.0,1,0,0
W2184,42.04216137,-72.09714696,20.9,8.4,1,2,Summer,2011.0,8.0,1,0,0
W2214,42.06151141,-72.06454171,18.5,8.1,1,2,Summer,2011.0,8.0,1,0,0
W2189,42.07674201,-72.02541007,21.4,9.4,1,2,Summer,2011.0,8.0,1,0,0
W2201,42.16426655,-71.9488559,21.2,8.1,1,2,Summer,2011.0,8.0,1,0,0
W2187,42.10454751,-71.92879763,22.5,5.9,1,2,Summer,2011.0,8.0,1,0,0
W2213,42.1427144,-71.86184525,21.9,8.5,1,2,Summer,2011.0,8.0,1,0,0
W2181,42.20291112,-71.85617251,22.5,7.6,1,2,Summer,2011.0,8.0,1,0,0
W2203,42.23909491,-71.8258417,28.8,8.0,1,2,Summer,2011.0,7.0,1,0,0
W2203,42.23909491,-71.8258417,23.2,9.5,1,2,Summer,2011.0,8.0,1,0,0
W2193,42.61497981,-72.40184008,17.0,8.8,1,2,Summer,2011.0,8.0,1,0,0
W2202,42.58178925,-72.32696346,15.4,7.0,1,2,Summer,2011.0,8.0,1,0,0
W2199,42.55623608,-72.23102678,18.9,8.5,1,2,Summer,2011.0,8.0,1,0,0
W2197,42.64253866,-72.2573654,19.4,7.1,1,2,Summer,2011.0,8.0,1,0,0
W2183,42.62531983,-72.19502942,18.1,8.4,1,2,Summer,2011.0,8.0,1,0,0
W2215,42.65715091,-72.13290955,21.7,3.3,1,3,Summer,2011.0,8.0,1,1,0
W2177,42.56670939,-71.95196358,21.1,6.7,1,2,Summer,2011.0,8.0,1,0,0
W2211,42.6674075,-72.00414064,19.8,7.0,1,2,Summer,2011.0,8.0,1,0,0
W2195,42.67731084,-71.9407684,20.6,8.1,1,2,Summer,2011.0,8.0,1,0,0
W2209,42.59040888,-71.86334389,19.1,8.9,1,2,Summer,2011.0,8.0,1,0,0
W2194,42.58213165,-71.90260492,20.5,8.4,1,2,Summer,2011.0,8.0,1,0,0
W2190,42.55979904,-71.86605175,22.2,8.4,1,2,Summer,2011.0,8.0,1,0,0
W2200,42.57871152,-71.82995728,22.1,9.2,1,2,Summer,2011.0,8.0,1,0,0
W2180,42.52661784,-71.75691548,19.7,8.8,1,2,Summer,2011.0,8.0,1,0,0
W2212,42.47692289,-71.72378538,20.0,8.7,1,2,Summer,2011.0,8.0,1,0,0
W2186,42.55308278,-71.66947411,25.6,7.8,1,2,Summer,2011.0,8.0,1,0,0
W2205,42.53192718,-71.57910918,22.0,5.9,1,2,Summer,2011.0,8.0,1,0,0
W2210,41.89640012,-71.33321453,22.7,7.7,1,2,Summer,2011.0,8.0,1,0,0
W2179,41.91786565,-71.35216051,22.0,7.1,1,2,Summer,2011.0,8.0,1,0,0
W2192,42.02755221,-71.48301448,21.1,7.4,1,2,Summer,2011.0,8.0,1,0,0
W2207,42.02932229,-71.60542161,21.8,7.5,1,2,Summer,2011.0,8.0,1,0,0
W2182,42.09310671,-71.73709013,25.1,8.0,1,2,Summer,2011.0,8.0,1,0,0
W2188,42.20836571,-71.69757011,24.5,7.7,1,2,Summer,2011.0,8.0,1,0,0
W2203,42.23909491,-71.8258417,24.8,8.2,1,2,Summer,2011.0,8.0,1,0,0
W2208,42.23359373,-71.8557513,23.2,8.1,1,2,Summer,2011.0,8.0,1,0,0
W2206,42.13693403,-72.10313327,17.1,8.3,1,1,Fall,2011.0,9.0,0,0,0
W2191,42.05772637,-72.18751776,16.2,9.6,1,1,Fall,2011.0,9.0,0,0,0
W2184,42.04216137,-72.09714696,20.2,8.4,1,1,Fall,2011.0,9.0,0,0,0
W2214,42.06151141,-72.06454171,18.9,8.8,1,1,Fall,2011.0,9.0,0,0,0
W2189,42.07674201,-72.02541007,20.0,8.8,1,1,Fall,2011.0,9.0,0,0,0
W2201,42.16426655,-71.9488559,21.3,8.4,1,1,Fall,2011.0,9.0,0,0,0
W2187,42.10454751,-71.92879763,22.4,7.0,1,1,Fall,2011.0,9.0,0,0,0
W2213,42.1427144,-71.86184525,19.4,8.5,1,1,Fall,2011.0,9.0,0,0,0
W2181,42.20291112,-71.85617251,22.6,7.3,1,1,Fall,2011.0,9.0,0,0,0
W2193,42.61497981,-72.40184008,18.1,8.7,1,2,Summer,2011.0,8.0,1,0,0
W2202,42.58178925,-72.32696346,15.4,7.2,1,2,Summer,2011.0,8.0,1,0,0
W2199,42.55623608,-72.23102678,19.8,8.5,1,2,Summer,2011.0,8.0,1,0,0
W2197,42.64253866,-72.2573654,20.7,6.9,1,2,Summer,2011.0,8.0,1,0,0
W2183,42.62531983,-72.19502942,18.9,8.4,1,2,Summer,2011.0,8.0,1,0,0
W2215,42.65715091,-72.13290955,23.2,4.6,1,3,Summer,2011.0,8.0,1,1,0
W2177,42.56670939,-71.95196358,23.9,6.8,1,2,Summer,2011.0,8.0,1,0,0
W2211,42.6674075,-72.00414064,18.1,7.7,1,2,Summer,2011.0,8.0,1,0,0
W2195,42.67731084,-71.9407684,20.4,8.4,1,2,Summer,2011.0,8.0,1,0,0
W2209,42.59040888,-71.86334389,18.3,9.1,1,2,Summer,2011.0,8.0,1,0,0
W2194,42.58213165,-71.90260492,20.7,8.5,1,2,Summer,2011.0,8.0,1,0,0
W2190,42.55979904,-71.86605175,21.9,8.4,1,2,Summer,2011.0,8.0,1,0,0
W2200,42.57871152,-71.82995728,20.1,9.1,1,2,Summer,2011.0,8.0,1,0,0
W2180,42.52661784,-71.75691548,21.1,8.8,1,2,Summer,2011.0,8.0,1,0,0
W2212,42.47692289,-71.72378538,20.2,8.7,1,2,Summer,2011.0,8.0,1,0,0
W2186,42.55308278,-71.66947411,25.5,8.1,1,2,Summer,2011.0,8.0,1,0,0
W2205,42.53192718,-71.57910918,20.5,6.1,1,2,Summer,2011.0,8.0,1,0,0
W2210,41.89640012,-71.33321453,21.3,7.9,1,2,Summer,2011.0,8.0,1,0,0
W2179,41.91786565,-71.35216051,19.4,7.5,1,2,Summer,2011.0,8.0,1,0,0
W2192,42.02755221,-71.48301448,18.2,7.9,1,2,Summer,2011.0,8.0,1,0,0
W2207,42.02932229,-71.60542161,18.4,7.4,1,2,Summer,2011.0,8.0,1,0,0
W2182,42.09310671,-71.73709013,24.4,8.0,1,2,Summer,2011.0,8.0,1,0,0
W2188,42.20836571,-71.69757011,23.6,7.8,1,2,Summer,2011.0,8.0,1,0,0
W2203,42.23909491,-71.8258417,23.2,9.4,1,2,Summer,2011.0,8.0,1,0,0
W2208,42.23359373,-71.8557513,19.6,8.7,1,2,Summer,2011.0,8.0,1,0,0
W2185,42.32657968,-71.86537248,17.6,4.4,1,3,Summer,2011.0,8.0,1,1,0
W2206,42.13693403,-72.10313327,17.5,7.0,1,1,Fall,2011.0,9.0,0,0,0
W2191,42.05772637,-72.18751776,16.0,9.7,1,1,Fall,2011.0,9.0,0,0,0
W2184,42.04216137,-72.09714696,18.9,8.5,1,1,Fall,2011.0,9.0,0,0,0
W2214,42.06151141,-72.06454171,18.8,8.9,1,1,Fall,2011.0,9.0,0,0,0
W2189,42.07674201,-72.02541007,18.0,9.1,1,1,Fall,2011.0,9.0,0,0,0
W2201,42.16426655,-71.9488559,18.5,8.8,1,1,Fall,2011.0,9.0,0,0,0
W2187,42.10454751,-71.92879763,21.6,7.6,1,1,Fall,2011.0,9.0,0,0,0
W2213,42.1427144,-71.86184525,16.8,8.5,1,1,Fall,2011.0,9.0,0,0,0
W2181,42.20291112,-71.85617251,20.5,7.5,1,1,Fall,2011.0,9.0,0,0,0
W2218,42.46470593,-72.38454489,17.1,9.0,1,2,Summer,2011.0,8.0,1,0,0
W0293,42.58708857,-72.35718789,16.5,9.4,1,2,Summer,2011.0,8.0,1,0,0
W1458,42.25418274,-72.94869942,16.3,9.6,1,2,Summer,2011.0,8.0,1,0,0
W2223,42.16782704,-72.94935172,16.8,9.3,1,2,Summer,2011.0,8.0,1,0,0
W2225,42.0627483,-72.40559074,17.8,7.7,1,2,Summer,2011.0,8.0,1,0,0
W1458,42.25418274,-72.94869942,16.2,9.5,1,2,Summer,2011.0,8.0,1,0,0
W2223,42.16782704,-72.94935172,18.1,9.1,1,2,Summer,2011.0,8.0,1,0,0
W2225,42.0627483,-72.40559074,21.1,8.4,1,2,Summer,2011.0,8.0,1,0,0
W0762,41.80918339,-70.61753091,20.2,7.6,0,1,Summer,2011.0,6.0,1,0,0
W0762,41.80918339,-70.61753091,20.2,7.7,0,1,Summer,2011.0,6.0,1,0,0
W0762,41.80918339,-70.61753091,20.2,7.7,0,1,Summer,2011.0,6.0,1,0,0
W0754,41.80999411,-70.62755574,20.7,7.9,0,1,Summer,2011.0,6.0,1,0,0
W0754,41.80999411,-70.62755574,20.6,7.8,0,1,Summer,2011.0,6.0,1,0,0
W0754,41.80999411,-70.62755574,20.6,7.7,0,1,Summer,2011.0,6.0,1,0,0
W0926,42.00459582,-70.84525352,27.8,9.2,1,2,Summer,2011.0,7.0,1,0,0
W0926,42.00459582,-70.84525352,27.7,9.2,1,2,Summer,2011.0,7.0,1,0,0
W0926,42.00459582,-70.84525352,27.0,6.2,1,2,Summer,2011.0,7.0,1,0,0
W0930,42.00146724,-70.83678103,28.1,8.6,0,1,Summer,2011.0,7.0,1,0,0
W0930,42.00146724,-70.83678103,26.9,6.8,0,1,Summer,2011.0,7.0,1,0,0
W0930,42.00146724,-70.83678103,26.0,4.6,0,3,Summer,2011.0,7.0,1,1,1
W0762,41.80918339,-70.61753091,23.6,7.2,0,1,Summer,2011.0,8.0,1,0,0
W0762,41.80918339,-70.61753091,23.6,6.9,0,1,Summer,2011.0,8.0,1,0,0
W0762,41.80918339,-70.61753091,23.6,6.4,0,1,Summer,2011.0,8.0,1,0,0
W0762,41.80918339,-70.61753091,23.5,5.8,0,1,Summer,2011.0,8.0,1,0,0
W0754,41.80999411,-70.62755574,24.3,8.2,0,1,Summer,2011.0,8.0,1,0,0
W0754,41.80999411,-70.62755574,24.1,8.0,0,1,Summer,2011.0,8.0,1,0,0
W0754,41.80999411,-70.62755574,24.1,7.8,0,1,Summer,2011.0,8.0,1,0,0
W0754,41.80999411,-70.62755574,24.0,7.4,0,1,Summer,2011.0,8.0,1,0,0
W0926,42.00459582,-70.84525352,22.8,8.1,1,2,Summer,2011.0,8.0,1,0,0
W0926,42.00459582,-70.84525352,22.7,7.3,1,2,Summer,2011.0,8.0,1,0,0
W0926,42.00459582,-70.84525352,22.6,6.9,1,2,Summer,2011.0,8.0,1,0,0
W0926,42.00459582,-70.84525352,22.5,7.2,1,2,Summer,2011.0,8.0,1,0,0
W0930,42.00146724,-70.83678103,22.9,6.6,1,2,Summer,2011.0,8.0,1,0,0
W0930,42.00146724,-70.83678103,22.7,5.9,1,2,Summer,2011.0,8.0,1,0,0
W0930,42.00146724,-70.83678103,22.6,5.5,1,2,Summer,2011.0,8.0,1,0,0
W0690,42.59751119,-72.43783955,0.0,15.0,1,1,Winter,2011.0,1.0,0,0,0
W0691,42.58812535,-72.04099473,0.0,12.5,1,1,Winter,2011.0,1.0,0,0,0
W0693,42.68279648,-72.11503734,0.0,11.2,1,1,Winter,2011.0,1.0,0,0,0
W0695,42.30485304,-71.62845076,3.1,11.9,1,1,Winter,2011.0,1.0,0,0,0
W0696,42.32543468,-71.39736431,0.6,14.7,1,1,Winter,2011.0,1.0,0,0,0
W0697,42.43206352,-71.44974106,0.3,14.8,1,1,Winter,2011.0,1.0,0,0,0
W0698,42.51227518,-71.40458554,0.1,12.1,1,1,Winter,2011.0,1.0,0,0,0
W0481,42.4951686,-71.72192464,1.1,15.1,1,1,Spring,2011.0,3.0,0,0,0
W0483,42.44442786,-71.67186298,2.0,0.3,1,2,Spring,2011.0,3.0,0,1,0
W0487,42.62094186,-71.64380951,0.4,14.7,1,1,Spring,2011.0,3.0,0,0,0
W0485,42.66968673,-71.56776529,0.1,15.5,1,1,Spring,2011.0,3.0,0,0,0
W0490,42.26477944,-72.00491606,2.8,13.2,1,1,Spring,2011.0,3.0,0,0,0
W0494,42.39121389,-72.0645552,2.5,14.2,1,1,Spring,2011.0,3.0,0,0,0
W0493,42.26797538,-72.33276108,2.8,13.6,1,1,Spring,2011.0,3.0,0,0,0
W0492,42.23872578,-72.285755,2.8,14.2,1,1,Spring,2011.0,3.0,0,0,0
W0491,42.18142994,-72.26354268,4.1,13.8,1,1,Spring,2011.0,3.0,0,0,0
W0601,42.10956147,-72.11856925,4.0,12.5,1,1,Spring,2011.0,3.0,0,0,0
W0615,42.11947322,-72.00870444,2.8,14.0,1,1,Spring,2011.0,3.0,0,0,0
W0600,42.02202663,-71.9543561,3.7,14.0,1,1,Spring,2011.0,3.0,0,0,0
W0075,42.0246995,-71.88418202,3.8,14.1,1,1,Spring,2011.0,3.0,0,0,0
W0602,42.05094532,-71.88507359,3.6,14.0,1,1,Spring,2011.0,3.0,0,0,0
W0690,42.59751119,-72.43783955,3.0,13.4,1,1,Spring,2011.0,3.0,0,0,0
W0691,42.58812535,-72.04099473,2.9,13.1,1,1,Spring,2011.0,3.0,0,0,0
W0692,42.62969793,-72.15035652,2.9,13.2,1,1,Spring,2011.0,3.0,0,0,0
W0693,42.68279648,-72.11503734,2.1,12.5,1,1,Spring,2011.0,3.0,0,0,0
W0694,42.6723218,-72.09305542,2.5,13.6,1,1,Spring,2011.0,3.0,0,0,0
W0695,42.30485304,-71.62845076,3.1,12.1,1,1,Spring,2011.0,3.0,0,0,0
W0696,42.32543468,-71.39736431,3.3,14.8,1,1,Spring,2011.0,3.0,0,0,0
W0697,42.43206352,-71.44974106,3.2,14.1,1,1,Spring,2011.0,3.0,0,0,0
W0698,42.51227518,-71.40458554,1.2,14.1,1,1,Spring,2011.0,3.0,0,0,0
W2227,42.63595037,-71.30148697,2.7,14.3,1,1,Spring,2011.0,3.0,0,0,0
W0680,42.22778189,-71.78735524,5.3,13.2,1,1,Spring,2011.0,3.0,0,0,0
W0689,42.23053792,-71.70809238,5.0,13.4,1,1,Spring,2011.0,3.0,0,0,0
W0767,42.153873,-71.65203977,5.8,13.0,1,1,Spring,2011.0,3.0,0,0,0
W0515,42.1003609,-71.60111703,4.7,11.9,1,1,Spring,2011.0,3.0,0,0,0
W1898,42.02271855,-71.57054135999999,5.9,12.7,1,1,Spring,2011.0,3.0,0,0,0
W0481,42.4951686,-71.72192464,11.4,10.1,1,1,Spring,2011.0,4.0,0,0,0
W0483,42.44442786,-71.67186298,8.6,11.5,1,1,Spring,2011.0,4.0,0,0,0
W0487,42.62094186,-71.64380951,10.4,10.9,1,1,Spring,2011.0,4.0,0,0,0
W0485,42.66968673,-71.56776529,10.5,10.9,1,1,Spring,2011.0,4.0,0,0,0
W0496,42.62647657,-71.59314962,10.8,10.8,1,1,Spring,2011.0,4.0,0,0,0
W0490,42.26477944,-72.00491606,11.5,10.6,1,1,Spring,2011.0,4.0,0,0,0
W0494,42.39121389,-72.0645552,11.7,10.5,1,1,Spring,2011.0,4.0,0,0,0
W0493,42.26797538,-72.33276108,6.2,12.4,1,1,Spring,2011.0,4.0,0,0,0
W0492,42.23872578,-72.285755,11.9,10.9,1,1,Spring,2011.0,4.0,0,0,0
W0491,42.18142994,-72.26354268,12.3,11.1,1,1,Spring,2011.0,4.0,0,0,0
W0601,42.10956147,-72.11856925,14.8,9.9,1,1,Spring,2011.0,4.0,0,0,0
W0615,42.11947322,-72.00870444,14.3,10.2,1,1,Spring,2011.0,4.0,0,0,0
W0600,42.02202663,-71.9543561,15.9,10.2,1,1,Spring,2011.0,4.0,0,0,0
W0075,42.0246995,-71.88418202,16.5,10.0,1,1,Spring,2011.0,4.0,0,0,0
W0602,42.05094532,-71.88507359,16.4,9.9,1,1,Spring,2011.0,4.0,0,0,0
W0690,42.59751119,-72.43783955,13.9,10.1,1,1,Spring,2011.0,5.0,0,0,0
W0691,42.58812535,-72.04099473,13.2,9.0,1,1,Spring,2011.0,5.0,0,0,0
W0692,42.62969793,-72.15035652,13.6,9.4,1,1,Spring,2011.0,5.0,0,0,0
W0693,42.68279648,-72.11503734,12.8,7.9,1,1,Spring,2011.0,5.0,0,0,0
W0694,42.6723218,-72.09305542,13.6,9.6,1,1,Spring,2011.0,5.0,0,0,0
W0680,42.22778189,-71.78735524,17.0,9.3,1,1,Spring,2011.0,5.0,0,0,0
W0689,42.23053792,-71.70809238,18.9,8.8,1,1,Spring,2011.0,5.0,0,0,0
W0767,42.153873,-71.65203977,17.0,9.6,1,1,Spring,2011.0,5.0,0,0,0
W0515,42.1003609,-71.60111703,18.4,5.9,1,1,Spring,2011.0,5.0,0,0,0
W1898,42.02271855,-71.57054135999999,17.8,8.9,1,1,Spring,2011.0,5.0,0,0,0
W0481,42.4951686,-71.72192464,15.6,9.0,1,2,Summer,2011.0,6.0,1,0,0
W0483,42.44442786,-71.67186298,13.9,10.2,1,2,Summer,2011.0,6.0,1,0,0
W0487,42.62094186,-71.64380951,15.8,9.0,1,2,Summer,2011.0,6.0,1,0,0
W0485,42.66968673,-71.56776529,17.1,8.5,1,2,Summer,2011.0,6.0,1,0,0
W0496,42.62647657,-71.59314962,16.7,9.1,1,2,Summer,2011.0,6.0,1,0,0
W0490,42.26477944,-72.00491606,18.1,8.4,1,2,Summer,2011.0,6.0,1,0,0
W0494,42.39121389,-72.0645552,20.9,9.0,1,2,Summer,2011.0,6.0,1,0,0
W0493,42.26797538,-72.33276108,17.8,9.6,1,2,Summer,2011.0,6.0,1,0,0
W0492,42.23872578,-72.285755,21.2,9.0,1,2,Summer,2011.0,6.0,1,0,0
W0491,42.18142994,-72.26354268,23.1,8.9,1,2,Summer,2011.0,6.0,1,0,0
W0601,42.10956147,-72.11856925,22.7,8.2,1,2,Summer,2011.0,6.0,1,0,0
W0615,42.11947322,-72.00870444,19.9,8.8,1,2,Summer,2011.0,6.0,1,0,0
W0600,42.02202663,-71.9543561,22.1,8.3,1,2,Summer,2011.0,6.0,1,0,0
W0075,42.0246995,-71.88418202,22.5,8.4,1,2,Summer,2011.0,6.0,1,0,0
W0602,42.05094532,-71.88507359,23.0,8.2,1,2,Summer,2011.0,6.0,1,0,0
W0690,42.59751119,-72.43783955,23.7,8.8,1,2,Summer,2011.0,7.0,1,0,0
W0691,42.58812535,-72.04099473,23.3,7.8,1,2,Summer,2011.0,7.0,1,0,0
W0692,42.62969793,-72.15035652,25.1,7.8,1,2,Summer,2011.0,7.0,1,0,0
W0693,42.68279648,-72.11503734,23.4,4.9,1,3,Summer,2011.0,7.0,1,1,0
W0694,42.6723218,-72.09305542,23.5,7.3,1,2,Summer,2011.0,7.0,1,0,0
W0695,42.30485304,-71.62845076,21.4,6.0,1,2,Summer,2011.0,7.0,1,0,0
W0696,42.32543468,-71.39736431,25.6,7.9,1,2,Summer,2011.0,7.0,1,0,0
W0697,42.43206352,-71.44974106,25.6,7.4,1,2,Summer,2011.0,7.0,1,0,0
W0698,42.51227518,-71.40458554,22.7,6.0,1,2,Summer,2011.0,7.0,1,0,0
W2227,42.63595037,-71.30148697,26.8,7.7,1,2,Summer,2011.0,7.0,1,0,0
W0680,42.22778189,-71.78735524,21.5,7.6,1,2,Summer,2011.0,7.0,1,0,0
W0689,42.23053792,-71.70809238,23.9,7.0,1,2,Summer,2011.0,7.0,1,0,0
W0767,42.153873,-71.65203977,21.7,7.4,1,2,Summer,2011.0,7.0,1,0,0
W0515,42.1003609,-71.60111703,22.4,3.2,1,3,Summer,2011.0,7.0,1,1,0
W1898,42.02271855,-71.57054135999999,22.5,7.7,1,2,Summer,2011.0,7.0,1,0,0
W0481,42.4951686,-71.72192464,19.1,9.3,1,2,Summer,2011.0,8.0,1,0,0
W0483,42.44442786,-71.67186298,16.4,10.4,1,2,Summer,2011.0,8.0,1,0,0
W0487,42.62094186,-71.64380951,19.9,7.8,1,2,Summer,2011.0,8.0,1,0,0
W0485,42.66968673,-71.56776529,20.7,9.1,1,2,Summer,2011.0,8.0,1,0,0
W0496,42.62647657,-71.59314962,22.0,8.5,1,2,Summer,2011.0,8.0,1,0,0
W0490,42.26477944,-72.00491606,18.7,7.8,1,2,Summer,2011.0,8.0,1,0,0
W0494,42.39121389,-72.0645552,18.4,8.1,1,2,Summer,2011.0,8.0,1,0,0
W0493,42.26797538,-72.33276108,12.8,10.6,1,2,Summer,2011.0,8.0,1,0,0
W0492,42.23872578,-72.285755,19.0,8.9,1,2,Summer,2011.0,8.0,1,0,0
W0491,42.18142994,-72.26354268,20.7,9.0,1,2,Summer,2011.0,8.0,1,0,0
W0601,42.10956147,-72.11856925,20.6,7.2,1,2,Summer,2011.0,8.0,1,0,0
W0615,42.11947322,-72.00870444,19.3,8.8,1,2,Summer,2011.0,8.0,1,0,0
W0600,42.02202663,-71.9543561,19.5,9.0,1,2,Summer,2011.0,8.0,1,0,0
W0075,42.0246995,-71.88418202,21.0,8.7,1,2,Summer,2011.0,8.0,1,0,0
W0602,42.05094532,-71.88507359,21.0,8.3,1,2,Summer,2011.0,8.0,1,0,0
W0690,42.59751119,-72.43783955,14.2,10.2,1,1,Fall,2011.0,9.0,0,0,0
W0691,42.58812535,-72.04099473,14.6,9.0,1,1,Fall,2011.0,9.0,0,0,0
W0692,42.62969793,-72.15035652,14.8,9.2,1,1,Fall,2011.0,9.0,0,0,0
W0693,42.68279648,-72.11503734,13.1,7.6,1,1,Fall,2011.0,9.0,0,0,0
W0694,42.6723218,-72.09305542,14.8,9.1,1,1,Fall,2011.0,9.0,0,0,0
W0695,42.30485304,-71.62845076,15.9,7.8,1,1,Fall,2011.0,9.0,0,0,0
W0696,42.32543468,-71.39736431,17.8,9.6,1,1,Fall,2011.0,9.0,0,0,0
W0697,42.43206352,-71.44974106,16.4,9.7,1,1,Fall,2011.0,9.0,0,0,0
W0698,42.51227518,-71.40458554,13.8,8.5,1,1,Fall,2011.0,9.0,0,0,0
W2227,42.63595037,-71.30148697,17.0,8.2,1,1,Fall,2011.0,9.0,0,0,0
W0680,42.22778189,-71.78735524,21.1,8.6,1,1,Fall,2011.0,9.0,0,0,0
W0689,42.23053792,-71.70809238,22.6,8.0,1,1,Fall,2011.0,9.0,0,0,0
W0767,42.153873,-71.65203977,20.8,8.5,1,1,Fall,2011.0,9.0,0,0,0
W0515,42.1003609,-71.60111703,20.5,4.1,1,2,Fall,2011.0,9.0,0,1,0
W1898,42.02271855,-71.57054135999999,21.2,8.2,1,1,Fall,2011.0,9.0,0,0,0
W0481,42.4951686,-71.72192464,12.4,10.4,1,1,Fall,2011.0,10.0,0,0,0
W0483,42.44442786,-71.67186298,14.1,9.7,1,1,Fall,2011.0,10.0,0,0,0
W0487,42.62094186,-71.64380951,11.4,9.6,1,1,Fall,2011.0,10.0,0,0,0
W0485,42.66968673,-71.56776529,13.0,8.8,1,1,Fall,2011.0,10.0,0,0,0
W0496,42.62647657,-71.59314962,12.9,9.1,1,1,Fall,2011.0,10.0,0,0,0
W0490,42.26477944,-72.00491606,9.4,11.1,1,1,Fall,2011.0,10.0,0,0,0
W0494,42.39121389,-72.0645552,9.2,11.4,1,1,Fall,2011.0,10.0,0,0,0
W0493,42.26797538,-72.33276108,14.5,9.9,1,1,Fall,2011.0,10.0,0,0,0
W0492,42.23872578,-72.285755,10.1,11.6,1,1,Fall,2011.0,10.0,0,0,0
W0491,42.18142994,-72.26354268,11.1,11.7,1,1,Fall,2011.0,10.0,0,0,0
W0601,42.10956147,-72.11856925,10.8,11.3,1,1,Fall,2011.0,10.0,0,0,0
W0615,42.11947322,-72.00870444,10.9,11.3,1,1,Fall,2011.0,10.0,0,0,0
W0600,42.02202663,-71.9543561,10.5,11.5,1,1,Fall,2011.0,10.0,0,0,0
W0075,42.0246995,-71.88418202,11.2,11.4,1,1,Fall,2011.0,10.0,0,0,0
W0602,42.05094532,-71.88507359,11.0,10.8,1,1,Fall,2011.0,10.0,0,0,0
W0690,42.59751119,-72.43783955,8.1,12.2,1,1,Fall,2011.0,11.0,0,0,0
W0691,42.58812535,-72.04099473,9.4,10.7,1,1,Fall,2011.0,11.0,0,0,0
W0692,42.62969793,-72.15035652,8.3,11.3,1,1,Fall,2011.0,11.0,0,0,0
W0693,42.68279648,-72.11503734,8.3,10.1,1,1,Fall,2011.0,11.0,0,0,0
W0694,42.6723218,-72.09305542,8.6,11.4,1,1,Fall,2011.0,11.0,0,0,0
W0695,42.30485304,-71.62845076,10.7,10.0,1,1,Fall,2011.0,11.0,0,0,0
W0696,42.32543468,-71.39736431,10.6,11.9,1,1,Fall,2011.0,11.0,0,0,0
W0697,42.43206352,-71.44974106,10.6,11.6,1,1,Fall,2011.0,11.0,0,0,0
W0698,42.51227518,-71.40458554,10.9,9.7,1,1,Fall,2011.0,11.0,0,0,0
W2227,42.63595037,-71.30148697,10.1,11.7,1,1,Fall,2011.0,11.0,0,0,0
W0680,42.22778189,-71.78735524,8.8,12.3,1,1,Fall,2011.0,11.0,0,0,0
W0689,42.23053792,-71.70809238,9.4,12.0,1,1,Fall,2011.0,11.0,0,0,0
W0767,42.153873,-71.65203977,9.9,12.0,1,1,Fall,2011.0,11.0,0,0,0
W0515,42.1003609,-71.60111703,7.6,10.4,1,1,Fall,2011.0,11.0,0,0,0
W1898,42.02271855,-71.57054135999999,9.2,11.8,1,1,Fall,2011.0,11.0,0,0,0
W2157,42.12140046,-71.45251286,22.0,6.6,1,2,Summer,2010.0,6.0,1,0,0
W2152,42.15062894,-71.42890888,21.8,4.8,1,3,Summer,2010.0,6.0,1,1,0
W2153,42.17837899,-71.38380876,22.9,5.0,1,2,Summer,2010.0,6.0,1,0,0
W2155,42.2331578,-71.32439929,18.6,7.8,1,2,Summer,2010.0,6.0,1,0,0
W2156,42.32625938,-71.26402999,25.7,8.2,1,2,Summer,2010.0,6.0,1,0,0
W2135,42.31981521,-71.39588095,25.2,7.8,1,2,Summer,2010.0,6.0,1,0,0
W2136,42.37245948,-71.42434277,23.4,7.4,1,2,Summer,2010.0,6.0,1,0,0
W2140,42.30487156,-71.48902528,19.5,9.7,1,2,Summer,2010.0,6.0,1,0,0
W2157,42.12140046,-71.45251286,17.6,7.9,1,2,Summer,2010.0,6.0,1,0,0
W2152,42.15062894,-71.42890888,18.2,5.4,1,2,Summer,2010.0,6.0,1,0,0
W2153,42.17837899,-71.38380876,18.3,6.3,1,2,Summer,2010.0,6.0,1,0,0
W2155,42.2331578,-71.32439929,15.6,8.5,1,2,Summer,2010.0,6.0,1,0,0
W2156,42.32625938,-71.26402999,22.0,8.9,1,2,Summer,2010.0,6.0,1,0,0
W2135,42.31981521,-71.39588095,22.9,8.4,1,2,Summer,2010.0,6.0,1,0,0
W2136,42.37245948,-71.42434277,19.7,9.4,1,2,Summer,2010.0,6.0,1,0,0
W2140,42.30487156,-71.48902528,16.1,9.4,1,2,Summer,2010.0,6.0,1,0,0
W2129,42.32853743,-71.67657471,15.0,9.6,1,2,Summer,2010.0,6.0,1,0,0
W2139,42.33332389,-71.6801695,15.1,9.2,1,2,Summer,2010.0,6.0,1,0,0
W2131,42.41229436,-71.65055569,14.2,6.2,1,2,Summer,2010.0,6.0,1,0,0
W2138,42.44091924,-71.54610442,17.1,7.4,1,2,Summer,2010.0,6.0,1,0,0
W2134,42.42994117,-71.51519095,18.3,7.7,1,2,Summer,2010.0,6.0,1,0,0
W2132,42.46013905,-71.5068318,14.0,9.1,1,2,Summer,2010.0,6.0,1,0,0
W2137,42.46739849,-71.42842635,14.5,8.2,1,2,Summer,2010.0,6.0,1,0,0
W2133,42.50413128,-71.41551085,16.2,8.0,1,2,Summer,2010.0,6.0,1,0,0
W2128,42.5124821,-71.3828515,14.3,8.5,1,2,Summer,2010.0,6.0,1,0,0
W2130,42.59600079,-71.34825495,15.7,9.0,1,2,Summer,2010.0,6.0,1,0,0
W2129,42.32853743,-71.67657471,16.4,9.4,1,2,Summer,2010.0,6.0,1,0,0
W2139,42.33332389,-71.6801695,16.2,9.0,1,2,Summer,2010.0,6.0,1,0,0
W2131,42.41229436,-71.65055569,14.1,6.3,1,2,Summer,2010.0,6.0,1,0,0
W2138,42.44091924,-71.54610442,20.2,7.4,1,2,Summer,2010.0,6.0,1,0,0
W2134,42.42994117,-71.51519095,21.0,7.9,1,2,Summer,2010.0,6.0,1,0,0
W2132,42.46013905,-71.5068318,15.2,8.9,1,2,Summer,2010.0,6.0,1,0,0
W2137,42.46739849,-71.42842635,15.4,8.2,1,2,Summer,2010.0,6.0,1,0,0
W2133,42.50413128,-71.41551085,19.3,7.6,1,2,Summer,2010.0,6.0,1,0,0
W2128,42.5124821,-71.3828515,15.7,7.7,1,2,Summer,2010.0,6.0,1,0,0
W2130,42.59600079,-71.34825495,18.7,8.4,1,2,Summer,2010.0,6.0,1,0,0
W2158,42.70975424,-71.85170033,15.7,8.6,1,2,Summer,2010.0,6.0,1,0,0
W2159,42.64641775,-71.40503654,14.9,8.8,1,2,Summer,2010.0,6.0,1,0,0
W2167,42.6258075,-71.38835243,19.7,9.0,1,2,Summer,2010.0,6.0,1,0,0
W2145,42.54625187,-71.2527211,16.6,8.7,1,2,Summer,2010.0,6.0,1,0,0
W2149,42.51707907,-71.24471208,19.8,8.3,1,2,Summer,2010.0,6.0,1,0,0
W2147,42.56945269,-71.21526802,20.9,8.9,1,2,Summer,2010.0,6.0,1,0,0
W2144,42.59984567,-71.19306651,21.0,9.3,1,2,Summer,2010.0,6.0,1,0,0
W2148,42.61704681,-71.16789529,21.1,8.9,1,2,Summer,2010.0,6.0,1,0,0
W2143,42.62803415,-71.20154765,20.7,5.1,1,2,Summer,2010.0,6.0,1,0,0
W2158,42.70975424,-71.85170033,19.1,7.8,1,2,Summer,2010.0,6.0,1,0,0
W2159,42.64641775,-71.40503654,18.1,8.0,1,2,Summer,2010.0,6.0,1,0,0
W2167,42.6258075,-71.38835243,21.8,7.9,1,2,Summer,2010.0,6.0,1,0,0
W2145,42.54625187,-71.2527211,18.8,7.6,1,2,Summer,2010.0,6.0,1,0,0
W2149,42.51707907,-71.24471208,21.7,7.1,1,2,Summer,2010.0,6.0,1,0,0
W2147,42.56945269,-71.21526802,23.4,6.9,1,2,Summer,2010.0,6.0,1,0,0
W2144,42.59984567,-71.19306651,22.8,7.1,1,2,Summer,2010.0,6.0,1,0,0
W2148,42.61704681,-71.16789529,23.3,6.8,1,2,Summer,2010.0,6.0,1,0,0
W2143,42.62803415,-71.20154765,22.5,5.0,1,2,Summer,2010.0,6.0,1,0,0
W2150,42.50955132,-71.03640039,22.9,4.7,1,3,Summer,2010.0,6.0,1,1,0
W2151,42.52481982,-70.92071248,21.8,7.8,1,2,Summer,2010.0,6.0,1,0,0
W2168,42.65733113,-70.93965944,22.1,5.0,1,2,Summer,2010.0,6.0,1,0,0
W2141,42.71872773,-70.98414919,20.4,2.4,1,3,Summer,2010.0,6.0,1,1,0
W2161,42.74648546,-71.04070809,22.8,8.1,1,2,Summer,2010.0,6.0,1,0,0
W2160,42.84388438,-71.00469926,25.6,6.8,1,2,Summer,2010.0,6.0,1,0,0
W2162,42.79801999,-71.10455406,23.2,6.5,1,2,Summer,2010.0,6.0,1,0,0
W2146,42.68793406,-71.13865086,24.2,7.4,0,1,Summer,2010.0,6.0,1,0,0
W2150,42.50955132,-71.03640039,20.7,4.4,1,3,Summer,2010.0,6.0,1,1,0
W2151,42.52481982,-70.92071248,21.1,8.3,1,2,Summer,2010.0,6.0,1,0,0
W2168,42.65733113,-70.93965944,20.3,5.0,1,2,Summer,2010.0,6.0,1,0,0
W2141,42.71872773,-70.98414919,19.1,3.0,1,3,Summer,2010.0,6.0,1,1,0
W2161,42.74648546,-71.04070809,22.5,8.2,1,2,Summer,2010.0,6.0,1,0,0
W2160,42.84388438,-71.00469926,25.0,6.4,1,2,Summer,2010.0,6.0,1,0,0
W2162,42.79801999,-71.10455406,23.2,6.3,1,2,Summer,2010.0,6.0,1,0,0
W2146,42.68793406,-71.13865086,24.1,7.4,0,1,Summer,2010.0,6.0,1,0,0
W2157,42.12140046,-71.45251286,26.8,5.8,1,2,Summer,2010.0,7.0,1,0,0
W2152,42.15062894,-71.42890888,23.5,4.5,1,3,Summer,2010.0,7.0,1,1,0
W2155,42.2331578,-71.32439929,19.2,8.2,1,2,Summer,2010.0,7.0,1,0,0
W2156,42.32625938,-71.26402999,28.7,8.6,1,2,Summer,2010.0,7.0,1,0,0
W2135,42.31981521,-71.39588095,25.2,7.8,1,2,Summer,2010.0,7.0,1,0,0
W2136,42.37245948,-71.42434277,26.8,7.3,1,2,Summer,2010.0,7.0,1,0,0
W2140,42.30487156,-71.48902528,23.4,9.3,1,2,Summer,2010.0,7.0,1,0,0
W2157,42.12140046,-71.45251286,26.1,6.1,1,2,Summer,2010.0,7.0,1,0,0
W2152,42.15062894,-71.42890888,25.2,4.3,1,4,Summer,2010.0,7.0,1,1,1
W2155,42.2331578,-71.32439929,18.4,8.1,1,2,Summer,2010.0,7.0,1,0,0
W2156,42.32625938,-71.26402999,27.3,7.4,1,2,Summer,2010.0,7.0,1,0,0
W2135,42.31981521,-71.39588095,23.5,6.0,1,2,Summer,2010.0,7.0,1,0,0
W2136,42.37245948,-71.42434277,23.7,6.6,1,2,Summer,2010.0,7.0,1,0,0
W2140,42.30487156,-71.48902528,18.1,8.9,1,2,Summer,2010.0,7.0,1,0,0
W2129,42.32853743,-71.67657471,21.9,8.0,1,2,Summer,2010.0,7.0,1,0,0
W2139,42.33332389,-71.6801695,21.7,7.8,1,2,Summer,2010.0,7.0,1,0,0
W2131,42.41229436,-71.65055569,21.3,3.1,1,3,Summer,2010.0,7.0,1,1,0
W2138,42.44091924,-71.54610442,22.6,5.2,1,2,Summer,2010.0,7.0,1,0,0
W2134,42.42994117,-71.51519095,26.1,7.1,1,2,Summer,2010.0,7.0,1,0,0
W2137,42.46739849,-71.42842635,21.9,6.6,1,2,Summer,2010.0,7.0,1,0,0
W2133,42.50413128,-71.41551085,26.4,6.7,1,2,Summer,2010.0,7.0,1,0,0
W2130,42.59600079,-71.34825495,26.4,6.9,1,2,Summer,2010.0,7.0,1,0,0
W2129,42.32853743,-71.67657471,21.2,8.3,1,2,Summer,2010.0,7.0,1,0,0
W2139,42.33332389,-71.6801695,21.1,8.0,1,2,Summer,2010.0,7.0,1,0,0
W2131,42.41229436,-71.65055569,20.7,2.9,1,3,Summer,2010.0,7.0,1,1,0
W2138,42.44091924,-71.54610442,23.4,5.8,1,2,Summer,2010.0,7.0,1,0,0
W2134,42.42994117,-71.51519095,25.9,7.5,1,2,Summer,2010.0,7.0,1,0,0
W2137,42.46739849,-71.42842635,20.7,6.9,1,2,Summer,2010.0,7.0,1,0,0
W2133,42.50413128,-71.41551085,24.8,6.5,1,2,Summer,2010.0,7.0,1,0,0
W2130,42.59600079,-71.34825495,26.1,7.5,1,2,Summer,2010.0,7.0,1,0,0
W2158,42.70975424,-71.85170033,17.9,8.5,1,2,Summer,2010.0,7.0,1,0,0
W2167,42.6258075,-71.38835243,17.1,8.2,1,2,Summer,2010.0,7.0,1,0,0
W2145,42.54625187,-71.2527211,19.3,7.5,1,2,Summer,2010.0,7.0,1,0,0
W2149,42.51707907,-71.24471208,22.7,6.9,1,2,Summer,2010.0,7.0,1,0,0
W2147,42.56945269,-71.21526802,23.5,6.4,1,2,Summer,2010.0,7.0,1,0,0
W2144,42.59984567,-71.19306651,23.5,7.3,1,2,Summer,2010.0,7.0,1,0,0
W2148,42.61704681,-71.16789529,23.7,5.9,1,2,Summer,2010.0,7.0,1,0,0
W2158,42.70975424,-71.85170033,17.8,8.2,1,2,Summer,2010.0,7.0,1,0,0
W2167,42.6258075,-71.38835243,16.5,7.8,1,2,Summer,2010.0,7.0,1,0,0
W2145,42.54625187,-71.2527211,20.0,8.1,1,2,Summer,2010.0,7.0,1,0,0
W2149,42.51707907,-71.24471208,23.6,7.6,1,2,Summer,2010.0,7.0,1,0,0
W2147,42.56945269,-71.21526802,24.1,6.1,1,2,Summer,2010.0,7.0,1,0,0
W2144,42.59984567,-71.19306651,24.8,7.3,1,2,Summer,2010.0,7.0,1,0,0
W2148,42.61704681,-71.16789529,24.5,6.2,1,2,Summer,2010.0,7.0,1,0,0
W2150,42.50955132,-71.03640039,18.8,3.9,1,3,Summer,2010.0,7.0,1,1,0
W2151,42.52481982,-70.92071248,21.0,8.7,1,2,Summer,2010.0,7.0,1,0,0
W2141,42.71872773,-70.98414919,21.7,3.7,1,3,Summer,2010.0,7.0,1,1,0
W2161,42.74648546,-71.04070809,21.8,8.4,1,2,Summer,2010.0,7.0,1,0,0
W2160,42.84388438,-71.00469926,20.6,5.4,1,2,Summer,2010.0,7.0,1,0,0
W2162,42.79801999,-71.10455406,23.5,5.7,1,2,Summer,2010.0,7.0,1,0,0
W2146,42.68793406,-71.13865086,24.0,7.3,1,2,Summer,2010.0,7.0,1,0,0
W2150,42.50955132,-71.03640039,20.2,4.1,1,3,Summer,2010.0,8.0,1,1,0
W2151,42.52481982,-70.92071248,22.3,9.5,1,2,Summer,2010.0,8.0,1,0,0
W2141,42.71872773,-70.98414919,22.4,2.5,1,3,Summer,2010.0,8.0,1,1,0
W2161,42.74648546,-71.04070809,21.5,8.4,1,2,Summer,2010.0,8.0,1,0,0
W2160,42.84388438,-71.00469926,24.9,6.0,1,2,Summer,2010.0,8.0,1,0,0
W2162,42.79801999,-71.10455406,23.1,6.4,1,2,Summer,2010.0,8.0,1,0,0
W2146,42.68793406,-71.13865086,24.5,7.5,1,2,Summer,2010.0,8.0,1,0,0
W2157,42.12140046,-71.45251286,24.1,6.8,1,2,Summer,2010.0,8.0,1,0,0
W2152,42.15062894,-71.42890888,23.9,5.1,1,2,Summer,2010.0,8.0,1,0,0
W2155,42.2331578,-71.32439929,19.9,7.8,1,2,Summer,2010.0,8.0,1,0,0
W2156,42.32625938,-71.26402999,25.5,8.0,1,2,Summer,2010.0,8.0,1,0,0
W2135,42.31981521,-71.39588095,23.9,7.2,1,2,Summer,2010.0,8.0,1,0,0
W2136,42.37245948,-71.42434277,24.4,7.7,1,2,Summer,2010.0,8.0,1,0,0
W2140,42.30487156,-71.48902528,22.0,8.2,1,2,Summer,2010.0,8.0,1,0,0
W2157,42.12140046,-71.45251286,25.6,6.6,1,2,Summer,2010.0,8.0,1,0,0
W2152,42.15062894,-71.42890888,22.7,5.1,1,2,Summer,2010.0,8.0,1,0,0
W2155,42.2331578,-71.32439929,20.0,7.7,1,2,Summer,2010.0,8.0,1,0,0
W2156,42.32625938,-71.26402999,26.4,8.5,1,2,Summer,2010.0,8.0,1,0,0
W2135,42.31981521,-71.39588095,23.3,8.2,1,2,Summer,2010.0,8.0,1,0,0
W2136,42.37245948,-71.42434277,25.5,7.7,1,2,Summer,2010.0,8.0,1,0,0
W2140,42.30487156,-71.48902528,22.9,8.1,1,2,Summer,2010.0,8.0,1,0,0
W2129,42.32853743,-71.67657471,20.6,7.9,1,2,Summer,2010.0,8.0,1,0,0
W2139,42.33332389,-71.6801695,19.7,8.0,1,2,Summer,2010.0,8.0,1,0,0
W2138,42.44091924,-71.54610442,19.7,5.6,1,2,Summer,2010.0,8.0,1,0,0
W2134,42.42994117,-71.51519095,22.9,6.7,1,2,Summer,2010.0,8.0,1,0,0
W2137,42.46739849,-71.42842635,19.4,7.2,1,2,Summer,2010.0,8.0,1,0,0
W2133,42.50413128,-71.41551085,27.0,4.5,1,4,Summer,2010.0,8.0,1,1,1
W2130,42.59600079,-71.34825495,27.1,9.7,1,2,Summer,2010.0,8.0,1,0,0
W2129,42.32853743,-71.67657471,20.9,8.1,1,2,Summer,2010.0,8.0,1,0,0
W2139,42.33332389,-71.6801695,19.7,8.2,1,2,Summer,2010.0,8.0,1,0,0
W2138,42.44091924,-71.54610442,18.2,5.2,1,2,Summer,2010.0,8.0,1,0,0
W2134,42.42994117,-71.51519095,22.1,6.8,1,2,Summer,2010.0,8.0,1,0,0
W2137,42.46739849,-71.42842635,18.7,7.1,1,2,Summer,2010.0,8.0,1,0,0
W2133,42.50413128,-71.41551085,23.0,3.8,1,3,Summer,2010.0,8.0,1,1,0
W2130,42.59600079,-71.34825495,21.0,6.3,1,2,Summer,2010.0,8.0,1,0,0
W2158,42.70975424,-71.85170033,18.0,8.2,1,2,Summer,2010.0,8.0,1,0,0
W2159,42.64641775,-71.40503654,16.0,6.7,1,2,Summer,2010.0,8.0,1,0,0
W2145,42.54625187,-71.2527211,20.1,8.0,1,2,Summer,2010.0,8.0,1,0,0
W2149,42.51707907,-71.24471208,23.9,8.1,1,2,Summer,2010.0,8.0,1,0,0
W2147,42.56945269,-71.21526802,22.8,5.1,1,2,Summer,2010.0,8.0,1,0,0
W2144,42.59984567,-71.19306651,24.0,6.6,1,2,Summer,2010.0,8.0,1,0,0
W2148,42.61704681,-71.16789529,24.0,6.5,1,2,Summer,2010.0,8.0,1,0,0
W2158,42.70975424,-71.85170033,15.9,8.4,1,2,Summer,2010.0,8.0,1,0,0
W2159,42.64641775,-71.40503654,17.2,8.5,1,2,Summer,2010.0,8.0,1,0,0
W2145,42.54625187,-71.2527211,18.1,8.7,1,2,Summer,2010.0,8.0,1,0,0
W2149,42.51707907,-71.24471208,18.0,6.5,1,2,Summer,2010.0,8.0,1,0,0
W2147,42.56945269,-71.21526802,18.2,7.5,1,2,Summer,2010.0,8.0,1,0,0
W2144,42.59984567,-71.19306651,18.2,6.8,1,2,Summer,2010.0,8.0,1,0,0
W2148,42.61704681,-71.16789529,18.2,7.5,1,2,Summer,2010.0,8.0,1,0,0
W2150,42.50955132,-71.03640039,18.0,4.7,1,3,Summer,2010.0,8.0,1,1,0
W2151,42.52481982,-70.92071248,19.1,8.3,1,2,Summer,2010.0,8.0,1,0,0
W2168,42.65733113,-70.93965944,18.8,6.4,1,2,Summer,2010.0,8.0,1,0,0
W2141,42.71872773,-70.98414919,18.1,2.4,1,3,Summer,2010.0,8.0,1,1,0
W2161,42.74648546,-71.04070809,21.5,8.7,1,2,Summer,2010.0,8.0,1,0,0
W2160,42.84388438,-71.00469926,22.0,6.3,1,2,Summer,2010.0,8.0,1,0,0
W2162,42.79801999,-71.10455406,19.8,7.9,1,2,Summer,2010.0,8.0,1,0,0
W2146,42.68793406,-71.13865086,20.4,8.6,1,2,Summer,2010.0,8.0,1,0,0
W2150,42.50955132,-71.03640039,22.0,3.6,1,2,Fall,2010.0,9.0,0,1,0
W2151,42.52481982,-70.92071248,23.8,8.3,1,1,Fall,2010.0,9.0,0,0,0
W2168,42.65733113,-70.93965944,23.1,2.2,1,2,Fall,2010.0,9.0,0,1,0
W2141,42.71872773,-70.98414919,21.3,1.0,1,2,Fall,2010.0,9.0,0,1,0
W2161,42.74648546,-71.04070809,21.8,8.7,1,1,Fall,2010.0,9.0,0,0,0
W2160,42.84388438,-71.00469926,20.5,5.8,1,1,Fall,2010.0,9.0,0,0,0
W2162,42.79801999,-71.10455406,21.8,5.6,1,1,Fall,2010.0,9.0,0,0,0
W2146,42.68793406,-71.13865086,23.6,7.0,1,1,Fall,2010.0,9.0,0,0,0
W0762,41.80918339,-70.61753091,25.4,10.1,1,2,Summer,2010.0,6.0,1,0,0
W0762,41.80918339,-70.61753091,25.3,10.0,1,2,Summer,2010.0,6.0,1,0,0
W0762,41.80918339,-70.61753091,23.2,6.6,1,2,Summer,2010.0,6.0,1,0,0
W0762,41.80918339,-70.61753091,21.4,2.6,1,3,Summer,2010.0,6.0,1,1,0
W0754,41.80999411,-70.62755574,26.4,9.3,1,2,Summer,2010.0,6.0,1,0,0
W0754,41.80999411,-70.62755574,26.2,9.3,1,2,Summer,2010.0,6.0,1,0,0
W0754,41.80999411,-70.62755574,25.8,9.6,1,2,Summer,2010.0,6.0,1,0,0
W0754,41.80999411,-70.62755574,23.4,2.8,1,3,Summer,2010.0,6.0,1,1,0
W0926,42.00459582,-70.84525352,27.4,8.7,1,2,Summer,2010.0,6.0,1,0,0
W0926,42.00459582,-70.84525352,27.2,8.4,1,2,Summer,2010.0,6.0,1,0,0
W0926,42.00459582,-70.84525352,25.6,3.1,1,4,Summer,2010.0,6.0,1,1,1
W0930,42.00146724,-70.83678103,27.9,8.3,1,2,Summer,2010.0,6.0,1,0,0
W0930,42.00146724,-70.83678103,27.7,8.3,1,2,Summer,2010.0,6.0,1,0,0
W0930,42.00146724,-70.83678103,26.1,7.0,1,2,Summer,2010.0,6.0,1,0,0
W0762,41.80918339,-70.61753091,28.0,9.0,1,2,Summer,2010.0,7.0,1,0,0
W0762,41.80918339,-70.61753091,27.8,8.8,1,2,Summer,2010.0,7.0,1,0,0
W0762,41.80918339,-70.61753091,27.5,8.2,1,2,Summer,2010.0,7.0,1,0,0
W0762,41.80918339,-70.61753091,27.4,7.9,1,2,Summer,2010.0,7.0,1,0,0
W0754,41.80999411,-70.62755574,28.5,8.4,1,2,Summer,2010.0,7.0,1,0,0
W0754,41.80999411,-70.62755574,28.5,8.3,1,2,Summer,2010.0,7.0,1,0,0
W0754,41.80999411,-70.62755574,28.5,8.3,1,2,Summer,2010.0,7.0,1,0,0
W0754,41.80999411,-70.62755574,28.4,8.2,1,2,Summer,2010.0,7.0,1,0,0
W0775,41.68379581,-70.97096286,26.3,4.2,0,3,Summer,2010.0,7.0,1,1,1
W0926,42.00459582,-70.84525352,26.7,10.3,1,2,Summer,2010.0,7.0,1,0,0
W0926,42.00459582,-70.84525352,26.3,9.6,1,2,Summer,2010.0,7.0,1,0,0
W0926,42.00459582,-70.84525352,26.0,8.7,1,2,Summer,2010.0,7.0,1,0,0
W0930,42.00146724,-70.83678103,26.7,7.8,1,2,Summer,2010.0,7.0,1,0,0
W0930,42.00146724,-70.83678103,26.3,7.8,1,2,Summer,2010.0,7.0,1,0,0
W0930,42.00146724,-70.83678103,25.8,6.9,1,2,Summer,2010.0,7.0,1,0,0
W0762,41.80918339,-70.61753091,21.4,9.1,0,1,Summer,2010.0,8.0,1,0,0
W0762,41.80918339,-70.61753091,21.4,9.1,0,1,Summer,2010.0,8.0,1,0,0
W0762,41.80918339,-70.61753091,21.3,9.1,0,1,Summer,2010.0,8.0,1,0,0
W0762,41.80918339,-70.61753091,20.5,7.6,0,1,Summer,2010.0,8.0,1,0,0
W0754,41.80999411,-70.62755574,22.0,9.1,0,1,Summer,2010.0,8.0,1,0,0
W0754,41.80999411,-70.62755574,21.8,9.1,0,1,Summer,2010.0,8.0,1,0,0
W0754,41.80999411,-70.62755574,21.8,9.1,0,1,Summer,2010.0,8.0,1,0,0
W0754,41.80999411,-70.62755574,21.3,8.0,0,1,Summer,2010.0,8.0,1,0,0
W0930,42.00146724,-70.83678103,24.0,8.1,1,1,Fall,2010.0,9.0,0,0,0
W0930,42.00146724,-70.83678103,23.7,8.1,1,1,Fall,2010.0,9.0,0,0,0
W0930,42.00146724,-70.83678103,23.6,8.0,1,1,Fall,2010.0,9.0,0,0,0
W0930,42.00146724,-70.83678103,23.6,8.0,1,1,Fall,2010.0,9.0,0,0,0
W0926,42.00459582,-70.84525352,23.6,8.4,0,0,Fall,2010.0,9.0,0,0,0
W0926,42.00459582,-70.84525352,23.4,8.2,0,0,Fall,2010.0,9.0,0,0,0
W0926,42.00459582,-70.84525352,23.3,7.9,0,0,Fall,2010.0,9.0,0,0,0
W0926,42.00459582,-70.84525352,23.1,7.3,0,0,Fall,2010.0,9.0,0,0,0
W0926,42.00459582,-70.84525352,20.2,8.4,0,0,Fall,2010.0,9.0,0,0,0
W0926,42.00459582,-70.84525352,20.2,8.4,0,0,Fall,2010.0,9.0,0,0,0
W0926,42.00459582,-70.84525352,20.1,8.4,0,0,Fall,2010.0,9.0,0,0,0
W0926,42.00459582,-70.84525352,21.3,8.3,0,0,Fall,2010.0,9.0,0,0,0
W0926,42.00459582,-70.84525352,21.3,8.1,0,0,Fall,2010.0,9.0,0,0,0
W0926,42.00459582,-70.84525352,21.1,7.7,0,0,Fall,2010.0,9.0,0,0,0
W0481,42.4951686,-71.72192464,0.2,13.9,1,1,Winter,2010.0,2.0,0,0,0
W0681,42.44473811,-71.67198789,1.3,12.9,1,1,Winter,2010.0,2.0,0,0,0
W0485,42.66968673,-71.56776529,0.2,13.1,1,1,Winter,2010.0,2.0,0,0,0
W0494,42.39121389,-72.0645552,0.0,14.3,1,1,Winter,2010.0,2.0,0,0,0
W0493,42.26797538,-72.33276108,1.1,13.3,1,1,Winter,2010.0,2.0,0,0,0
W0492,42.23872578,-72.285755,0.0,14.2,1,1,Winter,2010.0,2.0,0,0,0
W0491,42.18142994,-72.26354268,0.0,14.5,1,1,Winter,2010.0,2.0,0,0,0
W0601,42.10956147,-72.11856925,2.0,13.7,1,1,Winter,2010.0,2.0,0,0,0
W0615,42.11947322,-72.00870444,1.9,14.0,1,1,Winter,2010.0,2.0,0,0,0
W0600,42.02202663,-71.9543561,1.9,14.0,1,1,Winter,2010.0,2.0,0,0,0
W0075,42.0246995,-71.88418202,3.0,13.6,1,1,Winter,2010.0,2.0,0,0,0
W0602,42.05094532,-71.88507359,2.6,13.8,1,1,Winter,2010.0,2.0,0,0,0
W0690,42.59751119,-72.43783955,0.0,14.4,1,1,Winter,2010.0,2.0,0,0,0
W0691,42.58812535,-72.04099473,0.2,12.9,1,1,Winter,2010.0,2.0,0,0,0
W0692,42.62969793,-72.15035652,0.1,13.4,1,1,Winter,2010.0,2.0,0,0,0
W0693,42.68279648,-72.11503734,0.1,11.7,1,1,Winter,2010.0,2.0,0,0,0
W0695,42.30485304,-71.62845076,2.9,11.7,1,1,Winter,2010.0,2.0,0,0,0
W0696,42.32543468,-71.39736431,2.0,14.1,1,1,Winter,2010.0,2.0,0,0,0
W0697,42.43206352,-71.44974106,1.0,14.6,1,1,Winter,2010.0,2.0,0,0,0
W0698,42.51227518,-71.40458554,0.7,13.3,1,1,Winter,2010.0,2.0,0,0,0
W0680,42.22778189,-71.78735524,2.1,13.7,1,1,Winter,2010.0,2.0,0,0,0
W0689,42.23053792,-71.70809238,1.6,13.6,1,1,Winter,2010.0,2.0,0,0,0
W0767,42.153873,-71.65203977,2.7,13.8,1,1,Winter,2010.0,2.0,0,0,0
W0515,42.1003609,-71.60111703,0.2,13.1,1,1,Winter,2010.0,2.0,0,0,0
W1898,42.02271855,-71.57054135999999,2.1,13.5,1,1,Winter,2010.0,2.0,0,0,0
W0481,42.4951686,-71.72192464,22.4,7.3,1,2,Summer,2010.0,7.0,1,0,0
W0681,42.44473811,-71.67198789,17.0,9.1,1,2,Summer,2010.0,7.0,1,0,0
W0487,42.62094186,-71.64380951,23.7,5.4,1,2,Summer,2010.0,7.0,1,0,0
W0485,42.66968673,-71.56776529,26.0,6.4,1,2,Summer,2010.0,7.0,1,0,0
W0496,42.62647657,-71.59314962,24.8,5.5,1,2,Summer,2010.0,7.0,1,0,0
W0490,42.26477944,-72.00491606,22.0,8.2,1,2,Summer,2010.0,7.0,1,0,0
W0494,42.39121389,-72.0645552,24.8,7.7,1,2,Summer,2010.0,7.0,1,0,0
W0493,42.26797538,-72.33276108,13.3,11.2,1,2,Summer,2010.0,7.0,1,0,0
W0492,42.23872578,-72.285755,25.1,8.3,1,2,Summer,2010.0,7.0,1,0,0
W0491,42.18142994,-72.26354268,25.8,9.0,1,2,Summer,2010.0,7.0,1,0,0
W0601,42.10956147,-72.11856925,25.0,7.0,1,2,Summer,2010.0,7.0,1,0,0
W0615,42.11947322,-72.00870444,20.3,9.0,1,2,Summer,2010.0,7.0,1,0,0
W0600,42.02202663,-71.9543561,24.6,8.6,1,2,Summer,2010.0,7.0,1,0,0
W0075,42.0246995,-71.88418202,24.4,7.9,1,2,Summer,2010.0,7.0,1,0,0
W0602,42.05094532,-71.88507359,25.5,7.8,1,2,Summer,2010.0,7.0,1,0,0
W0690,42.59751119,-72.43783955,19.0,9.4,1,2,Summer,2010.0,8.0,1,0,0
W0691,42.58812535,-72.04099473,18.0,8.5,1,2,Summer,2010.0,8.0,1,0,0
W0692,42.62969793,-72.15035652,19.5,8.4,1,2,Summer,2010.0,8.0,1,0,0
W0693,42.68279648,-72.11503734,17.9,4.8,1,3,Summer,2010.0,8.0,1,1,0
W0694,42.6723218,-72.09305542,19.2,8.7,1,2,Summer,2010.0,8.0,1,0,0
W0695,42.30485304,-71.62845076,18.8,7.5,1,2,Summer,2010.0,8.0,1,0,0
W0696,42.32543468,-71.39736431,19.6,8.5,1,2,Summer,2010.0,8.0,1,0,0
W0697,42.43206352,-71.44974106,19.8,8.4,1,2,Summer,2010.0,8.0,1,0,0
W0698,42.51227518,-71.40458554,17.4,7.9,1,2,Summer,2010.0,8.0,1,0,0
W0680,42.22778189,-71.78735524,22.5,7.3,1,1,Fall,2010.0,9.0,0,0,0
W0689,42.23053792,-71.70809238,23.6,7.0,1,1,Fall,2010.0,9.0,0,0,0
W0767,42.153873,-71.65203977,23.7,7.0,1,1,Fall,2010.0,9.0,0,0,0
W0515,42.1003609,-71.60111703,19.7,0.3,1,2,Fall,2010.0,9.0,0,1,0
W1898,42.02271855,-71.57054135999999,23.4,7.4,1,1,Fall,2010.0,9.0,0,0,0
W0481,42.4951686,-71.72192464,17.2,8.0,1,1,Fall,2010.0,9.0,0,0,0
W0681,42.44473811,-71.67198789,15.7,8.3,1,1,Fall,2010.0,9.0,0,0,0
W0487,42.62094186,-71.64380951,15.8,7.2,1,1,Fall,2010.0,9.0,0,0,0
W0485,42.66968673,-71.56776529,17.8,7.9,1,1,Fall,2010.0,9.0,0,0,0
W0496,42.62647657,-71.59314962,17.0,8.7,1,1,Fall,2010.0,9.0,0,0,0
W0490,42.26477944,-72.00491606,12.8,9.6,1,1,Fall,2010.0,10.0,0,0,0
W0494,42.39121389,-72.0645552,13.2,10.4,1,1,Fall,2010.0,10.0,0,0,0
W0493,42.26797538,-72.33276108,17.0,9.2,1,1,Fall,2010.0,10.0,0,0,0
W0492,42.23872578,-72.285755,14.0,9.9,1,1,Fall,2010.0,10.0,0,0,0
W0491,42.18142994,-72.26354268,14.6,10.6,1,1,Fall,2010.0,10.0,0,0,0
W0601,42.10956147,-72.11856925,14.9,9.6,1,1,Fall,2010.0,10.0,0,0,0
W0615,42.11947322,-72.00870444,14.0,9.9,1,1,Fall,2010.0,10.0,0,0,0
W0600,42.02202663,-71.9543561,14.6,9.8,1,1,Fall,2010.0,10.0,0,0,0
W0075,42.0246995,-71.88418202,14.3,10.0,1,1,Fall,2010.0,10.0,0,0,0
W0690,42.59751119,-72.43783955,8.0,12.3,1,1,Fall,2010.0,10.0,0,0,0
W0691,42.58812535,-72.04099473,8.3,11.0,1,1,Fall,2010.0,10.0,0,0,0
W0693,42.68279648,-72.11503734,7.0,6.2,1,1,Fall,2010.0,10.0,0,0,0
W0694,42.6723218,-72.09305542,8.0,10.0,1,1,Fall,2010.0,10.0,0,0,0
W0695,42.30485304,-71.62845076,11.6,8.0,1,1,Fall,2010.0,10.0,0,0,0
W0696,42.32543468,-71.39736431,11.6,10.4,1,1,Fall,2010.0,10.0,0,0,0
W0697,42.43206352,-71.44974106,10.4,10.6,1,1,Fall,2010.0,10.0,0,0,0
W0698,42.51227518,-71.40458554,8.4,10.0,1,1,Fall,2010.0,10.0,0,0,0
W1487,42.64172611,-71.30284563,11.2,10.9,1,1,Fall,2010.0,10.0,0,0,0
W0680,42.22778189,-71.78735524,14.7,9.5,1,1,Fall,2010.0,10.0,0,0,0
W0689,42.23053792,-71.70809238,14.2,9.3,1,1,Fall,2010.0,10.0,0,0,0
W0767,42.153873,-71.65203977,16.0,8.9,1,1,Fall,2010.0,10.0,0,0,0
W1898,42.02271855,-71.57054135999999,15.4,8.4,1,1,Fall,2010.0,10.0,0,0,0
W0481,42.4951686,-71.72192464,7.6,11.4,1,1,Fall,2010.0,11.0,0,0,0
W0681,42.44473811,-71.67198789,8.6,10.1,1,1,Fall,2010.0,11.0,0,0,0
W0487,42.62094186,-71.64380951,6.5,10.7,1,1,Fall,2010.0,11.0,0,0,0
W0485,42.66968673,-71.56776529,7.4,10.6,1,1,Fall,2010.0,11.0,0,0,0
W0496,42.62647657,-71.59314962,7.6,10.7,1,1,Fall,2010.0,11.0,0,0,0
W0490,42.26477944,-72.00491606,7.2,11.5,1,1,Fall,2010.0,11.0,0,0,0
W0494,42.39121389,-72.0645552,6.2,13.0,1,1,Fall,2010.0,11.0,0,0,0
W0493,42.26797538,-72.33276108,11.0,10.8,1,1,Fall,2010.0,11.0,0,0,0
W0492,42.23872578,-72.285755,6.7,12.5,1,1,Fall,2010.0,11.0,0,0,0
W0491,42.18142994,-72.26354268,8.1,12.6,1,1,Fall,2010.0,11.0,0,0,0
W0601,42.10956147,-72.11856925,7.3,11.8,1,1,Fall,2010.0,11.0,0,0,0
W0615,42.11947322,-72.00870444,8.9,11.0,1,1,Fall,2010.0,11.0,0,0,0
W0600,42.02202663,-71.9543561,8.7,11.4,1,1,Fall,2010.0,11.0,0,0,0
W0075,42.0246995,-71.88418202,9.4,11.1,1,1,Fall,2010.0,11.0,0,0,0
W0602,42.05094532,-71.88507359,8.8,11.4,1,1,Fall,2010.0,11.0,0,0,0
W1959,41.838662,-71.23263553,14.9,8.6,1,1,Spring,2009.0,5.0,0,0,0
W1958,41.84689238,-71.25551885,14.0,9.1,1,1,Spring,2009.0,5.0,0,0,0
W0624,41.85489099,-71.255975,14.4,9.8,1,1,Spring,2009.0,5.0,0,0,0
W0665,41.8334926,-71.27765127,15.0,8.5,1,1,Spring,2009.0,5.0,0,0,0
W1956,41.83504629,-71.28898153,15.8,8.6,1,1,Spring,2009.0,5.0,0,0,0
W1955,41.83066674,-71.3297127,15.9,7.4,1,1,Spring,2009.0,5.0,0,0,0
W0622,41.81022138,-71.29169192,20.4,7.4,1,1,Spring,2009.0,5.0,0,0,0
W0651,41.78837741,-71.3295203,16.2,7.7,1,1,Spring,2009.0,5.0,0,0,0
W0661,41.77539014,-71.19881372,15.1,7.6,1,1,Spring,2009.0,5.0,0,0,0
W0654,41.76695306,-71.18552542,15.4,10.0,1,1,Spring,2009.0,5.0,0,0,0
W0641,41.75038258,-71.20392705,18.8,8.8,1,1,Spring,2009.0,5.0,0,0,0
W1962,41.69633043,-71.14860388,18.0,10.0,1,1,Spring,2009.0,5.0,0,0,0
W1960,41.78126268,-71.28901738,15.2,8.9,1,1,Spring,2009.0,5.0,0,0,0
W0637,41.79498181,-71.25266188,14.3,8.8,1,1,Spring,2009.0,5.0,0,0,0
W0638,41.78162246,-71.2504345,15.5,9.0,1,1,Spring,2009.0,5.0,0,0,0
W1961,41.74691378,-71.25130236,14.5,9.9,1,1,Spring,2009.0,5.0,0,0,0
W1959,41.838662,-71.23263553,14.7,9.2,1,1,Spring,2009.0,5.0,0,0,0
W1958,41.84689238,-71.25551885,13.7,9.4,1,1,Spring,2009.0,5.0,0,0,0
W0624,41.85489099,-71.255975,14.2,9.9,1,1,Spring,2009.0,5.0,0,0,0
W0665,41.8334926,-71.27765127,14.7,9.0,1,1,Spring,2009.0,5.0,0,0,0
W1956,41.83504629,-71.28898153,12.9,9.1,1,1,Spring,2009.0,5.0,0,0,0
W1955,41.83066674,-71.3297127,13.5,8.2,1,1,Spring,2009.0,5.0,0,0,0
W0622,41.81022138,-71.29169192,14.0,7.4,1,1,Spring,2009.0,5.0,0,0,0
W0651,41.78837741,-71.3295203,13.8,8.0,1,1,Spring,2009.0,5.0,0,0,0
W0661,41.77539014,-71.19881372,14.3,8.0,1,1,Spring,2009.0,5.0,0,0,0
W0654,41.76695306,-71.18552542,13.6,10.5,1,1,Spring,2009.0,5.0,0,0,0
W0641,41.75038258,-71.20392705,17.7,8.9,1,1,Spring,2009.0,5.0,0,0,0
W1962,41.69633043,-71.14860388,16.4,9.1,1,1,Spring,2009.0,5.0,0,0,0
W1960,41.78126268,-71.28901738,17.3,9.2,1,1,Spring,2009.0,5.0,0,0,0
W0637,41.79498181,-71.25266188,14.9,9.3,1,1,Spring,2009.0,5.0,0,0,0
W0638,41.78162246,-71.2504345,15.0,9.2,1,1,Spring,2009.0,5.0,0,0,0
W1961,41.74691378,-71.25130236,12.9,10.1,1,1,Spring,2009.0,5.0,0,0,0
W1959,41.838662,-71.23263553,15.3,8.2,1,2,Summer,2009.0,6.0,1,0,0
W1958,41.84689238,-71.25551885,15.5,8.3,1,2,Summer,2009.0,6.0,1,0,0
W0624,41.85489099,-71.255975,14.9,9.0,1,2,Summer,2009.0,6.0,1,0,0
W0665,41.8334926,-71.27765127,14.9,8.3,1,2,Summer,2009.0,6.0,1,0,0
W1956,41.83504629,-71.28898153,15.5,6.8,1,2,Summer,2009.0,6.0,1,0,0
W1955,41.83066674,-71.3297127,15.2,7.7,1,2,Summer,2009.0,6.0,1,0,0
W0622,41.81022138,-71.29169192,17.2,4.7,1,3,Summer,2009.0,6.0,1,1,0
W0651,41.78837741,-71.3295203,16.8,6.4,1,2,Summer,2009.0,6.0,1,0,0
W0661,41.77539014,-71.19881372,15.4,6.5,1,2,Summer,2009.0,6.0,1,0,0
W0654,41.76695306,-71.18552542,14.6,9.2,1,2,Summer,2009.0,6.0,1,0,0
W0641,41.75038258,-71.20392705,19.1,7.8,1,2,Summer,2009.0,6.0,1,0,0
W1960,41.78126268,-71.28901738,16.0,7.9,1,2,Summer,2009.0,6.0,1,0,0
W0637,41.79498181,-71.25266188,15.2,8.2,1,2,Summer,2009.0,6.0,1,0,0
W0638,41.78162246,-71.2504345,16.4,7.0,1,2,Summer,2009.0,6.0,1,0,0
W1961,41.74691378,-71.25130236,15.9,8.6,1,2,Summer,2009.0,6.0,1,0,0
W1959,41.838662,-71.23263553,16.6,8.3,1,2,Summer,2009.0,6.0,1,0,0
W1958,41.84689238,-71.25551885,15.9,8.8,1,2,Summer,2009.0,6.0,1,0,0
W0624,41.85489099,-71.255975,15.5,9.2,1,2,Summer,2009.0,6.0,1,0,0
W0665,41.8334926,-71.27765127,15.8,8.6,1,2,Summer,2009.0,6.0,1,0,0
W1956,41.83504629,-71.28898153,14.9,7.5,1,2,Summer,2009.0,6.0,1,0,0
W1955,41.83066674,-71.3297127,15.0,7.6,1,2,Summer,2009.0,6.0,1,0,0
W0622,41.81022138,-71.29169192,16.6,4.8,1,3,Summer,2009.0,6.0,1,1,0
W0651,41.78837741,-71.3295203,16.2,7.0,1,2,Summer,2009.0,6.0,1,0,0
W0661,41.77539014,-71.19881372,14.9,7.3,1,2,Summer,2009.0,6.0,1,0,0
W0654,41.76695306,-71.18552542,14.3,9.5,1,2,Summer,2009.0,6.0,1,0,0
W0641,41.75038258,-71.20392705,19.2,7.3,1,2,Summer,2009.0,6.0,1,0,0
W1960,41.78126268,-71.28901738,17.3,8.3,1,2,Summer,2009.0,6.0,1,0,0
W0637,41.79498181,-71.25266188,14.3,9.0,1,2,Summer,2009.0,6.0,1,0,0
W0638,41.78162246,-71.2504345,15.7,7.5,1,2,Summer,2009.0,6.0,1,0,0
W1961,41.74691378,-71.25130236,14.4,8.8,1,2,Summer,2009.0,6.0,1,0,0
W1959,41.838662,-71.23263553,20.8,7.2,1,2,Summer,2009.0,7.0,1,0,0
W1958,41.84689238,-71.25551885,20.2,7.8,1,2,Summer,2009.0,7.0,1,0,0
W0624,41.85489099,-71.255975,19.4,8.3,1,2,Summer,2009.0,7.0,1,0,0
W0665,41.8334926,-71.27765127,20.0,7.8,1,2,Summer,2009.0,7.0,1,0,0
W1956,41.83504629,-71.28898153,19.5,6.4,1,2,Summer,2009.0,7.0,1,0,0
W1955,41.83066674,-71.3297127,20.2,6.7,1,2,Summer,2009.0,7.0,1,0,0
W0622,41.81022138,-71.29169192,22.3,2.1,1,3,Summer,2009.0,7.0,1,1,0
W0651,41.78837741,-71.3295203,22.0,6.0,1,2,Summer,2009.0,7.0,1,0,0
W0661,41.77539014,-71.19881372,19.8,5.1,1,2,Summer,2009.0,7.0,1,0,0
W0654,41.76695306,-71.18552542,18.8,8.0,1,2,Summer,2009.0,7.0,1,0,0
W0641,41.75038258,-71.20392705,24.5,7.0,1,2,Summer,2009.0,7.0,1,0,0
W1962,41.69633043,-71.14860388,27.0,7.2,1,2,Summer,2009.0,7.0,1,0,0
W1960,41.78126268,-71.28901738,19.8,7.0,1,2,Summer,2009.0,7.0,1,0,0
W0637,41.79498181,-71.25266188,18.6,7.2,1,2,Summer,2009.0,7.0,1,0,0
W0638,41.78162246,-71.2504345,20.2,5.2,1,2,Summer,2009.0,7.0,1,0,0
W1961,41.74691378,-71.25130236,20.0,7.5,1,2,Summer,2009.0,7.0,1,0,0
W1959,41.838662,-71.23263553,21.5,7.2,1,2,Summer,2009.0,7.0,1,0,0
W1958,41.84689238,-71.25551885,20.0,7.8,1,2,Summer,2009.0,7.0,1,0,0
W0624,41.85489099,-71.255975,19.1,8.4,1,2,Summer,2009.0,7.0,1,0,0
W0665,41.8334926,-71.27765127,19.8,7.6,1,2,Summer,2009.0,7.0,1,0,0
W1956,41.83504629,-71.28898153,18.0,6.6,1,2,Summer,2009.0,7.0,1,0,0
W1955,41.83066674,-71.3297127,18.8,6.7,1,2,Summer,2009.0,7.0,1,0,0
W0622,41.81022138,-71.29169192,20.0,1.6,1,3,Summer,2009.0,7.0,1,1,0
W0651,41.78837741,-71.3295203,20.2,5.7,1,2,Summer,2009.0,7.0,1,0,0
W0661,41.77539014,-71.19881372,19.2,5.4,1,2,Summer,2009.0,7.0,1,0,0
W0654,41.76695306,-71.18552542,18.2,8.4,1,2,Summer,2009.0,7.0,1,0,0
W0641,41.75038258,-71.20392705,22.1,7.4,1,2,Summer,2009.0,7.0,1,0,0
W1962,41.69633043,-71.14860388,23.4,4.0,1,3,Summer,2009.0,7.0,1,1,0
W1960,41.78126268,-71.28901738,19.8,6.8,1,2,Summer,2009.0,7.0,1,0,0
W0637,41.79498181,-71.25266188,18.5,7.1,1,2,Summer,2009.0,7.0,1,0,0
W0638,41.78162246,-71.2504345,19.3,5.5,1,2,Summer,2009.0,7.0,1,0,0
W1961,41.74691378,-71.25130236,19.0,8.0,1,2,Summer,2009.0,7.0,1,0,0
W1959,41.838662,-71.23263553,22.0,5.3,1,2,Summer,2009.0,8.0,1,0,0
W1958,41.84689238,-71.25551885,23.3,6.4,1,2,Summer,2009.0,8.0,1,0,0
W0624,41.85489099,-71.255975,21.6,7.3,1,2,Summer,2009.0,8.0,1,0,0
W0665,41.8334926,-71.27765127,21.8,6.8,1,2,Summer,2009.0,8.0,1,0,0
W1956,41.83504629,-71.28898153,20.6,5.2,1,2,Summer,2009.0,8.0,1,0,0
W1955,41.83066674,-71.3297127,23.3,5.3,1,2,Summer,2009.0,8.0,1,0,0
W0622,41.81022138,-71.29169192,24.6,2.0,1,3,Summer,2009.0,8.0,1,1,0
W0651,41.78837741,-71.3295203,24.0,4.4,1,3,Summer,2009.0,8.0,1,1,0
W0661,41.77539014,-71.19881372,23.6,4.6,1,3,Summer,2009.0,8.0,1,1,0
W0654,41.76695306,-71.18552542,22.3,7.0,1,2,Summer,2009.0,8.0,1,0,0
W0641,41.75038258,-71.20392705,26.3,5.6,1,2,Summer,2009.0,8.0,1,0,0
W1962,41.69633043,-71.14860388,28.3,6.4,1,2,Summer,2009.0,8.0,1,0,0
W1960,41.78126268,-71.28901738,24.0,5.9,1,2,Summer,2009.0,8.0,1,0,0
W0637,41.79498181,-71.25266188,21.1,6.9,1,2,Summer,2009.0,8.0,1,0,0
W0638,41.78162246,-71.2504345,24.0,5.2,1,2,Summer,2009.0,8.0,1,0,0
W1961,41.74691378,-71.25130236,22.9,6.4,1,2,Summer,2009.0,8.0,1,0,0
W1959,41.838662,-71.23263553,21.6,5.8,1,2,Summer,2009.0,8.0,1,0,0
W1958,41.84689238,-71.25551885,23.3,6.2,1,2,Summer,2009.0,8.0,1,0,0
W0624,41.85489099,-71.255975,21.6,7.5,1,2,Summer,2009.0,8.0,1,0,0
W0665,41.8334926,-71.27765127,21.8,6.9,1,2,Summer,2009.0,8.0,1,0,0
W1956,41.83504629,-71.28898153,19.1,5.6,1,2,Summer,2009.0,8.0,1,0,0
W1955,41.83066674,-71.3297127,21.8,4.9,1,3,Summer,2009.0,8.0,1,1,0
W0622,41.81022138,-71.29169192,22.9,1.7,1,3,Summer,2009.0,8.0,1,1,0
W0651,41.78837741,-71.3295203,22.8,4.2,1,3,Summer,2009.0,8.0,1,1,0
W0661,41.77539014,-71.19881372,22.5,5.0,1,2,Summer,2009.0,8.0,1,0,0
W0654,41.76695306,-71.18552542,21.2,6.8,1,2,Summer,2009.0,8.0,1,0,0
W0641,41.75038258,-71.20392705,24.8,5.0,1,2,Summer,2009.0,8.0,1,0,0
W1962,41.69633043,-71.14860388,26.0,3.9,1,4,Summer,2009.0,8.0,1,1,1
W1960,41.78126268,-71.28901738,22.2,6.8,1,2,Summer,2009.0,8.0,1,0,0
W0637,41.79498181,-71.25266188,20.4,7.1,1,2,Summer,2009.0,8.0,1,0,0
W0638,41.78162246,-71.2504345,23.0,5.4,1,2,Summer,2009.0,8.0,1,0,0
W1961,41.74691378,-71.25130236,21.1,6.3,1,2,Summer,2009.0,8.0,1,0,0
W1972,42.47137193,-71.17418508,7.9,11.1,1,1,Spring,2009.0,4.0,0,0,0
W1971,42.47298956,-71.17218991,8.6,11.2,1,1,Spring,2009.0,4.0,0,0,0
W1972,42.47137193,-71.17418508,12.5,10.0,1,1,Spring,2009.0,5.0,0,0,0
W1971,42.47298956,-71.17218991,11.8,10.0,1,1,Spring,2009.0,5.0,0,0,0
W1972,42.47137193,-71.17418508,16.0,8.5,1,2,Summer,2009.0,6.0,1,0,0
W1971,42.47298956,-71.17218991,15.8,8.8,1,2,Summer,2009.0,6.0,1,0,0
W1979,42.49772931,-71.13348578,18.4,5.1,1,2,Summer,2009.0,6.0,1,0,0
W1964,42.4694106,-71.12510374,18.1,6.8,1,2,Summer,2009.0,6.0,1,0,0
W1965,42.44730903,-71.13871254,19.3,6.9,1,2,Summer,2009.0,6.0,1,0,0
W1977,42.43524414,-71.19406671,16.2,7.4,1,2,Summer,2009.0,6.0,1,0,0
W1966,42.42231417,-71.14952294,18.6,8.3,1,2,Summer,2009.0,6.0,1,0,0
W1969,42.40692802,-71.13399738,19.9,3.5,1,3,Summer,2009.0,6.0,1,1,0
W1975,42.39711852,-71.07943281,19.3,6.8,1,2,Summer,2009.0,6.0,1,0,0
W1967,42.41791119,-71.07329736,18.8,5.7,1,2,Summer,2009.0,6.0,1,0,0
W1978,42.4382644,-71.06956013,20.7,8.4,1,2,Summer,2009.0,6.0,1,0,0
W1979,42.49772931,-71.13348578,17.8,4.8,1,3,Summer,2009.0,7.0,1,1,0
W1964,42.4694106,-71.12510374,17.5,6.7,1,2,Summer,2009.0,7.0,1,0,0
W1965,42.44730903,-71.13871254,17.9,6.2,1,2,Summer,2009.0,7.0,1,0,0
W1977,42.43524414,-71.19406671,15.1,7.2,1,2,Summer,2009.0,7.0,1,0,0
W1966,42.42231417,-71.14952294,17.1,8.4,1,2,Summer,2009.0,7.0,1,0,0
W1969,42.40692802,-71.13399738,18.5,1.9,1,3,Summer,2009.0,7.0,1,1,0
W1975,42.39711852,-71.07943281,21.4,7.8,1,2,Summer,2009.0,7.0,1,0,0
W1967,42.41791119,-71.07329736,19.1,4.6,1,3,Summer,2009.0,7.0,1,1,0
W1978,42.4382644,-71.06956013,17.2,7.8,1,2,Summer,2009.0,7.0,1,0,0
W1972,42.47137193,-71.17418508,17.7,8.5,1,2,Summer,2009.0,8.0,1,0,0
W1971,42.47298956,-71.17218991,17.7,8.8,1,2,Summer,2009.0,8.0,1,0,0
W1979,42.49772931,-71.13348578,21.4,4.2,1,3,Summer,2009.0,7.0,1,1,0
W1964,42.4694106,-71.12510374,20.9,7.0,1,2,Summer,2009.0,7.0,1,0,0
W1965,42.44730903,-71.13871254,23.0,7.0,1,2,Summer,2009.0,7.0,1,0,0
W1977,42.43524414,-71.19406671,17.5,7.0,1,2,Summer,2009.0,7.0,1,0,0
W1966,42.42231417,-71.14952294,20.2,8.1,1,2,Summer,2009.0,7.0,1,0,0
W1969,42.40692802,-71.13399738,23.4,4.9,1,3,Summer,2009.0,7.0,1,1,0
W1975,42.39711852,-71.07943281,25.2,7.3,1,2,Summer,2009.0,7.0,1,0,0
W1967,42.41791119,-71.07329736,22.2,7.3,1,2,Summer,2009.0,7.0,1,0,0
W1978,42.4382644,-71.06956013,22.8,7.2,1,2,Summer,2009.0,7.0,1,0,0
W1979,42.49772931,-71.13348578,21.8,4.1,1,3,Summer,2009.0,8.0,1,1,0
W1964,42.4694106,-71.12510374,21.5,7.1,1,2,Summer,2009.0,8.0,1,0,0
W1965,42.44730903,-71.13871254,23.3,7.0,1,2,Summer,2009.0,8.0,1,0,0
W1977,42.43524414,-71.19406671,19.0,6.9,1,2,Summer,2009.0,8.0,1,0,0
W1966,42.42231417,-71.14952294,21.8,8.0,1,2,Summer,2009.0,8.0,1,0,0
W1969,42.40692802,-71.13399738,23.2,3.0,1,3,Summer,2009.0,8.0,1,1,0
W1975,42.39711852,-71.07943281,26.4,8.8,1,2,Summer,2009.0,8.0,1,0,0
W1967,42.41791119,-71.07329736,28.2,10.2,1,2,Summer,2009.0,8.0,1,0,0
W1978,42.4382644,-71.06956013,22.8,8.9,1,2,Summer,2009.0,8.0,1,0,0
W1972,42.47137193,-71.17418508,14.5,9.3,1,1,Fall,2009.0,9.0,0,0,0
W1971,42.47298956,-71.17218991,14.5,9.5,1,1,Fall,2009.0,9.0,0,0,0
W1979,42.49772931,-71.13348578,17.1,4.9,1,2,Fall,2009.0,9.0,0,1,0
W1964,42.4694106,-71.12510374,17.1,8.0,1,1,Fall,2009.0,9.0,0,0,0
W1965,42.44730903,-71.13871254,18.2,7.8,1,1,Fall,2009.0,9.0,0,0,0
W1977,42.43524414,-71.19406671,15.5,7.6,1,1,Fall,2009.0,9.0,0,0,0
W1966,42.42231417,-71.14952294,18.6,8.8,1,1,Fall,2009.0,9.0,0,0,0
W1969,42.40692802,-71.13399738,19.5,3.4,1,2,Fall,2009.0,9.0,0,1,0
W1973,42.41196479,-71.1005642,21.1,5.1,1,1,Fall,2009.0,9.0,0,0,0
W1967,42.41791119,-71.07329736,21.8,10.4,1,1,Fall,2009.0,9.0,0,0,0
W1978,42.4382644,-71.06956013,22.5,8.5,1,1,Fall,2009.0,9.0,0,0,0
W1979,42.49772931,-71.13348578,17.7,4.9,1,2,Fall,2009.0,9.0,0,1,0
W1964,42.4694106,-71.12510374,17.6,7.8,1,1,Fall,2009.0,9.0,0,0,0
W1965,42.44730903,-71.13871254,17.5,8.1,1,1,Fall,2009.0,9.0,0,0,0
W1977,42.43524414,-71.19406671,15.5,7.8,1,1,Fall,2009.0,9.0,0,0,0
W1966,42.42231417,-71.14952294,17.2,9.4,1,1,Fall,2009.0,9.0,0,0,0
W1969,42.40692802,-71.13399738,19.1,4.4,1,2,Fall,2009.0,9.0,0,1,0
W1973,42.41196479,-71.1005642,20.9,6.0,1,1,Fall,2009.0,9.0,0,0,0
W1975,42.39711852,-71.07943281,21.4,9.5,1,1,Fall,2009.0,9.0,0,0,0
W1967,42.41791119,-71.07329736,20.6,8.8,1,1,Fall,2009.0,9.0,0,0,0
W1978,42.4382644,-71.06956013,19.3,8.7,1,1,Fall,2009.0,9.0,0,0,0
W0551,42.15752806,-71.20894828,10.8,10.2,1,1,Spring,2009.0,5.0,0,0,0
W0544,42.17399161,-71.20853856,14.8,9.1,1,1,Spring,2009.0,5.0,0,0,0
W1933,42.1718706,-71.18594357,14.3,9.0,1,1,Spring,2009.0,5.0,0,0,0
W1948,42.19275388,-71.14906792,12.3,9.3,1,1,Spring,2009.0,5.0,0,0,0
W0568,42.20923111,-71.14595217,13.9,7.7,1,1,Spring,2009.0,5.0,0,0,0
W0566,42.20323377,-71.13501796,12.7,8.8,1,1,Spring,2009.0,5.0,0,0,0
W1945,42.15206107,-71.11240912,13.0,8.0,1,1,Spring,2009.0,5.0,0,0,0
W0559,42.15863426,-71.13993414,15.5,8.2,1,1,Spring,2009.0,5.0,0,0,0
W1963,42.15821391,-71.15549018,14.7,9.9,1,1,Spring,2009.0,5.0,0,0,0
W0557,42.12604018,-71.18526016,12.6,8.5,1,1,Spring,2009.0,5.0,0,0,0
W1949,42.25062143,-71.12953409,19.6,8.6,1,2,Summer,2009.0,6.0,1,0,0
W1934,42.24989528,-71.12456936,17.8,7.1,1,2,Summer,2009.0,6.0,1,0,0
W1935,42.2693424,-71.08658191,19.7,9.2,1,2,Summer,2009.0,6.0,1,0,0
W0573,42.26947952,-71.07281665,19.2,9.1,1,2,Summer,2009.0,6.0,1,0,0
W0579,42.25990378,-71.04753969,13.7,9.0,1,2,Summer,2009.0,6.0,1,0,0
W1943,42.14711935,-71.25588873,16.9,9.1,1,2,Summer,2009.0,6.0,1,0,0
W1952,42.14824516,-71.2533023,19.3,7.5,1,2,Summer,2009.0,6.0,1,0,0
W1938,42.19362053,-71.27966147,15.2,8.7,1,2,Summer,2009.0,6.0,1,0,0
W1937,42.20894589,-71.26694884,13.3,9.0,1,2,Summer,2009.0,6.0,1,0,0
W1942,42.18650673,-71.22345227,13.2,9.6,1,2,Summer,2009.0,6.0,1,0,0
W0551,42.15752806,-71.20894828,10.7,10.5,1,2,Summer,2009.0,6.0,1,0,0
W0544,42.17399161,-71.20853856,16.7,8.8,1,2,Summer,2009.0,6.0,1,0,0
W1933,42.1718706,-71.18594357,17.4,8.6,1,2,Summer,2009.0,6.0,1,0,0
W1948,42.19275388,-71.14906792,15.7,9.2,1,2,Summer,2009.0,6.0,1,0,0
W0568,42.20923111,-71.14595217,18.2,6.6,1,2,Summer,2009.0,6.0,1,0,0
W0566,42.20323377,-71.13501796,12.6,7.8,1,2,Summer,2009.0,6.0,1,0,0
W1945,42.15206107,-71.11240912,12.9,7.5,1,2,Summer,2009.0,6.0,1,0,0
W0559,42.15863426,-71.13993414,17.0,7.9,1,2,Summer,2009.0,6.0,1,0,0
W1963,42.15821391,-71.15549018,16.0,9.7,1,2,Summer,2009.0,6.0,1,0,0
W0557,42.12604018,-71.18526016,14.2,7.1,1,2,Summer,2009.0,6.0,1,0,0
W1949,42.25062143,-71.12953409,19.9,7.9,1,2,Summer,2009.0,6.0,1,0,0
W1934,42.24989528,-71.12456936,18.3,6.5,1,2,Summer,2009.0,6.0,1,0,0
W1935,42.2693424,-71.08658191,19.3,9.5,1,2,Summer,2009.0,6.0,1,0,0
W0573,42.26947952,-71.07281665,18.5,9.4,1,2,Summer,2009.0,6.0,1,0,0
W0579,42.25990378,-71.04753969,13.5,9.3,1,2,Summer,2009.0,6.0,1,0,0
W1943,42.14711935,-71.25588873,16.8,8.5,1,2,Summer,2009.0,6.0,1,0,0
W1952,42.14824516,-71.2533023,20.0,7.0,1,2,Summer,2009.0,6.0,1,0,0
W1938,42.19362053,-71.27966147,14.7,8.6,1,2,Summer,2009.0,6.0,1,0,0
W1937,42.20894589,-71.26694884,13.1,9.0,1,2,Summer,2009.0,6.0,1,0,0
W1942,42.18650673,-71.22345227,14.0,9.5,1,2,Summer,2009.0,6.0,1,0,0
W2097,42.19218292,-71.09296807,24.1,7.9,0,1,Summer,2009.0,7.0,1,0,0
W2096,42.17046703,-71.1262172,23.9,8.7,0,1,Summer,2009.0,7.0,1,0,0
W0551,42.15752806,-71.20894828,15.2,9.5,1,2,Summer,2009.0,8.0,1,0,0
W0544,42.17399161,-71.20853856,21.8,8.1,1,2,Summer,2009.0,8.0,1,0,0
W1933,42.1718706,-71.18594357,22.2,8.0,1,2,Summer,2009.0,8.0,1,0,0
W1948,42.19275388,-71.14906792,19.1,8.6,1,2,Summer,2009.0,8.0,1,0,0
W0568,42.20923111,-71.14595217,22.6,6.0,1,2,Summer,2009.0,8.0,1,0,0
W0566,42.20323377,-71.13501796,20.1,8.4,1,2,Summer,2009.0,8.0,1,0,0
W1945,42.15206107,-71.11240912,20.8,4.2,1,3,Summer,2009.0,8.0,1,1,0
W0559,42.15863426,-71.13993414,25.2,6.4,1,2,Summer,2009.0,8.0,1,0,0
W1963,42.15821391,-71.15549018,24.4,8.4,1,2,Summer,2009.0,8.0,1,0,0
W0557,42.12604018,-71.18526016,21.5,5.9,1,2,Summer,2009.0,8.0,1,0,0
W1949,42.25062143,-71.12953409,23.5,6.0,1,2,Summer,2009.0,8.0,1,0,0
W1943,42.14711935,-71.25588873,21.2,8.5,1,2,Summer,2009.0,8.0,1,0,0
W1952,42.14824516,-71.2533023,24.2,7.9,1,2,Summer,2009.0,8.0,1,0,0
W1938,42.19362053,-71.27966147,18.8,7.7,1,2,Summer,2009.0,8.0,1,0,0
W1937,42.20894589,-71.26694884,17.3,8.3,1,2,Summer,2009.0,8.0,1,0,0
W1942,42.18650673,-71.22345227,18.9,8.8,1,2,Summer,2009.0,8.0,1,0,0
W0551,42.15752806,-71.20894828,15.7,9.1,1,2,Summer,2009.0,8.0,1,0,0
W0544,42.17399161,-71.20853856,21.4,7.9,1,2,Summer,2009.0,8.0,1,0,0
W1933,42.1718706,-71.18594357,21.3,8.0,1,2,Summer,2009.0,8.0,1,0,0
W1948,42.19275388,-71.14906792,19.6,8.3,1,2,Summer,2009.0,8.0,1,0,0
W0568,42.20923111,-71.14595217,21.1,6.7,1,2,Summer,2009.0,8.0,1,0,0
W0566,42.20323377,-71.13501796,18.2,7.1,1,2,Summer,2009.0,8.0,1,0,0
W1945,42.15206107,-71.11240912,19.2,5.0,1,2,Summer,2009.0,8.0,1,0,0
W0559,42.15863426,-71.13993414,23.2,6.6,1,2,Summer,2009.0,8.0,1,0,0
W1963,42.15821391,-71.15549018,21.9,8.6,1,2,Summer,2009.0,8.0,1,0,0
W0557,42.12604018,-71.18526016,19.1,5.4,1,2,Summer,2009.0,8.0,1,0,0
W1949,42.25062143,-71.12953409,24.6,5.5,1,2,Summer,2009.0,8.0,1,0,0
W1934,42.24989528,-71.12456936,23.5,5.6,1,2,Summer,2009.0,8.0,1,0,0
W1935,42.2693424,-71.08658191,23.3,7.8,1,2,Summer,2009.0,8.0,1,0,0
W0573,42.26947952,-71.07281665,20.5,8.7,1,2,Summer,2009.0,8.0,1,0,0
W0579,42.25990378,-71.04753969,15.8,8.5,1,2,Summer,2009.0,8.0,1,0,0
W1943,42.14711935,-71.25588873,22.8,7.5,1,2,Summer,2009.0,8.0,1,0,0
W1952,42.14824516,-71.2533023,24.5,5.6,1,2,Summer,2009.0,8.0,1,0,0
W1938,42.19362053,-71.27966147,19.0,7.3,1,2,Summer,2009.0,8.0,1,0,0
W1937,42.20894589,-71.26694884,16.0,8.3,1,2,Summer,2009.0,8.0,1,0,0
W1942,42.18650673,-71.22345227,18.2,8.6,1,2,Summer,2009.0,8.0,1,0,0
W2097,42.19218292,-71.09296807,28.6,8.0,1,2,Summer,2009.0,8.0,1,0,0
W2097,42.19218292,-71.09296807,28.0,8.0,1,2,Summer,2009.0,8.0,1,0,0
W2097,42.19218292,-71.09296807,25.2,4.2,1,4,Summer,2009.0,8.0,1,1,1
W2096,42.17046703,-71.1262172,30.2,7.7,1,2,Summer,2009.0,8.0,1,0,0
W2096,42.17046703,-71.1262172,28.7,7.2,1,2,Summer,2009.0,8.0,1,0,0
W2096,42.17046703,-71.1262172,27.2,5.1,1,2,Summer,2009.0,8.0,1,0,0
W0551,42.15752806,-71.20894828,12.5,10.0,1,1,Fall,2009.0,9.0,0,0,0
W0544,42.17399161,-71.20853856,17.2,8.6,1,1,Fall,2009.0,9.0,0,0,0
W1933,42.1718706,-71.18594357,17.2,8.7,1,1,Fall,2009.0,9.0,0,0,0
W1948,42.19275388,-71.14906792,15.6,9.3,1,1,Fall,2009.0,9.0,0,0,0
W0568,42.20923111,-71.14595217,16.8,7.9,1,1,Fall,2009.0,9.0,0,0,0
W0566,42.20323377,-71.13501796,14.2,7.8,1,1,Fall,2009.0,9.0,0,0,0
W1945,42.15206107,-71.11240912,14.3,6.6,1,1,Fall,2009.0,9.0,0,0,0
W0559,42.15863426,-71.13993414,17.4,8.1,1,1,Fall,2009.0,9.0,0,0,0
W1963,42.15821391,-71.15549018,17.2,9.3,1,1,Fall,2009.0,9.0,0,0,0
W0557,42.12604018,-71.18526016,14.6,6.1,1,1,Fall,2009.0,9.0,0,0,0
W1949,42.25062143,-71.12953409,19.9,8.4,1,1,Fall,2009.0,9.0,0,0,0
W1934,42.24989528,-71.12456936,19.0,7.2,1,1,Fall,2009.0,9.0,0,0,0
W1935,42.2693424,-71.08658191,19.3,9.0,1,1,Fall,2009.0,9.0,0,0,0
W0573,42.26947952,-71.07281665,19.1,9.1,1,1,Fall,2009.0,9.0,0,0,0
W0579,42.25990378,-71.04753969,16.7,8.4,1,1,Fall,2009.0,9.0,0,0,0
W1943,42.14711935,-71.25588873,18.3,8.8,1,1,Fall,2009.0,9.0,0,0,0
W1952,42.14824516,-71.2533023,20.3,9.0,1,1,Fall,2009.0,9.0,0,0,0
W1938,42.19362053,-71.27966147,16.9,8.3,1,1,Fall,2009.0,9.0,0,0,0
W1937,42.20894589,-71.26694884,15.2,8.3,1,1,Fall,2009.0,9.0,0,0,0
W1942,42.18650673,-71.22345227,16.5,9.0,1,1,Fall,2009.0,9.0,0,0,0
W0551,42.15752806,-71.20894828,14.2,9.5,1,1,Fall,2009.0,9.0,0,0,0
W0544,42.17399161,-71.20853856,17.8,8.7,1,1,Fall,2009.0,9.0,0,0,0
W1933,42.1718706,-71.18594357,18.4,8.6,1,1,Fall,2009.0,9.0,0,0,0
W1948,42.19275388,-71.14906792,17.3,8.6,1,1,Fall,2009.0,9.0,0,0,0
W0568,42.20923111,-71.14595217,18.7,7.0,1,1,Fall,2009.0,9.0,0,0,0
W0566,42.20323377,-71.13501796,15.5,6.2,1,1,Fall,2009.0,9.0,0,0,0
W1945,42.15206107,-71.11240912,16.1,4.6,1,2,Fall,2009.0,9.0,0,1,0
W0559,42.15863426,-71.13993414,17.7,8.0,1,1,Fall,2009.0,9.0,0,0,0
W1963,42.15821391,-71.15549018,18.4,9.2,1,1,Fall,2009.0,9.0,0,0,0
W0557,42.12604018,-71.18526016,16.4,4.7,1,2,Fall,2009.0,9.0,0,1,0
W1949,42.25062143,-71.12953409,20.1,7.7,1,1,Fall,2009.0,9.0,0,0,0
W1934,42.24989528,-71.12456936,18.4,7.2,1,1,Fall,2009.0,9.0,0,0,0
W1935,42.2693424,-71.08658191,18.8,9.1,1,1,Fall,2009.0,9.0,0,0,0
W0573,42.26947952,-71.07281665,17.3,9.8,1,1,Fall,2009.0,9.0,0,0,0
W0579,42.25990378,-71.04753969,15.5,8.8,1,1,Fall,2009.0,9.0,0,0,0
W1943,42.14711935,-71.25588873,17.9,8.8,1,1,Fall,2009.0,9.0,0,0,0
W1952,42.14824516,-71.2533023,19.0,7.1,1,1,Fall,2009.0,9.0,0,0,0
W1938,42.19362053,-71.27966147,15.5,8.5,1,1,Fall,2009.0,9.0,0,0,0
W1937,42.20894589,-71.26694884,13.0,9.2,1,1,Fall,2009.0,9.0,0,0,0
W1942,42.18650673,-71.22345227,15.1,9.4,1,1,Fall,2009.0,9.0,0,0,0
W1943,42.14711935,-71.25588873,17.7,8.5,1,1,Fall,2009.0,9.0,0,0,0
W0566,42.20323377,-71.13501796,14.9,7.1,1,1,Fall,2009.0,9.0,0,0,0
W0568,42.20923111,-71.14595217,18.4,7.1,1,1,Fall,2009.0,9.0,0,0,0
W0579,42.25990378,-71.04753969,15.1,8.8,1,1,Fall,2009.0,9.0,0,0,0
W1943,42.14711935,-71.25588873,15.6,9.0,1,1,Fall,2009.0,9.0,0,0,0
W0566,42.20323377,-71.13501796,14.9,7.1,1,1,Fall,2009.0,9.0,0,0,0
W0568,42.20923111,-71.14595217,16.2,7.2,1,1,Fall,2009.0,9.0,0,0,0
W0579,42.25990378,-71.04753969,16.0,8.4,1,1,Fall,2009.0,9.0,0,0,0
W2028,42.25166716,-70.99715572,13.2,9.6,1,1,Spring,2009.0,5.0,0,0,0
W2029,42.2476106,-70.99772491,13.3,9.7,1,1,Spring,2009.0,5.0,0,0,0
W2047,42.19324533,-70.95931587,12.0,9.9,1,1,Spring,2009.0,5.0,0,0,0
W2048,42.1879042,-70.96226663,12.1,8.9,1,1,Spring,2009.0,5.0,0,0,0
W2032,42.21687046,-70.92243616,15.1,8.5,1,1,Spring,2009.0,5.0,0,0,0
W2044,42.17808643,-70.93462278,11.6,8.3,1,1,Spring,2009.0,5.0,0,0,0
W2039,42.20298433,-70.90145862,11.9,9.3,1,1,Spring,2009.0,5.0,0,0,0
W2046,42.19258744,-70.94329349,11.6,10.1,1,1,Spring,2009.0,5.0,0,0,0
W2042,42.2148309,-70.8848605,14.6,9.4,1,1,Spring,2009.0,5.0,0,0,0
W2026,42.24766145,-71.02831587,15.0,8.6,1,2,Summer,2009.0,6.0,1,0,0
W2027,42.2571088,-71.01100793,13.8,9.2,1,2,Summer,2009.0,6.0,1,0,0
W2030,42.2205799,-70.98050122,18.0,9.3,1,2,Summer,2009.0,6.0,1,0,0
W2031,42.22005427,-70.9991699,18.4,7.6,1,2,Summer,2009.0,6.0,1,0,0
W2032,42.21687046,-70.92243616,18.1,8.4,1,2,Summer,2009.0,6.0,1,0,0
W2033,42.24257493,-70.85905507,17.3,7.3,1,2,Summer,2009.0,6.0,1,0,0
W2034,42.23458558,-70.87225116,17.5,6.9,1,2,Summer,2009.0,6.0,1,0,0
W2043,42.16285655,-70.92249054,14.1,6.1,1,2,Summer,2009.0,6.0,1,0,0
W2045,42.18261181,-70.93539631,15.2,8.4,1,2,Summer,2009.0,6.0,1,0,0
W2050,42.15128287,-71.04045468,14.2,8.6,1,2,Summer,2009.0,6.0,1,0,0
W2037,42.19140109,-70.86520493,17.4,2.8,1,3,Summer,2009.0,6.0,1,1,0
W2049,42.18379489,-71.01129661,18.0,8.8,1,2,Summer,2009.0,6.0,1,0,0
W2051,42.15538255,-71.02653441,19.2,5.5,1,2,Summer,2009.0,6.0,1,0,0
W2026,42.24766145,-71.02831587,15.5,8.8,1,2,Summer,2009.0,6.0,1,0,0
W2027,42.2571088,-71.01100793,13.2,9.0,1,2,Summer,2009.0,6.0,1,0,0
W2030,42.2205799,-70.98050122,18.6,9.1,1,2,Summer,2009.0,6.0,1,0,0
W2031,42.22005427,-70.9991699,18.8,6.6,1,2,Summer,2009.0,6.0,1,0,0
W2032,42.21687046,-70.92243616,17.3,8.9,1,2,Summer,2009.0,6.0,1,0,0
W2033,42.24257493,-70.85905507,15.4,7.8,1,2,Summer,2009.0,6.0,1,0,0
W2034,42.23458558,-70.87225116,15.8,7.2,1,2,Summer,2009.0,6.0,1,0,0
W2043,42.16285655,-70.92249054,13.3,6.4,1,2,Summer,2009.0,6.0,1,0,0
W2045,42.18261181,-70.93539631,13.9,8.7,1,2,Summer,2009.0,6.0,1,0,0
W2050,42.15128287,-71.04045468,13.4,8.9,1,2,Summer,2009.0,6.0,1,0,0
W2037,42.19140109,-70.86520493,14.7,3.7,1,3,Summer,2009.0,6.0,1,1,0
W2049,42.18379489,-71.01129661,15.3,8.9,1,2,Summer,2009.0,6.0,1,0,0
W2051,42.15538255,-71.02653441,15.3,6.4,1,2,Summer,2009.0,6.0,1,0,0
W2089,42.15313759,-71.02682978,19.6,8.5,1,2,Summer,2009.0,6.0,1,0,0
W2029,42.2476106,-70.99772491,15.5,9.2,1,2,Summer,2009.0,6.0,1,0,0
W2047,42.19324533,-70.95931587,15.2,8.6,1,2,Summer,2009.0,6.0,1,0,0
W2048,42.1879042,-70.96226663,15.3,7.6,1,2,Summer,2009.0,6.0,1,0,0
W2032,42.21687046,-70.92243616,18.6,8.5,1,2,Summer,2009.0,6.0,1,0,0
W2042,42.2148309,-70.8848605,19.2,7.0,1,2,Summer,2009.0,6.0,1,0,0
W2039,42.20298433,-70.90145862,14.2,8.3,1,2,Summer,2009.0,6.0,1,0,0
W2044,42.17808643,-70.93462278,14.9,6.6,1,2,Summer,2009.0,6.0,1,0,0
W2046,42.19258744,-70.94329349,14.9,8.4,1,2,Summer,2009.0,6.0,1,0,0
W2028,42.25166716,-70.99715572,15.5,9.2,1,2,Summer,2009.0,6.0,1,0,0
W2026,42.24766145,-71.02831587,16.5,9.0,1,2,Summer,2009.0,7.0,1,0,0
W2027,42.2571088,-71.01100793,15.6,9.3,1,2,Summer,2009.0,7.0,1,0,0
W2030,42.2205799,-70.98050122,17.7,9.1,1,2,Summer,2009.0,7.0,1,0,0
W2031,42.22005427,-70.9991699,17.9,8.1,1,2,Summer,2009.0,7.0,1,0,0
W2032,42.21687046,-70.92243616,19.3,9.1,0,1,Summer,2009.0,7.0,1,0,0
W2033,42.24257493,-70.85905507,16.7,7.5,1,2,Summer,2009.0,7.0,1,0,0
W2034,42.23458558,-70.87225116,17.1,7.2,1,2,Summer,2009.0,7.0,1,0,0
W2043,42.16285655,-70.92249054,14.5,7.0,1,2,Summer,2009.0,7.0,1,0,0
W2045,42.18261181,-70.93539631,15.6,8.0,1,2,Summer,2009.0,7.0,1,0,0
W2050,42.15128287,-71.04045468,15.7,8.2,1,2,Summer,2009.0,7.0,1,0,0
W2037,42.19140109,-70.86520493,18.1,2.6,1,3,Summer,2009.0,7.0,1,1,0
W2049,42.18379489,-71.01129661,19.7,8.4,1,2,Summer,2009.0,7.0,1,0,0
W2051,42.15538255,-71.02653441,21.0,8.1,1,2,Summer,2009.0,7.0,1,0,0
W2026,42.24766145,-71.02831587,17.0,8.7,1,2,Summer,2009.0,7.0,1,0,0
W2027,42.2571088,-71.01100793,15.6,9.2,1,2,Summer,2009.0,7.0,1,0,0
W2030,42.2205799,-70.98050122,19.8,8.6,1,2,Summer,2009.0,7.0,1,0,0
W2031,42.22005427,-70.9991699,20.2,7.9,1,2,Summer,2009.0,7.0,1,0,0
W2032,42.21687046,-70.92243616,21.8,8.5,0,1,Summer,2009.0,7.0,1,0,0
W2033,42.24257493,-70.85905507,18.6,7.1,1,2,Summer,2009.0,7.0,1,0,0
W2034,42.23458558,-70.87225116,18.9,6.8,1,2,Summer,2009.0,7.0,1,0,0
W2043,42.16285655,-70.92249054,16.1,6.6,1,2,Summer,2009.0,7.0,1,0,0
W2045,42.18261181,-70.93539631,17.2,7.7,1,2,Summer,2009.0,7.0,1,0,0
W2050,42.15128287,-71.04045468,17.2,7.9,1,2,Summer,2009.0,7.0,1,0,0
W2037,42.19140109,-70.86520493,17.4,2.3,1,3,Summer,2009.0,7.0,1,1,0
W2049,42.18379489,-71.01129661,20.5,8.4,1,2,Summer,2009.0,7.0,1,0,0
W2051,42.15538255,-71.02653441,19.4,7.1,1,2,Summer,2009.0,7.0,1,0,0
W2028,42.25166716,-70.99715572,18.0,8.9,1,2,Summer,2009.0,7.0,1,0,0
W2029,42.2476106,-70.99772491,17.8,8.8,1,2,Summer,2009.0,7.0,1,0,0
W2047,42.19324533,-70.95931587,16.8,9.2,1,2,Summer,2009.0,7.0,1,0,0
W2048,42.1879042,-70.96226663,16.8,6.4,1,2,Summer,2009.0,7.0,1,0,0
W2032,42.21687046,-70.92243616,21.5,8.6,1,2,Summer,2009.0,7.0,1,0,0
W2042,42.2148309,-70.8848605,20.5,7.7,1,2,Summer,2009.0,7.0,1,0,0
W2039,42.20298433,-70.90145862,16.7,7.7,1,2,Summer,2009.0,7.0,1,0,0
W2044,42.17808643,-70.93462278,18.0,6.6,1,2,Summer,2009.0,7.0,1,0,0
W2046,42.19258744,-70.94329349,16.7,8.8,1,2,Summer,2009.0,7.0,1,0,0
W2089,42.15313759,-71.02682978,22.4,8.7,1,2,Summer,2009.0,7.0,1,0,0
W2089,42.15313759,-71.02682978,21.1,9.6,1,2,Summer,2009.0,7.0,1,0,0
W2026,42.24766145,-71.02831587,18.3,8.4,1,2,Summer,2009.0,8.0,1,0,0
W2027,42.2571088,-71.01100793,16.4,9.2,1,2,Summer,2009.0,8.0,1,0,0
W2030,42.2205799,-70.98050122,19.8,8.8,1,2,Summer,2009.0,8.0,1,0,0
W2031,42.22005427,-70.9991699,19.8,6.9,1,2,Summer,2009.0,8.0,1,0,0
W2032,42.21687046,-70.92243616,21.2,8.4,1,2,Summer,2009.0,8.0,1,0,0
W2033,42.24257493,-70.85905507,19.3,7.5,1,2,Summer,2009.0,8.0,1,0,0
W2034,42.23458558,-70.87225116,19.6,7.2,1,2,Summer,2009.0,8.0,1,0,0
W2043,42.16285655,-70.92249054,17.7,5.2,1,2,Summer,2009.0,8.0,1,0,0
W2045,42.18261181,-70.93539631,18.7,7.5,1,2,Summer,2009.0,8.0,1,0,0
W2050,42.15128287,-71.04045468,17.8,8.1,1,2,Summer,2009.0,8.0,1,0,0
W2037,42.19140109,-70.86520493,22.0,0.7,1,3,Summer,2009.0,8.0,1,1,0
W2049,42.18379489,-71.01129661,21.8,8.4,1,2,Summer,2009.0,8.0,1,0,0
W2051,42.15538255,-71.02653441,22.6,4.2,1,3,Summer,2009.0,8.0,1,1,0
W2026,42.24766145,-71.02831587,20.7,8.0,1,2,Summer,2009.0,8.0,1,0,0
W2027,42.2571088,-71.01100793,17.5,9.2,1,2,Summer,2009.0,8.0,1,0,0
W2030,42.2205799,-70.98050122,23.8,8.2,1,2,Summer,2009.0,8.0,1,0,0
W2031,42.22005427,-70.9991699,23.8,5.8,1,2,Summer,2009.0,8.0,1,0,0
W2032,42.21687046,-70.92243616,23.9,5.6,1,2,Summer,2009.0,8.0,1,0,0
W2033,42.24257493,-70.85905507,24.0,6.7,1,2,Summer,2009.0,8.0,1,0,0
W2034,42.23458558,-70.87225116,24.4,6.0,1,2,Summer,2009.0,8.0,1,0,0
W2043,42.16285655,-70.92249054,21.1,3.3,1,3,Summer,2009.0,8.0,1,1,0
W2045,42.18261181,-70.93539631,23.0,7.0,1,2,Summer,2009.0,8.0,1,0,0
W2050,42.15128287,-71.04045468,22.2,7.4,1,2,Summer,2009.0,8.0,1,0,0
W2037,42.19140109,-70.86520493,23.6,0.8,1,3,Summer,2009.0,8.0,1,1,0
W2049,42.18379489,-71.01129661,23.8,8.0,1,2,Summer,2009.0,8.0,1,0,0
W2051,42.15538255,-71.02653441,24.3,4.6,1,3,Summer,2009.0,8.0,1,1,0
W2037,42.19140109,-70.86520493,18.0,2.2,1,3,Summer,2009.0,8.0,1,1,0
W2028,42.25166716,-70.99715572,21.8,5.6,1,2,Summer,2009.0,8.0,1,0,0
W2029,42.2476106,-70.99772491,20.8,8.6,1,2,Summer,2009.0,8.0,1,0,0
W2047,42.19324533,-70.95931587,22.6,7.6,1,2,Summer,2009.0,8.0,1,0,0
W2048,42.1879042,-70.96226663,23.2,6.6,1,2,Summer,2009.0,8.0,1,0,0
W2032,42.21687046,-70.92243616,23.5,4.2,1,3,Summer,2009.0,8.0,1,1,0
W2042,42.2148309,-70.8848605,26.0,6.3,1,2,Summer,2009.0,8.0,1,0,0
W2039,42.20298433,-70.90145862,21.0,6.8,1,2,Summer,2009.0,8.0,1,0,0
W2044,42.17808643,-70.93462278,24.0,4.8,1,3,Summer,2009.0,8.0,1,1,0
W2035,42.21145341,-70.85925545,17.5,8.6,1,2,Summer,2009.0,8.0,1,0,0
W2089,42.15313759,-71.02682978,22.6,4.2,1,3,Summer,2009.0,8.0,1,1,0
W2036,42.20505661,-70.86325958,17.4,8.6,1,2,Summer,2009.0,8.0,1,0,0
W2026,42.24766145,-71.02831587,15.2,9.0,1,1,Fall,2009.0,9.0,0,0,0
W2027,42.2571088,-71.01100793,15.0,9.3,1,1,Fall,2009.0,9.0,0,0,0
W2050,42.15128287,-71.04045468,13.7,8.8,1,1,Fall,2009.0,9.0,0,0,0
W2026,42.24766145,-71.02831587,15.1,9.1,1,1,Fall,2009.0,9.0,0,0,0
W2027,42.2571088,-71.01100793,14.7,9.7,1,1,Fall,2009.0,9.0,0,0,0
W2050,42.15128287,-71.04045468,13.6,9.2,1,1,Fall,2009.0,9.0,0,0,0
W2028,42.25166716,-70.99715572,16.4,9.4,1,1,Fall,2009.0,9.0,0,0,0
W2029,42.2476106,-70.99772491,16.4,9.6,1,1,Fall,2009.0,9.0,0,0,0
W2047,42.19324533,-70.95931587,15.7,9.4,1,1,Fall,2009.0,9.0,0,0,0
W2048,42.1879042,-70.96226663,15.6,8.3,1,1,Fall,2009.0,9.0,0,0,0
W2050,42.15128287,-71.04045468,15.6,8.8,1,1,Fall,2009.0,9.0,0,0,0
W2032,42.21687046,-70.92243616,17.6,9.2,1,1,Fall,2009.0,9.0,0,0,0
W2033,42.24257493,-70.85905507,15.4,8.3,1,1,Fall,2009.0,9.0,0,0,0
W2035,42.21145341,-70.85925545,14.5,8.9,1,1,Fall,2009.0,9.0,0,0,0
W2042,42.2148309,-70.8848605,17.1,8.6,1,1,Fall,2009.0,9.0,0,0,0
W2039,42.20298433,-70.90145862,14.8,8.3,1,1,Fall,2009.0,9.0,0,0,0
W2044,42.17808643,-70.93462278,15.9,7.3,1,1,Fall,2009.0,9.0,0,0,0
W2046,42.19258744,-70.94329349,15.2,9.1,1,1,Fall,2009.0,9.0,0,0,0
W2051,42.15538255,-71.02653441,14.7,6.3,1,1,Fall,2009.0,9.0,0,0,0
W2089,42.15313759,-71.02682978,14.5,6.9,1,1,Fall,2009.0,9.0,0,0,0
W1915,41.95939363,-70.02997037,17.0,8.4,1,2,Summer,2009.0,6.0,1,0,0
W1916,41.95351921,-70.05717621,15.3,7.1,1,2,Summer,2009.0,6.0,1,0,0
W1920,41.69515999,-70.11531913,18.5,8.6,1,2,Summer,2009.0,6.0,1,0,0
W1922,41.74677676,-70.14352171,19.5,7.4,1,2,Summer,2009.0,6.0,1,0,0
W1924,41.70487343,-70.22372741,15.4,6.8,1,2,Summer,2009.0,6.0,1,0,0
W1912,41.62787592,-70.45079252,16.5,7.6,1,2,Summer,2009.0,6.0,1,0,0
W1911,41.62155057,-70.48044452,15.2,8.6,1,2,Summer,2009.0,6.0,1,0,0
W1910,41.61775265,-70.50057773,16.7,8.4,1,2,Summer,2009.0,6.0,1,0,0
W1906,41.57788714,-70.57371153,17.9,9.3,1,2,Summer,2009.0,6.0,1,0,0
W1905,41.59856913,-70.5715037,16.0,8.2,1,2,Summer,2009.0,6.0,1,0,0
W1915,41.95939363,-70.02997037,16.0,8.6,1,2,Summer,2009.0,6.0,1,0,0
W1916,41.95351921,-70.05717621,14.1,5.5,1,2,Summer,2009.0,6.0,1,0,0
W1920,41.69515999,-70.11531913,17.5,8.7,1,2,Summer,2009.0,6.0,1,0,0
W1922,41.74677676,-70.14352171,16.7,5.3,1,2,Summer,2009.0,6.0,1,0,0
W1924,41.70487343,-70.22372741,14.3,6.3,1,2,Summer,2009.0,6.0,1,0,0
W1912,41.62787592,-70.45079252,15.9,8.2,1,2,Summer,2009.0,6.0,1,0,0
W1911,41.62155057,-70.48044452,15.0,8.7,1,2,Summer,2009.0,6.0,1,0,0
W1910,41.61775265,-70.50057773,16.8,8.6,1,2,Summer,2009.0,6.0,1,0,0
W1906,41.57788714,-70.57371153,17.1,9.3,1,2,Summer,2009.0,6.0,1,0,0
W1905,41.59856913,-70.5715037,15.7,8.4,1,2,Summer,2009.0,6.0,1,0,0
W0746,41.72232226,-70.12543035,17.1,10.1,1,2,Summer,2009.0,6.0,1,0,0
W0746,41.72232226,-70.12543035,16.8,9.8,1,2,Summer,2009.0,6.0,1,0,0
W0746,41.72232226,-70.12543035,16.7,9.7,1,2,Summer,2009.0,6.0,1,0,0
W0746,41.72232226,-70.12543035,16.7,9.4,1,2,Summer,2009.0,6.0,1,0,0
W0747,41.7276927,-70.1175758,18.3,9.2,1,2,Summer,2009.0,6.0,1,0,0
W0747,41.7276927,-70.1175758,17.7,8.8,1,2,Summer,2009.0,6.0,1,0,0
W0747,41.7276927,-70.1175758,17.6,8.5,1,2,Summer,2009.0,6.0,1,0,0
W0747,41.7276927,-70.1175758,17.6,8.4,1,2,Summer,2009.0,6.0,1,0,0
W1234,41.83281293,-69.98612479,19.0,9.3,1,2,Summer,2009.0,6.0,1,0,0
W1234,41.83281293,-69.98612479,17.7,8.3,1,2,Summer,2009.0,6.0,1,0,0
W1234,41.83281293,-69.98612479,17.5,7.4,1,2,Summer,2009.0,6.0,1,0,0
W1234,41.83281293,-69.98612479,17.1,6.1,1,2,Summer,2009.0,6.0,1,0,0
W0748,41.74096476,-70.10876811,19.2,9.8,1,2,Summer,2009.0,6.0,1,0,0
W0748,41.74096476,-70.10876811,18.4,9.9,1,2,Summer,2009.0,6.0,1,0,0
W0748,41.74096476,-70.10876811,17.7,9.7,1,2,Summer,2009.0,6.0,1,0,0
W0748,41.74096476,-70.10876811,17.6,6.7,1,2,Summer,2009.0,6.0,1,0,0
W1237,41.71377641,-70.09062853,19.3,8.4,1,2,Summer,2009.0,6.0,1,0,0
W1237,41.71377641,-70.09062853,18.4,7.9,1,2,Summer,2009.0,6.0,1,0,0
W1237,41.71377641,-70.09062853,17.8,6.6,1,2,Summer,2009.0,6.0,1,0,0
W1237,41.71377641,-70.09062853,17.7,6.1,1,2,Summer,2009.0,6.0,1,0,0
W1214,41.648757,-70.44185472,26.0,9.6,1,2,Summer,2009.0,7.0,1,0,0
W1214,41.648757,-70.44185472,24.6,7.6,1,2,Summer,2009.0,7.0,1,0,0
W1214,41.648757,-70.44185472,24.3,6.8,1,2,Summer,2009.0,7.0,1,0,0
W1214,41.648757,-70.44185472,24.2,6.1,1,2,Summer,2009.0,7.0,1,0,0
W0739,41.65324527,-70.45633729,26.4,8.9,1,2,Summer,2009.0,7.0,1,0,0
W0739,41.65324527,-70.45633729,26.2,7.9,1,2,Summer,2009.0,7.0,1,0,0
W1984,41.66858822,-70.40940849,23.6,8.6,0,0,Fall,2009.0,9.0,0,0,0
W1984,41.66858822,-70.40940849,23.5,8.6,0,0,Fall,2009.0,9.0,0,0,0
W1984,41.66858822,-70.40940849,23.4,8.5,0,0,Fall,2009.0,9.0,0,0,0
W1984,41.66858822,-70.40940849,20.6,8.6,0,0,Fall,2009.0,9.0,0,0,0
W1984,41.66858822,-70.40940849,15.2,7.9,0,0,Fall,2009.0,9.0,0,0,0
W1237,41.71377641,-70.09062853,23.0,8.8,1,1,Fall,2009.0,9.0,0,0,0
W1237,41.71377641,-70.09062853,22.6,8.7,1,1,Fall,2009.0,9.0,0,0,0
W1237,41.71377641,-70.09062853,22.2,8.2,1,1,Fall,2009.0,9.0,0,0,0
W1237,41.71377641,-70.09062853,22.1,7.9,1,1,Fall,2009.0,9.0,0,0,0
W1237,41.71377641,-70.09062853,22.1,6.6,1,1,Fall,2009.0,9.0,0,0,0
W1237,41.71377641,-70.09062853,22.0,6.6,1,1,Fall,2009.0,9.0,0,0,0
W1237,41.71377641,-70.09062853,21.8,2.6,1,2,Fall,2009.0,9.0,0,1,0
W0748,41.74096476,-70.10876811,23.4,9.9,1,1,Fall,2009.0,9.0,0,0,0
W0748,41.74096476,-70.10876811,22.4,10.0,1,1,Fall,2009.0,9.0,0,0,0
W0748,41.74096476,-70.10876811,22.1,9.8,1,1,Fall,2009.0,9.0,0,0,0
W0748,41.74096476,-70.10876811,21.9,9.3,1,1,Fall,2009.0,9.0,0,0,0
W1234,41.83281293,-69.98612479,22.3,8.9,0,0,Fall,2009.0,9.0,0,0,0
W1234,41.83281293,-69.98612479,22.3,8.8,0,0,Fall,2009.0,9.0,0,0,0
W1234,41.83281293,-69.98612479,22.3,8.8,0,0,Fall,2009.0,9.0,0,0,0
W1234,41.83281293,-69.98612479,22.3,8.7,0,0,Fall,2009.0,9.0,0,0,0
W1234,41.83281293,-69.98612479,22.2,8.5,0,0,Fall,2009.0,9.0,0,0,0
W1234,41.83281293,-69.98612479,22.0,8.2,0,0,Fall,2009.0,9.0,0,0,0
W1234,41.83281293,-69.98612479,20.2,1.7,0,1,Fall,2009.0,9.0,0,1,0
W0746,41.72232226,-70.12543035,21.6,10.6,0,0,Fall,2009.0,9.0,0,0,0
W0746,41.72232226,-70.12543035,21.4,10.3,0,0,Fall,2009.0,9.0,0,0,0
W0746,41.72232226,-70.12543035,21.0,9.4,0,0,Fall,2009.0,9.0,0,0,0
W0747,41.7276927,-70.1175758,23.3,8.9,1,1,Fall,2009.0,9.0,0,0,0
W0747,41.7276927,-70.1175758,22.6,7.9,1,1,Fall,2009.0,9.0,0,0,0
W0747,41.7276927,-70.1175758,22.5,7.9,1,1,Fall,2009.0,9.0,0,0,0
W1214,41.648757,-70.44185472,22.6,7.8,0,0,Fall,2009.0,9.0,0,0,0
W1214,41.648757,-70.44185472,22.6,7.6,0,0,Fall,2009.0,9.0,0,0,0
W1214,41.648757,-70.44185472,22.6,7.7,0,0,Fall,2009.0,9.0,0,0,0
W1214,41.648757,-70.44185472,22.6,7.7,0,0,Fall,2009.0,9.0,0,0,0
W1214,41.648757,-70.44185472,22.6,7.5,0,0,Fall,2009.0,9.0,0,0,0
W1214,41.648757,-70.44185472,22.6,7.4,0,0,Fall,2009.0,9.0,0,0,0
W1214,41.648757,-70.44185472,22.6,7.6,0,0,Fall,2009.0,9.0,0,0,0
W1214,41.648757,-70.44185472,22.4,4.7,0,1,Fall,2009.0,9.0,0,1,0
W1214,41.648757,-70.44185472,22.4,4.4,0,1,Fall,2009.0,9.0,0,1,0
W1214,41.648757,-70.44185472,22.3,3.5,0,1,Fall,2009.0,9.0,0,1,0
W0739,41.65324527,-70.45633729,21.3,11.0,1,1,Fall,2009.0,9.0,0,0,0
W0739,41.65324527,-70.45633729,21.2,10.6,1,1,Fall,2009.0,9.0,0,0,0
W0739,41.65324527,-70.45633729,21.1,9.7,1,1,Fall,2009.0,9.0,0,0,0
W0739,41.65324527,-70.45633729,20.7,5.5,1,1,Fall,2009.0,9.0,0,0,0
W1984,41.66858822,-70.40940849,20.6,9.8,1,1,Fall,2009.0,9.0,0,0,0
W1984,41.66858822,-70.40940849,20.5,9.7,1,1,Fall,2009.0,9.0,0,0,0
W1984,41.66858822,-70.40940849,18.3,9.7,1,1,Fall,2009.0,9.0,0,0,0
W1984,41.66858822,-70.40940849,14.8,5.9,1,1,Fall,2009.0,9.0,0,0,0
W1984,41.66858822,-70.40940849,13.7,3.7,1,2,Fall,2009.0,9.0,0,1,0
W1984,41.66858822,-70.40940849,13.1,2.0,1,2,Fall,2009.0,9.0,0,1,0
W1984,41.66858822,-70.40940849,12.6,0.9,1,2,Fall,2009.0,9.0,0,1,0
W1915,41.95939363,-70.02997037,18.6,4.7,1,3,Summer,2009.0,7.0,1,1,0
W1916,41.95351921,-70.05717621,17.2,4.3,1,3,Summer,2009.0,7.0,1,1,0
W1920,41.69515999,-70.11531913,20.8,7.8,1,2,Summer,2009.0,7.0,1,0,0
W1922,41.74677676,-70.14352171,20.6,5.0,1,2,Summer,2009.0,7.0,1,0,0
W1924,41.70487343,-70.22372741,16.8,5.3,1,2,Summer,2009.0,7.0,1,0,0
W1912,41.62787592,-70.45079252,19.1,7.4,1,2,Summer,2009.0,7.0,1,0,0
W1911,41.62155057,-70.48044452,17.9,8.1,1,2,Summer,2009.0,7.0,1,0,0
W1910,41.61775265,-70.50057773,19.4,6.7,1,2,Summer,2009.0,7.0,1,0,0
W1906,41.57788714,-70.57371153,20.1,8.7,1,2,Summer,2009.0,7.0,1,0,0
W1905,41.59856913,-70.5715037,18.7,7.6,1,2,Summer,2009.0,7.0,1,0,0
W1915,41.95939363,-70.02997037,22.4,6.5,1,2,Summer,2009.0,7.0,1,0,0
W1916,41.95351921,-70.05717621,20.0,4.5,1,3,Summer,2009.0,7.0,1,1,0
W1920,41.69515999,-70.11531913,23.3,7.6,1,2,Summer,2009.0,7.0,1,0,0
W1922,41.74677676,-70.14352171,26.3,7.5,1,2,Summer,2009.0,7.0,1,0,0
W1924,41.70487343,-70.22372741,19.4,6.6,1,2,Summer,2009.0,7.0,1,0,0
W1912,41.62787592,-70.45079252,20.3,7.2,1,2,Summer,2009.0,7.0,1,0,0
W1911,41.62155057,-70.48044452,19.0,7.9,1,2,Summer,2009.0,7.0,1,0,0
W1910,41.61775265,-70.50057773,21.1,7.8,1,2,Summer,2009.0,7.0,1,0,0
W1906,41.57788714,-70.57371153,22.0,8.8,1,2,Summer,2009.0,7.0,1,0,0
W1905,41.59856913,-70.5715037,19.9,6.9,1,2,Summer,2009.0,7.0,1,0,0
W0739,41.65324527,-70.45633729,18.4,10.2,1,1,Fall,2009.0,9.0,0,0,0
W0739,41.65324527,-70.45633729,18.4,10.1,1,1,Fall,2009.0,9.0,0,0,0
W0739,41.65324527,-70.45633729,18.3,9.8,1,1,Fall,2009.0,9.0,0,0,0
W1214,41.648757,-70.44185472,19.8,9.0,1,1,Fall,2009.0,9.0,0,0,0
W1214,41.648757,-70.44185472,19.6,8.6,1,1,Fall,2009.0,9.0,0,0,0
W1214,41.648757,-70.44185472,19.6,8.2,1,1,Fall,2009.0,9.0,0,0,0
W1214,41.648757,-70.44185472,19.5,8.8,1,1,Fall,2009.0,9.0,0,0,0
W0746,41.72232226,-70.12543035,18.8,10.8,1,1,Fall,2009.0,9.0,0,0,0
W0746,41.72232226,-70.12543035,18.8,10.8,1,1,Fall,2009.0,9.0,0,0,0
W0746,41.72232226,-70.12543035,18.3,8.3,1,1,Fall,2009.0,9.0,0,0,0
W0747,41.7276927,-70.1175758,19.2,9.8,0,0,Fall,2009.0,9.0,0,0,0
W0747,41.7276927,-70.1175758,19.2,9.7,0,0,Fall,2009.0,9.0,0,0,0
W0747,41.7276927,-70.1175758,19.0,9.4,0,0,Fall,2009.0,9.0,0,0,0
W0747,41.7276927,-70.1175758,18.7,8.0,0,0,Fall,2009.0,9.0,0,0,0
W1234,41.83281293,-69.98612479,17.8,9.0,1,1,Fall,2009.0,10.0,0,0,0
W1234,41.83281293,-69.98612479,17.8,9.0,1,1,Fall,2009.0,10.0,0,0,0
W1234,41.83281293,-69.98612479,17.7,8.9,1,1,Fall,2009.0,10.0,0,0,0
W1234,41.83281293,-69.98612479,16.9,8.0,1,1,Fall,2009.0,10.0,0,0,0
W0748,41.74096476,-70.10876811,17.8,9.4,1,1,Fall,2009.0,10.0,0,0,0
W0748,41.74096476,-70.10876811,17.8,9.4,1,1,Fall,2009.0,10.0,0,0,0
W0748,41.74096476,-70.10876811,17.8,9.4,1,1,Fall,2009.0,10.0,0,0,0
W0748,41.74096476,-70.10876811,17.6,9.4,1,1,Fall,2009.0,10.0,0,0,0
W1237,41.71377641,-70.09062853,18.2,9.8,1,1,Fall,2009.0,10.0,0,0,0
W1237,41.71377641,-70.09062853,18.2,9.7,1,1,Fall,2009.0,10.0,0,0,0
W1237,41.71377641,-70.09062853,18.1,9.6,1,1,Fall,2009.0,10.0,0,0,0
W1237,41.71377641,-70.09062853,18.0,9.2,1,1,Fall,2009.0,10.0,0,0,0
W1915,41.95939363,-70.02997037,17.3,8.1,1,2,Summer,2009.0,8.0,1,0,0
W1916,41.95351921,-70.05717621,15.2,6.8,1,2,Summer,2009.0,8.0,1,0,0
W1920,41.69515999,-70.11531913,21.0,8.2,1,2,Summer,2009.0,8.0,1,0,0
W1922,41.74677676,-70.14352171,22.9,8.9,1,2,Summer,2009.0,8.0,1,0,0
W1912,41.62787592,-70.45079252,18.0,7.4,1,2,Summer,2009.0,8.0,1,0,0
W1911,41.62155057,-70.48044452,16.5,8.4,1,2,Summer,2009.0,8.0,1,0,0
W1910,41.61775265,-70.50057773,17.5,9.4,1,2,Summer,2009.0,8.0,1,0,0
W1906,41.57788714,-70.57371153,19.7,8.5,1,2,Summer,2009.0,8.0,1,0,0
W1905,41.59856913,-70.5715037,17.3,7.6,1,2,Summer,2009.0,8.0,1,0,0
W1915,41.95939363,-70.02997037,16.4,6.3,1,1,Fall,2009.0,9.0,0,0,0
W1916,41.95351921,-70.05717621,14.1,4.4,1,2,Fall,2009.0,9.0,0,1,0
W1920,41.69515999,-70.11531913,20.1,8.2,1,1,Fall,2009.0,9.0,0,0,0
W1922,41.74677676,-70.14352171,21.2,6.5,1,1,Fall,2009.0,9.0,0,0,0
W1924,41.70487343,-70.22372741,18.0,7.0,0,0,Fall,2009.0,9.0,0,0,0
W1912,41.62787592,-70.45079252,18.7,7.8,1,1,Fall,2009.0,9.0,0,0,0
W1911,41.62155057,-70.48044452,17.6,8.3,1,1,Fall,2009.0,9.0,0,0,0
W1910,41.61775265,-70.50057773,18.7,8.4,1,1,Fall,2009.0,9.0,0,0,0
W1906,41.57788714,-70.57371153,20.1,9.3,1,1,Fall,2009.0,9.0,0,0,0
W1905,41.59856913,-70.5715037,18.0,8.1,1,1,Fall,2009.0,9.0,0,0,0
W1915,41.95939363,-70.02997037,15.1,6.8,1,1,Fall,2009.0,9.0,0,0,0
W1916,41.95351921,-70.05717621,13.7,6.4,1,1,Fall,2009.0,9.0,0,0,0
W1981,41.66334422,-70.41050549,19.4,9.2,0,0,Fall,2009.0,10.0,0,0,0
W0926,42.00459582,-70.84525352,18.7,9.8,0,1,Summer,2009.0,6.0,1,0,0
W0926,42.00459582,-70.84525352,18.4,9.1,0,1,Summer,2009.0,6.0,1,0,0
W0926,42.00459582,-70.84525352,18.3,9.0,0,1,Summer,2009.0,6.0,1,0,0
W0926,42.00459582,-70.84525352,18.1,8.5,0,1,Summer,2009.0,6.0,1,0,0
W0930,42.00146724,-70.83678103,19.0,8.1,1,2,Summer,2009.0,6.0,1,0,0
W0930,42.00146724,-70.83678103,19.0,8.1,1,2,Summer,2009.0,6.0,1,0,0
W0930,42.00146724,-70.83678103,18.8,8.1,1,2,Summer,2009.0,6.0,1,0,0
W0930,42.00146724,-70.83678103,18.4,7.8,1,2,Summer,2009.0,6.0,1,0,0
W1884,41.93483006,-70.68100103,20.6,10.8,1,2,Summer,2009.0,6.0,1,0,0
W1884,41.93483006,-70.68100103,20.6,10.8,1,2,Summer,2009.0,6.0,1,0,0
W1884,41.93483006,-70.68100103,20.5,10.8,1,2,Summer,2009.0,6.0,1,0,0
W1884,41.93483006,-70.68100103,18.4,10.3,1,2,Summer,2009.0,6.0,1,0,0
W1884,41.93483006,-70.68100103,25.2,10.1,1,2,Summer,2009.0,7.0,1,0,0
W1884,41.93483006,-70.68100103,24.6,9.1,1,2,Summer,2009.0,7.0,1,0,0
W1884,41.93483006,-70.68100103,22.1,0.7,1,3,Summer,2009.0,7.0,1,1,0
W0930,42.00146724,-70.83678103,26.2,8.7,1,2,Summer,2009.0,7.0,1,0,0
W0930,42.00146724,-70.83678103,25.9,8.6,1,2,Summer,2009.0,7.0,1,0,0
W0930,42.00146724,-70.83678103,24.7,6.4,1,2,Summer,2009.0,7.0,1,0,0
W0930,42.00146724,-70.83678103,22.0,1.4,1,3,Summer,2009.0,7.0,1,1,0
W0926,42.00459582,-70.84525352,25.1,8.5,1,2,Summer,2009.0,7.0,1,0,0
W0926,42.00459582,-70.84525352,24.9,8.4,1,2,Summer,2009.0,7.0,1,0,0
W0926,42.00459582,-70.84525352,24.7,8.0,1,2,Summer,2009.0,7.0,1,0,0
W0926,42.00459582,-70.84525352,23.4,1.4,1,3,Summer,2009.0,7.0,1,1,0
W0930,42.00146724,-70.83678103,27.2,9.5,1,2,Summer,2009.0,8.0,1,0,0
W0930,42.00146724,-70.83678103,26.8,7.9,1,2,Summer,2009.0,8.0,1,0,0
W0930,42.00146724,-70.83678103,26.5,7.9,1,2,Summer,2009.0,8.0,1,0,0
W0926,42.00459582,-70.84525352,27.1,8.4,0,1,Summer,2009.0,8.0,1,0,0
W0926,42.00459582,-70.84525352,26.8,8.0,0,1,Summer,2009.0,8.0,1,0,0
W0926,42.00459582,-70.84525352,26.7,7.6,0,1,Summer,2009.0,8.0,1,0,0
W0926,42.00459582,-70.84525352,26.0,2.0,0,3,Summer,2009.0,8.0,1,1,1
W0695,42.30485304,-71.62845076,0.3,12.3,1,1,Winter,2009.0,1.0,0,0,0
W0680,42.22778189,-71.78735524,0.2,14.6,1,1,Winter,2009.0,2.0,0,0,0
W0767,42.153873,-71.65203977,1.4,14.1,1,1,Winter,2009.0,2.0,0,0,0
W0481,42.4951686,-71.72192464,0.5,14.4,1,1,Winter,2009.0,2.0,0,0,0
W0681,42.44473811,-71.67198789,1.2,14.7,1,1,Winter,2009.0,2.0,0,0,0
W0487,42.62094186,-71.64380951,0.0,14.3,1,1,Winter,2009.0,2.0,0,0,0
W0485,42.66968673,-71.56776529,0.8,14.3,1,1,Winter,2009.0,2.0,0,0,0
W0496,42.62647657,-71.59314962,1.0,14.2,1,1,Winter,2009.0,2.0,0,0,0
W0493,42.26797538,-72.33276108,2.1,14.4,1,1,Winter,2009.0,2.0,0,0,0
W0492,42.23872578,-72.285755,0.2,14.8,1,1,Winter,2009.0,2.0,0,0,0
W0491,42.18142994,-72.26354268,1.4,14.9,1,1,Winter,2009.0,2.0,0,0,0
W0601,42.10956147,-72.11856925,1.2,14.9,1,1,Winter,2009.0,2.0,0,0,0
W0075,42.0246995,-71.88418202,0.8,15.7,1,1,Winter,2009.0,2.0,0,0,0
W0602,42.05094532,-71.88507359,0.4,15.5,1,1,Winter,2009.0,2.0,0,0,0
W0690,42.59751119,-72.43783955,2.3,13.8,1,1,Spring,2009.0,3.0,0,0,0
W0691,42.58812535,-72.04099473,2.4,12.6,1,1,Spring,2009.0,3.0,0,0,0
W0692,42.62969793,-72.15035652,2.4,13.1,1,1,Spring,2009.0,3.0,0,0,0
W0693,42.68279648,-72.11503734,0.7,12.6,1,1,Spring,2009.0,3.0,0,0,0
W0694,42.6723218,-72.09305542,2.7,13.1,1,1,Spring,2009.0,3.0,0,0,0
W0695,42.30485304,-71.62845076,5.3,11.3,1,1,Spring,2009.0,3.0,0,0,0
W0696,42.32543468,-71.39736431,4.7,13.4,1,1,Spring,2009.0,3.0,0,0,0
W0697,42.43206352,-71.44974106,5.8,13.3,1,1,Spring,2009.0,3.0,0,0,0
W0698,42.51227518,-71.40458554,3.6,12.3,1,1,Spring,2009.0,3.0,0,0,0
W1487,42.64172611,-71.30284563,5.7,13.4,1,1,Spring,2009.0,3.0,0,0,0
W0680,42.22778189,-71.78735524,4.5,12.2,1,1,Spring,2009.0,3.0,0,0,0
W0689,42.23053792,-71.70809238,4.4,12.5,1,1,Spring,2009.0,3.0,0,0,0
W0767,42.153873,-71.65203977,5.5,12.1,1,1,Spring,2009.0,3.0,0,0,0
W0515,42.1003609,-71.60111703,3.3,13.4,1,1,Spring,2009.0,3.0,0,0,0
W1898,42.02271855,-71.57054135999999,4.9,13.6,1,1,Spring,2009.0,3.0,0,0,0
W0481,42.4951686,-71.72192464,8.9,11.2,1,1,Spring,2009.0,4.0,0,0,0
W0681,42.44473811,-71.67198789,9.3,10.2,1,1,Spring,2009.0,4.0,0,0,0
W0487,42.62094186,-71.64380951,8.6,11.1,1,1,Spring,2009.0,4.0,0,0,0
W0485,42.66968673,-71.56776529,10.5,10.4,1,1,Spring,2009.0,4.0,0,0,0
W0496,42.62647657,-71.59314962,9.6,10.7,1,1,Spring,2009.0,4.0,0,0,0
W0490,42.26477944,-72.00491606,16.8,8.9,1,1,Spring,2009.0,4.0,0,0,0
W0494,42.39121389,-72.0645552,18.9,9.2,1,1,Spring,2009.0,4.0,0,0,0
W0493,42.26797538,-72.33276108,8.9,11.9,1,1,Spring,2009.0,4.0,0,0,0
W0492,42.23872578,-72.285755,18.5,9.4,1,1,Spring,2009.0,4.0,0,0,0
W0491,42.18142994,-72.26354268,19.0,10.1,1,1,Spring,2009.0,4.0,0,0,0
W0601,42.10956147,-72.11856925,17.5,9.6,1,1,Spring,2009.0,4.0,0,0,0
W0615,42.11947322,-72.00870444,13.8,10.6,1,1,Spring,2009.0,4.0,0,0,0
W0600,42.02202663,-71.9543561,17.4,9.8,1,1,Spring,2009.0,4.0,0,0,0
W0075,42.0246995,-71.88418202,18.3,9.5,1,1,Spring,2009.0,4.0,0,0,0
W0602,42.05094532,-71.88507359,18.8,9.3,1,1,Spring,2009.0,4.0,0,0,0
W0690,42.59751119,-72.43783955,12.9,10.8,1,1,Spring,2009.0,5.0,0,0,0
W0691,42.58812535,-72.04099473,11.8,9.8,1,1,Spring,2009.0,5.0,0,0,0
W0692,42.62969793,-72.15035652,13.1,10.1,1,1,Spring,2009.0,5.0,0,0,0
W0693,42.68279648,-72.11503734,11.7,9.2,1,1,Spring,2009.0,5.0,0,0,0
W0694,42.6723218,-72.09305542,13.2,10.4,1,1,Spring,2009.0,5.0,0,0,0
W0695,42.30485304,-71.62845076,14.5,7.8,1,1,Spring,2009.0,5.0,0,0,0
W0696,42.32543468,-71.39736431,16.8,9.8,1,1,Spring,2009.0,5.0,0,0,0
W0697,42.43206352,-71.44974106,17.1,9.7,1,1,Spring,2009.0,5.0,0,0,0
W0698,42.51227518,-71.40458554,14.6,8.1,1,1,Spring,2009.0,5.0,0,0,0
W1487,42.64172611,-71.30284563,18.0,9.4,1,1,Spring,2009.0,5.0,0,0,0
W0680,42.22778189,-71.78735524,15.5,8.9,1,1,Spring,2009.0,5.0,0,0,0
W0689,42.23053792,-71.70809238,19.1,8.1,1,1,Spring,2009.0,5.0,0,0,0
W0767,42.153873,-71.65203977,15.9,7.5,1,1,Spring,2009.0,5.0,0,0,0
W0515,42.1003609,-71.60111703,16.1,6.0,1,1,Spring,2009.0,5.0,0,0,0
W1898,42.02271855,-71.57054135999999,16.4,7.7,1,1,Spring,2009.0,5.0,0,0,0
W0481,42.4951686,-71.72192464,15.2,9.7,1,2,Summer,2009.0,6.0,1,0,0
W0681,42.44473811,-71.67198789,12.7,10.4,1,2,Summer,2009.0,6.0,1,0,0
W0487,42.62094186,-71.64380951,15.5,9.2,1,2,Summer,2009.0,6.0,1,0,0
W0485,42.66968673,-71.56776529,16.7,8.5,1,2,Summer,2009.0,6.0,1,0,0
W0496,42.62647657,-71.59314962,16.6,9.0,1,2,Summer,2009.0,6.0,1,0,0
W0490,42.26477944,-72.00491606,17.3,8.6,1,2,Summer,2009.0,6.0,1,0,0
W0494,42.39121389,-72.0645552,17.2,9.1,1,2,Summer,2009.0,6.0,1,0,0
W0493,42.26797538,-72.33276108,11.1,10.9,1,2,Summer,2009.0,6.0,1,0,0
W0492,42.23872578,-72.285755,17.9,9.0,1,2,Summer,2009.0,6.0,1,0,0
W0491,42.18142994,-72.26354268,19.0,9.2,1,2,Summer,2009.0,6.0,1,0,0
W0601,42.10956147,-72.11856925,19.1,8.6,1,2,Summer,2009.0,6.0,1,0,0
W0615,42.11947322,-72.00870444,16.9,9.2,1,2,Summer,2009.0,6.0,1,0,0
W0600,42.02202663,-71.9543561,18.1,9.2,1,2,Summer,2009.0,6.0,1,0,0
W0075,42.0246995,-71.88418202,18.4,9.1,1,2,Summer,2009.0,6.0,1,0,0
W0602,42.05094532,-71.88507359,18.5,8.9,1,2,Summer,2009.0,6.0,1,0,0
W0695,42.30485304,-71.62845076,18.8,7.0,1,2,Summer,2009.0,7.0,1,0,0
W0696,42.32543468,-71.39736431,21.5,8.8,1,2,Summer,2009.0,7.0,1,0,0
W0697,42.43206352,-71.44974106,21.2,8.2,1,2,Summer,2009.0,7.0,1,0,0
W0698,42.51227518,-71.40458554,18.3,7.4,1,2,Summer,2009.0,7.0,1,0,0
W1487,42.64172611,-71.30284563,22.5,8.2,1,2,Summer,2009.0,7.0,1,0,0
W0680,42.22778189,-71.78735524,23.2,8.2,1,2,Summer,2009.0,7.0,1,0,0
W0689,42.23053792,-71.70809238,25.9,7.5,1,2,Summer,2009.0,7.0,1,0,0
W0767,42.153873,-71.65203977,23.1,8.1,1,2,Summer,2009.0,7.0,1,0,0
W0515,42.1003609,-71.60111703,23.6,2.8,1,3,Summer,2009.0,7.0,1,1,0
W1898,42.02271855,-71.57054135999999,23.9,7.4,1,2,Summer,2009.0,7.0,1,0,0
W0481,42.4951686,-71.72192464,16.4,9.8,1,1,Fall,2009.0,9.0,0,0,0
W0681,42.44473811,-71.67198789,15.7,10.4,1,1,Fall,2009.0,9.0,0,0,0
W0487,42.62094186,-71.64380951,16.1,9.1,1,1,Fall,2009.0,9.0,0,0,0
W0485,42.66968673,-71.56776529,18.5,9.2,1,1,Fall,2009.0,9.0,0,0,0
W0496,42.62647657,-71.59314962,17.8,9.4,1,1,Fall,2009.0,9.0,0,0,0
W0490,42.26477944,-72.00491606,21.7,7.8,1,2,Summer,2009.0,8.0,1,0,0
W0494,42.39121389,-72.0645552,23.1,8.2,1,2,Summer,2009.0,8.0,1,0,0
W0493,42.26797538,-72.33276108,13.1,10.4,1,2,Summer,2009.0,8.0,1,0,0
W0492,42.23872578,-72.285755,23.2,8.5,1,2,Summer,2009.0,8.0,1,0,0
W0491,42.18142994,-72.26354268,24.7,8.5,1,2,Summer,2009.0,8.0,1,0,0
W0601,42.10956147,-72.11856925,25.1,7.3,1,2,Summer,2009.0,8.0,1,0,0
W0615,42.11947322,-72.00870444,20.2,8.7,1,2,Summer,2009.0,8.0,1,0,0
W0600,42.02202663,-71.9543561,23.6,8.3,1,2,Summer,2009.0,8.0,1,0,0
W0075,42.0246995,-71.88418202,23.6,8.1,1,2,Summer,2009.0,8.0,1,0,0
W0602,42.05094532,-71.88507359,24.2,7.9,1,2,Summer,2009.0,8.0,1,0,0
W0690,42.59751119,-72.43783955,15.0,10.8,1,1,Fall,2009.0,9.0,0,0,0
W0691,42.58812535,-72.04099473,15.4,9.5,1,1,Fall,2009.0,9.0,0,0,0
W0692,42.62969793,-72.15035652,14.6,10.2,1,1,Fall,2009.0,9.0,0,0,0
W0693,42.68279648,-72.11503734,14.1,8.2,1,1,Fall,2009.0,9.0,0,0,0
W0694,42.6723218,-72.09305542,14.9,9.4,1,1,Fall,2009.0,9.0,0,0,0
W0695,42.30485304,-71.62845076,16.1,7.1,1,1,Fall,2009.0,9.0,0,0,0
W0696,42.32543468,-71.39736431,16.9,9.4,1,1,Fall,2009.0,9.0,0,0,0
W0697,42.43206352,-71.44974106,17.2,9.3,1,1,Fall,2009.0,9.0,0,0,0
W0698,42.51227518,-71.40458554,15.7,7.9,1,1,Fall,2009.0,9.0,0,0,0
W1487,42.64172611,-71.30284563,18.3,9.7,1,1,Fall,2009.0,9.0,0,0,0
W0680,42.22778189,-71.78735524,15.4,9.6,1,1,Fall,2009.0,9.0,0,0,0
W0689,42.23053792,-71.70809238,17.1,9.2,1,1,Fall,2009.0,9.0,0,0,0
W0767,42.153873,-71.65203977,16.3,9.4,1,1,Fall,2009.0,9.0,0,0,0
W0515,42.1003609,-71.60111703,15.0,0.4,1,2,Fall,2009.0,9.0,0,1,0
W1898,42.02271855,-71.57054135999999,16.1,8.8,1,1,Fall,2009.0,9.0,0,0,0
W0481,42.4951686,-71.72192464,10.0,9.8,1,1,Fall,2009.0,10.0,0,0,0
W0681,42.44473811,-71.67198789,11.0,10.4,1,1,Fall,2009.0,10.0,0,0,0
W0487,42.62094186,-71.64380951,7.1,10.3,1,1,Fall,2009.0,10.0,0,0,0
W0485,42.66968673,-71.56776529,9.0,10.4,1,1,Fall,2009.0,10.0,0,0,0
W0496,42.62647657,-71.59314962,9.0,10.3,1,1,Fall,2009.0,10.0,0,0,0
W0490,42.26477944,-72.00491606,7.6,11.0,1,1,Fall,2009.0,10.0,0,0,0
W0494,42.39121389,-72.0645552,8.8,11.3,1,1,Fall,2009.0,10.0,0,0,0
W0493,42.26797538,-72.33276108,12.2,9.8,1,1,Fall,2009.0,10.0,0,0,0
W0492,42.23872578,-72.285755,9.1,11.2,1,1,Fall,2009.0,10.0,0,0,0
W0491,42.18142994,-72.26354268,9.4,11.5,1,1,Fall,2009.0,10.0,0,0,0
W0601,42.10956147,-72.11856925,10.4,11.2,1,1,Fall,2009.0,10.0,0,0,0
W0615,42.11947322,-72.00870444,10.1,11.2,1,1,Fall,2009.0,10.0,0,0,0
W0600,42.02202663,-71.9543561,9.7,11.2,1,1,Fall,2009.0,10.0,0,0,0
W0075,42.0246995,-71.88418202,9.8,11.3,1,1,Fall,2009.0,10.0,0,0,0
W0602,42.05094532,-71.88507359,9.5,11.0,1,1,Fall,2009.0,10.0,0,0,0
W0690,42.59751119,-72.43783955,8.6,12.2,1,1,Fall,2009.0,11.0,0,0,0
W0691,42.58812535,-72.04099473,8.9,10.9,1,1,Fall,2009.0,11.0,0,0,0
W0692,42.62969793,-72.15035652,8.4,11.7,1,1,Fall,2009.0,11.0,0,0,0
W0693,42.68279648,-72.11503734,7.9,9.7,1,1,Fall,2009.0,11.0,0,0,0
W0694,42.6723218,-72.09305542,8.1,11.7,1,1,Fall,2009.0,11.0,0,0,0
W0695,42.30485304,-71.62845076,8.6,10.4,1,1,Fall,2009.0,11.0,0,0,0
W0696,42.32543468,-71.39736431,9.1,12.5,1,1,Fall,2009.0,11.0,0,0,0
W0697,42.43206352,-71.44974106,9.3,11.1,1,1,Fall,2009.0,11.0,0,0,0
W0698,42.51227518,-71.40458554,6.8,11.3,1,1,Fall,2009.0,11.0,0,0,0
W1487,42.64172611,-71.30284563,9.5,12.0,1,1,Fall,2009.0,11.0,0,0,0
W0680,42.22778189,-71.78735524,7.8,13.6,1,1,Fall,2009.0,11.0,0,0,0
W0689,42.23053792,-71.70809238,7.6,13.3,1,1,Fall,2009.0,11.0,0,0,0
W0767,42.153873,-71.65203977,8.3,13.2,1,1,Fall,2009.0,11.0,0,0,0
W0515,42.1003609,-71.60111703,6.2,10.2,1,1,Fall,2009.0,11.0,0,0,0
W1898,42.02271855,-71.57054135999999,7.9,12.8,1,1,Fall,2009.0,11.0,0,0,0
W1803,42.61633757,-72.47760491,7.4,11.8,1,1,Spring,2008.0,5.0,0,0,0
W1782,42.62058327,-72.54988746,9.0,11.8,1,1,Spring,2008.0,5.0,0,0,0
W1048,42.54256341,-72.54911946,10.4,11.2,1,1,Spring,2008.0,5.0,0,0,0
W1045,42.4675985,-72.58479003,9.8,11.8,1,1,Spring,2008.0,5.0,0,0,0
W1795,42.46908025,-72.64150009,13.1,9.9,1,1,Spring,2008.0,5.0,0,0,0
W1788,42.46068291,-72.64354654,10.8,11.1,1,1,Spring,2008.0,5.0,0,0,0
W1801,42.43425873,-72.5456543,9.7,11.0,1,1,Spring,2008.0,5.0,0,0,0
W1802,42.41180813,-72.56712264,10.8,9.2,1,1,Spring,2008.0,5.0,0,0,0
W1783,42.37833321,-72.48171021,10.3,10.8,1,1,Spring,2008.0,5.0,0,0,0
W1800,42.34204868,-72.49358561,14.2,8.7,1,1,Spring,2008.0,5.0,0,0,0
W1804,42.35565015,-72.52065447,12.8,10.4,1,1,Spring,2008.0,5.0,0,0,0
W1797,42.26682544,-72.69715369,12.1,10.4,1,1,Spring,2008.0,5.0,0,0,0
W1793,42.24110163,-72.70536039,13.2,10.4,1,1,Spring,2008.0,5.0,0,0,0
W1787,42.21445745,-72.72427576,13.1,10.7,1,1,Spring,2008.0,5.0,0,0,0
W1790,42.25114445,-72.55943838,13.1,8.5,1,1,Spring,2008.0,5.0,0,0,0
W1798,42.19117381,-72.59881607,14.0,10.2,1,1,Spring,2008.0,5.0,0,0,0
W1789,42.04831597,-72.45399124,12.4,10.6,1,1,Spring,2008.0,5.0,0,0,0
W1395,41.98731263,-72.60535567,11.2,11.0,1,1,Spring,2008.0,5.0,0,0,0
W1799,42.6853667,-72.47374624,18.0,9.5,1,1,Spring,2008.0,5.0,0,0,0
W1799,42.6853667,-72.47374624,19.9,8.9,1,2,Summer,2008.0,6.0,1,0,0
W1785,42.64201567,-72.49771159,13.6,9.9,1,1,Spring,2008.0,5.0,0,0,0
W1785,42.64201567,-72.49771159,15.6,8.8,1,2,Summer,2008.0,6.0,1,0,0
W1063,42.47836238,-72.61893594,15.4,2.9,1,2,Spring,2008.0,5.0,0,1,0
W1063,42.47836238,-72.61893594,17.8,2.4,1,3,Summer,2008.0,6.0,1,1,0
W1050,42.38639934,-72.5503928,14.5,9.6,1,1,Spring,2008.0,5.0,0,0,0
W1050,42.38639934,-72.5503928,16.1,8.2,1,2,Summer,2008.0,6.0,1,0,0
W1051,42.33278638,-72.57858317,16.5,8.8,1,1,Spring,2008.0,5.0,0,0,0
W1051,42.33278638,-72.57858317,17.2,8.0,1,2,Summer,2008.0,6.0,1,0,0
W1784,42.33649913,-72.61557336,18.8,9.2,1,1,Spring,2008.0,5.0,0,0,0
W1784,42.33649913,-72.61557336,19.9,8.7,1,2,Summer,2008.0,6.0,1,0,0
W1061,42.36655405,-72.60488814,18.4,8.7,1,1,Spring,2008.0,5.0,0,0,0
W1061,42.36655405,-72.60488814,18.6,7.3,1,2,Summer,2008.0,6.0,1,0,0
W1055,42.28189876,-72.42726497,13.3,10.4,1,1,Spring,2008.0,5.0,0,0,0
W1055,42.28189876,-72.42726497,14.8,9.5,1,2,Summer,2008.0,6.0,1,0,0
W1791,42.27107608,-72.44986375,12.8,10.0,1,1,Spring,2008.0,5.0,0,0,0
W1791,42.27107608,-72.44986375,15.4,8.3,1,2,Summer,2008.0,6.0,1,0,0
W1792,42.24704007,-72.58037808,17.3,9.3,1,1,Spring,2008.0,5.0,0,0,0
W1792,42.24704007,-72.58037808,20.0,8.6,1,2,Summer,2008.0,6.0,1,0,0
W1052,42.27015317,-72.58689462,17.1,9.1,1,1,Spring,2008.0,5.0,0,0,0
W1052,42.27015317,-72.58689462,18.8,8.3,1,2,Summer,2008.0,6.0,1,0,0
W1796,42.31899322,-72.66514075,15.7,10.1,1,1,Spring,2008.0,5.0,0,0,0
W1796,42.31899322,-72.66514075,16.4,9.4,1,2,Summer,2008.0,6.0,1,0,0
W1065,42.28349688,-72.64060074,16.4,9.2,1,1,Spring,2008.0,5.0,0,0,0
W1065,42.28349688,-72.64060074,17.5,8.1,1,2,Summer,2008.0,6.0,1,0,0
W1786,42.0941279,-72.56911519,20.6,7.9,1,1,Spring,2008.0,5.0,0,0,0
W1786,42.0941279,-72.56911519,20.5,8.0,1,2,Summer,2008.0,6.0,1,0,0
W1794,42.03629979,-72.58362237,18.4,8.6,1,1,Spring,2008.0,5.0,0,0,0
W1794,42.03629979,-72.58362237,17.5,7.3,1,2,Summer,2008.0,6.0,1,0,0
W1803,42.61633757,-72.47760491,12.4,9.7,1,2,Summer,2008.0,6.0,1,0,0
W1782,42.62058327,-72.54988746,13.7,10.3,1,2,Summer,2008.0,6.0,1,0,0
W1048,42.54256341,-72.54911946,14.6,10.1,1,2,Summer,2008.0,6.0,1,0,0
W1045,42.4675985,-72.58479003,19.5,8.9,1,2,Summer,2008.0,6.0,1,0,0
W1795,42.46908025,-72.64150009,19.5,7.9,1,2,Summer,2008.0,6.0,1,0,0
W1788,42.46068291,-72.64354654,13.8,10.3,1,2,Summer,2008.0,6.0,1,0,0
W1801,42.43425873,-72.5456543,8.2,10.8,1,2,Summer,2008.0,6.0,1,0,0
W1802,42.41180813,-72.56712264,13.5,8.8,1,2,Summer,2008.0,6.0,1,0,0
W1783,42.37833321,-72.48171021,14.2,10.2,1,2,Summer,2008.0,6.0,1,0,0
W1800,42.34204868,-72.49358561,18.7,6.5,1,2,Summer,2008.0,6.0,1,0,0
W1804,42.35565015,-72.52065447,18.4,8.7,1,2,Summer,2008.0,6.0,1,0,0
W1797,42.26682544,-72.69715369,16.5,10.0,1,2,Summer,2008.0,6.0,1,0,0
W1793,42.24110163,-72.70536039,18.2,9.5,1,2,Summer,2008.0,6.0,1,0,0
W1787,42.21445745,-72.72427576,14.9,9.6,1,2,Summer,2008.0,6.0,1,0,0
W1790,42.25114445,-72.55943838,17.5,6.8,1,2,Summer,2008.0,6.0,1,0,0
W1798,42.19117381,-72.59881607,15.6,10.4,1,2,Summer,2008.0,6.0,1,0,0
W1789,42.04831597,-72.45399124,15.9,10.2,1,2,Summer,2008.0,6.0,1,0,0
W1395,41.98731263,-72.60535567,20.9,9.6,1,2,Summer,2008.0,6.0,1,0,0
W1799,42.6853667,-72.47374624,20.2,8.5,1,2,Summer,2008.0,6.0,1,0,0
W1799,42.6853667,-72.47374624,21.8,8.2,1,2,Summer,2008.0,7.0,1,0,0
W1785,42.64201567,-72.49771159,16.8,9.3,1,2,Summer,2008.0,6.0,1,0,0
W1785,42.64201567,-72.49771159,18.1,8.8,1,2,Summer,2008.0,7.0,1,0,0
W1063,42.47836238,-72.61893594,17.1,3.0,1,3,Summer,2008.0,6.0,1,1,0
W1063,42.47836238,-72.61893594,19.3,5.4,1,2,Summer,2008.0,7.0,1,0,0
W1050,42.38639934,-72.5503928,16.8,8.5,1,2,Summer,2008.0,6.0,1,0,0
W1050,42.38639934,-72.5503928,19.7,8.0,1,2,Summer,2008.0,7.0,1,0,0
W1051,42.33278638,-72.57858317,18.1,8.6,1,2,Summer,2008.0,6.0,1,0,0
W1051,42.33278638,-72.57858317,21.1,7.8,1,2,Summer,2008.0,7.0,1,0,0
W1784,42.33649913,-72.61557336,20.8,8.5,0,1,Summer,2008.0,6.0,1,0,0
W1784,42.33649913,-72.61557336,22.6,8.3,0,1,Summer,2008.0,7.0,1,0,0
W1061,42.36655405,-72.60488814,20.2,8.5,1,2,Summer,2008.0,6.0,1,0,0
W1061,42.36655405,-72.60488814,23.0,8.0,1,2,Summer,2008.0,7.0,1,0,0
W1055,42.28189876,-72.42726497,15.8,9.3,1,2,Summer,2008.0,6.0,1,0,0
W1055,42.28189876,-72.42726497,18.2,9.0,1,2,Summer,2008.0,7.0,1,0,0
W1791,42.27107608,-72.44986375,17.0,7.9,0,1,Summer,2008.0,6.0,1,0,0
W1791,42.27107608,-72.44986375,19.9,7.2,0,1,Summer,2008.0,7.0,1,0,0
W1792,42.24704007,-72.58037808,20.1,8.8,1,2,Summer,2008.0,6.0,1,0,0
W1792,42.24704007,-72.58037808,22.5,8.4,1,2,Summer,2008.0,7.0,1,0,0
W1052,42.27015317,-72.58689462,19.9,8.6,1,2,Summer,2008.0,6.0,1,0,0
W1052,42.27015317,-72.58689462,22.4,8.4,1,2,Summer,2008.0,7.0,1,0,0
W1796,42.31899322,-72.66514075,17.2,9.2,1,2,Summer,2008.0,6.0,1,0,0
W1796,42.31899322,-72.66514075,19.9,9.4,1,2,Summer,2008.0,7.0,1,0,0
W1065,42.28349688,-72.64060074,18.2,8.4,1,2,Summer,2008.0,6.0,1,0,0
W1065,42.28349688,-72.64060074,21.1,7.8,1,2,Summer,2008.0,7.0,1,0,0
W1786,42.0941279,-72.56911519,22.0,7.6,1,2,Summer,2008.0,6.0,1,0,0
W1786,42.0941279,-72.56911519,26.2,6.8,1,2,Summer,2008.0,7.0,1,0,0
W1794,42.03629979,-72.58362237,19.5,7.5,1,2,Summer,2008.0,6.0,1,0,0
W1794,42.03629979,-72.58362237,23.4,7.5,1,2,Summer,2008.0,7.0,1,0,0
W1803,42.61633757,-72.47760491,16.3,9.5,1,2,Summer,2008.0,7.0,1,0,0
W1782,42.62058327,-72.54988746,16.8,10.0,1,2,Summer,2008.0,7.0,1,0,0
W1048,42.54256341,-72.54911946,18.5,9.3,1,2,Summer,2008.0,7.0,1,0,0
W1045,42.4675985,-72.58479003,22.3,8.6,1,2,Summer,2008.0,7.0,1,0,0
W1795,42.46908025,-72.64150009,23.0,7.1,1,2,Summer,2008.0,7.0,1,0,0
W1788,42.46068291,-72.64354654,17.6,9.5,1,2,Summer,2008.0,7.0,1,0,0
W1802,42.41180813,-72.56712264,15.7,8.7,1,2,Summer,2008.0,7.0,1,0,0
W1783,42.37833321,-72.48171021,18.2,9.5,1,2,Summer,2008.0,7.0,1,0,0
W1800,42.34204868,-72.49358561,22.6,4.9,1,3,Summer,2008.0,7.0,1,1,0
W1804,42.35565015,-72.52065447,21.5,8.8,1,2,Summer,2008.0,7.0,1,0,0
W1797,42.26682544,-72.69715369,19.1,9.2,1,2,Summer,2008.0,7.0,1,0,0
W1793,42.24110163,-72.70536039,20.8,9.1,1,2,Summer,2008.0,7.0,1,0,0
W1787,42.21445745,-72.72427576,16.2,9.8,1,2,Summer,2008.0,7.0,1,0,0
W1790,42.25114445,-72.55943838,21.0,5.5,1,2,Summer,2008.0,7.0,1,0,0
W1798,42.19117381,-72.59881607,17.3,9.5,1,2,Summer,2008.0,7.0,1,0,0
W1789,42.04831597,-72.45399124,19.3,9.0,1,2,Summer,2008.0,7.0,1,0,0
W1395,41.98731263,-72.60535567,23.8,8.3,1,2,Summer,2008.0,7.0,1,0,0
W1799,42.6853667,-72.47374624,20.0,9.6,1,2,Summer,2008.0,7.0,1,0,0
W1799,42.6853667,-72.47374624,21.9,8.2,1,2,Summer,2008.0,7.0,1,0,0
W1785,42.64201567,-72.49771159,17.7,8.7,1,2,Summer,2008.0,7.0,1,0,0
W1063,42.47836238,-72.61893594,20.2,5.5,1,2,Summer,2008.0,7.0,1,0,0
W1063,42.47836238,-72.61893594,19.1,0.3,1,3,Summer,2008.0,7.0,1,1,0
W1050,42.38639934,-72.5503928,19.4,6.8,1,2,Summer,2008.0,7.0,1,0,0
W1050,42.38639934,-72.5503928,19.1,7.5,1,2,Summer,2008.0,7.0,1,0,0
W1051,42.33278638,-72.57858317,19.7,6.9,0,1,Summer,2008.0,7.0,1,0,0
W1051,42.33278638,-72.57858317,21.2,7.5,0,1,Summer,2008.0,7.0,1,0,0
W1784,42.33649913,-72.61557336,20.9,8.9,1,2,Summer,2008.0,7.0,1,0,0
W1784,42.33649913,-72.61557336,22.1,8.3,1,2,Summer,2008.0,7.0,1,0,0
W1061,42.36655405,-72.60488814,20.7,8.1,1,2,Summer,2008.0,7.0,1,0,0
W1061,42.36655405,-72.60488814,22.6,8.0,1,2,Summer,2008.0,7.0,1,0,0
W1055,42.28189876,-72.42726497,19.1,8.5,1,2,Summer,2008.0,7.0,1,0,0
W1055,42.28189876,-72.42726497,17.9,8.7,1,2,Summer,2008.0,7.0,1,0,0
W1791,42.27107608,-72.44986375,19.7,5.8,1,2,Summer,2008.0,7.0,1,0,0
W1791,42.27107608,-72.44986375,18.9,5.9,1,2,Summer,2008.0,7.0,1,0,0
W1792,42.24704007,-72.58037808,21.7,8.6,1,2,Summer,2008.0,7.0,1,0,0
W1792,42.24704007,-72.58037808,22.3,8.4,1,2,Summer,2008.0,7.0,1,0,0
W1052,42.27015317,-72.58689462,22.1,7.9,1,2,Summer,2008.0,7.0,1,0,0
W1052,42.27015317,-72.58689462,22.4,7.9,1,2,Summer,2008.0,7.0,1,0,0
W1796,42.31899322,-72.66514075,20.6,8.8,1,2,Summer,2008.0,7.0,1,0,0
W1796,42.31899322,-72.66514075,20.2,9.1,1,2,Summer,2008.0,7.0,1,0,0
W1065,42.28349688,-72.64060074,21.0,8.2,1,2,Summer,2008.0,7.0,1,0,0
W1065,42.28349688,-72.64060074,21.5,7.7,1,2,Summer,2008.0,7.0,1,0,0
W1786,42.0941279,-72.56911519,22.1,8.2,1,2,Summer,2008.0,7.0,1,0,0
W1786,42.0941279,-72.56911519,24.8,7.4,1,2,Summer,2008.0,7.0,1,0,0
W1794,42.03629979,-72.58362237,24.7,6.9,1,2,Summer,2008.0,7.0,1,0,0
W1794,42.03629979,-72.58362237,24.2,7.6,1,2,Summer,2008.0,7.0,1,0,0
W1803,42.61633757,-72.47760491,16.9,9.3,1,2,Summer,2008.0,7.0,1,0,0
W1782,42.62058327,-72.54988746,16.1,9.7,1,2,Summer,2008.0,7.0,1,0,0
W1048,42.54256341,-72.54911946,19.4,8.8,1,2,Summer,2008.0,7.0,1,0,0
W1045,42.4675985,-72.58479003,21.2,8.3,1,2,Summer,2008.0,7.0,1,0,0
W1795,42.46908025,-72.64150009,20.6,7.0,1,2,Summer,2008.0,7.0,1,0,0
W1788,42.46068291,-72.64354654,20.3,8.7,1,2,Summer,2008.0,7.0,1,0,0
W1802,42.41180813,-72.56712264,16.0,7.5,1,2,Summer,2008.0,7.0,1,0,0
W1783,42.37833321,-72.48171021,19.0,8.8,1,2,Summer,2008.0,7.0,1,0,0
W1800,42.34204868,-72.49358561,21.5,4.1,1,3,Summer,2008.0,7.0,1,1,0
W1804,42.35565015,-72.52065447,20.4,7.0,1,2,Summer,2008.0,7.0,1,0,0
W1797,42.26682544,-72.69715369,19.9,8.2,1,2,Summer,2008.0,7.0,1,0,0
W1793,42.24110163,-72.70536039,22.8,7.9,1,2,Summer,2008.0,7.0,1,0,0
W1787,42.21445745,-72.72427576,17.8,8.6,1,2,Summer,2008.0,7.0,1,0,0
W1055,42.28189876,-72.42726497,18.3,8.8,1,1,Fall,2008.0,9.0,0,0,0
W1791,42.27107608,-72.44986375,18.3,7.6,1,1,Fall,2008.0,9.0,0,0,0
W1050,42.38639934,-72.5503928,20.0,7.5,1,1,Fall,2008.0,9.0,0,0,0
W1786,42.0941279,-72.56911519,23.6,7.0,1,1,Fall,2008.0,9.0,0,0,0
W1794,42.03629979,-72.58362237,23.2,7.6,1,1,Fall,2008.0,9.0,0,0,0
W1802,42.41180813,-72.56712264,14.6,7.2,1,1,Fall,2008.0,9.0,0,0,0
W1783,42.37833321,-72.48171021,17.3,9.1,1,1,Fall,2008.0,9.0,0,0,0
W1800,42.34204868,-72.49358561,18.2,5.0,1,1,Fall,2008.0,9.0,0,0,0
W1804,42.35565015,-72.52065447,17.7,7.3,1,1,Fall,2008.0,9.0,0,0,0
W1797,42.26682544,-72.69715369,16.2,8.6,1,1,Fall,2008.0,9.0,0,0,0
W1793,42.24110163,-72.70536039,18.2,8.2,1,1,Fall,2008.0,9.0,0,0,0
W1787,42.21445745,-72.72427576,15.9,8.6,1,1,Fall,2008.0,9.0,0,0,0
W1790,42.25114445,-72.55943838,19.1,5.4,1,1,Fall,2008.0,9.0,0,0,0
W1798,42.19117381,-72.59881607,17.2,10.4,1,1,Fall,2008.0,9.0,0,0,0
W1789,42.04831597,-72.45399124,16.5,9.6,1,1,Fall,2008.0,9.0,0,0,0
W1794,42.03629979,-72.58362237,15.8,9.8,1,1,Spring,2008.0,5.0,0,0,0
W1036,42.23246451,-72.0163834,11.2,9.6,1,1,Spring,2008.0,5.0,0,0,0
W1038,42.22570961,-72.04999618,14.4,10.4,1,1,Spring,2008.0,5.0,0,0,0
W1873,42.21540546,-72.07824828,13.1,8.8,1,1,Spring,2008.0,5.0,0,0,0
W1995,42.22870146,-72.14937365,14.3,10.9,1,1,Spring,2008.0,5.0,0,0,0
W1011,42.21007678,-72.24555871,14.1,10.8,1,1,Spring,2008.0,5.0,0,0,0
W1868,42.19324712,-72.26392886,14.2,10.8,1,1,Spring,2008.0,5.0,0,0,0
W1864,42.16171173,-72.26845965,11.8,11.4,1,1,Spring,2008.0,5.0,0,0,0
W1848,42.45425813,-71.95072628,11.8,9.6,1,1,Spring,2008.0,5.0,0,0,0
W1847,42.39041919,-72.08027064,13.2,8.8,1,1,Spring,2008.0,5.0,0,0,0
W1009,42.28485171,-72.21589977,15.0,9.6,1,1,Spring,2008.0,5.0,0,0,0
W1862,42.08471748,-72.31065881,10.6,10.5,1,1,Spring,2008.0,5.0,0,0,0
W1854,42.1313561,-72.31002915,10.3,10.3,1,1,Spring,2008.0,5.0,0,0,0
W0475,42.15037455,-72.60763627,14.9,10.3,1,1,Spring,2008.0,5.0,0,0,0
W1872,42.20455082,-72.31865025,12.7,9.4,1,1,Spring,2008.0,5.0,0,0,0
W1012,42.24326567,-72.33476023,10.9,10.9,1,1,Spring,2008.0,5.0,0,0,0
W1875,42.17981897,-72.36400692,13.0,10.3,1,1,Spring,2008.0,5.0,0,0,0
W1855,42.15339532,-72.26179872,10.5,10.8,1,1,Spring,2008.0,5.0,0,0,0
W1876,42.24999541,-72.0084457,11.1,10.7,1,1,Spring,2008.0,5.0,0,0,0
W1856,42.26297752,-71.99318259,16.1,9.0,1,2,Summer,2008.0,6.0,1,0,0
W1856,42.26297752,-71.99318259,16.6,8.9,1,2,Summer,2008.0,6.0,1,0,0
W0490,42.26477944,-72.00491606,17.4,8.2,1,2,Summer,2008.0,6.0,1,0,0
W0490,42.26477944,-72.00491606,18.0,8.1,1,2,Summer,2008.0,6.0,1,0,0
W1036,42.23246451,-72.0163834,18.2,5.6,1,2,Summer,2008.0,6.0,1,0,0
W1036,42.23246451,-72.0163834,17.7,5.9,1,2,Summer,2008.0,6.0,1,0,0
W1038,42.22570961,-72.04999618,24.4,7.7,1,2,Summer,2008.0,6.0,1,0,0
W1038,42.22570961,-72.04999618,22.6,7.7,1,2,Summer,2008.0,6.0,1,0,0
W1990,42.24816753,-72.07425385,15.6,8.7,1,2,Summer,2008.0,6.0,1,0,0
W1990,42.24816753,-72.07425385,15.9,8.5,1,2,Summer,2008.0,6.0,1,0,0
W1039,42.2449869,-72.07374903,18.4,7.9,1,2,Summer,2008.0,6.0,1,0,0
W1039,42.2449869,-72.07374903,16.7,8.3,1,2,Summer,2008.0,6.0,1,0,0
W1873,42.21540546,-72.07824828,19.9,3.9,1,3,Summer,2008.0,6.0,1,1,0
W1873,42.21540546,-72.07824828,18.3,2.9,1,3,Summer,2008.0,6.0,1,1,0
W0491,42.18142994,-72.26354268,25.3,8.3,1,2,Summer,2008.0,6.0,1,0,0
W0491,42.18142994,-72.26354268,20.0,8.6,1,2,Summer,2008.0,6.0,1,0,0
W1853,42.1010427,-72.31335538,16.6,9.3,1,2,Summer,2008.0,6.0,1,0,0
W1853,42.1010427,-72.31335538,15.0,9.6,1,2,Summer,2008.0,6.0,1,0,0
W1854,42.1313561,-72.31002915,17.3,8.9,1,2,Summer,2008.0,6.0,1,0,0
W1854,42.1313561,-72.31002915,15.2,9.2,1,2,Summer,2008.0,6.0,1,0,0
W1858,42.14809093,-72.40009284,19.1,8.6,1,2,Summer,2008.0,6.0,1,0,0
W1858,42.14809093,-72.40009284,17.0,9.1,1,2,Summer,2008.0,6.0,1,0,0
W1031,42.16060737,-72.51019767,22.2,8.4,1,2,Summer,2008.0,6.0,1,0,0
W1031,42.16060737,-72.51019767,20.9,8.8,1,2,Summer,2008.0,6.0,1,0,0
W2005,42.15729931,-72.40951214,20.5,7.2,1,2,Summer,2008.0,6.0,1,0,0
W2005,42.15729931,-72.40951214,19.7,8.5,1,2,Summer,2008.0,6.0,1,0,0
W1033,42.17771167,-72.37458989,19.6,9.0,1,2,Summer,2008.0,6.0,1,0,0
W1033,42.17771167,-72.37458989,17.9,9.3,1,2,Summer,2008.0,6.0,1,0,0
W1015,42.17314464,-72.34600381,19.8,9.0,1,2,Summer,2008.0,6.0,1,0,0
W1015,42.17314464,-72.34600381,18.1,9.4,1,2,Summer,2008.0,6.0,1,0,0
W1014,42.19155828,-72.34983401,21.1,8.2,1,2,Summer,2008.0,6.0,1,0,0
W1014,42.19155828,-72.34983401,20.3,8.8,1,2,Summer,2008.0,6.0,1,0,0
W1848,42.45425813,-71.95072628,18.3,8.3,1,2,Summer,2008.0,6.0,1,0,0
W1848,42.45425813,-71.95072628,17.9,8.4,1,2,Summer,2008.0,6.0,1,0,0
W1849,42.43628983,-72.05266962,17.6,8.5,1,2,Summer,2008.0,6.0,1,0,0
W1849,42.43628983,-72.05266962,18.0,8.5,1,2,Summer,2008.0,6.0,1,0,0
W1877,42.42038826,-72.04817823,19.4,8.1,1,2,Summer,2008.0,6.0,1,0,0
W1877,42.42038826,-72.04817823,18.1,8.0,1,2,Summer,2008.0,6.0,1,0,0
W1850,42.40850857,-72.09668399,16.0,8.4,1,2,Summer,2008.0,6.0,1,0,0
W1850,42.40850857,-72.09668399,15.9,8.6,1,2,Summer,2008.0,6.0,1,0,0
W0494,42.39121389,-72.0645552,21.9,8.3,1,2,Summer,2008.0,6.0,1,0,0
W0494,42.39121389,-72.0645552,19.4,8.7,1,2,Summer,2008.0,6.0,1,0,0
W1851,42.37234805,-72.16222662,20.3,8.1,1,2,Summer,2008.0,6.0,1,0,0
W1851,42.37234805,-72.16222662,19.1,8.4,1,2,Summer,2008.0,6.0,1,0,0
W2011,42.34355006,-72.15714041,23.1,7.6,1,2,Summer,2008.0,6.0,1,0,0
W2011,42.34355006,-72.15714041,20.6,7.2,1,2,Summer,2008.0,6.0,1,0,0
W1008,42.32097918,-72.17469434,20.4,8.2,1,2,Summer,2008.0,6.0,1,0,0
W1008,42.32097918,-72.17469434,18.0,8.2,1,2,Summer,2008.0,6.0,1,0,0
W1866,42.31010851,-72.21195504,19.8,8.8,1,2,Summer,2008.0,6.0,1,0,0
W1866,42.31010851,-72.21195504,17.7,8.9,1,2,Summer,2008.0,6.0,1,0,0
W0492,42.23872578,-72.285755,20.9,8.8,1,2,Summer,2008.0,6.0,1,0,0
W0492,42.23872578,-72.285755,18.5,8.8,1,2,Summer,2008.0,6.0,1,0,0
W1013,42.2107065,-72.34642165,17.2,9.4,1,2,Summer,2008.0,6.0,1,0,0
W1013,42.2107065,-72.34642165,16.3,9.6,1,2,Summer,2008.0,6.0,1,0,0
W1012,42.24326567,-72.33476023,16.2,10.0,1,2,Summer,2008.0,6.0,1,0,0
W1012,42.24326567,-72.33476023,15.0,9.7,1,2,Summer,2008.0,6.0,1,0,0
W0493,42.26797538,-72.33276108,16.2,9.8,1,2,Summer,2008.0,6.0,1,0,0
W0493,42.26797538,-72.33276108,15.9,9.5,1,2,Summer,2008.0,6.0,1,0,0
W1874,42.28281296,-72.39284073,16.4,9.1,1,2,Summer,2008.0,6.0,1,0,0
W1874,42.28281296,-72.39284073,14.3,9.7,1,2,Summer,2008.0,6.0,1,0,0
W1876,42.24999541,-72.0084457,16.8,8.4,1,2,Summer,2008.0,6.0,1,0,0
W1995,42.22870146,-72.14937365,21.2,7.7,1,2,Summer,2008.0,6.0,1,0,0
W1011,42.21007678,-72.24555871,20.8,9.0,1,2,Summer,2008.0,6.0,1,0,0
W1868,42.19324712,-72.26392886,21.2,9.2,1,2,Summer,2008.0,6.0,1,0,0
W1864,42.16171173,-72.26845965,16.3,9.9,1,2,Summer,2008.0,6.0,1,0,0
W1848,42.45425813,-71.95072628,17.6,8.5,1,2,Summer,2008.0,6.0,1,0,0
W1847,42.39041919,-72.08027064,19.8,8.2,1,2,Summer,2008.0,6.0,1,0,0
W1009,42.28485171,-72.21589977,20.8,9.3,1,2,Summer,2008.0,6.0,1,0,0
W1862,42.08471748,-72.31065881,16.0,9.7,1,2,Summer,2008.0,6.0,1,0,0
W1871,42.12431568,-72.30748854,16.2,9.2,1,2,Summer,2008.0,6.0,1,0,0
W1031,42.16060737,-72.51019767,21.3,8.7,1,2,Summer,2008.0,6.0,1,0,0
W0475,42.15037455,-72.60763627,21.8,8.8,1,2,Summer,2008.0,6.0,1,0,0
W1872,42.20455082,-72.31865025,19.1,7.2,1,2,Summer,2008.0,6.0,1,0,0
W1875,42.17981897,-72.36400692,17.9,8.6,1,2,Summer,2008.0,6.0,1,0,0
W1855,42.15339532,-72.26179872,16.6,9.0,1,2,Summer,2008.0,6.0,1,0,0
W2020,42.48792791,-72.21647477,21.8,4.8,1,3,Summer,2008.0,7.0,1,1,0
W2021,42.46843526,-72.25884802,23.3,5.8,1,2,Summer,2008.0,7.0,1,0,0
W2022,42.46258282,-72.24561712,22.7,7.6,1,2,Summer,2008.0,7.0,1,0,0
W2023,42.49092717,-72.17095628,21.4,8.2,1,2,Summer,2008.0,7.0,1,0,0
W2024,42.47162474,-72.16210768,20.8,8.1,1,2,Summer,2008.0,7.0,1,0,0
W2025,42.43816198,-72.20732375,22.5,8.2,1,2,Summer,2008.0,7.0,1,0,0
W2054,42.29088748,-72.33717325,20.8,7.9,1,2,Summer,2008.0,7.0,1,0,0
W2014,42.45975116,-71.9846416,25.8,8.1,0,1,Summer,2008.0,7.0,1,0,0
W2014,42.45975116,-71.9846416,25.5,8.0,0,1,Summer,2008.0,7.0,1,0,0
W2014,42.45975116,-71.9846416,22.8,8.8,0,1,Summer,2008.0,7.0,1,0,0
W2014,42.45975116,-71.9846416,15.4,12.1,0,1,Summer,2008.0,7.0,1,0,0
W2014,42.45975116,-71.9846416,11.3,12.2,0,1,Summer,2008.0,7.0,1,0,0
W2014,42.45975116,-71.9846416,8.5,10.8,0,1,Summer,2008.0,7.0,1,0,0
W2014,42.45975116,-71.9846416,7.5,9.5,0,1,Summer,2008.0,7.0,1,0,0
W2014,42.45975116,-71.9846416,6.8,8.4,0,1,Summer,2008.0,7.0,1,0,0
W2014,42.45975116,-71.9846416,6.5,6.8,0,1,Summer,2008.0,7.0,1,0,0
W2014,42.45975116,-71.9846416,6.2,4.4,0,2,Summer,2008.0,7.0,1,1,0
W2012,42.17819838,-72.40808521,25.9,7.5,0,1,Summer,2008.0,7.0,1,0,0
W2012,42.17819838,-72.40808521,25.0,7.0,0,1,Summer,2008.0,7.0,1,0,0
W2012,42.17819838,-72.40808521,23.8,6.5,0,1,Summer,2008.0,7.0,1,0,0
W2012,42.17819838,-72.40808521,22.2,6.5,0,1,Summer,2008.0,7.0,1,0,0
W2012,42.17819838,-72.40808521,19.8,5.7,0,1,Summer,2008.0,7.0,1,0,0
W2012,42.17819838,-72.40808521,19.4,4.7,0,2,Summer,2008.0,7.0,1,1,0
W2012,42.17819838,-72.40808521,15.5,0.2,0,2,Summer,2008.0,7.0,1,1,0
W1856,42.26297752,-71.99318259,19.0,8.7,1,2,Summer,2008.0,7.0,1,0,0
W1856,42.26297752,-71.99318259,21.5,8.0,1,2,Summer,2008.0,7.0,1,0,0
W0490,42.26477944,-72.00491606,20.2,8.1,1,2,Summer,2008.0,7.0,1,0,0
W0490,42.26477944,-72.00491606,22.2,7.4,1,2,Summer,2008.0,7.0,1,0,0
W1036,42.23246451,-72.0163834,22.0,5.0,1,2,Summer,2008.0,7.0,1,0,0
W1036,42.23246451,-72.0163834,22.5,5.1,1,2,Summer,2008.0,7.0,1,0,0
W1038,42.22570961,-72.04999618,26.7,7.1,1,2,Summer,2008.0,7.0,1,0,0
W1038,42.22570961,-72.04999618,26.5,7.0,1,2,Summer,2008.0,7.0,1,0,0
W1990,42.24816753,-72.07425385,18.7,8.3,1,2,Summer,2008.0,7.0,1,0,0
W1990,42.24816753,-72.07425385,21.4,7.7,1,2,Summer,2008.0,7.0,1,0,0
W1039,42.2449869,-72.07374903,22.1,7.6,1,2,Summer,2008.0,7.0,1,0,0
W1039,42.2449869,-72.07374903,21.8,8.1,1,2,Summer,2008.0,7.0,1,0,0
W1873,42.21540546,-72.07824828,22.5,0.8,1,3,Summer,2008.0,7.0,1,1,0
W1873,42.21540546,-72.07824828,24.2,0.9,1,3,Summer,2008.0,7.0,1,1,0
W0491,42.18142994,-72.26354268,27.2,8.5,1,2,Summer,2008.0,7.0,1,0,0
W0491,42.18142994,-72.26354268,27.9,8.2,1,2,Summer,2008.0,7.0,1,0,0
W1853,42.1010427,-72.31335538,23.2,8.1,1,2,Summer,2008.0,7.0,1,0,0
W1853,42.1010427,-72.31335538,20.3,8.6,1,2,Summer,2008.0,7.0,1,0,0
W1854,42.1313561,-72.31002915,24.9,8.4,1,2,Summer,2008.0,7.0,1,0,0
W1854,42.1313561,-72.31002915,20.4,8.1,1,2,Summer,2008.0,7.0,1,0,0
W1858,42.14809093,-72.40009284,25.1,7.9,1,2,Summer,2008.0,7.0,1,0,0
W1858,42.14809093,-72.40009284,22.9,8.1,1,2,Summer,2008.0,7.0,1,0,0
W1031,42.16060737,-72.51019767,26.4,8.0,1,2,Summer,2008.0,7.0,1,0,0
W1031,42.16060737,-72.51019767,25.0,8.0,1,2,Summer,2008.0,7.0,1,0,0
W2005,42.15729931,-72.40951214,25.8,8.9,1,2,Summer,2008.0,7.0,1,0,0
W2005,42.15729931,-72.40951214,24.1,7.4,1,2,Summer,2008.0,7.0,1,0,0
W1033,42.17771167,-72.37458989,25.8,8.7,1,2,Summer,2008.0,7.0,1,0,0
W1033,42.17771167,-72.37458989,21.7,8.0,1,2,Summer,2008.0,7.0,1,0,0
W1015,42.17314464,-72.34600381,26.5,8.8,1,2,Summer,2008.0,7.0,1,0,0
W1015,42.17314464,-72.34600381,21.5,7.6,1,2,Summer,2008.0,7.0,1,0,0
W1014,42.19155828,-72.34983401,27.0,7.7,1,2,Summer,2008.0,7.0,1,0,0
W1014,42.19155828,-72.34983401,24.5,7.6,1,2,Summer,2008.0,7.0,1,0,0
W1848,42.45425813,-71.95072628,20.8,8.1,1,2,Summer,2008.0,7.0,1,0,0
W1848,42.45425813,-71.95072628,22.3,7.5,1,2,Summer,2008.0,7.0,1,0,0
W1849,42.43628983,-72.05266962,21.4,8.1,1,2,Summer,2008.0,7.0,1,0,0
W1849,42.43628983,-72.05266962,23.0,7.7,1,2,Summer,2008.0,7.0,1,0,0
W1877,42.42038826,-72.04817823,22.2,7.2,1,2,Summer,2008.0,7.0,1,0,0
W1877,42.42038826,-72.04817823,23.0,7.0,1,2,Summer,2008.0,7.0,1,0,0
W1850,42.40850857,-72.09668399,19.0,7.8,1,2,Summer,2008.0,7.0,1,0,0
W1850,42.40850857,-72.09668399,20.8,7.6,1,2,Summer,2008.0,7.0,1,0,0
W0494,42.39121389,-72.0645552,23.7,7.9,1,2,Summer,2008.0,7.0,1,0,0
W0494,42.39121389,-72.0645552,24.4,7.6,1,2,Summer,2008.0,7.0,1,0,0
W1851,42.37234805,-72.16222662,23.5,7.7,1,2,Summer,2008.0,7.0,1,0,0
W1851,42.37234805,-72.16222662,24.4,7.6,1,2,Summer,2008.0,7.0,1,0,0
W2011,42.34355006,-72.15714041,24.2,7.5,1,2,Summer,2008.0,7.0,1,0,0
W2011,42.34355006,-72.15714041,24.6,7.1,1,2,Summer,2008.0,7.0,1,0,0
W1008,42.32097918,-72.17469434,25.2,9.2,1,2,Summer,2008.0,7.0,1,0,0
W1008,42.32097918,-72.17469434,22.8,7.0,1,2,Summer,2008.0,7.0,1,0,0
W1866,42.31010851,-72.21195504,25.4,8.0,1,2,Summer,2008.0,7.0,1,0,0
W1866,42.31010851,-72.21195504,22.5,7.4,1,2,Summer,2008.0,7.0,1,0,0
W0492,42.23872578,-72.285755,26.7,8.8,1,2,Summer,2008.0,7.0,1,0,0
W0492,42.23872578,-72.285755,24.2,7.6,1,2,Summer,2008.0,7.0,1,0,0
W1013,42.2107065,-72.34642165,19.1,9.1,1,2,Summer,2008.0,7.0,1,0,0
W1013,42.2107065,-72.34642165,17.4,9.2,1,2,Summer,2008.0,7.0,1,0,0
W1012,42.24326567,-72.33476023,13.7,11.1,1,2,Summer,2008.0,7.0,1,0,0
W1012,42.24326567,-72.33476023,13.6,9.5,1,2,Summer,2008.0,7.0,1,0,0
W0493,42.26797538,-72.33276108,13.6,10.5,1,2,Summer,2008.0,7.0,1,0,0
W0493,42.26797538,-72.33276108,13.5,10.4,1,2,Summer,2008.0,7.0,1,0,0
W1874,42.28281296,-72.39284073,21.5,8.0,1,2,Summer,2008.0,7.0,1,0,0
W1874,42.28281296,-72.39284073,20.0,8.4,1,2,Summer,2008.0,7.0,1,0,0
W1876,42.24999541,-72.0084457,21.7,6.0,1,2,Summer,2008.0,7.0,1,0,0
W1995,42.22870146,-72.14937365,25.5,2.4,1,4,Summer,2008.0,7.0,1,1,1
W1011,42.21007678,-72.24555871,25.9,7.7,1,2,Summer,2008.0,7.0,1,0,0
W1868,42.19324712,-72.26392886,25.7,8.0,1,2,Summer,2008.0,7.0,1,0,0
W1864,42.16171173,-72.26845965,19.7,8.5,1,2,Summer,2008.0,7.0,1,0,0
W1848,42.45425813,-71.95072628,21.7,7.9,1,2,Summer,2008.0,7.0,1,0,0
W1847,42.39041919,-72.08027064,25.4,6.7,1,2,Summer,2008.0,7.0,1,0,0
W1009,42.28485171,-72.21589977,24.8,8.6,1,2,Summer,2008.0,7.0,1,0,0
W1862,42.08471748,-72.31065881,22.3,8.2,1,2,Summer,2008.0,7.0,1,0,0
W1871,42.12431568,-72.30748854,21.3,7.6,1,2,Summer,2008.0,7.0,1,0,0
W1031,42.16060737,-72.51019767,26.2,8.1,1,2,Summer,2008.0,7.0,1,0,0
W0475,42.15037455,-72.60763627,27.3,8.2,1,2,Summer,2008.0,7.0,1,0,0
W1872,42.20455082,-72.31865025,25.3,6.4,1,2,Summer,2008.0,7.0,1,0,0
W1875,42.17981897,-72.36400692,23.8,8.4,1,2,Summer,2008.0,7.0,1,0,0
W1855,42.15339532,-72.26179872,18.9,9.2,1,2,Summer,2008.0,7.0,1,0,0
W1856,42.26297752,-71.99318259,20.0,8.4,1,2,Summer,2008.0,8.0,1,0,0
W1856,42.26297752,-71.99318259,20.2,8.0,1,2,Summer,2008.0,8.0,1,0,0
W0490,42.26477944,-72.00491606,18.7,7.9,1,2,Summer,2008.0,8.0,1,0,0
W0490,42.26477944,-72.00491606,18.8,7.6,1,2,Summer,2008.0,8.0,1,0,0
W1036,42.23246451,-72.0163834,19.4,5.9,1,2,Summer,2008.0,8.0,1,0,0
W1036,42.23246451,-72.0163834,19.7,5.8,1,2,Summer,2008.0,8.0,1,0,0
W1038,42.22570961,-72.04999618,23.1,7.9,1,2,Summer,2008.0,8.0,1,0,0
W1038,42.22570961,-72.04999618,24.1,7.5,1,2,Summer,2008.0,8.0,1,0,0
W1990,42.24816753,-72.07425385,17.2,8.5,1,2,Summer,2008.0,8.0,1,0,0
W1039,42.2449869,-72.07374903,18.3,8.5,1,2,Summer,2008.0,8.0,1,0,0
W1873,42.21540546,-72.07824828,19.6,2.7,1,3,Summer,2008.0,8.0,1,1,0
W0491,42.18142994,-72.26354268,22.1,8.1,1,2,Summer,2008.0,8.0,1,0,0
W1853,42.1010427,-72.31335538,15.2,9.7,1,2,Summer,2008.0,8.0,1,0,0
W1854,42.1313561,-72.31002915,15.4,9.2,1,2,Summer,2008.0,8.0,1,0,0
W1858,42.14809093,-72.40009284,17.0,9.3,1,2,Summer,2008.0,8.0,1,0,0
W1031,42.16060737,-72.51019767,22.3,8.8,1,2,Summer,2008.0,8.0,1,0,0
W2005,42.15729931,-72.40951214,21.7,7.6,1,2,Summer,2008.0,8.0,1,0,0
W2005,42.15729931,-72.40951214,21.9,7.9,1,2,Summer,2008.0,8.0,1,0,0
W1033,42.17771167,-72.37458989,21.2,8.0,1,2,Summer,2008.0,8.0,1,0,0
W1033,42.17771167,-72.37458989,19.7,8.8,1,2,Summer,2008.0,8.0,1,0,0
W1015,42.17314464,-72.34600381,22.0,8.2,1,2,Summer,2008.0,8.0,1,0,0
W1015,42.17314464,-72.34600381,20.4,9.2,1,2,Summer,2008.0,8.0,1,0,0
W1014,42.19155828,-72.34983401,22.3,7.9,1,2,Summer,2008.0,8.0,1,0,0
W1014,42.19155828,-72.34983401,21.6,8.6,1,2,Summer,2008.0,8.0,1,0,0
W1848,42.45425813,-71.95072628,18.8,7.8,1,2,Summer,2008.0,8.0,1,0,0
W1848,42.45425813,-71.95072628,19.8,7.9,1,2,Summer,2008.0,8.0,1,0,0
W1849,42.43628983,-72.05266962,19.2,8.2,1,2,Summer,2008.0,8.0,1,0,0
W1849,42.43628983,-72.05266962,19.0,8.4,1,2,Summer,2008.0,8.0,1,0,0
W1877,42.42038826,-72.04817823,18.0,7.9,0,1,Summer,2008.0,8.0,1,0,0
W1877,42.42038826,-72.04817823,18.6,8.1,0,1,Summer,2008.0,8.0,1,0,0
W1850,42.40850857,-72.09668399,17.8,8.2,1,2,Summer,2008.0,8.0,1,0,0
W1850,42.40850857,-72.09668399,17.8,8.2,1,2,Summer,2008.0,8.0,1,0,0
W0494,42.39121389,-72.0645552,20.2,8.2,1,2,Summer,2008.0,8.0,1,0,0
W0494,42.39121389,-72.0645552,20.9,8.2,1,2,Summer,2008.0,8.0,1,0,0
W1851,42.37234805,-72.16222662,20.2,8.1,1,2,Summer,2008.0,8.0,1,0,0
W1851,42.37234805,-72.16222662,21.5,8.0,1,2,Summer,2008.0,8.0,1,0,0
W2011,42.34355006,-72.15714041,20.6,7.8,1,2,Summer,2008.0,8.0,1,0,0
W2011,42.34355006,-72.15714041,21.9,8.0,1,2,Summer,2008.0,8.0,1,0,0
W1008,42.32097918,-72.17469434,22.5,8.3,1,2,Summer,2008.0,8.0,1,0,0
W1008,42.32097918,-72.17469434,18.2,8.2,1,2,Summer,2008.0,8.0,1,0,0
W1866,42.31010851,-72.21195504,22.8,8.4,1,2,Summer,2008.0,8.0,1,0,0
W1866,42.31010851,-72.21195504,17.6,8.9,1,2,Summer,2008.0,8.0,1,0,0
W0492,42.23872578,-72.285755,23.5,8.8,1,2,Summer,2008.0,8.0,1,0,0
W0492,42.23872578,-72.285755,19.3,8.8,1,2,Summer,2008.0,8.0,1,0,0
W1013,42.2107065,-72.34642165,19.6,8.9,1,2,Summer,2008.0,8.0,1,0,0
W1013,42.2107065,-72.34642165,17.3,9.6,1,2,Summer,2008.0,8.0,1,0,0
W1012,42.24326567,-72.33476023,17.3,10.5,1,2,Summer,2008.0,8.0,1,0,0
W1012,42.24326567,-72.33476023,14.8,9.3,1,2,Summer,2008.0,8.0,1,0,0
W0493,42.26797538,-72.33276108,17.6,9.6,1,2,Summer,2008.0,8.0,1,0,0
W0493,42.26797538,-72.33276108,15.3,10.2,1,2,Summer,2008.0,8.0,1,0,0
W1874,42.28281296,-72.39284073,20.3,8.4,1,2,Summer,2008.0,8.0,1,0,0
W1874,42.28281296,-72.39284073,14.8,9.8,1,2,Summer,2008.0,8.0,1,0,0
W1876,42.24999541,-72.0084457,20.7,7.7,1,2,Summer,2008.0,8.0,1,0,0
W1995,42.22870146,-72.14937365,22.7,0.4,1,3,Summer,2008.0,8.0,1,1,0
W1011,42.21007678,-72.24555871,22.2,8.6,1,2,Summer,2008.0,8.0,1,0,0
W1868,42.19324712,-72.26392886,22.2,8.7,1,2,Summer,2008.0,8.0,1,0,0
W1864,42.16171173,-72.26845965,18.5,9.4,1,2,Summer,2008.0,8.0,1,0,0
W1848,42.45425813,-71.95072628,21.2,7.7,1,2,Summer,2008.0,8.0,1,0,0
W1847,42.39041919,-72.08027064,21.4,7.7,1,2,Summer,2008.0,8.0,1,0,0
W1009,42.28485171,-72.21589977,20.8,8.6,1,2,Summer,2008.0,8.0,1,0,0
W1862,42.08471748,-72.31065881,20.1,8.7,1,2,Summer,2008.0,8.0,1,0,0
W1871,42.12431568,-72.30748854,19.2,8.8,1,2,Summer,2008.0,8.0,1,0,0
W1031,42.16060737,-72.51019767,22.4,7.9,1,2,Summer,2008.0,8.0,1,0,0
W0475,42.15037455,-72.60763627,22.4,8.8,1,2,Summer,2008.0,8.0,1,0,0
W1872,42.20455082,-72.31865025,21.7,8.0,1,2,Summer,2008.0,8.0,1,0,0
W1875,42.17981897,-72.36400692,22.1,8.6,1,2,Summer,2008.0,8.0,1,0,0
W1855,42.15339532,-72.26179872,17.8,9.5,1,2,Summer,2008.0,8.0,1,0,0
W2014,42.45975116,-71.9846416,22.6,8.6,1,2,Summer,2008.0,8.0,1,0,0
W2014,42.45975116,-71.9846416,22.6,8.6,1,2,Summer,2008.0,8.0,1,0,0
W2014,42.45975116,-71.9846416,22.4,8.4,1,2,Summer,2008.0,8.0,1,0,0
W2014,42.45975116,-71.9846416,19.8,9.6,1,2,Summer,2008.0,8.0,1,0,0
W2014,42.45975116,-71.9846416,15.3,11.0,1,2,Summer,2008.0,8.0,1,0,0
W2014,42.45975116,-71.9846416,11.7,10.8,1,2,Summer,2008.0,8.0,1,0,0
W2014,42.45975116,-71.9846416,8.9,9.0,1,2,Summer,2008.0,8.0,1,0,0
W2014,42.45975116,-71.9846416,7.0,3.7,1,3,Summer,2008.0,8.0,1,1,0
W2012,42.17819838,-72.40808521,22.1,8.8,0,1,Summer,2008.0,8.0,1,0,0
W2012,42.17819838,-72.40808521,21.0,8.1,0,1,Summer,2008.0,8.0,1,0,0
W2012,42.17819838,-72.40808521,20.1,7.9,0,1,Summer,2008.0,8.0,1,0,0
W2012,42.17819838,-72.40808521,19.4,7.5,0,1,Summer,2008.0,8.0,1,0,0
W2012,42.17819838,-72.40808521,18.5,6.1,0,1,Summer,2008.0,8.0,1,0,0
W2012,42.17819838,-72.40808521,18.4,5.9,0,1,Summer,2008.0,8.0,1,0,0
W2012,42.17819838,-72.40808521,18.3,5.1,0,1,Summer,2008.0,8.0,1,0,0
W2012,42.17819838,-72.40808521,18.0,2.4,0,2,Summer,2008.0,8.0,1,1,0
W2012,42.17819838,-72.40808521,17.9,0.9,0,2,Summer,2008.0,8.0,1,1,0
W1876,42.24999541,-72.0084457,18.8,5.6,1,1,Fall,2008.0,9.0,0,0,0
W1876,42.24999541,-72.0084457,18.3,8.3,1,1,Fall,2008.0,9.0,0,0,0
W1036,42.23246451,-72.0163834,20.3,5.0,1,1,Fall,2008.0,9.0,0,0,0
W1036,42.23246451,-72.0163834,18.0,5.1,1,1,Fall,2008.0,9.0,0,0,0
W1873,42.21540546,-72.07824828,21.1,5.2,1,1,Fall,2008.0,9.0,0,0,0
W1873,42.21540546,-72.07824828,16.4,3.9,1,2,Fall,2008.0,9.0,0,1,0
W1991,42.2081965,-72.10431113,23.7,3.8,1,2,Fall,2008.0,9.0,0,1,0
W1991,42.2081965,-72.10431113,20.6,2.9,1,2,Fall,2008.0,9.0,0,1,0
W1994,42.21247249,-72.12297305,23.0,1.2,1,2,Fall,2008.0,9.0,0,1,0
W1994,42.21247249,-72.12297305,20.5,2.5,1,2,Fall,2008.0,9.0,0,1,0
W1867,42.21262531,-72.20365346,24.0,7.8,1,1,Fall,2008.0,9.0,0,0,0
W1867,42.21262531,-72.20365346,20.0,1.6,1,2,Fall,2008.0,9.0,0,1,0
W1991,42.2081965,-72.10431113,23.7,3.7,1,2,Fall,2008.0,9.0,0,1,0
W1992,42.2091169,-72.10996213,23.2,2.4,1,2,Fall,2008.0,9.0,0,1,0
W2013,42.18552906,-72.39405802,26.3,7.5,0,1,Summer,2008.0,7.0,1,0,0
W2013,42.18552906,-72.39405802,26.1,7.4,0,1,Summer,2008.0,7.0,1,0,0
W2013,42.18552906,-72.39405802,25.2,7.2,0,1,Summer,2008.0,7.0,1,0,0
W2013,42.18552906,-72.39405802,24.4,7.3,0,1,Summer,2008.0,7.0,1,0,0
W2013,42.18552906,-72.39405802,23.6,7.5,0,1,Summer,2008.0,7.0,1,0,0
W2013,42.18552906,-72.39405802,23.0,6.8,0,1,Summer,2008.0,7.0,1,0,0
W1876,42.24999541,-72.0084457,13.0,9.0,1,1,Fall,2008.0,9.0,0,0,0
W1995,42.22870146,-72.14937365,16.9,2.7,1,2,Fall,2008.0,9.0,0,1,0
W1011,42.21007678,-72.24555871,16.3,9.7,1,1,Fall,2008.0,9.0,0,0,0
W1868,42.19324712,-72.26392886,16.4,9.8,1,1,Fall,2008.0,9.0,0,0,0
W1864,42.16171173,-72.26845965,12.0,10.5,1,1,Fall,2008.0,9.0,0,0,0
W1848,42.45425813,-71.95072628,12.1,9.7,1,1,Fall,2008.0,9.0,0,0,0
W1847,42.39041919,-72.08027064,14.1,9.6,1,1,Fall,2008.0,9.0,0,0,0
W1862,42.08471748,-72.31065881,12.0,10.9,1,1,Fall,2008.0,9.0,0,0,0
W1871,42.12431568,-72.30748854,12.0,10.6,1,1,Fall,2008.0,9.0,0,0,0
W1031,42.16060737,-72.51019767,16.6,10.3,1,1,Fall,2008.0,9.0,0,0,0
W0475,42.15037455,-72.60763627,16.4,10.5,1,1,Fall,2008.0,9.0,0,0,0
W1872,42.20455082,-72.31865025,15.1,9.2,1,1,Fall,2008.0,9.0,0,0,0
W1875,42.17981897,-72.36400692,16.1,9.9,1,1,Fall,2008.0,9.0,0,0,0
W1855,42.15339532,-72.26179872,12.0,10.5,1,1,Fall,2008.0,9.0,0,0,0
W1992,42.2091169,-72.10996213,18.4,4.4,1,2,Fall,2008.0,9.0,0,1,0
W1992,42.2091169,-72.10996213,18.0,4.3,1,2,Fall,2008.0,9.0,0,1,0
W1993,42.21244098,-72.12067309,18.4,4.0,1,2,Fall,2008.0,9.0,0,1,0
W1993,42.21244098,-72.12067309,17.4,3.7,1,2,Fall,2008.0,9.0,0,1,0
W1995,42.22870146,-72.14937365,18.0,2.5,1,2,Fall,2008.0,9.0,0,1,0
W1995,42.22870146,-72.14937365,17.0,3.1,1,2,Fall,2008.0,9.0,0,1,0
W1996,42.23362783,-72.16221694,18.0,2.7,1,2,Fall,2008.0,9.0,0,1,0
W1996,42.23362783,-72.16221694,16.7,3.4,1,2,Fall,2008.0,9.0,0,1,0
W1995,42.22870146,-72.14937365,20.0,1.6,1,2,Fall,2008.0,9.0,0,1,0
W1997,42.23248582,-72.15785881,20.0,1.8,1,2,Fall,2008.0,9.0,0,1,0
W1998,42.23472642,-72.16258295,20.0,1.8,1,2,Fall,2008.0,9.0,0,1,0
W1999,42.2356203,-72.16248331,21.9,6.5,1,1,Fall,2008.0,9.0,0,0,0
W2000,42.23468043,-72.16497539,20.2,2.1,1,2,Fall,2008.0,9.0,0,1,0
W2014,42.45975116,-71.9846416,19.1,8.8,1,1,Fall,2008.0,9.0,0,0,0
W2014,42.45975116,-71.9846416,19.1,8.7,1,1,Fall,2008.0,9.0,0,0,0
W2014,42.45975116,-71.9846416,18.9,8.5,1,1,Fall,2008.0,9.0,0,0,0
W2014,42.45975116,-71.9846416,17.1,8.0,1,1,Fall,2008.0,9.0,0,0,0
W2014,42.45975116,-71.9846416,12.8,8.0,1,1,Fall,2008.0,9.0,0,0,0
W2014,42.45975116,-71.9846416,9.9,6.6,1,1,Fall,2008.0,9.0,0,0,0
W2014,42.45975116,-71.9846416,8.7,4.8,1,2,Fall,2008.0,9.0,0,1,0
W2014,42.45975116,-71.9846416,7.4,0.3,1,2,Fall,2008.0,9.0,0,1,0
W2014,42.45975116,-71.9846416,6.7,0.2,1,2,Fall,2008.0,9.0,0,1,0
W2012,42.17819838,-72.40808521,19.1,9.0,0,0,Fall,2008.0,9.0,0,0,0
W2012,42.17819838,-72.40808521,18.9,8.9,0,0,Fall,2008.0,9.0,0,0,0
W2012,42.17819838,-72.40808521,18.8,8.9,0,0,Fall,2008.0,9.0,0,0,0
W2012,42.17819838,-72.40808521,18.4,8.9,0,0,Fall,2008.0,9.0,0,0,0
W2012,42.17819838,-72.40808521,18.0,8.9,0,0,Fall,2008.0,9.0,0,0,0
W2012,42.17819838,-72.40808521,17.3,8.7,0,0,Fall,2008.0,9.0,0,0,0
W2012,42.17819838,-72.40808521,17.0,7.9,0,0,Fall,2008.0,9.0,0,0,0
W2012,42.17819838,-72.40808521,17.0,7.2,0,0,Fall,2008.0,9.0,0,0,0
W2012,42.17819838,-72.40808521,16.9,5.6,0,0,Fall,2008.0,9.0,0,0,0
W2012,42.17819838,-72.40808521,16.9,4.8,0,1,Fall,2008.0,9.0,0,1,0
W2020,42.48792791,-72.21647477,2.9,10.8,1,1,Winter,2008.0,12.0,0,0,0
W2021,42.46843526,-72.25884802,1.9,11.9,1,1,Winter,2008.0,12.0,0,0,0
W2022,42.46258282,-72.24561712,2.2,12.5,1,1,Winter,2008.0,12.0,0,0,0
W2023,42.49092717,-72.17095628,3.2,12.2,1,1,Winter,2008.0,12.0,0,0,0
W2024,42.47162474,-72.16210768,2.6,12.3,1,1,Winter,2008.0,12.0,0,0,0
W2025,42.43816198,-72.20732375,2.6,12.2,1,1,Winter,2008.0,12.0,0,0,0
W2054,42.29088748,-72.33717325,4.1,11.4,1,1,Winter,2008.0,12.0,0,0,0
W2013,42.18552906,-72.39405802,21.7,8.5,0,1,Summer,2008.0,8.0,1,0,0
W2013,42.18552906,-72.39405802,20.1,8.6,0,1,Summer,2008.0,8.0,1,0,0
W1241,42.18223431,-71.70488014,11.0,11.2,1,1,Spring,2008.0,4.0,0,0,0
W1017,42.18086003,-71.73011265,11.3,11.3,1,1,Spring,2008.0,4.0,0,0,0
W0505,42.20292186,-71.77806924,11.8,9.9,1,1,Spring,2008.0,4.0,0,0,0
W1764,42.13913312,-71.63971462,11.7,9.3,1,1,Spring,2008.0,4.0,0,0,0
W1243,42.17384662,-71.68057473,11.9,10.1,1,1,Spring,2008.0,4.0,0,0,0
W1242,42.17728889,-71.68788468,11.9,10.1,1,1,Spring,2008.0,4.0,0,0,0
W1765,42.05495698,-71.61629976,12.4,9.0,1,1,Spring,2008.0,4.0,0,0,0
W1022,42.02414862,-71.48740249,7.9,10.7,1,1,Spring,2008.0,5.0,0,0,0
W0508,42.04075372,-71.51568945,9.4,10.9,1,1,Spring,2008.0,5.0,0,0,0
W0514,42.16003238,-71.60586969,10.9,11.4,1,1,Spring,2008.0,5.0,0,0,0
W1759,42.18115577,-71.64793794,10.2,11.0,1,1,Spring,2008.0,5.0,0,0,0
W2062,42.27876651,-71.80543192,13.4,8.6,1,1,Spring,2008.0,5.0,0,0,0
W1282,42.29062266,-71.75867408,10.4,10.3,1,1,Spring,2008.0,5.0,0,0,0
W1753,42.30377694,-71.7626168,10.6,10.6,1,1,Spring,2008.0,5.0,0,0,0
W1761,42.32499793,-71.74088627,10.9,10.5,1,1,Spring,2008.0,5.0,0,0,0
W1758,42.28029336,-71.74620407,14.4,9.6,1,1,Spring,2008.0,5.0,0,0,0
W1769,42.18498134,-71.71206258,12.1,9.7,1,1,Spring,2008.0,5.0,0,0,0
W1432,42.17306202,-71.62974844,16.2,9.2,1,1,Spring,2008.0,5.0,0,0,0
W1439,42.17268159,-71.62792867,10.8,10.2,0,0,Spring,2008.0,5.0,0,0,0
W1244,42.12965013,-71.63645321,14.7,7.2,1,1,Spring,2008.0,5.0,0,0,0
W1244,42.12965013,-71.63645321,18.1,5.3,1,1,Spring,2008.0,5.0,0,0,0
W0767,42.153873,-71.65203977,15.4,8.6,1,1,Spring,2008.0,5.0,0,0,0
W0767,42.153873,-71.65203977,17.3,6.5,1,1,Spring,2008.0,5.0,0,0,0
W1018,42.19910034,-71.69396462,17.0,10.4,1,1,Spring,2008.0,5.0,0,0,0
W1018,42.19910034,-71.69396462,18.8,8.8,1,1,Spring,2008.0,5.0,0,0,0
W1763,42.19289465,-71.75182267,16.5,8.2,1,1,Spring,2008.0,5.0,0,0,0
W1763,42.19289465,-71.75182267,17.0,7.6,1,1,Spring,2008.0,5.0,0,0,0
W1255,42.20640574,-71.78097604,16.0,8.1,1,1,Spring,2008.0,5.0,0,0,0
W1255,42.20640574,-71.78097604,17.5,7.0,1,1,Spring,2008.0,5.0,0,0,0
W1240,42.20864325,-71.78210772,15.7,8.6,1,1,Spring,2008.0,5.0,0,0,0
W1240,42.20864325,-71.78210772,17.3,7.0,1,1,Spring,2008.0,5.0,0,0,0
W0680,42.22778189,-71.78735524,16.0,9.3,1,1,Spring,2008.0,5.0,0,0,0
W0680,42.22778189,-71.78735524,18.0,8.9,1,1,Spring,2008.0,5.0,0,0,0
W0502,42.2365576,-71.79667946,16.5,9.4,1,1,Spring,2008.0,5.0,0,0,0
W0502,42.2365576,-71.79667946,18.7,8.6,1,1,Spring,2008.0,5.0,0,0,0
W1767,42.18277682,-71.76604587,11.8,9.9,1,1,Spring,2008.0,5.0,0,0,0
W1025,42.08439258,-71.69699739,12.6,9.9,1,1,Spring,2008.0,5.0,0,0,0
W1755,42.0448378,-71.62194682,12.0,10.1,1,1,Spring,2008.0,5.0,0,0,0
W1596,42.02194765,-71.56822441,13.4,7.7,1,1,Spring,2008.0,5.0,0,0,0
W1762,42.0193983,-71.5344052,12.0,10.0,1,1,Spring,2008.0,5.0,0,0,0
W1760,42.09326799,-71.5191956,10.2,9.9,1,1,Spring,2008.0,5.0,0,0,0
W1756,42.02727016,-71.48547213,11.4,10.1,1,1,Spring,2008.0,5.0,0,0,0
W1772,42.01550267,-71.49304478,12.3,8.3,1,1,Spring,2008.0,5.0,0,0,0
W1772,42.01550267,-71.49304478,16.3,5.7,1,1,Spring,2008.0,5.0,0,0,0
W1771,42.01238549,-71.51035869,15.9,9.6,1,1,Spring,2008.0,5.0,0,0,0
W1771,42.01238549,-71.51035869,17.4,9.2,1,1,Spring,2008.0,5.0,0,0,0
W1023,42.01664829,-71.5384768,14.9,8.5,1,1,Spring,2008.0,5.0,0,0,0
W1023,42.01664829,-71.5384768,18.5,7.8,1,1,Spring,2008.0,5.0,0,0,0
W1766,42.01686344,-71.54548172,14.5,7.6,1,1,Spring,2008.0,5.0,0,0,0
W1766,42.01686344,-71.54548172,19.0,6.4,1,1,Spring,2008.0,5.0,0,0,0
W0515,42.1003609,-71.60111703,16.0,9.5,1,1,Spring,2008.0,5.0,0,0,0
W0515,42.1003609,-71.60111703,18.8,7.7,1,1,Spring,2008.0,5.0,0,0,0
W1770,41.99661131,-71.55765871,16.5,9.4,1,1,Spring,2008.0,5.0,0,0,0
W1770,41.99661131,-71.55765871,18.0,9.2,1,1,Spring,2008.0,5.0,0,0,0
W1768,42.07884462,-71.65065318,13.0,9.3,1,1,Spring,2008.0,5.0,0,0,0
W1768,42.07884462,-71.65065318,12.8,9.0,1,1,Spring,2008.0,5.0,0,0,0
W1241,42.18223431,-71.70488014,17.2,7.6,1,1,Spring,2008.0,5.0,0,0,0
W1017,42.18086003,-71.73011265,17.0,8.4,1,1,Spring,2008.0,5.0,0,0,0
W0505,42.20292186,-71.77806924,17.6,7.2,1,1,Spring,2008.0,5.0,0,0,0
W1764,42.13913312,-71.63971462,18.5,5.3,1,1,Spring,2008.0,5.0,0,0,0
W1243,42.17384662,-71.68057473,18.9,7.9,1,1,Spring,2008.0,5.0,0,0,0
W1242,42.17728889,-71.68788468,18.7,7.9,1,1,Spring,2008.0,5.0,0,0,0
W1765,42.05495698,-71.61629976,18.3,7.3,1,1,Spring,2008.0,5.0,0,0,0
W1022,42.02414862,-71.48740249,13.0,8.6,1,1,Spring,2008.0,5.0,0,0,0
W0508,42.04075372,-71.51568945,15.0,8.5,1,1,Spring,2008.0,5.0,0,0,0
W0514,42.16003238,-71.60586969,15.1,8.9,1,1,Spring,2008.0,5.0,0,0,0
W1759,42.18115577,-71.64793794,13.7,8.7,1,1,Spring,2008.0,5.0,0,0,0
W2062,42.27876651,-71.80543192,18.1,6.5,1,2,Summer,2008.0,6.0,1,0,0
W2062,42.27876651,-71.80543192,18.8,6.4,1,2,Summer,2008.0,6.0,1,0,0
W1282,42.29062266,-71.75867408,15.6,9.2,1,2,Summer,2008.0,6.0,1,0,0
W1282,42.29062266,-71.75867408,18.7,9.0,1,2,Summer,2008.0,6.0,1,0,0
W1753,42.30377694,-71.7626168,16.0,9.4,1,2,Summer,2008.0,6.0,1,0,0
W1753,42.30377694,-71.7626168,18.6,8.2,1,2,Summer,2008.0,6.0,1,0,0
W1761,42.32499793,-71.74088627,15.6,9.6,1,2,Summer,2008.0,6.0,1,0,0
W1761,42.32499793,-71.74088627,16.3,8.9,1,2,Summer,2008.0,6.0,1,0,0
W1758,42.28029336,-71.74620407,21.6,7.7,1,2,Summer,2008.0,6.0,1,0,0
W1758,42.28029336,-71.74620407,22.0,7.9,1,2,Summer,2008.0,6.0,1,0,0
W1769,42.18498134,-71.71206258,17.5,8.4,1,2,Summer,2008.0,6.0,1,0,0
W1769,42.18498134,-71.71206258,18.5,6.9,1,2,Summer,2008.0,6.0,1,0,0
W1432,42.17306202,-71.62974844,23.4,6.5,1,2,Summer,2008.0,6.0,1,0,0
W1432,42.17306202,-71.62974844,21.6,4.8,1,3,Summer,2008.0,6.0,1,1,0
W1439,42.17268159,-71.62792867,16.7,8.4,1,2,Summer,2008.0,6.0,1,0,0
W1439,42.17268159,-71.62792867,18.9,7.7,1,2,Summer,2008.0,6.0,1,0,0
W1244,42.12965013,-71.63645321,22.2,7.4,1,2,Summer,2008.0,6.0,1,0,0
W1244,42.12965013,-71.63645321,20.8,7.8,1,2,Summer,2008.0,6.0,1,0,0
W0767,42.153873,-71.65203977,21.4,6.9,1,2,Summer,2008.0,6.0,1,0,0
W0767,42.153873,-71.65203977,20.6,7.8,1,2,Summer,2008.0,6.0,1,0,0
W1018,42.19910034,-71.69396462,22.3,6.8,1,2,Summer,2008.0,6.0,1,0,0
W1018,42.19910034,-71.69396462,21.7,7.1,1,2,Summer,2008.0,6.0,1,0,0
W1763,42.19289465,-71.75182267,19.9,7.2,1,2,Summer,2008.0,6.0,1,0,0
W1763,42.19289465,-71.75182267,20.4,7.7,1,2,Summer,2008.0,6.0,1,0,0
W1240,42.20864325,-71.78210772,20.6,7.9,1,2,Summer,2008.0,6.0,1,0,0
W1240,42.20864325,-71.78210772,20.2,7.0,1,2,Summer,2008.0,6.0,1,0,0
W1255,42.20640574,-71.78097604,20.3,6.8,1,2,Summer,2008.0,6.0,1,0,0
W1255,42.20640574,-71.78097604,20.8,6.9,1,2,Summer,2008.0,6.0,1,0,0
W0680,42.22778189,-71.78735524,20.7,8.0,1,2,Summer,2008.0,6.0,1,0,0
W0680,42.22778189,-71.78735524,21.2,8.3,1,2,Summer,2008.0,6.0,1,0,0
W0502,42.2365576,-71.79667946,21.1,8.2,1,2,Summer,2008.0,6.0,1,0,0
W0502,42.2365576,-71.79667946,21.7,8.3,1,2,Summer,2008.0,6.0,1,0,0
W1767,42.18277682,-71.76604587,18.3,8.3,1,2,Summer,2008.0,6.0,1,0,0
W1767,42.18277682,-71.76604587,20.4,7.5,1,2,Summer,2008.0,6.0,1,0,0
W1025,42.08439258,-71.69699739,20.0,8.1,1,2,Summer,2008.0,6.0,1,0,0
W1025,42.08439258,-71.69699739,21.7,7.4,1,2,Summer,2008.0,6.0,1,0,0
W1755,42.0448378,-71.62194682,17.9,8.7,1,2,Summer,2008.0,6.0,1,0,0
W1755,42.0448378,-71.62194682,19.6,8.4,1,2,Summer,2008.0,6.0,1,0,0
W1596,42.02194765,-71.56822441,20.1,7.0,1,2,Summer,2008.0,6.0,1,0,0
W1596,42.02194765,-71.56822441,21.4,4.1,1,3,Summer,2008.0,6.0,1,1,0
W1762,42.0193983,-71.5344052,17.2,8.8,1,2,Summer,2008.0,6.0,1,0,0
W1762,42.0193983,-71.5344052,18.0,8.2,1,2,Summer,2008.0,6.0,1,0,0
W1760,42.09326799,-71.5191956,14.6,8.2,1,2,Summer,2008.0,6.0,1,0,0
W1760,42.09326799,-71.5191956,16.2,7.8,1,2,Summer,2008.0,6.0,1,0,0
W1756,42.02727016,-71.48547213,16.0,8.2,1,2,Summer,2008.0,6.0,1,0,0
W1756,42.02727016,-71.48547213,16.8,7.1,1,2,Summer,2008.0,6.0,1,0,0
W1772,42.01550267,-71.49304478,19.0,5.0,1,2,Summer,2008.0,6.0,1,0,0
W1772,42.01550267,-71.49304478,17.8,5.0,1,2,Summer,2008.0,6.0,1,0,0
W1771,42.01238549,-71.51035869,22.7,8.1,1,2,Summer,2008.0,6.0,1,0,0
W1771,42.01238549,-71.51035869,21.8,8.3,1,2,Summer,2008.0,6.0,1,0,0
W1023,42.01664829,-71.5384768,22.6,8.0,1,2,Summer,2008.0,6.0,1,0,0
W1023,42.01664829,-71.5384768,20.9,7.0,1,2,Summer,2008.0,6.0,1,0,0
W1766,42.01686344,-71.54548172,22.2,6.9,1,2,Summer,2008.0,6.0,1,0,0
W1766,42.01686344,-71.54548172,20.9,6.8,1,2,Summer,2008.0,6.0,1,0,0
W1770,41.99661131,-71.55765871,23.6,7.5,1,2,Summer,2008.0,6.0,1,0,0
W1770,41.99661131,-71.55765871,22.8,8.2,1,2,Summer,2008.0,6.0,1,0,0
W0515,42.1003609,-71.60111703,22.2,5.8,1,2,Summer,2008.0,6.0,1,0,0
W0515,42.1003609,-71.60111703,20.7,5.4,1,2,Summer,2008.0,6.0,1,0,0
W1768,42.07884462,-71.65065318,15.9,1.9,1,3,Summer,2008.0,6.0,1,1,0
W1768,42.07884462,-71.65065318,16.0,4.2,1,3,Summer,2008.0,6.0,1,1,0
W1241,42.18223431,-71.70488014,20.1,8.7,1,2,Summer,2008.0,6.0,1,0,0
W1017,42.18086003,-71.73011265,20.4,8.7,1,2,Summer,2008.0,6.0,1,0,0
W0505,42.20292186,-71.77806924,20.4,7.8,1,2,Summer,2008.0,6.0,1,0,0
W1764,42.13913312,-71.63971462,20.5,7.7,1,2,Summer,2008.0,6.0,1,0,0
W1243,42.17384662,-71.68057473,20.8,9.0,1,2,Summer,2008.0,6.0,1,0,0
W1242,42.17728889,-71.68788468,20.8,9.1,1,2,Summer,2008.0,6.0,1,0,0
W1765,42.05495698,-71.61629976,20.9,7.1,1,2,Summer,2008.0,6.0,1,0,0
W1022,42.02414862,-71.48740249,18.4,7.6,1,2,Summer,2008.0,6.0,1,0,0
W0508,42.04075372,-71.51568945,18.9,8.1,1,2,Summer,2008.0,6.0,1,0,0
W0514,42.16003238,-71.60586969,19.4,7.7,1,2,Summer,2008.0,6.0,1,0,0
W1759,42.18115577,-71.64793794,19.3,7.1,1,2,Summer,2008.0,6.0,1,0,0
W2062,42.27876651,-71.80543192,23.2,7.6,1,2,Summer,2008.0,8.0,1,0,0
W2062,42.27876651,-71.80543192,23.0,7.7,1,2,Summer,2008.0,8.0,1,0,0
W1282,42.29062266,-71.75867408,21.1,8.2,1,2,Summer,2008.0,8.0,1,0,0
W1282,42.29062266,-71.75867408,19.8,8.6,1,2,Summer,2008.0,8.0,1,0,0
W1753,42.30377694,-71.7626168,19.4,8.3,1,2,Summer,2008.0,8.0,1,0,0
W1753,42.30377694,-71.7626168,18.5,8.9,1,2,Summer,2008.0,8.0,1,0,0
W1761,42.32499793,-71.74088627,20.0,8.0,1,2,Summer,2008.0,8.0,1,0,0
W1761,42.32499793,-71.74088627,19.4,8.2,1,2,Summer,2008.0,8.0,1,0,0
W1758,42.28029336,-71.74620407,23.6,7.1,1,2,Summer,2008.0,8.0,1,0,0
W1758,42.28029336,-71.74620407,22.5,6.7,1,2,Summer,2008.0,8.0,1,0,0
W1769,42.18498134,-71.71206258,19.7,6.8,1,2,Summer,2008.0,8.0,1,0,0
W1769,42.18498134,-71.71206258,17.9,7.9,1,2,Summer,2008.0,8.0,1,0,0
W1432,42.17306202,-71.62974844,25.4,6.8,1,2,Summer,2008.0,8.0,1,0,0
W1432,42.17306202,-71.62974844,23.9,7.6,1,2,Summer,2008.0,8.0,1,0,0
W1439,42.17268159,-71.62792867,21.1,7.2,1,2,Summer,2008.0,8.0,1,0,0
W1439,42.17268159,-71.62792867,19.4,7.9,1,2,Summer,2008.0,8.0,1,0,0
W1244,42.12965013,-71.63645321,23.4,7.3,1,2,Summer,2008.0,8.0,1,0,0
W1244,42.12965013,-71.63645321,22.4,6.3,1,2,Summer,2008.0,8.0,1,0,0
W0767,42.153873,-71.65203977,23.6,8.1,1,2,Summer,2008.0,8.0,1,0,0
W0767,42.153873,-71.65203977,21.9,7.3,1,2,Summer,2008.0,8.0,1,0,0
W1018,42.19910034,-71.69396462,24.6,7.2,1,2,Summer,2008.0,8.0,1,0,0
W1018,42.19910034,-71.69396462,23.1,6.7,1,2,Summer,2008.0,8.0,1,0,0
W1763,42.19289465,-71.75182267,23.2,7.6,1,2,Summer,2008.0,8.0,1,0,0
W1763,42.19289465,-71.75182267,21.0,7.1,1,2,Summer,2008.0,8.0,1,0,0
W1255,42.20640574,-71.78097604,22.1,6.9,1,2,Summer,2008.0,8.0,1,0,0
W1255,42.20640574,-71.78097604,20.8,6.3,1,2,Summer,2008.0,8.0,1,0,0
W1240,42.20864325,-71.78210772,23.7,7.3,1,2,Summer,2008.0,8.0,1,0,0
W1240,42.20864325,-71.78210772,21.0,7.4,1,2,Summer,2008.0,8.0,1,0,0
W0680,42.22778189,-71.78735524,24.0,7.9,1,2,Summer,2008.0,8.0,1,0,0
W0680,42.22778189,-71.78735524,21.2,8.1,1,2,Summer,2008.0,8.0,1,0,0
W0502,42.2365576,-71.79667946,24.2,8.2,1,2,Summer,2008.0,8.0,1,0,0
W0502,42.2365576,-71.79667946,20.7,8.1,1,2,Summer,2008.0,8.0,1,0,0
W1767,42.18277682,-71.76604587,23.7,7.5,1,2,Summer,2008.0,8.0,1,0,0
W1767,42.18277682,-71.76604587,23.0,7.5,1,2,Summer,2008.0,8.0,1,0,0
W1025,42.08439258,-71.69699739,23.7,7.3,1,2,Summer,2008.0,8.0,1,0,0
W1025,42.08439258,-71.69699739,22.7,7.6,1,2,Summer,2008.0,8.0,1,0,0
W1755,42.0448378,-71.62194682,21.8,7.9,1,2,Summer,2008.0,8.0,1,0,0
W1755,42.0448378,-71.62194682,20.1,8.3,1,2,Summer,2008.0,8.0,1,0,0
W1596,42.02194765,-71.56822441,23.9,6.8,1,2,Summer,2008.0,8.0,1,0,0
W1596,42.02194765,-71.56822441,22.8,6.7,1,2,Summer,2008.0,8.0,1,0,0
W1762,42.0193983,-71.5344052,21.6,7.8,1,2,Summer,2008.0,8.0,1,0,0
W1762,42.0193983,-71.5344052,19.8,8.1,1,2,Summer,2008.0,8.0,1,0,0
W1760,42.09326799,-71.5191956,19.0,7.0,1,2,Summer,2008.0,8.0,1,0,0
W1760,42.09326799,-71.5191956,18.0,7.5,1,2,Summer,2008.0,8.0,1,0,0
W1756,42.02727016,-71.48547213,19.5,8.1,1,2,Summer,2008.0,8.0,1,0,0
W1756,42.02727016,-71.48547213,18.7,8.2,1,2,Summer,2008.0,8.0,1,0,0
W1772,42.01550267,-71.49304478,20.8,5.0,1,2,Summer,2008.0,8.0,1,0,0
W1771,42.01238549,-71.51035869,25.9,7.6,1,2,Summer,2008.0,8.0,1,0,0
W1771,42.01238549,-71.51035869,22.7,7.6,1,2,Summer,2008.0,8.0,1,0,0
W1023,42.01664829,-71.5384768,24.1,7.6,1,2,Summer,2008.0,8.0,1,0,0
W1023,42.01664829,-71.5384768,22.6,7.8,1,2,Summer,2008.0,8.0,1,0,0
W1766,42.01686344,-71.54548172,23.8,6.9,1,2,Summer,2008.0,8.0,1,0,0
W1766,42.01686344,-71.54548172,22.6,6.6,1,2,Summer,2008.0,8.0,1,0,0
W1770,41.99661131,-71.55765871,26.8,7.8,1,2,Summer,2008.0,8.0,1,0,0
W1770,41.99661131,-71.55765871,23.7,7.6,1,2,Summer,2008.0,8.0,1,0,0
W0515,42.1003609,-71.60111703,24.2,4.6,1,3,Summer,2008.0,8.0,1,1,0
W0515,42.1003609,-71.60111703,21.4,3.7,1,3,Summer,2008.0,8.0,1,1,0
W1768,42.07884462,-71.65065318,18.8,2.1,1,3,Summer,2008.0,8.0,1,1,0
W1768,42.07884462,-71.65065318,18.2,2.9,1,3,Summer,2008.0,8.0,1,1,0
W1241,42.18223431,-71.70488014,21.6,7.7,1,2,Summer,2008.0,8.0,1,0,0
W1017,42.18086003,-71.73011265,21.7,7.9,1,2,Summer,2008.0,8.0,1,0,0
W0505,42.20292186,-71.77806924,21.9,6.2,1,2,Summer,2008.0,8.0,1,0,0
W1764,42.13913312,-71.63971462,23.0,6.4,1,2,Summer,2008.0,8.0,1,0,0
W1243,42.17384662,-71.68057473,22.7,8.0,1,2,Summer,2008.0,8.0,1,0,0
W1242,42.17728889,-71.68788468,22.8,7.9,1,2,Summer,2008.0,8.0,1,0,0
W1765,42.05495698,-71.61629976,22.7,7.4,1,2,Summer,2008.0,8.0,1,0,0
W1022,42.02414862,-71.48740249,18.5,7.4,1,2,Summer,2008.0,8.0,1,0,0
W0508,42.04075372,-71.51568945,19.2,7.6,1,2,Summer,2008.0,8.0,1,0,0
W0514,42.16003238,-71.60586969,19.4,7.5,1,2,Summer,2008.0,8.0,1,0,0
W1759,42.18115577,-71.64793794,19.6,7.1,1,2,Summer,2008.0,8.0,1,0,0
W0669,42.18121701,-71.73068267,21.9,7.2,1,2,Summer,2008.0,8.0,1,0,0
W0669,42.18121701,-71.73068267,20.9,6.7,1,2,Summer,2008.0,8.0,1,0,0
W2063,42.09871897,-71.62231403,23.4,7.1,1,2,Summer,2008.0,8.0,1,0,0
W2063,42.09871897,-71.62231403,21.9,6.8,1,2,Summer,2008.0,8.0,1,0,0
W0668,42.17958119,-71.68815945,23.1,8.1,1,2,Summer,2008.0,8.0,1,0,0
W0668,42.17958119,-71.68815945,21.7,7.1,1,2,Summer,2008.0,8.0,1,0,0
W1901,42.17487504,-71.68002381,23.6,8.4,1,2,Summer,2008.0,8.0,1,0,0
W1901,42.17487504,-71.68002381,21.4,8.2,1,2,Summer,2008.0,8.0,1,0,0
W1764,42.13913312,-71.63971462,24.0,8.2,1,2,Summer,2008.0,8.0,1,0,0
W1764,42.13913312,-71.63971462,22.1,7.1,1,2,Summer,2008.0,8.0,1,0,0
W0669,42.18121701,-71.73068267,21.0,6.0,1,2,Summer,2008.0,8.0,1,0,0
W0669,42.18121701,-71.73068267,18.4,6.0,1,2,Summer,2008.0,8.0,1,0,0
W2063,42.09871897,-71.62231403,23.8,9.6,1,2,Summer,2008.0,8.0,1,0,0
W1901,42.17487504,-71.68002381,20.3,9.2,1,2,Summer,2008.0,8.0,1,0,0
W0668,42.17958119,-71.68815945,21.5,7.3,1,2,Summer,2008.0,8.0,1,0,0
W0668,42.17958119,-71.68815945,19.3,8.1,1,2,Summer,2008.0,8.0,1,0,0
W1901,42.17487504,-71.68002381,22.5,8.7,1,2,Summer,2008.0,8.0,1,0,0
W2063,42.09871897,-71.62231403,22.2,9.0,1,2,Summer,2008.0,8.0,1,0,0
W1764,42.13913312,-71.63971462,22.2,7.6,1,2,Summer,2008.0,8.0,1,0,0
W1764,42.13913312,-71.63971462,20.6,7.3,1,2,Summer,2008.0,8.0,1,0,0
W2062,42.27876651,-71.80543192,19.7,7.8,1,2,Summer,2008.0,8.0,1,0,0
W2062,42.27876651,-71.80543192,20.6,6.8,1,2,Summer,2008.0,8.0,1,0,0
W1282,42.29062266,-71.75867408,17.1,9.1,1,2,Summer,2008.0,8.0,1,0,0
W1282,42.29062266,-71.75867408,18.5,8.0,1,2,Summer,2008.0,8.0,1,0,0
W1753,42.30377694,-71.7626168,15.8,9.5,1,2,Summer,2008.0,8.0,1,0,0
W1753,42.30377694,-71.7626168,17.4,8.4,1,2,Summer,2008.0,8.0,1,0,0
W1761,42.32499793,-71.74088627,16.2,9.0,1,2,Summer,2008.0,8.0,1,0,0
W1761,42.32499793,-71.74088627,18.0,8.2,1,2,Summer,2008.0,8.0,1,0,0
W1758,42.28029336,-71.74620407,20.4,7.0,1,2,Summer,2008.0,8.0,1,0,0
W1758,42.28029336,-71.74620407,21.9,6.4,1,2,Summer,2008.0,8.0,1,0,0
W1769,42.18498134,-71.71206258,15.0,8.5,1,2,Summer,2008.0,8.0,1,0,0
W1769,42.18498134,-71.71206258,17.4,7.4,1,2,Summer,2008.0,8.0,1,0,0
W1432,42.17306202,-71.62974844,20.8,8.1,1,2,Summer,2008.0,8.0,1,0,0
W1432,42.17306202,-71.62974844,21.9,7.3,1,2,Summer,2008.0,8.0,1,0,0
W1439,42.17268159,-71.62792867,16.9,8.7,1,2,Summer,2008.0,8.0,1,0,0
W1439,42.17268159,-71.62792867,18.4,7.8,1,2,Summer,2008.0,8.0,1,0,0
W1244,42.12965013,-71.63645321,22.3,7.0,1,2,Summer,2008.0,8.0,1,0,0
W1244,42.12965013,-71.63645321,20.0,6.4,1,2,Summer,2008.0,8.0,1,0,0
W0767,42.153873,-71.65203977,22.6,8.1,1,2,Summer,2008.0,8.0,1,0,0
W0767,42.153873,-71.65203977,18.9,7.5,1,2,Summer,2008.0,8.0,1,0,0
W1763,42.19289465,-71.75182267,22.5,6.4,1,2,Summer,2008.0,8.0,1,0,0
W1763,42.19289465,-71.75182267,19.0,6.8,1,2,Summer,2008.0,8.0,1,0,0
W1018,42.19910034,-71.69396462,23.8,7.6,1,2,Summer,2008.0,8.0,1,0,0
W1018,42.19910034,-71.69396462,19.9,7.3,1,2,Summer,2008.0,8.0,1,0,0
W1255,42.20640574,-71.78097604,21.8,6.1,1,2,Summer,2008.0,8.0,1,0,0
W1255,42.20640574,-71.78097604,20.4,6.8,1,2,Summer,2008.0,8.0,1,0,0
W1240,42.20864325,-71.78210772,22.1,6.6,1,2,Summer,2008.0,8.0,1,0,0
W1240,42.20864325,-71.78210772,18.9,7.3,1,2,Summer,2008.0,8.0,1,0,0
W0680,42.22778189,-71.78735524,22.0,7.6,1,2,Summer,2008.0,8.0,1,0,0
W0680,42.22778189,-71.78735524,19.7,8.8,1,2,Summer,2008.0,8.0,1,0,0
W0502,42.2365576,-71.79667946,22.5,8.0,1,2,Summer,2008.0,8.0,1,0,0
W0502,42.2365576,-71.79667946,19.2,8.5,1,2,Summer,2008.0,8.0,1,0,0
W1767,42.18277682,-71.76604587,19.8,8.3,1,2,Summer,2008.0,8.0,1,0,0
W1767,42.18277682,-71.76604587,21.8,7.9,1,2,Summer,2008.0,8.0,1,0,0
W1025,42.08439258,-71.69699739,19.6,8.3,1,2,Summer,2008.0,8.0,1,0,0
W1025,42.08439258,-71.69699739,22.1,7.8,1,2,Summer,2008.0,8.0,1,0,0
W1755,42.0448378,-71.62194682,18.7,8.6,1,2,Summer,2008.0,8.0,1,0,0
W1755,42.0448378,-71.62194682,20.8,8.2,1,2,Summer,2008.0,8.0,1,0,0
W1596,42.02194765,-71.56822441,19.9,7.3,1,2,Summer,2008.0,8.0,1,0,0
W1596,42.02194765,-71.56822441,21.6,7.2,1,2,Summer,2008.0,8.0,1,0,0
W1762,42.0193983,-71.5344052,17.8,8.9,1,2,Summer,2008.0,8.0,1,0,0
W1762,42.0193983,-71.5344052,18.7,8.6,1,2,Summer,2008.0,8.0,1,0,0
W1760,42.09326799,-71.5191956,15.0,8.5,1,2,Summer,2008.0,8.0,1,0,0
W1760,42.09326799,-71.5191956,16.5,8.1,1,2,Summer,2008.0,8.0,1,0,0
W1756,42.02727016,-71.48547213,16.5,8.7,1,2,Summer,2008.0,8.0,1,0,0
W1756,42.02727016,-71.48547213,17.6,8.6,1,2,Summer,2008.0,8.0,1,0,0
W1772,42.01550267,-71.49304478,19.3,6.0,1,2,Summer,2008.0,8.0,1,0,0
W1772,42.01550267,-71.49304478,16.4,6.2,1,2,Summer,2008.0,8.0,1,0,0
W1771,42.01238549,-71.51035869,24.6,7.8,1,2,Summer,2008.0,8.0,1,0,0
W1771,42.01238549,-71.51035869,20.9,8.4,1,2,Summer,2008.0,8.0,1,0,0
W1023,42.01664829,-71.5384768,23.1,9.4,1,2,Summer,2008.0,8.0,1,0,0
W1023,42.01664829,-71.5384768,20.3,9.1,1,2,Summer,2008.0,8.0,1,0,0
W1766,42.01686344,-71.54548172,22.4,8.8,1,2,Summer,2008.0,8.0,1,0,0
W1766,42.01686344,-71.54548172,20.8,9.6,1,2,Summer,2008.0,8.0,1,0,0
W1770,41.99661131,-71.55765871,25.6,8.0,1,2,Summer,2008.0,8.0,1,0,0
W1770,41.99661131,-71.55765871,22.2,8.1,1,2,Summer,2008.0,8.0,1,0,0
W0515,42.1003609,-71.60111703,22.5,5.5,1,2,Summer,2008.0,8.0,1,0,0
W0515,42.1003609,-71.60111703,20.4,5.5,1,2,Summer,2008.0,8.0,1,0,0
W1768,42.07884462,-71.65065318,17.0,4.8,1,3,Summer,2008.0,8.0,1,1,0
W1768,42.07884462,-71.65065318,15.7,2.8,1,3,Summer,2008.0,8.0,1,1,0
W1241,42.18223431,-71.70488014,19.2,8.1,1,2,Summer,2008.0,8.0,1,0,0
W1017,42.18086003,-71.73011265,19.3,8.1,1,2,Summer,2008.0,8.0,1,0,0
W0505,42.20292186,-71.77806924,20.9,6.4,1,2,Summer,2008.0,8.0,1,0,0
W1764,42.13913312,-71.63971462,20.9,6.4,1,2,Summer,2008.0,8.0,1,0,0
W1243,42.17384662,-71.68057473,20.6,8.3,1,2,Summer,2008.0,8.0,1,0,0
W1242,42.17728889,-71.68788468,20.4,8.1,1,2,Summer,2008.0,8.0,1,0,0
W1765,42.05495698,-71.61629976,20.3,8.8,1,2,Summer,2008.0,8.0,1,0,0
W1022,42.02414862,-71.48740249,15.5,8.8,1,2,Summer,2008.0,8.0,1,0,0
W0508,42.04075372,-71.51568945,17.3,8.9,1,2,Summer,2008.0,8.0,1,0,0
W0514,42.16003238,-71.60586969,15.6,8.0,1,2,Summer,2008.0,8.0,1,0,0
W0502,42.2365576,-71.79667946,18.7,8.6,1,1,Spring,2008.0,5.0,0,0,0
W1819,42.34126384,-71.747781,12.1,9.8,1,2,Summer,2008.0,6.0,1,0,0
W1821,42.38548028,-71.80974437,14.6,9.8,1,2,Summer,2008.0,6.0,1,0,0
W0483,42.44442786,-71.67186298,15.4,6.3,1,2,Summer,2008.0,6.0,1,0,0
W0995,42.45586034,-71.64556281,15.0,0.6,1,3,Summer,2008.0,6.0,1,1,0
W0481,42.4951686,-71.72192464,15.9,8.5,1,2,Summer,2008.0,6.0,1,0,0
W1812,42.5442135,-71.65737327,16.6,8.2,1,2,Summer,2008.0,6.0,1,0,0
W1813,42.56211361,-71.61061607,17.8,7.4,1,2,Summer,2008.0,6.0,1,0,0
W0488,42.57812405,-71.60976926,16.8,8.1,1,2,Summer,2008.0,6.0,1,0,0
W0480,42.5630966,-71.76875735,16.4,9.0,1,2,Summer,2008.0,6.0,1,0,0
W1823,42.61730324,-71.73427771,12.8,9.8,1,2,Summer,2008.0,6.0,1,0,0
W1283,42.66344944,-71.70914571,14.1,8.4,1,2,Summer,2008.0,6.0,1,0,0
W1816,42.69634164,-71.61144559,14.8,7.2,1,2,Summer,2008.0,6.0,1,0,0
W1806,42.71283339,-71.54870868,17.5,6.6,1,2,Summer,2008.0,6.0,1,0,0
W0486,42.67172981,-71.57703129,15.9,9.1,1,2,Summer,2008.0,6.0,1,0,0
W0487,42.62094186,-71.64380951,15.9,5.8,1,2,Summer,2008.0,6.0,1,0,0
W0482,42.42997432,-71.67930013,20.6,3.9,1,3,Summer,2008.0,6.0,1,1,0
W0993,42.53259005,-71.74028814,23.3,8.0,1,2,Summer,2008.0,6.0,1,0,0
W1832,42.67718733,-71.75727365,23.1,8.2,1,2,Summer,2008.0,6.0,1,0,0
W1809,42.60819171,-71.87067955,23.2,7.6,1,2,Summer,2008.0,6.0,1,0,0
W1808,42.58212265,-71.90236498,25.4,7.0,1,2,Summer,2008.0,6.0,1,0,0
W0496,42.62647657,-71.59314962,20.3,7.0,1,2,Summer,2008.0,6.0,1,0,0
W1000,42.57946682,-71.58861709,23.4,6.9,1,2,Summer,2008.0,6.0,1,0,0
W0998,42.57506071,-71.62035616,24.3,7.8,1,2,Summer,2008.0,6.0,1,0,0
W1830,42.5300897,-71.57792062,26.4,4.8,1,4,Summer,2008.0,6.0,1,1,1
W0484,42.49602094,-71.62643687,22.9,5.2,1,2,Summer,2008.0,6.0,1,0,0
W1819,42.34126384,-71.747781,14.3,9.0,1,2,Summer,2008.0,6.0,1,0,0
W1821,42.38548028,-71.80974437,20.8,8.5,1,2,Summer,2008.0,6.0,1,0,0
W0483,42.44442786,-71.67186298,21.3,5.6,1,2,Summer,2008.0,6.0,1,0,0
W0995,42.45586034,-71.64556281,15.5,1.0,1,3,Summer,2008.0,6.0,1,1,0
W0481,42.4951686,-71.72192464,24.4,6.4,1,2,Summer,2008.0,6.0,1,0,0
W1812,42.5442135,-71.65737327,23.8,6.9,1,2,Summer,2008.0,6.0,1,0,0
W1813,42.56211361,-71.61061607,22.7,6.0,1,2,Summer,2008.0,6.0,1,0,0
W0488,42.57812405,-71.60976926,23.9,7.1,1,2,Summer,2008.0,6.0,1,0,0
W0480,42.5630966,-71.76875735,23.5,7.5,1,2,Summer,2008.0,6.0,1,0,0
W1823,42.61730324,-71.73427771,19.9,8.2,1,2,Summer,2008.0,6.0,1,0,0
W1283,42.66344944,-71.70914571,20.6,7.2,1,2,Summer,2008.0,6.0,1,0,0
W1816,42.69634164,-71.61144559,20.9,5.8,1,2,Summer,2008.0,6.0,1,0,0
W1806,42.71283339,-71.54870868,22.4,6.9,1,2,Summer,2008.0,6.0,1,0,0
W0486,42.67172981,-71.57703129,22.8,7.9,1,2,Summer,2008.0,6.0,1,0,0
W0487,42.62094186,-71.64380951,24.2,6.0,1,2,Summer,2008.0,6.0,1,0,0
W0482,42.42997432,-71.67930013,21.4,3.8,1,3,Summer,2008.0,6.0,1,1,0
W0993,42.53259005,-71.74028814,25.8,7.0,1,2,Summer,2008.0,6.0,1,0,0
W1832,42.67718733,-71.75727365,22.2,8.2,1,2,Summer,2008.0,6.0,1,0,0
W1809,42.60819171,-71.87067955,21.8,7.8,1,2,Summer,2008.0,6.0,1,0,0
W1808,42.58212265,-71.90236498,22.2,7.5,1,2,Summer,2008.0,6.0,1,0,0
W0496,42.62647657,-71.59314962,23.7,5.8,1,2,Summer,2008.0,6.0,1,0,0
W1000,42.57946682,-71.58861709,23.5,6.4,1,2,Summer,2008.0,6.0,1,0,0
W0998,42.57506071,-71.62035616,25.0,7.4,1,2,Summer,2008.0,6.0,1,0,0
W1830,42.5300897,-71.57792062,25.4,3.4,1,4,Summer,2008.0,6.0,1,1,1
W0484,42.49602094,-71.62643687,24.4,4.2,1,3,Summer,2008.0,6.0,1,1,0
W1819,42.34126384,-71.747781,14.7,9.4,1,2,Summer,2008.0,7.0,1,0,0
W1821,42.38548028,-71.80974437,19.0,9.7,1,2,Summer,2008.0,7.0,1,0,0
W0483,42.44442786,-71.67186298,20.3,7.6,1,2,Summer,2008.0,7.0,1,0,0
W0481,42.4951686,-71.72192464,21.4,7.6,1,2,Summer,2008.0,7.0,1,0,0
W1812,42.5442135,-71.65737327,23.8,7.0,1,2,Summer,2008.0,7.0,1,0,0
W1813,42.56211361,-71.61061607,25.6,7.9,1,2,Summer,2008.0,7.0,1,0,0
W0488,42.57812405,-71.60976926,23.7,7.8,1,2,Summer,2008.0,7.0,1,0,0
W0480,42.5630966,-71.76875735,22.0,8.7,1,2,Summer,2008.0,7.0,1,0,0
W1823,42.61730324,-71.73427771,17.1,8.6,1,2,Summer,2008.0,7.0,1,0,0
W1283,42.66344944,-71.70914571,20.7,7.1,1,2,Summer,2008.0,7.0,1,0,0
W1816,42.69634164,-71.61144559,20.9,6.3,0,1,Summer,2008.0,7.0,1,0,0
W1806,42.71283339,-71.54870868,24.4,7.9,1,2,Summer,2008.0,7.0,1,0,0
W0486,42.67172981,-71.57703129,23.7,8.1,1,2,Summer,2008.0,7.0,1,0,0
W0487,42.62094186,-71.64380951,22.9,5.8,1,2,Summer,2008.0,7.0,1,0,0
W0482,42.42997432,-71.67930013,21.0,5.6,1,2,Summer,2008.0,7.0,1,0,0
W0993,42.53259005,-71.74028814,23.4,8.4,1,2,Summer,2008.0,7.0,1,0,0
W1809,42.60819171,-71.87067955,21.6,8.3,1,2,Summer,2008.0,7.0,1,0,0
W1808,42.58212265,-71.90236498,21.6,8.0,1,2,Summer,2008.0,7.0,1,0,0
W0496,42.62647657,-71.59314962,24.0,6.2,1,2,Summer,2008.0,7.0,1,0,0
W1000,42.57946682,-71.58861709,21.8,6.4,1,2,Summer,2008.0,7.0,1,0,0
W1830,42.5300897,-71.57792062,23.4,3.8,1,3,Summer,2008.0,7.0,1,1,0
W0484,42.49602094,-71.62643687,23.0,5.4,1,2,Summer,2008.0,7.0,1,0,0
W1819,42.34126384,-71.747781,14.8,9.3,1,2,Summer,2008.0,7.0,1,0,0
W1821,42.38548028,-71.80974437,20.6,9.1,1,2,Summer,2008.0,7.0,1,0,0
W0483,42.44442786,-71.67186298,16.1,9.1,1,2,Summer,2008.0,7.0,1,0,0
W0481,42.4951686,-71.72192464,20.8,7.6,1,2,Summer,2008.0,7.0,1,0,0
W1812,42.5442135,-71.65737327,24.3,6.8,1,2,Summer,2008.0,7.0,1,0,0
W1813,42.56211361,-71.61061607,23.9,5.7,1,2,Summer,2008.0,7.0,1,0,0
W0488,42.57812405,-71.60976926,22.6,7.8,1,2,Summer,2008.0,7.0,1,0,0
W0480,42.5630966,-71.76875735,21.8,8.5,1,2,Summer,2008.0,7.0,1,0,0
W1823,42.61730324,-71.73427771,18.8,8.1,1,2,Summer,2008.0,7.0,1,0,0
W1283,42.66344944,-71.70914571,21.0,7.1,1,2,Summer,2008.0,7.0,1,0,0
W1806,42.71283339,-71.54870868,24.3,6.2,1,2,Summer,2008.0,7.0,1,0,0
W0486,42.67172981,-71.57703129,23.4,7.7,1,2,Summer,2008.0,7.0,1,0,0
W0487,42.62094186,-71.64380951,22.2,6.2,1,2,Summer,2008.0,7.0,1,0,0
W0482,42.42997432,-71.67930013,15.6,9.3,1,2,Summer,2008.0,7.0,1,0,0
W0993,42.53259005,-71.74028814,21.2,8.0,1,2,Summer,2008.0,7.0,1,0,0
W1832,42.67718733,-71.75727365,20.2,9.3,0,1,Summer,2008.0,7.0,1,0,0
W1809,42.60819171,-71.87067955,20.3,8.9,1,2,Summer,2008.0,7.0,1,0,0
W1808,42.58212265,-71.90236498,18.9,8.7,1,2,Summer,2008.0,7.0,1,0,0
W0496,42.62647657,-71.59314962,22.8,7.3,1,2,Summer,2008.0,7.0,1,0,0
W1000,42.57946682,-71.58861709,20.1,6.9,1,2,Summer,2008.0,7.0,1,0,0
W0998,42.57506071,-71.62035616,22.1,8.3,0,1,Summer,2008.0,7.0,1,0,0
W1830,42.5300897,-71.57792062,21.7,4.3,1,3,Summer,2008.0,7.0,1,1,0
W0484,42.49602094,-71.62643687,19.8,7.3,1,2,Summer,2008.0,7.0,1,0,0
W0497,42.59474285,-71.59983315,23.6,5.4,1,2,Summer,2008.0,7.0,1,0,0
W1001,42.55197544,-71.62097756,23.9,5.1,1,2,Summer,2008.0,7.0,1,0,0
W0495,42.66414966,-71.57700588,25.4,6.7,1,2,Summer,2008.0,7.0,1,0,0
W0497,42.59474285,-71.59983315,22.2,6.1,1,2,Summer,2008.0,7.0,1,0,0
W1001,42.55197544,-71.62097756,22.6,5.4,1,2,Summer,2008.0,7.0,1,0,0
W0495,42.66414966,-71.57700588,24.9,6.6,1,2,Summer,2008.0,7.0,1,0,0
W0497,42.59474285,-71.59983315,22.2,6.1,1,2,Summer,2008.0,7.0,1,0,0
W1001,42.55197544,-71.62097756,22.3,4.8,0,2,Summer,2008.0,7.0,1,1,0
W1001,42.55197544,-71.62097756,22.5,5.2,0,1,Summer,2008.0,7.0,1,0,0
W1001,42.55197544,-71.62097756,22.6,5.4,0,1,Summer,2008.0,7.0,1,0,0
W1001,42.55197544,-71.62097756,22.6,5.4,0,1,Summer,2008.0,7.0,1,0,0
W0495,42.66414966,-71.57700588,24.3,6.1,0,1,Summer,2008.0,7.0,1,0,0
W0495,42.66414966,-71.57700588,24.5,6.2,0,1,Summer,2008.0,7.0,1,0,0
W0495,42.66414966,-71.57700588,24.5,6.1,0,1,Summer,2008.0,7.0,1,0,0
W0495,42.66414966,-71.57700588,24.9,6.6,0,1,Summer,2008.0,7.0,1,0,0
W0495,42.66414966,-71.57700588,25.4,6.8,0,1,Summer,2008.0,7.0,1,0,0
W1819,42.34126384,-71.747781,16.8,9.3,1,2,Summer,2008.0,8.0,1,0,0
W1821,42.38548028,-71.80974437,18.3,9.2,1,2,Summer,2008.0,8.0,1,0,0
W0483,42.44442786,-71.67186298,14.8,9.7,1,2,Summer,2008.0,8.0,1,0,0
W0995,42.45586034,-71.64556281,18.8,0.5,1,3,Summer,2008.0,8.0,1,1,0
W0481,42.4951686,-71.72192464,20.2,8.5,1,2,Summer,2008.0,8.0,1,0,0
W1812,42.5442135,-71.65737327,21.5,7.1,1,2,Summer,2008.0,8.0,1,0,0
W1813,42.56211361,-71.61061607,21.7,5.0,1,2,Summer,2008.0,8.0,1,0,0
W0488,42.57812405,-71.60976926,18.8,8.7,1,2,Summer,2008.0,8.0,1,0,0
W0480,42.5630966,-71.76875735,20.1,8.7,1,2,Summer,2008.0,8.0,1,0,0
W1823,42.61730324,-71.73427771,17.9,8.9,1,2,Summer,2008.0,8.0,1,0,0
W1283,42.66344944,-71.70914571,18.2,7.9,1,2,Summer,2008.0,8.0,1,0,0
W1816,42.69634164,-71.61144559,18.7,6.5,1,2,Summer,2008.0,8.0,1,0,0
W1806,42.71283339,-71.54870868,19.7,7.7,1,2,Summer,2008.0,8.0,1,0,0
W0486,42.67172981,-71.57703129,20.1,8.3,1,2,Summer,2008.0,8.0,1,0,0
W0487,42.62094186,-71.64380951,19.1,7.7,1,2,Summer,2008.0,8.0,1,0,0
W0482,42.42997432,-71.67930013,13.2,9.6,1,2,Summer,2008.0,8.0,1,0,0
W0993,42.53259005,-71.74028814,19.6,8.6,1,2,Summer,2008.0,8.0,1,0,0
W1832,42.67718733,-71.75727365,18.5,9.3,1,2,Summer,2008.0,8.0,1,0,0
W1809,42.60819171,-71.87067955,17.3,8.9,1,2,Summer,2008.0,8.0,1,0,0
W1808,42.58212265,-71.90236498,20.3,8.3,1,2,Summer,2008.0,8.0,1,0,0
W0496,42.62647657,-71.59314962,19.2,7.9,1,2,Summer,2008.0,8.0,1,0,0
W1000,42.57946682,-71.58861709,19.3,7.2,1,2,Summer,2008.0,8.0,1,0,0
W0998,42.57506071,-71.62035616,19.5,8.6,1,2,Summer,2008.0,8.0,1,0,0
W1830,42.5300897,-71.57792062,19.9,3.7,1,3,Summer,2008.0,8.0,1,1,0
W0484,42.49602094,-71.62643687,18.6,7.7,1,2,Summer,2008.0,8.0,1,0,0
W1819,42.34126384,-71.747781,16.2,9.2,1,2,Summer,2008.0,8.0,1,0,0
W1821,42.38548028,-71.80974437,18.0,8.9,1,2,Summer,2008.0,8.0,1,0,0
W0483,42.44442786,-71.67186298,14.5,8.9,1,2,Summer,2008.0,8.0,1,0,0
W0995,42.45586034,-71.64556281,18.8,4.6,1,3,Summer,2008.0,8.0,1,1,0
W0481,42.4951686,-71.72192464,18.6,8.5,1,2,Summer,2008.0,8.0,1,0,0
W1812,42.5442135,-71.65737327,20.7,6.3,1,2,Summer,2008.0,8.0,1,0,0
W1813,42.56211361,-71.61061607,20.5,3.8,1,3,Summer,2008.0,8.0,1,1,0
W0488,42.57812405,-71.60976926,18.6,8.2,1,2,Summer,2008.0,8.0,1,0,0
W0480,42.5630966,-71.76875735,19.2,8.9,1,2,Summer,2008.0,8.0,1,0,0
W1823,42.61730324,-71.73427771,17.6,8.9,1,2,Summer,2008.0,8.0,1,0,0
W1283,42.66344944,-71.70914571,17.9,8.2,1,2,Summer,2008.0,8.0,1,0,0
W1816,42.69634164,-71.61144559,18.5,6.4,1,2,Summer,2008.0,8.0,1,0,0
W1806,42.71283339,-71.54870868,20.0,7.6,1,2,Summer,2008.0,8.0,1,0,0
W0486,42.67172981,-71.57703129,19.8,8.4,1,2,Summer,2008.0,8.0,1,0,0
W0487,42.62094186,-71.64380951,18.0,8.0,1,2,Summer,2008.0,8.0,1,0,0
W0482,42.42997432,-71.67930013,13.5,9.4,1,2,Summer,2008.0,8.0,1,0,0
W0993,42.53259005,-71.74028814,18.9,8.6,1,2,Summer,2008.0,8.0,1,0,0
W1832,42.67718733,-71.75727365,18.2,9.1,1,2,Summer,2008.0,8.0,1,0,0
W1809,42.60819171,-71.87067955,17.1,8.8,1,2,Summer,2008.0,8.0,1,0,0
W1808,42.58212265,-71.90236498,19.6,8.4,1,2,Summer,2008.0,8.0,1,0,0
W0496,42.62647657,-71.59314962,18.8,8.0,1,2,Summer,2008.0,8.0,1,0,0
W1000,42.57946682,-71.58861709,18.2,7.2,1,2,Summer,2008.0,8.0,1,0,0
W0998,42.57506071,-71.62035616,19.1,8.2,1,2,Summer,2008.0,8.0,1,0,0
W1830,42.5300897,-71.57792062,18.8,4.0,1,3,Summer,2008.0,8.0,1,1,0
W0484,42.49602094,-71.62643687,17.9,7.2,1,2,Summer,2008.0,8.0,1,0,0
W0481,42.4951686,-71.72192464,16.7,8.7,1,1,Fall,2008.0,9.0,0,0,0
W0993,42.53259005,-71.74028814,17.0,9.1,1,1,Fall,2008.0,9.0,0,0,0
W0480,42.5630966,-71.76875735,16.8,9.1,1,1,Fall,2008.0,9.0,0,0,0
W1832,42.67718733,-71.75727365,15.8,9.5,1,1,Fall,2008.0,9.0,0,0,0
W1816,42.69634164,-71.61144559,15.0,7.6,1,1,Fall,2008.0,9.0,0,0,0
W1806,42.71283339,-71.54870868,17.5,7.8,1,1,Fall,2008.0,9.0,0,0,0
W0998,42.57506071,-71.62035616,16.9,9.0,1,1,Fall,2008.0,9.0,0,0,0
W0484,42.49602094,-71.62643687,16.7,7.5,1,1,Fall,2008.0,9.0,0,0,0
W0483,42.44442786,-71.67186298,17.7,8.4,1,1,Fall,2008.0,9.0,0,0,0
W0482,42.42997432,-71.67930013,14.1,9.2,1,1,Fall,2008.0,9.0,0,0,0
W0481,42.4951686,-71.72192464,16.5,8.7,1,1,Fall,2008.0,9.0,0,0,0
W0993,42.53259005,-71.74028814,17.1,9.0,1,1,Fall,2008.0,9.0,0,0,0
W0480,42.5630966,-71.76875735,17.1,9.2,1,1,Fall,2008.0,9.0,0,0,0
W1832,42.67718733,-71.75727365,15.1,9.8,1,1,Fall,2008.0,9.0,0,0,0
W1816,42.69634164,-71.61144559,15.2,7.2,1,1,Fall,2008.0,9.0,0,0,0
W1806,42.71283339,-71.54870868,18.5,7.9,1,1,Fall,2008.0,9.0,0,0,0
W0998,42.57506071,-71.62035616,17.4,9.1,1,1,Fall,2008.0,9.0,0,0,0
W0484,42.49602094,-71.62643687,17.3,7.6,1,1,Fall,2008.0,9.0,0,0,0
W0483,42.44442786,-71.67186298,17.7,8.4,1,1,Fall,2008.0,9.0,0,0,0
W0482,42.42997432,-71.67930013,15.8,8.2,1,1,Fall,2008.0,9.0,0,0,0
W2069,42.54337571,-71.74643893,16.5,9.1,1,1,Fall,2008.0,10.0,0,0,0
W0480,42.5630966,-71.76875735,16.8,9.4,1,1,Fall,2008.0,10.0,0,0,0
W2068,42.58506384,-71.8067244,16.8,9.3,1,1,Fall,2008.0,10.0,0,0,0
W1780,42.57574839,-71.83355874,16.7,9.3,1,1,Fall,2008.0,10.0,0,0,0
W2069,42.54337571,-71.74643893,13.5,9.9,1,1,Fall,2008.0,10.0,0,0,0
W0480,42.5630966,-71.76875735,13.8,10.1,1,1,Fall,2008.0,10.0,0,0,0
W2068,42.58506384,-71.8067244,14.2,10.1,1,1,Fall,2008.0,10.0,0,0,0
W1780,42.57574839,-71.83355874,14.2,10.0,1,1,Fall,2008.0,10.0,0,0,0
W2069,42.54337571,-71.74643893,10.0,10.5,1,1,Fall,2008.0,10.0,0,0,0
W0480,42.5630966,-71.76875735,10.5,10.8,1,1,Fall,2008.0,10.0,0,0,0
W2068,42.58506384,-71.8067244,10.6,10.9,1,1,Fall,2008.0,10.0,0,0,0
W1780,42.57574839,-71.83355874,10.6,10.8,1,1,Fall,2008.0,10.0,0,0,0
W2069,42.54337571,-71.74643893,6.7,12.2,1,1,Fall,2008.0,11.0,0,0,0
W0480,42.5630966,-71.76875735,7.1,12.5,1,1,Fall,2008.0,11.0,0,0,0
W2068,42.58506384,-71.8067244,7.0,12.6,1,1,Fall,2008.0,11.0,0,0,0
W1780,42.57574839,-71.83355874,7.2,12.3,1,1,Fall,2008.0,11.0,0,0,0
W2069,42.54337571,-71.74643893,7.5,11.9,1,1,Fall,2008.0,11.0,0,0,0
W0480,42.5630966,-71.76875735,7.7,12.2,1,1,Fall,2008.0,11.0,0,0,0
W2068,42.58506384,-71.8067244,7.7,12.2,1,1,Fall,2008.0,11.0,0,0,0
W1780,42.57574839,-71.83355874,7.4,12.1,1,1,Fall,2008.0,11.0,0,0,0
W2069,42.54337571,-71.74643893,4.6,12.8,1,1,Fall,2008.0,11.0,0,0,0
W0480,42.5630966,-71.76875735,4.9,13.0,1,1,Fall,2008.0,11.0,0,0,0
W2068,42.58506384,-71.8067244,4.7,13.1,1,1,Fall,2008.0,11.0,0,0,0
W1780,42.57574839,-71.83355874,4.8,13.0,1,1,Fall,2008.0,11.0,0,0,0
W0754,41.80999411,-70.62755574,23.1,9.0,1,2,Summer,2008.0,6.0,1,0,0
W0754,41.80999411,-70.62755574,23.2,9.0,1,2,Summer,2008.0,6.0,1,0,0
W0754,41.80999411,-70.62755574,23.1,8.9,1,2,Summer,2008.0,6.0,1,0,0
W0762,41.80918339,-70.61753091,22.7,9.2,0,1,Summer,2008.0,6.0,1,0,0
W0762,41.80918339,-70.61753091,22.7,9.2,0,1,Summer,2008.0,6.0,1,0,0
W0762,41.80918339,-70.61753091,22.4,9.0,0,1,Summer,2008.0,6.0,1,0,0
W0762,41.80918339,-70.61753091,18.9,0.6,0,2,Summer,2008.0,6.0,1,1,0
W1881,41.88714958,-70.53804502,22.0,10.5,1,2,Summer,2008.0,6.0,1,0,0
W0762,41.80918339,-70.61753091,28.0,9.0,1,2,Summer,2008.0,7.0,1,0,0
W0762,41.80918339,-70.61753091,26.8,8.9,1,2,Summer,2008.0,7.0,1,0,0
W0762,41.80918339,-70.61753091,26.6,8.4,1,2,Summer,2008.0,7.0,1,0,0
W0762,41.80918339,-70.61753091,26.5,7.3,1,2,Summer,2008.0,7.0,1,0,0
W0754,41.80999411,-70.62755574,27.6,8.1,0,1,Summer,2008.0,7.0,1,0,0
W0754,41.80999411,-70.62755574,27.3,8.0,0,1,Summer,2008.0,7.0,1,0,0
W0754,41.80999411,-70.62755574,27.2,7.4,0,1,Summer,2008.0,7.0,1,0,0
W0754,41.80999411,-70.62755574,26.9,7.0,0,1,Summer,2008.0,7.0,1,0,0
W1884,41.93483006,-70.68100103,27.0,9.6,0,1,Summer,2008.0,7.0,1,0,0
W1884,41.93483006,-70.68100103,26.6,9.8,0,1,Summer,2008.0,7.0,1,0,0
W1884,41.93483006,-70.68100103,26.2,8.8,0,1,Summer,2008.0,7.0,1,0,0
W1878,41.92672114,-70.55747801,26.6,10.6,1,2,Summer,2008.0,7.0,1,0,0
W0762,41.80918339,-70.61753091,24.7,9.3,0,1,Summer,2008.0,8.0,1,0,0
W0762,41.80918339,-70.61753091,24.6,9.3,0,1,Summer,2008.0,8.0,1,0,0
W0762,41.80918339,-70.61753091,24.4,9.1,0,1,Summer,2008.0,8.0,1,0,0
W0762,41.80918339,-70.61753091,24.0,8.4,0,1,Summer,2008.0,8.0,1,0,0
W0754,41.80999411,-70.62755574,25.2,8.7,0,1,Summer,2008.0,8.0,1,0,0
W0754,41.80999411,-70.62755574,24.6,8.9,0,1,Summer,2008.0,8.0,1,0,0
W0754,41.80999411,-70.62755574,24.6,8.7,0,1,Summer,2008.0,8.0,1,0,0
W0754,41.80999411,-70.62755574,24.3,7.9,0,1,Summer,2008.0,8.0,1,0,0
W1884,41.93483006,-70.68100103,22.8,8.2,0,1,Summer,2008.0,8.0,1,0,0
W1884,41.93483006,-70.68100103,22.8,8.0,0,1,Summer,2008.0,8.0,1,0,0
W1884,41.93483006,-70.68100103,22.8,8.0,0,1,Summer,2008.0,8.0,1,0,0
W1884,41.93483006,-70.68100103,22.7,8.1,0,1,Summer,2008.0,8.0,1,0,0
W1878,41.92672114,-70.55747801,19.1,6.6,0,1,Summer,2008.0,8.0,1,0,0
W1881,41.88714958,-70.53804502,18.9,4.3,1,3,Summer,2008.0,8.0,1,1,0
W1881,41.88714958,-70.53804502,19.7,5.6,1,2,Summer,2008.0,8.0,1,0,0
W0481,42.4951686,-71.72192464,1.0,14.2,1,1,Winter,2008.0,1.0,0,0,0
W0681,42.44473811,-71.67198789,1.4,13.8,1,1,Winter,2008.0,1.0,0,0,0
W0487,42.62094186,-71.64380951,0.0,14.2,1,1,Winter,2008.0,1.0,0,0,0
W0485,42.66968673,-71.56776529,0.5,13.7,1,1,Winter,2008.0,1.0,0,0,0
W0496,42.62647657,-71.59314962,0.8,14.0,1,1,Winter,2008.0,1.0,0,0,0
W0494,42.39121389,-72.0645552,0.0,15.1,1,1,Winter,2008.0,1.0,0,0,0
W0493,42.26797538,-72.33276108,2.3,13.9,1,1,Winter,2008.0,1.0,0,0,0
W0492,42.23872578,-72.285755,0.0,15.0,1,1,Winter,2008.0,1.0,0,0,0
W0491,42.18142994,-72.26354268,0.2,15.4,1,1,Winter,2008.0,1.0,0,0,0
W0601,42.10956147,-72.11856925,1.6,13.9,1,1,Winter,2008.0,1.0,0,0,0
W0615,42.11947322,-72.00870444,2.8,13.7,1,1,Winter,2008.0,1.0,0,0,0
W0600,42.02202663,-71.9543561,1.0,14.8,1,1,Winter,2008.0,1.0,0,0,0
W0602,42.05094532,-71.88507359,1.3,14.4,1,1,Winter,2008.0,1.0,0,0,0
W0692,42.62969793,-72.15035652,0.0,14.9,1,1,Winter,2008.0,2.0,0,0,0
W0694,42.6723218,-72.09305542,0.2,14.9,1,1,Winter,2008.0,2.0,0,0,0
W0695,42.30485304,-71.62845076,2.4,12.4,1,1,Winter,2008.0,2.0,0,0,0
W0696,42.32543468,-71.39736431,2.0,14.7,1,1,Winter,2008.0,2.0,0,0,0
W0697,42.43206352,-71.44974106,1.3,14.6,1,1,Winter,2008.0,2.0,0,0,0
W0698,42.51227518,-71.40458554,0.2,13.9,1,1,Winter,2008.0,2.0,0,0,0
W1487,42.64172611,-71.30284563,1.2,14.9,1,1,Winter,2008.0,2.0,0,0,0
W0680,42.22778189,-71.78735524,2.7,14.2,1,1,Spring,2008.0,3.0,0,0,0
W0689,42.23053792,-71.70809238,2.9,14.0,1,1,Spring,2008.0,3.0,0,0,0
W0767,42.153873,-71.65203977,3.2,14.2,1,1,Spring,2008.0,3.0,0,0,0
W0515,42.1003609,-71.60111703,2.7,13.4,1,1,Spring,2008.0,3.0,0,0,0
W1898,42.02271855,-71.57054135999999,3.9,13.6,1,1,Spring,2008.0,3.0,0,0,0
W0481,42.4951686,-71.72192464,3.6,13.2,1,1,Spring,2008.0,3.0,0,0,0
W0681,42.44473811,-71.67198789,2.7,13.4,1,1,Spring,2008.0,3.0,0,0,0
W0487,42.62094186,-71.64380951,2.7,13.4,1,1,Spring,2008.0,3.0,0,0,0
W0485,42.66968673,-71.56776529,3.6,13.3,1,1,Spring,2008.0,3.0,0,0,0
W0496,42.62647657,-71.59314962,3.5,13.4,1,1,Spring,2008.0,3.0,0,0,0
W0490,42.26477944,-72.00491606,2.6,13.6,1,1,Spring,2008.0,3.0,0,0,0
W0494,42.39121389,-72.0645552,1.8,14.5,1,1,Spring,2008.0,3.0,0,0,0
W0493,42.26797538,-72.33276108,2.3,14.4,1,1,Spring,2008.0,3.0,0,0,0
W0492,42.23872578,-72.285755,3.0,14.3,1,1,Spring,2008.0,3.0,0,0,0
W0491,42.18142994,-72.26354268,4.6,13.8,1,1,Spring,2008.0,3.0,0,0,0
W0601,42.10956147,-72.11856925,4.9,13.6,1,1,Spring,2008.0,3.0,0,0,0
W0615,42.11947322,-72.00870444,4.2,14.0,1,1,Spring,2008.0,3.0,0,0,0
W0600,42.02202663,-71.9543561,5.3,13.6,1,1,Spring,2008.0,3.0,0,0,0
W0602,42.05094532,-71.88507359,5.8,13.2,1,1,Spring,2008.0,3.0,0,0,0
W0690,42.59751119,-72.43783955,14.6,10.8,1,1,Spring,2008.0,4.0,0,0,0
W0691,42.58812535,-72.04099473,14.0,9.7,1,1,Spring,2008.0,4.0,0,0,0
W0692,42.62969793,-72.15035652,14.6,9.9,1,1,Spring,2008.0,4.0,0,0,0
W0693,42.68279648,-72.11503734,13.2,8.6,1,1,Spring,2008.0,4.0,0,0,0
W0694,42.6723218,-72.09305542,14.4,10.0,1,1,Spring,2008.0,4.0,0,0,0
W0695,42.30485304,-71.62845076,14.2,8.1,1,1,Spring,2008.0,4.0,0,0,0
W0696,42.32543468,-71.39736431,14.1,11.0,1,1,Spring,2008.0,4.0,0,0,0
W0697,42.43206352,-71.44974106,17.3,11.2,1,1,Spring,2008.0,4.0,0,0,0
W0698,42.51227518,-71.40458554,15.8,8.8,1,1,Spring,2008.0,4.0,0,0,0
W1487,42.64172611,-71.30284563,17.3,10.5,1,1,Spring,2008.0,4.0,0,0,0
W0680,42.22778189,-71.78735524,12.3,10.6,1,1,Spring,2008.0,4.0,0,0,0
W0689,42.23053792,-71.70809238,12.6,10.4,1,1,Spring,2008.0,4.0,0,0,0
W0767,42.153873,-71.65203977,11.8,10.3,1,1,Spring,2008.0,4.0,0,0,0
W0515,42.1003609,-71.60111703,11.4,8.3,1,1,Spring,2008.0,4.0,0,0,0
W1898,42.02271855,-71.57054135999999,12.4,9.1,1,1,Spring,2008.0,4.0,0,0,0
W0481,42.4951686,-71.72192464,13.4,9.4,1,1,Spring,2008.0,5.0,0,0,0
W0681,42.44473811,-71.67198789,12.7,8.7,1,1,Spring,2008.0,5.0,0,0,0
W0487,42.62094186,-71.64380951,14.0,9.3,1,1,Spring,2008.0,5.0,0,0,0
W0485,42.66968673,-71.56776529,15.0,9.7,1,1,Spring,2008.0,5.0,0,0,0
W0496,42.62647657,-71.59314962,14.5,9.3,1,1,Spring,2008.0,5.0,0,0,0
W0490,42.26477944,-72.00491606,12.1,10.5,1,1,Spring,2008.0,5.0,0,0,0
W0494,42.39121389,-72.0645552,13.0,9.8,1,1,Spring,2008.0,5.0,0,0,0
W0493,42.26797538,-72.33276108,11.5,11.4,1,1,Spring,2008.0,5.0,0,0,0
W0492,42.23872578,-72.285755,14.4,10.5,1,1,Spring,2008.0,5.0,0,0,0
W0491,42.18142994,-72.26354268,14.8,10.5,1,1,Spring,2008.0,5.0,0,0,0
W0601,42.10956147,-72.11856925,14.7,10.1,1,1,Spring,2008.0,5.0,0,0,0
W0615,42.11947322,-72.00870444,12.0,10.9,1,1,Spring,2008.0,5.0,0,0,0
W0600,42.02202663,-71.9543561,14.5,10.2,1,1,Spring,2008.0,5.0,0,0,0
W0602,42.05094532,-71.88507359,15.2,10.2,1,1,Spring,2008.0,5.0,0,0,0
W0680,42.22778189,-71.78735524,17.4,9.0,1,1,Spring,2008.0,5.0,0,0,0
W0689,42.23053792,-71.70809238,20.1,8.4,1,1,Spring,2008.0,5.0,0,0,0
W0767,42.153873,-71.65203977,18.2,6.7,1,1,Spring,2008.0,5.0,0,0,0
W0515,42.1003609,-71.60111703,18.7,7.8,1,1,Spring,2008.0,5.0,0,0,0
W1898,42.02271855,-71.57054135999999,18.2,7.6,1,1,Spring,2008.0,5.0,0,0,0
W0490,42.26477944,-72.00491606,17.7,8.8,1,2,Summer,2008.0,6.0,1,0,0
W0494,42.39121389,-72.0645552,19.3,9.3,1,2,Summer,2008.0,6.0,1,0,0
W0493,42.26797538,-72.33276108,15.5,10.5,1,2,Summer,2008.0,6.0,1,0,0
W0492,42.23872578,-72.285755,19.9,8.4,1,2,Summer,2008.0,6.0,1,0,0
W0491,42.18142994,-72.26354268,19.8,9.3,1,2,Summer,2008.0,6.0,1,0,0
W0690,42.59751119,-72.43783955,18.6,9.6,1,2,Summer,2008.0,6.0,1,0,0
W0691,42.58812535,-72.04099473,17.8,8.3,1,2,Summer,2008.0,6.0,1,0,0
W0692,42.62969793,-72.15035652,18.6,8.6,1,2,Summer,2008.0,6.0,1,0,0
W0693,42.68279648,-72.11503734,18.2,5.6,1,2,Summer,2008.0,6.0,1,0,0
W0694,42.6723218,-72.09305542,18.9,8.1,1,2,Summer,2008.0,6.0,1,0,0
W0680,42.22778189,-71.78735524,20.0,8.6,1,2,Summer,2008.0,6.0,1,0,0
W0689,42.23053792,-71.70809238,21.8,8.0,0,1,Summer,2008.0,6.0,1,0,0
W0767,42.153873,-71.65203977,20.4,8.1,1,2,Summer,2008.0,6.0,1,0,0
W0515,42.1003609,-71.60111703,21.6,5.5,1,2,Summer,2008.0,6.0,1,0,0
W1898,42.02271855,-71.57054135999999,20.6,6.9,1,2,Summer,2008.0,6.0,1,0,0
W0481,42.4951686,-71.72192464,21.5,7.2,1,2,Summer,2008.0,7.0,1,0,0
W0681,42.44473811,-71.67198789,15.8,9.6,1,2,Summer,2008.0,7.0,1,0,0
W0487,42.62094186,-71.64380951,22.2,6.4,1,2,Summer,2008.0,7.0,1,0,0
W0485,42.66968673,-71.56776529,24.6,7.2,1,2,Summer,2008.0,7.0,1,0,0
W0496,42.62647657,-71.59314962,23.3,8.4,1,2,Summer,2008.0,7.0,1,0,0
W0490,42.26477944,-72.00491606,21.4,7.9,1,2,Summer,2008.0,7.0,1,0,0
W0494,42.39121389,-72.0645552,23.9,8.0,1,2,Summer,2008.0,7.0,1,0,0
W0493,42.26797538,-72.33276108,12.1,11.4,1,2,Summer,2008.0,7.0,1,0,0
W0492,42.23872578,-72.285755,24.8,8.4,1,2,Summer,2008.0,7.0,1,0,0
W0491,42.18142994,-72.26354268,25.6,8.9,1,2,Summer,2008.0,7.0,1,0,0
W0601,42.10956147,-72.11856925,25.1,7.5,1,2,Summer,2008.0,7.0,1,0,0
W0615,42.11947322,-72.00870444,22.4,8.3,1,2,Summer,2008.0,7.0,1,0,0
W0600,42.02202663,-71.9543561,24.1,7.6,1,2,Summer,2008.0,7.0,1,0,0
W0602,42.05094532,-71.88507359,24.4,7.7,1,2,Summer,2008.0,7.0,1,0,0
W0680,42.22778189,-71.78735524,22.1,8.2,1,2,Summer,2008.0,8.0,1,0,0
W0689,42.23053792,-71.70809238,24.6,7.7,1,2,Summer,2008.0,8.0,1,0,0
W0767,42.153873,-71.65203977,22.2,7.7,1,2,Summer,2008.0,8.0,1,0,0
W0515,42.1003609,-71.60111703,21.8,3.6,1,3,Summer,2008.0,8.0,1,1,0
W1898,42.02271855,-71.57054135999999,22.3,7.6,1,2,Summer,2008.0,8.0,1,0,0
W0481,42.4951686,-71.72192464,19.5,8.3,1,2,Summer,2008.0,8.0,1,0,0
W0681,42.44473811,-71.67198789,14.4,9.5,1,2,Summer,2008.0,8.0,1,0,0
W0487,42.62094186,-71.64380951,18.9,8.0,1,2,Summer,2008.0,8.0,1,0,0
W0485,42.66968673,-71.56776529,19.5,7.4,1,2,Summer,2008.0,8.0,1,0,0
W0496,42.62647657,-71.59314962,19.4,7.9,1,2,Summer,2008.0,8.0,1,0,0
W0490,42.26477944,-72.00491606,18.5,8.5,1,2,Summer,2008.0,8.0,1,0,0
W0494,42.39121389,-72.0645552,20.2,9.0,1,2,Summer,2008.0,8.0,1,0,0
W0493,42.26797538,-72.33276108,15.8,10.5,1,2,Summer,2008.0,8.0,1,0,0
W0492,42.23872578,-72.285755,21.4,9.1,1,2,Summer,2008.0,8.0,1,0,0
W0491,42.18142994,-72.26354268,22.2,8.9,1,2,Summer,2008.0,8.0,1,0,0
W0690,42.59751119,-72.43783955,20.8,8.8,1,2,Summer,2008.0,8.0,1,0,0
W0691,42.58812535,-72.04099473,20.8,7.7,1,2,Summer,2008.0,8.0,1,0,0
W0692,42.62969793,-72.15035652,21.4,7.8,1,2,Summer,2008.0,8.0,1,0,0
W0693,42.68279648,-72.11503734,20.1,5.8,1,2,Summer,2008.0,8.0,1,0,0
W0694,42.6723218,-72.09305542,21.0,7.9,1,2,Summer,2008.0,8.0,1,0,0
W0695,42.30485304,-71.62845076,18.7,7.2,1,2,Summer,2008.0,8.0,1,0,0
W0696,42.32543468,-71.39736431,21.4,8.8,1,2,Summer,2008.0,8.0,1,0,0
W0697,42.43206352,-71.44974106,20.8,8.5,1,2,Summer,2008.0,8.0,1,0,0
W0698,42.51227518,-71.40458554,17.3,6.6,1,2,Summer,2008.0,8.0,1,0,0
W1487,42.64172611,-71.30284563,21.6,8.4,1,2,Summer,2008.0,8.0,1,0,0
W0680,42.22778189,-71.78735524,19.0,8.8,1,2,Summer,2008.0,8.0,1,0,0
W0689,42.23053792,-71.70809238,21.8,8.0,1,2,Summer,2008.0,8.0,1,0,0
W0767,42.153873,-71.65203977,19.9,8.4,1,2,Summer,2008.0,8.0,1,0,0
W0515,42.1003609,-71.60111703,19.4,5.0,1,2,Summer,2008.0,8.0,1,0,0
W1898,42.02271855,-71.57054135999999,20.2,8.6,1,2,Summer,2008.0,8.0,1,0,0
W0481,42.4951686,-71.72192464,16.4,9.0,1,1,Fall,2008.0,9.0,0,0,0
W0681,42.44473811,-71.67198789,15.8,8.4,1,1,Fall,2008.0,9.0,0,0,0
W0487,42.62094186,-71.64380951,16.5,8.3,1,1,Fall,2008.0,9.0,0,0,0
W0485,42.66968673,-71.56776529,18.7,7.7,1,1,Fall,2008.0,9.0,0,0,0
W0496,42.62647657,-71.59314962,18.1,8.0,1,1,Fall,2008.0,9.0,0,0,0
W0490,42.26477944,-72.00491606,11.9,10.2,1,1,Fall,2008.0,9.0,0,0,0
W0494,42.39121389,-72.0645552,13.7,10.4,1,1,Fall,2008.0,9.0,0,0,0
W0493,42.26797538,-72.33276108,14.1,10.6,1,1,Fall,2008.0,9.0,0,0,0
W0492,42.23872578,-72.285755,14.4,10.9,1,1,Fall,2008.0,9.0,0,0,0
W0491,42.18142994,-72.26354268,16.0,10.2,1,1,Fall,2008.0,9.0,0,0,0
W0601,42.10956147,-72.11856925,16.6,9.4,1,1,Fall,2008.0,9.0,0,0,0
W0615,42.11947322,-72.00870444,12.1,10.5,1,1,Fall,2008.0,9.0,0,0,0
W0600,42.02202663,-71.9543561,15.2,10.0,1,1,Fall,2008.0,9.0,0,0,0
W0602,42.05094532,-71.88507359,16.2,9.3,1,1,Fall,2008.0,9.0,0,0,0
W0680,42.22778189,-71.78735524,14.2,9.9,1,1,Fall,2008.0,10.0,0,0,0
W0689,42.23053792,-71.70809238,15.5,9.4,1,1,Fall,2008.0,10.0,0,0,0
W0767,42.153873,-71.65203977,15.2,9.3,1,1,Fall,2008.0,10.0,0,0,0
W0515,42.1003609,-71.60111703,13.1,6.4,1,1,Fall,2008.0,10.0,0,0,0
W1898,42.02271855,-71.57054135999999,14.7,9.0,1,1,Fall,2008.0,10.0,0,0,0
W0690,42.59751119,-72.43783955,7.8,12.1,1,1,Fall,2008.0,10.0,0,0,0
W0691,42.58812535,-72.04099473,8.7,10.4,1,1,Fall,2008.0,10.0,0,0,0
W0692,42.62969793,-72.15035652,7.7,11.2,1,1,Fall,2008.0,10.0,0,0,0
W0693,42.68279648,-72.11503734,6.9,8.9,1,1,Fall,2008.0,10.0,0,0,0
W0694,42.6723218,-72.09305542,8.5,10.3,1,1,Fall,2008.0,10.0,0,0,0
W0695,42.30485304,-71.62845076,11.7,7.3,1,1,Fall,2008.0,10.0,0,0,0
W0696,42.32543468,-71.39736431,10.9,11.1,1,1,Fall,2008.0,10.0,0,0,0
W0697,42.43206352,-71.44974106,10.0,11.1,1,1,Fall,2008.0,10.0,0,0,0
W0698,42.51227518,-71.40458554,8.6,8.9,1,1,Fall,2008.0,10.0,0,0,0
W1487,42.64172611,-71.30284563,10.8,11.0,1,1,Fall,2008.0,10.0,0,0,0
W0481,42.4951686,-71.72192464,7.7,11.5,1,1,Fall,2008.0,11.0,0,0,0
W0681,42.44473811,-71.67198789,7.9,10.9,1,1,Fall,2008.0,11.0,0,0,0
W0487,42.62094186,-71.64380951,7.5,10.8,1,1,Fall,2008.0,11.0,0,0,0
W0485,42.66968673,-71.56776529,9.8,10.0,1,1,Fall,2008.0,11.0,0,0,0
W0496,42.62647657,-71.59314962,9.4,10.4,1,1,Fall,2008.0,11.0,0,0,0
W0490,42.26477944,-72.00491606,3.9,12.6,1,1,Fall,2008.0,11.0,0,0,0
W0494,42.39121389,-72.0645552,5.0,12.8,1,1,Fall,2008.0,11.0,0,0,0
W0493,42.26797538,-72.33276108,9.5,11.3,1,1,Fall,2008.0,11.0,0,0,0
W0492,42.23872578,-72.285755,5.7,12.6,1,1,Fall,2008.0,11.0,0,0,0
W0491,42.18142994,-72.26354268,6.0,13.2,1,1,Fall,2008.0,11.0,0,0,0
W0601,42.10956147,-72.11856925,5.7,11.4,1,1,Fall,2008.0,11.0,0,0,0
W0615,42.11947322,-72.00870444,3.5,13.4,1,1,Fall,2008.0,11.0,0,0,0
W0600,42.02202663,-71.9543561,3.6,13.4,1,1,Fall,2008.0,11.0,0,0,0
W0602,42.05094532,-71.88507359,4.3,12.6,1,1,Fall,2008.0,11.0,0,0,0
W1549,42.5618409,-73.15602051,10.6,11.0,1,1,Spring,2007.0,4.0,0,0,0
W1118,42.56297435,-73.1513593,7.5,11.5,1,1,Spring,2007.0,4.0,0,0,0
W1122,42.61555021,-73.10401557,4.8,12.3,1,1,Spring,2007.0,4.0,0,0,0
W1548,42.62352837,-73.10381504,6.4,12.1,1,1,Spring,2007.0,4.0,0,0,0
W1550,42.63964638,-73.10788165,6.3,12.0,1,1,Spring,2007.0,4.0,0,0,0
W0426,42.63945736,-73.10863082,8.4,12.1,1,1,Spring,2007.0,4.0,0,0,0
W0427,42.66508241,-73.10397409,8.9,11.5,1,1,Spring,2007.0,4.0,0,0,0
W1123,42.70282919,-73.09265888,6.2,12.0,1,1,Spring,2007.0,4.0,0,0,0
W1591,42.5579253,-73.29638783,6.8,12.6,1,1,Spring,2007.0,4.0,0,0,0
W1557,42.54233667,-73.31705757,8.4,11.9,1,1,Spring,2007.0,4.0,0,0,0
W1129,42.62919087,-73.22485795,8.7,12.1,1,1,Spring,2007.0,4.0,0,0,0
W1553,42.62860937,-73.22483259,8.8,12.1,1,1,Spring,2007.0,4.0,0,0,0
W1128,42.67641159,-73.23043812,9.0,12.3,1,1,Spring,2007.0,4.0,0,0,0
W1555,42.67792696,-73.21148309,9.2,12.1,1,1,Spring,2007.0,4.0,0,0,0
W1556,42.67786326,-73.21036889,7.7,12.6,1,1,Spring,2007.0,4.0,0,0,0
W1130,42.70927484,-73.19643748,9.6,12.1,1,1,Spring,2007.0,4.0,0,0,0
W1124,42.73458234,-73.070872,5.3,12.7,1,1,Spring,2007.0,4.0,0,0,0
W1551,42.70300585,-73.16777029,7.5,12.8,1,1,Spring,2007.0,4.0,0,0,0
W1125,42.70247111,-73.17415789,8.2,12.2,1,1,Spring,2007.0,4.0,0,0,0
W1547,42.71698762,-73.22601093,9.3,11.8,1,1,Spring,2007.0,4.0,0,0,0
W1127,42.72935227,-73.20907615,8.1,12.5,1,1,Spring,2007.0,4.0,0,0,0
W1593,42.73466428,-73.21844343,8.3,12.4,1,1,Spring,2007.0,4.0,0,0,0
W1552,42.7358265,-73.20646698,7.7,12.4,1,1,Spring,2007.0,4.0,0,0,0
W1119,42.56453119,-73.17364871,11.8,10.6,1,1,Spring,2007.0,5.0,0,0,0
W1549,42.5618409,-73.15602051,18.8,8.7,1,1,Spring,2007.0,5.0,0,0,0
W1118,42.56297435,-73.1513593,13.2,10.0,0,0,Spring,2007.0,5.0,0,0,0
W1122,42.61555021,-73.10401557,14.0,10.1,1,1,Spring,2007.0,5.0,0,0,0
W1548,42.62352837,-73.10381504,13.2,9.8,1,1,Spring,2007.0,5.0,0,0,0
W1598,42.64003572,-73.10863477,17.7,11.0,1,1,Spring,2007.0,5.0,0,0,0
W1731,42.66552038,-73.10395974,17.7,10.3,1,1,Spring,2007.0,5.0,0,0,0
W1124,42.73458234,-73.070872,17.3,9.2,1,1,Spring,2007.0,5.0,0,0,0
W1551,42.70300585,-73.16777029,18.7,10.9,1,1,Spring,2007.0,5.0,0,0,0
W1125,42.70247111,-73.17415789,20.0,9.3,1,1,Spring,2007.0,5.0,0,0,0
W1591,42.5579253,-73.29638783,15.4,9.4,1,1,Spring,2007.0,5.0,0,0,0
W1557,42.54233667,-73.31705757,14.9,9.8,1,1,Spring,2007.0,5.0,0,0,0
W1552,42.7358265,-73.20646698,13.0,10.3,1,1,Spring,2007.0,5.0,0,0,0
W1129,42.62919087,-73.22485795,14.8,9.6,1,1,Spring,2007.0,5.0,0,0,0
W1128,42.67641159,-73.23043812,17.3,9.9,1,1,Spring,2007.0,5.0,0,0,0
W1729,42.67662579,-73.21005425,14.7,9.8,1,1,Spring,2007.0,5.0,0,0,0
W1130,42.70927484,-73.19643748,16.3,9.8,1,1,Spring,2007.0,5.0,0,0,0
W1547,42.71698762,-73.22601093,13.4,9.9,1,1,Spring,2007.0,5.0,0,0,0
W1127,42.72935227,-73.20907615,16.0,11.7,1,1,Spring,2007.0,5.0,0,0,0
W1593,42.73466428,-73.21844343,15.5,11.4,1,1,Spring,2007.0,5.0,0,0,0
W1549,42.5618409,-73.15602051,17.9,8.4,1,1,Spring,2007.0,5.0,0,0,0
W1118,42.56297435,-73.1513593,12.2,10.3,0,0,Spring,2007.0,5.0,0,0,0
W1122,42.61555021,-73.10401557,12.9,10.1,1,1,Spring,2007.0,5.0,0,0,0
W1548,42.62352837,-73.10381504,12.3,10.1,1,1,Spring,2007.0,5.0,0,0,0
W1598,42.64003572,-73.10863477,16.9,12.0,1,1,Spring,2007.0,5.0,0,0,0
W1731,42.66552038,-73.10395974,16.4,10.8,1,1,Spring,2007.0,5.0,0,0,0
W1124,42.73458234,-73.070872,16.6,9.4,1,1,Spring,2007.0,5.0,0,0,0
W1551,42.70300585,-73.16777029,17.9,11.2,1,1,Spring,2007.0,5.0,0,0,0
W1125,42.70247111,-73.17415789,18.7,9.3,1,1,Spring,2007.0,5.0,0,0,0
W1591,42.5579253,-73.29638783,14.6,9.5,1,1,Spring,2007.0,5.0,0,0,0
W1557,42.54233667,-73.31705757,13.9,9.9,1,1,Spring,2007.0,5.0,0,0,0
W1552,42.7358265,-73.20646698,11.9,10.6,1,1,Spring,2007.0,5.0,0,0,0
W1129,42.62919087,-73.22485795,13.0,9.8,1,1,Spring,2007.0,5.0,0,0,0
W1128,42.67641159,-73.23043812,16.2,10.4,1,1,Spring,2007.0,5.0,0,0,0
W1556,42.67786326,-73.21036889,13.9,9.9,1,1,Spring,2007.0,5.0,0,0,0
W1130,42.70927484,-73.19643748,14.1,10.5,1,1,Spring,2007.0,5.0,0,0,0
W1547,42.71698762,-73.22601093,11.9,10.2,1,1,Spring,2007.0,5.0,0,0,0
W1127,42.72935227,-73.20907615,15.0,11.5,1,1,Spring,2007.0,5.0,0,0,0
W1593,42.73466428,-73.21844343,14.9,11.5,1,1,Spring,2007.0,5.0,0,0,0
W1119,42.56453119,-73.17364871,11.2,10.6,1,1,Spring,2007.0,5.0,0,0,0
W1553,42.62860937,-73.22483259,12.9,10.0,1,1,Spring,2007.0,5.0,0,0,0
W1549,42.5618409,-73.15602051,19.1,7.8,1,2,Summer,2007.0,6.0,1,0,0
W1118,42.56297435,-73.1513593,13.3,9.9,1,2,Summer,2007.0,6.0,1,0,0
W1122,42.61555021,-73.10401557,13.9,9.8,1,2,Summer,2007.0,6.0,1,0,0
W1548,42.62352837,-73.10381504,13.4,9.7,1,2,Summer,2007.0,6.0,1,0,0
W1598,42.64003572,-73.10863477,16.8,9.6,1,2,Summer,2007.0,6.0,1,0,0
W1731,42.66552038,-73.10395974,16.7,8.9,1,2,Summer,2007.0,6.0,1,0,0
W1551,42.70300585,-73.16777029,17.0,9.5,1,2,Summer,2007.0,6.0,1,0,0
W1125,42.70247111,-73.17415789,16.7,8.7,1,2,Summer,2007.0,6.0,1,0,0
W1119,42.56453119,-73.17364871,15.1,9.6,1,2,Summer,2007.0,6.0,1,0,0
W1549,42.5618409,-73.15602051,22.3,7.6,1,2,Summer,2007.0,6.0,1,0,0
W1118,42.56297435,-73.1513593,17.9,9.3,1,2,Summer,2007.0,6.0,1,0,0
W1122,42.61555021,-73.10401557,18.5,9.1,1,2,Summer,2007.0,6.0,1,0,0
W1548,42.62352837,-73.10381504,16.9,9.1,1,2,Summer,2007.0,6.0,1,0,0
W1731,42.66552038,-73.10395974,20.8,8.9,1,2,Summer,2007.0,6.0,1,0,0
W1598,42.64003572,-73.10863477,22.8,9.5,1,2,Summer,2007.0,6.0,1,0,0
W1124,42.73458234,-73.070872,21.3,9.6,1,2,Summer,2007.0,6.0,1,0,0
W1551,42.70300585,-73.16777029,23.6,9.5,1,2,Summer,2007.0,6.0,1,0,0
W1125,42.70247111,-73.17415789,24.8,8.3,1,2,Summer,2007.0,6.0,1,0,0
W1552,42.7358265,-73.20646698,13.4,9.9,1,2,Summer,2007.0,6.0,1,0,0
W1593,42.73466428,-73.21844343,16.8,10.0,1,2,Summer,2007.0,6.0,1,0,0
W1127,42.72935227,-73.20907615,16.8,9.9,1,2,Summer,2007.0,6.0,1,0,0
W1547,42.71698762,-73.22601093,13.3,9.8,1,2,Summer,2007.0,6.0,1,0,0
W1130,42.70927484,-73.19643748,15.5,9.6,1,2,Summer,2007.0,6.0,1,0,0
W1729,42.67662579,-73.21005425,13.7,9.9,1,2,Summer,2007.0,6.0,1,0,0
W1128,42.67641159,-73.23043812,15.7,10.8,1,2,Summer,2007.0,6.0,1,0,0
W1129,42.62919087,-73.22485795,13.3,9.7,1,2,Summer,2007.0,6.0,1,0,0
W1553,42.62860937,-73.22483259,13.2,9.8,1,2,Summer,2007.0,6.0,1,0,0
W1557,42.54233667,-73.31705757,12.0,9.7,1,2,Summer,2007.0,6.0,1,0,0
W1591,42.5579253,-73.29638783,13.3,9.6,1,2,Summer,2007.0,6.0,1,0,0
W1552,42.7358265,-73.20646698,16.4,9.9,1,2,Summer,2007.0,6.0,1,0,0
W1593,42.73466428,-73.21844343,21.2,9.6,1,2,Summer,2007.0,6.0,1,0,0
W1127,42.72935227,-73.20907615,21.3,9.8,1,2,Summer,2007.0,6.0,1,0,0
W1547,42.71698762,-73.22601093,16.4,9.4,1,2,Summer,2007.0,6.0,1,0,0
W1130,42.70927484,-73.19643748,20.5,9.0,1,2,Summer,2007.0,6.0,1,0,0
W1729,42.67662579,-73.21005425,17.9,9.3,1,2,Summer,2007.0,6.0,1,0,0
W1128,42.67641159,-73.23043812,22.4,9.9,1,2,Summer,2007.0,6.0,1,0,0
W1129,42.62919087,-73.22485795,17.4,9.3,1,2,Summer,2007.0,6.0,1,0,0
W1553,42.62860937,-73.22483259,17.0,9.2,1,2,Summer,2007.0,6.0,1,0,0
W1557,42.54233667,-73.31705757,14.8,9.8,1,2,Summer,2007.0,6.0,1,0,0
W1591,42.5579253,-73.29638783,18.6,8.9,1,2,Summer,2007.0,6.0,1,0,0
W1746,42.62109755,-73.11900412,17.6,9.9,1,2,Summer,2007.0,7.0,1,0,0
W1745,42.62172166,-73.11552029,18.2,10.3,1,2,Summer,2007.0,7.0,1,0,0
W1744,42.62899767,-73.11505043,18.9,10.1,1,2,Summer,2007.0,7.0,1,0,0
W1742,42.63422896,-73.11122105,20.1,10.0,1,2,Summer,2007.0,7.0,1,0,0
W1743,42.63195602,-73.11277761,20.4,9.7,1,2,Summer,2007.0,7.0,1,0,0
W1741,42.63496026,-73.11025329,21.2,9.5,1,2,Summer,2007.0,7.0,1,0,0
W1598,42.64003572,-73.10863477,21.9,9.8,1,2,Summer,2007.0,7.0,1,0,0
W0427,42.66508241,-73.10397409,21.0,9.2,1,2,Summer,2007.0,7.0,1,0,0
W1738,42.6635028,-73.10459204,21.4,9.1,1,2,Summer,2007.0,7.0,1,0,0
W1739,42.66222642,-73.10417147,21.7,9.0,1,2,Summer,2007.0,7.0,1,0,0
W1740,42.66037434,-73.10464289,21.8,9.0,1,2,Summer,2007.0,7.0,1,0,0
W1119,42.56453119,-73.17364871,13.8,10.0,1,1,Fall,2007.0,9.0,0,0,0
W1549,42.5618409,-73.15602051,18.3,8.1,1,1,Fall,2007.0,9.0,0,0,0
W1118,42.56297435,-73.1513593,15.4,10.5,1,1,Fall,2007.0,9.0,0,0,0
W1122,42.61555021,-73.10401557,16.9,9.9,1,1,Fall,2007.0,9.0,0,0,0
W1548,42.62352837,-73.10381504,16.2,9.1,1,1,Fall,2007.0,9.0,0,0,0
W1598,42.64003572,-73.10863477,20.3,12.2,1,1,Fall,2007.0,9.0,0,0,0
W1731,42.66552038,-73.10395974,18.4,10.7,1,1,Fall,2007.0,9.0,0,0,0
W1124,42.73458234,-73.070872,20.3,9.4,1,1,Fall,2007.0,9.0,0,0,0
W1551,42.70300585,-73.16777029,20.2,11.5,1,1,Fall,2007.0,9.0,0,0,0
W1119,42.56453119,-73.17364871,12.3,10.3,1,1,Fall,2007.0,9.0,0,0,0
W1549,42.5618409,-73.15602051,17.9,8.4,1,1,Fall,2007.0,9.0,0,0,0
W1118,42.56297435,-73.1513593,12.5,10.6,1,1,Fall,2007.0,9.0,0,0,0
W1122,42.61555021,-73.10401557,13.2,10.2,1,1,Fall,2007.0,9.0,0,0,0
W1119,42.56453119,-73.17364871,16.6,9.3,1,2,Summer,2007.0,8.0,1,0,0
W1549,42.5618409,-73.15602051,23.6,7.6,1,2,Summer,2007.0,8.0,1,0,0
W1118,42.56297435,-73.1513593,19.1,9.4,1,2,Summer,2007.0,8.0,1,0,0
W1122,42.61555021,-73.10401557,19.8,9.0,1,2,Summer,2007.0,8.0,1,0,0
W1548,42.62352837,-73.10381504,18.6,8.8,1,2,Summer,2007.0,8.0,1,0,0
W1598,42.64003572,-73.10863477,23.9,10.5,1,2,Summer,2007.0,8.0,1,0,0
W1731,42.66552038,-73.10395974,22.0,9.7,1,2,Summer,2007.0,8.0,1,0,0
W1124,42.73458234,-73.070872,23.2,8.5,1,2,Summer,2007.0,8.0,1,0,0
W1551,42.70300585,-73.16777029,24.5,11.7,1,2,Summer,2007.0,8.0,1,0,0
W1734,42.59663655,-73.14780275,17.4,8.8,1,2,Summer,2007.0,8.0,1,0,0
W1552,42.7358265,-73.20646698,18.6,8.3,1,2,Summer,2007.0,8.0,1,0,0
W1593,42.73466428,-73.21844343,22.5,9.0,1,2,Summer,2007.0,8.0,1,0,0
W1127,42.72935227,-73.20907615,22.5,8.7,1,2,Summer,2007.0,8.0,1,0,0
W1547,42.71698762,-73.22601093,18.5,7.5,1,2,Summer,2007.0,8.0,1,0,0
W1130,42.70927484,-73.19643748,21.0,8.6,1,2,Summer,2007.0,8.0,1,0,0
W1729,42.67662579,-73.21005425,19.2,8.7,1,2,Summer,2007.0,8.0,1,0,0
W1128,42.67641159,-73.23043812,23.4,9.0,1,2,Summer,2007.0,8.0,1,0,0
W1129,42.62919087,-73.22485795,18.8,9.0,1,2,Summer,2007.0,8.0,1,0,0
W1553,42.62860937,-73.22483259,18.8,8.1,1,2,Summer,2007.0,8.0,1,0,0
W1557,42.54233667,-73.31705757,16.4,9.0,1,2,Summer,2007.0,8.0,1,0,0
W1119,42.56453119,-73.17364871,16.7,8.9,1,2,Summer,2007.0,8.0,1,0,0
W1549,42.5618409,-73.15602051,21.1,7.2,1,2,Summer,2007.0,8.0,1,0,0
W1118,42.56297435,-73.1513593,18.1,8.8,1,2,Summer,2007.0,8.0,1,0,0
W1122,42.61555021,-73.10401557,18.5,8.7,1,2,Summer,2007.0,8.0,1,0,0
W1548,42.62352837,-73.10381504,18.4,8.4,1,2,Summer,2007.0,8.0,1,0,0
W1598,42.64003572,-73.10863477,21.5,9.1,1,2,Summer,2007.0,8.0,1,0,0
W1731,42.66552038,-73.10395974,20.8,8.5,1,2,Summer,2007.0,8.0,1,0,0
W1124,42.73458234,-73.070872,19.9,8.3,1,2,Summer,2007.0,8.0,1,0,0
W1551,42.70300585,-73.16777029,21.4,9.2,1,2,Summer,2007.0,8.0,1,0,0
W1734,42.59663655,-73.14780275,16.6,8.6,1,2,Summer,2007.0,8.0,1,0,0
W1552,42.7358265,-73.20646698,17.8,9.0,1,2,Summer,2007.0,8.0,1,0,0
W1593,42.73466428,-73.21844343,20.8,8.4,1,2,Summer,2007.0,8.0,1,0,0
W1127,42.72935227,-73.20907615,20.7,8.7,1,2,Summer,2007.0,8.0,1,0,0
W1547,42.71698762,-73.22601093,19.1,8.7,1,2,Summer,2007.0,8.0,1,0,0
W1130,42.70927484,-73.19643748,20.6,9.0,1,2,Summer,2007.0,8.0,1,0,0
W1729,42.67662579,-73.21005425,18.6,8.9,1,2,Summer,2007.0,8.0,1,0,0
W1128,42.67641159,-73.23043812,21.9,9.2,1,2,Summer,2007.0,8.0,1,0,0
W1129,42.62919087,-73.22485795,18.5,9.0,1,2,Summer,2007.0,8.0,1,0,0
W1553,42.62860937,-73.22483259,18.6,8.7,1,2,Summer,2007.0,8.0,1,0,0
W1557,42.54233667,-73.31705757,16.8,9.4,1,2,Summer,2007.0,8.0,1,0,0
W1591,42.5579253,-73.29638783,20.3,8.4,1,2,Summer,2007.0,8.0,1,0,0
W1591,42.5579253,-73.29638783,19.7,8.2,1,2,Summer,2007.0,8.0,1,0,0
W1548,42.62352837,-73.10381504,13.7,9.9,1,1,Fall,2007.0,9.0,0,0,0
W1598,42.64003572,-73.10863477,15.7,10.5,1,1,Fall,2007.0,9.0,0,0,0
W1731,42.66552038,-73.10395974,15.4,9.5,1,1,Fall,2007.0,9.0,0,0,0
W1124,42.73458234,-73.070872,15.2,9.3,1,1,Fall,2007.0,9.0,0,0,0
W1551,42.70300585,-73.16777029,15.8,10.2,1,1,Fall,2007.0,9.0,0,0,0
W1125,42.70247111,-73.17415789,16.8,9.3,1,1,Fall,2007.0,9.0,0,0,0
W1552,42.7358265,-73.20646698,16.0,9.3,1,1,Fall,2007.0,9.0,0,0,0
W1593,42.73466428,-73.21844343,19.2,10.7,1,1,Fall,2007.0,9.0,0,0,0
W1127,42.72935227,-73.20907615,19.4,10.2,1,1,Fall,2007.0,9.0,0,0,0
W1547,42.71698762,-73.22601093,16.1,7.4,1,1,Fall,2007.0,9.0,0,0,0
W1130,42.70927484,-73.19643748,19.1,9.2,1,1,Fall,2007.0,9.0,0,0,0
W1729,42.67662579,-73.21005425,17.5,8.5,1,1,Fall,2007.0,9.0,0,0,0
W1128,42.67641159,-73.23043812,24.0,9.1,1,1,Fall,2007.0,9.0,0,0,0
W1129,42.62919087,-73.22485795,17.0,8.4,1,1,Fall,2007.0,9.0,0,0,0
W1553,42.62860937,-73.22483259,16.5,8.4,1,1,Fall,2007.0,9.0,0,0,0
W1557,42.54233667,-73.31705757,14.8,9.1,1,1,Fall,2007.0,9.0,0,0,0
W1591,42.5579253,-73.29638783,18.2,8.1,1,1,Fall,2007.0,9.0,0,0,0
W1552,42.7358265,-73.20646698,13.0,10.1,1,1,Fall,2007.0,9.0,0,0,0
W1593,42.73466428,-73.21844343,14.8,9.4,1,1,Fall,2007.0,9.0,0,0,0
W1127,42.72935227,-73.20907615,14.7,9.6,1,1,Fall,2007.0,9.0,0,0,0
W1547,42.71698762,-73.22601093,13.4,9.7,1,1,Fall,2007.0,9.0,0,0,0
W1130,42.70927484,-73.19643748,14.3,10.0,1,1,Fall,2007.0,9.0,0,0,0
W1729,42.67662579,-73.21005425,14.6,9.6,1,1,Fall,2007.0,9.0,0,0,0
W1128,42.67641159,-73.23043812,16.6,9.6,1,1,Fall,2007.0,9.0,0,0,0
W1129,42.62919087,-73.22485795,13.6,9.7,1,1,Fall,2007.0,9.0,0,0,0
W1553,42.62860937,-73.22483259,13.5,9.6,1,1,Fall,2007.0,9.0,0,0,0
W1557,42.54233667,-73.31705757,13.0,9.6,1,1,Fall,2007.0,9.0,0,0,0
W1591,42.5579253,-73.29638783,14.3,9.3,1,1,Fall,2007.0,9.0,0,0,0
W1746,42.62109755,-73.11900412,14.7,10.4,1,1,Fall,2007.0,9.0,0,0,0
W1568,42.48426175,-73.14844847,8.4,12.3,1,1,Spring,2007.0,5.0,0,0,0
W1572,42.47369635,-73.14121003,11.8,11.5,1,1,Spring,2007.0,5.0,0,0,0
W1563,42.42448531,-73.22544541,11.6,11.5,1,1,Spring,2007.0,5.0,0,0,0
W1100,42.23176916,-73.35486942,12.6,11.8,1,1,Spring,2007.0,5.0,0,0,0
W1567,42.27325997,-73.26943338,9.2,12.1,1,1,Spring,2007.0,5.0,0,0,0
W1110,42.29472214,-73.2389525,12.7,11.0,1,1,Spring,2007.0,5.0,0,0,0
W1564,42.32836092,-73.24079273,12.2,10.9,1,1,Spring,2007.0,5.0,0,0,0
W1112,42.17937551,-73.37925653,8.8,10.9,1,1,Spring,2007.0,5.0,0,0,0
W0375,42.07601465,-73.28282617,12.0,10.8,1,1,Spring,2007.0,5.0,0,0,0
W0377,42.11316821,-73.26853192,13.3,10.3,1,1,Spring,2007.0,5.0,0,0,0
W1103,42.3447034,-73.24553172,14.8,12.8,1,1,Spring,2007.0,5.0,0,0,0
W1568,42.48426175,-73.14844847,15.6,9.4,1,2,Summer,2007.0,6.0,1,0,0
W1572,42.47369635,-73.14121003,18.6,8.8,1,2,Summer,2007.0,6.0,1,0,0
W1563,42.42448531,-73.22544541,16.3,9.1,1,2,Summer,2007.0,6.0,1,0,0
W1100,42.23176916,-73.35486942,20.8,8.9,0,1,Summer,2007.0,6.0,1,0,0
W1567,42.27325997,-73.26943338,15.6,9.7,1,2,Summer,2007.0,6.0,1,0,0
W1110,42.29472214,-73.2389525,16.0,9.6,1,2,Summer,2007.0,6.0,1,0,0
W1564,42.32836092,-73.24079273,16.6,9.3,1,2,Summer,2007.0,6.0,1,0,0
W1103,42.3447034,-73.24553172,19.2,7.6,1,2,Summer,2007.0,6.0,1,0,0
W1112,42.17937551,-73.37925653,14.5,9.9,1,2,Summer,2007.0,6.0,1,0,0
W0375,42.07601465,-73.28282617,17.9,9.5,1,2,Summer,2007.0,6.0,1,0,0
W0377,42.11316821,-73.26853192,18.2,9.2,1,2,Summer,2007.0,6.0,1,0,0
W1560,42.30142427,-73.38113211,17.7,8.0,1,2,Summer,2007.0,6.0,1,0,0
W1101,42.27559351,-73.35974157,18.4,8.7,1,2,Summer,2007.0,6.0,1,0,0
W1561,42.30190509,-73.33437114,18.7,8.2,1,2,Summer,2007.0,6.0,1,0,0
W1562,42.50972044,-73.23499529,13.7,9.2,1,2,Summer,2007.0,6.0,1,0,0
W1570,42.46948757,-73.25654237,21.0,8.4,1,2,Summer,2007.0,6.0,1,0,0
W1573,42.43958522,-73.2666178,18.5,9.0,1,2,Summer,2007.0,6.0,1,0,0
W1575,42.44203653,-73.26046405,21.2,8.2,1,2,Summer,2007.0,6.0,1,0,0
W1107,42.43543023,-73.2495137,19.8,8.8,1,2,Summer,2007.0,6.0,1,0,0
W1105,42.42992197,-73.23875622,20.2,8.6,1,2,Summer,2007.0,6.0,1,0,0
W1104,42.39403803,-73.24040084,18.3,8.1,1,2,Summer,2007.0,6.0,1,0,0
W1115,42.27042046,-73.25110436,15.9,7.7,1,2,Summer,2007.0,6.0,1,0,0
W1567,42.27325997,-73.26943338,13.8,9.5,1,2,Summer,2007.0,6.0,1,0,0
W1098,42.22630117,-73.36572655,18.0,9.5,1,2,Summer,2007.0,6.0,1,0,0
W1099,42.1439533,-73.35976951,17.6,8.6,1,2,Summer,2007.0,6.0,1,0,0
W1113,42.11411457,-73.35102043,20.2,7.6,1,2,Summer,2007.0,6.0,1,0,0
W1559,42.11302905,-73.35223003,19.0,7.3,1,2,Summer,2007.0,6.0,1,0,0
W1566,42.05873805,-73.34872974,19.3,8.1,1,2,Summer,2007.0,6.0,1,0,0
W0371,42.05490025,-73.33400325,17.9,9.0,1,2,Summer,2007.0,6.0,1,0,0
W1569,42.17339594,-73.23476863,20.0,9.2,1,2,Summer,2007.0,6.0,1,0,0
W1560,42.30142427,-73.38113211,20.3,7.0,1,2,Summer,2007.0,6.0,1,0,0
W1101,42.27559351,-73.35974157,20.2,7.7,1,2,Summer,2007.0,6.0,1,0,0
W1561,42.30190509,-73.33437114,19.8,7.2,1,2,Summer,2007.0,6.0,1,0,0
W1562,42.50972044,-73.23499529,14.1,8.4,1,2,Summer,2007.0,6.0,1,0,0
W1570,42.46948757,-73.25654237,20.8,8.2,1,2,Summer,2007.0,6.0,1,0,0
W1573,42.43958522,-73.2666178,17.5,8.3,1,2,Summer,2007.0,6.0,1,0,0
W1575,42.44203653,-73.26046405,19.5,7.9,1,2,Summer,2007.0,6.0,1,0,0
W1107,42.43543023,-73.2495137,18.2,7.8,1,2,Summer,2007.0,6.0,1,0,0
W1105,42.42992197,-73.23875622,18.4,7.7,1,2,Summer,2007.0,6.0,1,0,0
W1104,42.39403803,-73.24040084,18.2,7.0,1,2,Summer,2007.0,6.0,1,0,0
W1115,42.27042046,-73.25110436,18.5,7.0,1,2,Summer,2007.0,6.0,1,0,0
W1567,42.27325997,-73.26943338,15.0,9.6,1,2,Summer,2007.0,6.0,1,0,0
W1098,42.22630117,-73.36572655,19.2,8.6,1,2,Summer,2007.0,6.0,1,0,0
W1113,42.11411457,-73.35102043,21.5,7.0,1,2,Summer,2007.0,6.0,1,0,0
W1559,42.11302905,-73.35223003,20.5,6.6,1,2,Summer,2007.0,6.0,1,0,0
W1566,42.05873805,-73.34872974,20.4,7.0,1,2,Summer,2007.0,6.0,1,0,0
W0371,42.05490025,-73.33400325,16.6,8.0,1,2,Summer,2007.0,6.0,1,0,0
W1569,42.17339594,-73.23476863,18.4,8.9,1,2,Summer,2007.0,6.0,1,0,0
W1560,42.30142427,-73.38113211,22.6,6.8,1,2,Summer,2007.0,7.0,1,0,0
W1101,42.27559351,-73.35974157,23.1,7.8,1,2,Summer,2007.0,7.0,1,0,0
W1561,42.30190509,-73.33437114,19.5,8.0,1,2,Summer,2007.0,7.0,1,0,0
W1723,42.50956168,-73.23496633,17.0,7.0,1,2,Summer,2007.0,7.0,1,0,0
W1570,42.46948757,-73.25654237,24.5,7.4,1,2,Summer,2007.0,7.0,1,0,0
W1573,42.43958522,-73.2666178,19.6,7.7,1,2,Summer,2007.0,7.0,1,0,0
W1575,42.44203653,-73.26046405,22.6,7.6,1,2,Summer,2007.0,7.0,1,0,0
W1726,42.43642895,-73.24767116,22.0,7.8,1,2,Summer,2007.0,7.0,1,0,0
W1105,42.42992197,-73.23875622,22.5,7.8,1,2,Summer,2007.0,7.0,1,0,0
W1104,42.39403803,-73.24040084,21.3,7.3,1,2,Summer,2007.0,7.0,1,0,0
W1115,42.27042046,-73.25110436,19.3,6.6,1,2,Summer,2007.0,7.0,1,0,0
W1567,42.27325997,-73.26943338,16.2,9.4,1,2,Summer,2007.0,7.0,1,0,0
W1098,42.22630117,-73.36572655,20.9,8.9,1,2,Summer,2007.0,7.0,1,0,0
W1099,42.1439533,-73.35976951,23.2,7.9,1,2,Summer,2007.0,7.0,1,0,0
W1113,42.11411457,-73.35102043,23.1,7.3,1,2,Summer,2007.0,7.0,1,0,0
W1559,42.11302905,-73.35223003,21.9,7.4,1,2,Summer,2007.0,7.0,1,0,0
W1566,42.05873805,-73.34872974,23.9,7.4,1,2,Summer,2007.0,7.0,1,0,0
W0371,42.05490025,-73.33400325,20.3,8.9,1,2,Summer,2007.0,7.0,1,0,0
W1569,42.17339594,-73.23476863,22.1,8.6,1,2,Summer,2007.0,7.0,1,0,0
W1560,42.30142427,-73.38113211,23.2,7.1,1,2,Summer,2007.0,7.0,1,0,0
W1101,42.27559351,-73.35974157,23.4,8.0,1,2,Summer,2007.0,7.0,1,0,0
W1561,42.30190509,-73.33437114,19.4,7.6,1,2,Summer,2007.0,7.0,1,0,0
W1723,42.50956168,-73.23496633,17.4,6.2,1,2,Summer,2007.0,7.0,1,0,0
W1570,42.46948757,-73.25654237,23.9,7.8,1,2,Summer,2007.0,7.0,1,0,0
W1573,42.43958522,-73.2666178,19.2,7.2,1,2,Summer,2007.0,7.0,1,0,0
W1575,42.44203653,-73.26046405,21.9,7.4,1,2,Summer,2007.0,7.0,1,0,0
W1726,42.43642895,-73.24767116,20.4,6.8,1,2,Summer,2007.0,7.0,1,0,0
W1105,42.42992197,-73.23875622,20.6,6.6,1,2,Summer,2007.0,7.0,1,0,0
W1104,42.39403803,-73.24040084,20.6,6.6,1,2,Summer,2007.0,7.0,1,0,0
W1115,42.27042046,-73.25110436,20.6,6.1,1,2,Summer,2007.0,7.0,1,0,0
W1567,42.27325997,-73.26943338,16.8,8.7,1,2,Summer,2007.0,7.0,1,0,0
W1098,42.22630117,-73.36572655,20.7,7.6,1,2,Summer,2007.0,7.0,1,0,0
W1099,42.1439533,-73.35976951,22.7,6.8,1,2,Summer,2007.0,7.0,1,0,0
W1113,42.11411457,-73.35102043,23.8,6.0,1,2,Summer,2007.0,7.0,1,0,0
W1559,42.11302905,-73.35223003,22.3,6.2,1,2,Summer,2007.0,7.0,1,0,0
W1566,42.05873805,-73.34872974,23.8,6.2,1,2,Summer,2007.0,7.0,1,0,0
W0371,42.05490025,-73.33400325,19.6,7.8,1,2,Summer,2007.0,7.0,1,0,0
W1569,42.17339594,-73.23476863,20.6,8.0,1,2,Summer,2007.0,7.0,1,0,0
W1568,42.48426175,-73.14844847,17.2,9.2,1,2,Summer,2007.0,7.0,1,0,0
W1572,42.47369635,-73.14121003,19.4,9.3,1,2,Summer,2007.0,7.0,1,0,0
W1563,42.42448531,-73.22544541,17.3,9.6,1,2,Summer,2007.0,7.0,1,0,0
W1100,42.23176916,-73.35486942,24.2,9.2,1,2,Summer,2007.0,7.0,1,0,0
W1567,42.27325997,-73.26943338,16.8,9.5,1,2,Summer,2007.0,7.0,1,0,0
W1110,42.29472214,-73.2389525,20.2,9.0,1,2,Summer,2007.0,7.0,1,0,0
W1564,42.32836092,-73.24079273,15.4,9.0,0,1,Summer,2007.0,7.0,1,0,0
W1103,42.3447034,-73.24553172,22.1,7.8,1,2,Summer,2007.0,7.0,1,0,0
W1112,42.17937551,-73.37925653,17.2,8.6,1,2,Summer,2007.0,7.0,1,0,0
W0375,42.07601465,-73.28282617,20.6,8.8,1,2,Summer,2007.0,7.0,1,0,0
W0377,42.11316821,-73.26853192,21.5,8.6,1,2,Summer,2007.0,7.0,1,0,0
W1560,42.30142427,-73.38113211,21.6,8.2,1,2,Summer,2007.0,8.0,1,0,0
W1101,42.27559351,-73.35974157,22.6,8.8,1,2,Summer,2007.0,8.0,1,0,0
W1561,42.30190509,-73.33437114,18.8,7.7,1,2,Summer,2007.0,8.0,1,0,0
W1562,42.50972044,-73.23499529,17.6,6.9,1,2,Summer,2007.0,8.0,1,0,0
W1570,42.46948757,-73.25654237,20.9,8.0,1,2,Summer,2007.0,8.0,1,0,0
W1573,42.43958522,-73.2666178,20.6,7.5,1,2,Summer,2007.0,8.0,1,0,0
W1575,42.44203653,-73.26046405,22.6,8.0,1,2,Summer,2007.0,8.0,1,0,0
W1107,42.43543023,-73.2495137,23.3,6.7,1,2,Summer,2007.0,8.0,1,0,0
W1105,42.42992197,-73.23875622,21.8,6.8,1,2,Summer,2007.0,8.0,1,0,0
W1104,42.39403803,-73.24040084,21.5,6.1,1,2,Summer,2007.0,8.0,1,0,0
W1115,42.27042046,-73.25110436,21.8,6.3,1,2,Summer,2007.0,8.0,1,0,0
W1567,42.27325997,-73.26943338,17.4,8.8,1,2,Summer,2007.0,8.0,1,0,0
W1098,42.22630117,-73.36572655,21.2,8.9,1,2,Summer,2007.0,8.0,1,0,0
W1099,42.1439533,-73.35976951,23.0,8.6,1,2,Summer,2007.0,8.0,1,0,0
W1113,42.11411457,-73.35102043,22.9,6.8,1,2,Summer,2007.0,8.0,1,0,0
W1559,42.11302905,-73.35223003,21.2,6.6,1,2,Summer,2007.0,8.0,1,0,0
W1566,42.05873805,-73.34872974,23.2,7.7,1,2,Summer,2007.0,8.0,1,0,0
W0371,42.05490025,-73.33400325,20.4,9.7,1,2,Summer,2007.0,8.0,1,0,0
W1569,42.17339594,-73.23476863,21.9,8.8,1,2,Summer,2007.0,8.0,1,0,0
W1560,42.30142427,-73.38113211,17.2,8.8,1,2,Summer,2007.0,8.0,1,0,0
W1101,42.27559351,-73.35974157,18.7,9.3,1,2,Summer,2007.0,8.0,1,0,0
W1561,42.30190509,-73.33437114,15.9,8.3,1,2,Summer,2007.0,8.0,1,0,0
W1562,42.50972044,-73.23499529,14.4,7.4,1,2,Summer,2007.0,8.0,1,0,0
W1570,42.46948757,-73.25654237,16.9,8.9,1,2,Summer,2007.0,8.0,1,0,0
W1573,42.43958522,-73.2666178,15.4,8.8,1,2,Summer,2007.0,8.0,1,0,0
W1575,42.44203653,-73.26046405,16.9,9.2,1,2,Summer,2007.0,8.0,1,0,0
W1107,42.43543023,-73.2495137,17.0,8.8,1,2,Summer,2007.0,8.0,1,0,0
W1105,42.42992197,-73.23875622,16.2,8.1,1,2,Summer,2007.0,8.0,1,0,0
W1104,42.39403803,-73.24040084,16.1,7.5,1,2,Summer,2007.0,8.0,1,0,0
W1115,42.27042046,-73.25110436,17.0,7.7,1,2,Summer,2007.0,8.0,1,0,0
W1567,42.27325997,-73.26943338,14.8,9.0,1,2,Summer,2007.0,8.0,1,0,0
W1098,42.22630117,-73.36572655,16.7,9.6,1,2,Summer,2007.0,8.0,1,0,0
W1099,42.1439533,-73.35976951,18.4,9.0,1,2,Summer,2007.0,8.0,1,0,0
W1113,42.11411457,-73.35102043,18.9,7.2,1,2,Summer,2007.0,8.0,1,0,0
W1559,42.11302905,-73.35223003,17.5,7.2,1,2,Summer,2007.0,8.0,1,0,0
W1566,42.05873805,-73.34872974,18.7,7.9,1,2,Summer,2007.0,8.0,1,0,0
W0371,42.05490025,-73.33400325,15.8,10.1,1,2,Summer,2007.0,8.0,1,0,0
W1569,42.17339594,-73.23476863,16.5,9.6,1,2,Summer,2007.0,8.0,1,0,0
W1568,42.48426175,-73.14844847,14.4,10.8,1,2,Summer,2007.0,8.0,1,0,0
W1572,42.47369635,-73.14121003,14.6,11.3,1,2,Summer,2007.0,8.0,1,0,0
W1563,42.42448531,-73.22544541,12.2,10.7,1,2,Summer,2007.0,8.0,1,0,0
W1100,42.23176916,-73.35486942,19.7,9.4,1,2,Summer,2007.0,8.0,1,0,0
W1567,42.27325997,-73.26943338,13.9,10.6,1,2,Summer,2007.0,8.0,1,0,0
W1110,42.29472214,-73.2389525,14.1,10.0,1,2,Summer,2007.0,8.0,1,0,0
W1564,42.32836092,-73.24079273,12.6,9.3,1,2,Summer,2007.0,8.0,1,0,0
W1103,42.3447034,-73.24553172,18.7,7.7,1,2,Summer,2007.0,8.0,1,0,0
W1112,42.17937551,-73.37925653,16.0,9.0,1,2,Summer,2007.0,8.0,1,0,0
W0375,42.07601465,-73.28282617,15.6,10.2,1,2,Summer,2007.0,8.0,1,0,0
W0377,42.11316821,-73.26853192,15.5,9.9,1,2,Summer,2007.0,8.0,1,0,0
W1560,42.30142427,-73.38113211,16.0,9.3,1,1,Fall,2007.0,9.0,0,0,0
W1101,42.27559351,-73.35974157,17.0,10.2,1,1,Fall,2007.0,9.0,0,0,0
W1561,42.30190509,-73.33437114,15.4,8.7,1,1,Fall,2007.0,9.0,0,0,0
W1562,42.50972044,-73.23499529,14.3,7.8,1,1,Fall,2007.0,9.0,0,0,0
W1570,42.46948757,-73.25654237,17.1,9.2,1,1,Fall,2007.0,9.0,0,0,0
W1573,42.43958522,-73.2666178,16.7,8.8,1,1,Fall,2007.0,9.0,0,0,0
W1575,42.44203653,-73.26046405,18.5,9.0,1,1,Fall,2007.0,9.0,0,0,0
W1107,42.43543023,-73.2495137,19.6,9.0,1,1,Fall,2007.0,9.0,0,0,0
W1105,42.42992197,-73.23875622,17.2,8.1,1,1,Fall,2007.0,9.0,0,0,0
W1104,42.39403803,-73.24040084,17.0,7.1,1,1,Fall,2007.0,9.0,0,0,0
W1115,42.27042046,-73.25110436,15.0,7.4,1,1,Fall,2007.0,9.0,0,0,0
W1567,42.27325997,-73.26943338,12.7,10.4,1,1,Fall,2007.0,9.0,0,0,0
W1098,42.22630117,-73.36572655,16.0,9.3,1,1,Fall,2007.0,9.0,0,0,0
W1099,42.1439533,-73.35976951,17.5,9.2,1,1,Fall,2007.0,9.0,0,0,0
W1113,42.11411457,-73.35102043,16.5,7.0,1,1,Fall,2007.0,9.0,0,0,0
W1559,42.11302905,-73.35223003,14.5,7.2,1,1,Fall,2007.0,9.0,0,0,0
W1566,42.05873805,-73.34872974,17.7,8.5,1,1,Fall,2007.0,9.0,0,0,0
W0371,42.05490025,-73.33400325,16.5,10.5,1,1,Fall,2007.0,9.0,0,0,0
W1569,42.17339594,-73.23476863,16.9,9.4,1,1,Fall,2007.0,9.0,0,0,0
W1560,42.30142427,-73.38113211,17.7,8.9,1,1,Fall,2007.0,9.0,0,0,0
W1101,42.27559351,-73.35974157,19.0,10.1,1,1,Fall,2007.0,9.0,0,0,0
W1561,42.30190509,-73.33437114,17.1,8.3,1,1,Fall,2007.0,9.0,0,0,0
W1562,42.50972044,-73.23499529,15.5,7.2,1,1,Fall,2007.0,9.0,0,0,0
W1570,42.46948757,-73.25654237,19.0,8.7,1,1,Fall,2007.0,9.0,0,0,0
W1573,42.43958522,-73.2666178,17.2,8.8,1,1,Fall,2007.0,9.0,0,0,0
W1575,42.44203653,-73.26046405,20.1,8.8,1,1,Fall,2007.0,9.0,0,0,0
W1107,42.43543023,-73.2495137,22.0,9.2,1,1,Fall,2007.0,9.0,0,0,0
W1105,42.42992197,-73.23875622,19.3,7.9,1,1,Fall,2007.0,9.0,0,0,0
W1104,42.39403803,-73.24040084,18.1,7.2,1,1,Fall,2007.0,9.0,0,0,0
W1115,42.27042046,-73.25110436,16.9,6.6,1,1,Fall,2007.0,9.0,0,0,0
W1567,42.27325997,-73.26943338,14.7,9.6,1,1,Fall,2007.0,9.0,0,0,0
W1098,42.22630117,-73.36572655,17.6,9.2,1,1,Fall,2007.0,9.0,0,0,0
W1099,42.1439533,-73.35976951,19.1,9.5,1,1,Fall,2007.0,9.0,0,0,0
W1113,42.11411457,-73.35102043,18.0,6.0,1,1,Fall,2007.0,9.0,0,0,0
W1559,42.11302905,-73.35223003,16.6,6.1,1,1,Fall,2007.0,9.0,0,0,0
W1566,42.05873805,-73.34872974,19.6,8.1,1,1,Fall,2007.0,9.0,0,0,0
W0371,42.05490025,-73.33400325,18.7,9.9,1,1,Fall,2007.0,9.0,0,0,0
W1569,42.17339594,-73.23476863,19.5,9.0,1,1,Fall,2007.0,9.0,0,0,0
W1568,42.48426175,-73.14844847,14.6,10.6,1,1,Fall,2007.0,9.0,0,0,0
W1572,42.47369635,-73.14121003,14.3,11.3,1,1,Fall,2007.0,9.0,0,0,0
W1563,42.42448531,-73.22544541,11.5,10.7,0,0,Fall,2007.0,9.0,0,0,0
W1100,42.23176916,-73.35486942,19.5,10.4,1,1,Fall,2007.0,9.0,0,0,0
W1567,42.27325997,-73.26943338,13.5,9.8,1,1,Fall,2007.0,9.0,0,0,0
W1110,42.29472214,-73.2389525,13.1,10.0,1,1,Fall,2007.0,9.0,0,0,0
W1564,42.32836092,-73.24079273,12.3,9.2,1,1,Fall,2007.0,9.0,0,0,0
W1103,42.3447034,-73.24553172,17.5,8.5,1,1,Fall,2007.0,9.0,0,0,0
W1112,42.17937551,-73.37925653,14.7,8.6,1,1,Fall,2007.0,9.0,0,0,0
W0375,42.07601465,-73.28282617,14.2,10.3,1,1,Fall,2007.0,9.0,0,0,0
W0377,42.11316821,-73.26853192,14.1,10.2,1,1,Fall,2007.0,9.0,0,0,0
W0168,42.01272012,-71.34763073,7.0,11.1,1,1,Spring,2007.0,4.0,0,0,0
W0905,42.00286304,-71.33840362,6.7,10.2,1,1,Spring,2007.0,4.0,0,0,0
W1580,41.98856171,-71.3474734,5.8,11.7,1,1,Spring,2007.0,4.0,0,0,0
W1581,41.97762993,-71.33453815,5.9,12.6,1,1,Spring,2007.0,4.0,0,0,0
W0169,41.97463265,-71.32957594,6.7,11.3,1,1,Spring,2007.0,4.0,0,0,0
W0170,41.96096078,-71.30757184,7.0,12.1,1,1,Spring,2007.0,4.0,0,0,0
W1577,41.95326227,-71.30781311,7.4,11.6,1,1,Spring,2007.0,4.0,0,0,0
W0179,41.95360395,-71.28005181,6.2,5.8,1,1,Spring,2007.0,4.0,0,0,0
W0901,41.95002381,-71.29133543,6.4,8.3,1,1,Spring,2007.0,4.0,0,0,0
W0172,41.93742221,-71.29026644,7.1,11.6,1,1,Spring,2007.0,4.0,0,0,0
W0176,41.89026914,-71.34011441,6.8,10.7,1,1,Spring,2007.0,4.0,0,0,0
W0184,41.85773302,-71.32945548,6.1,10.7,1,1,Spring,2007.0,4.0,0,0,0
W0175,41.89609284,-71.32576502,6.8,11.4,1,1,Spring,2007.0,4.0,0,0,0
W0183,41.90125767,-71.3434294,6.6,10.0,1,1,Spring,2007.0,4.0,0,0,0
W0181,41.93648287,-71.32433494,7.0,10.6,1,1,Spring,2007.0,4.0,0,0,0
W0182,41.95117817,-71.34184089,6.3,11.5,0,0,Spring,2007.0,4.0,0,0,0
W0173,41.91782609,-71.30583763,6.9,11.3,1,1,Spring,2007.0,4.0,0,0,0
W0180,41.92726089,-71.2852236,6.3,9.3,1,1,Spring,2007.0,4.0,0,0,0
W1904,41.92703603,-71.28535834,6.1,11.0,1,1,Spring,2007.0,4.0,0,0,0
W0905,42.00286304,-71.33840362,11.2,8.8,1,1,Spring,2007.0,5.0,0,0,0
W0905,42.00286304,-71.33840362,15.8,8.5,1,1,Spring,2007.0,5.0,0,0,0
W1580,41.98856171,-71.3474734,9.5,9.5,1,1,Spring,2007.0,5.0,0,0,0
W1580,41.98856171,-71.3474734,15.1,8.8,1,1,Spring,2007.0,5.0,0,0,0
W0169,41.97463265,-71.32957594,11.0,8.9,1,1,Spring,2007.0,5.0,0,0,0
W0169,41.97463265,-71.32957594,15.4,8.6,1,1,Spring,2007.0,5.0,0,0,0
W0170,41.96096078,-71.30757184,13.9,9.0,1,1,Spring,2007.0,5.0,0,0,0
W0170,41.96096078,-71.30757184,16.2,9.1,1,1,Spring,2007.0,5.0,0,0,0
W1595,41.95661339,-71.30844976,13.6,9.0,1,1,Spring,2007.0,5.0,0,0,0
W1595,41.95661339,-71.30844976,15.4,9.0,1,1,Spring,2007.0,5.0,0,0,0
W0172,41.93742221,-71.29026644,12.3,9.2,1,1,Spring,2007.0,5.0,0,0,0
W0172,41.93742221,-71.29026644,14.6,8.3,1,1,Spring,2007.0,5.0,0,0,0
W0179,41.95360395,-71.28005181,11.9,7.0,1,1,Spring,2007.0,5.0,0,0,0
W0179,41.95360395,-71.28005181,14.1,2.8,1,2,Spring,2007.0,5.0,0,1,0
W0180,41.92726089,-71.2852236,10.7,8.6,1,1,Spring,2007.0,5.0,0,0,0
W0180,41.92726089,-71.2852236,12.9,8.0,1,1,Spring,2007.0,5.0,0,0,0
W0176,41.89026914,-71.34011441,12.8,9.4,1,1,Spring,2007.0,5.0,0,0,0
W0176,41.89026914,-71.34011441,14.8,9.0,1,1,Spring,2007.0,5.0,0,0,0
W0184,41.85773302,-71.32945548,11.9,9.1,1,1,Spring,2007.0,5.0,0,0,0
W0184,41.85773302,-71.32945548,14.2,8.9,1,1,Spring,2007.0,5.0,0,0,0
W0175,41.89609284,-71.32576502,13.5,9.4,1,1,Spring,2007.0,5.0,0,0,0
W0175,41.89609284,-71.32576502,15.6,8.8,1,1,Spring,2007.0,5.0,0,0,0
W0183,41.90125767,-71.3434294,10.7,9.2,1,1,Spring,2007.0,5.0,0,0,0
W0183,41.90125767,-71.3434294,14.0,8.2,1,1,Spring,2007.0,5.0,0,0,0
W0181,41.93648287,-71.32433494,9.4,9.7,1,1,Spring,2007.0,5.0,0,0,0
W0181,41.93648287,-71.32433494,16.2,8.7,1,1,Spring,2007.0,5.0,0,0,0
W0182,41.95117817,-71.34184089,10.4,10.0,1,1,Spring,2007.0,5.0,0,0,0
W0182,41.95117817,-71.34184089,14.5,9.5,1,1,Spring,2007.0,5.0,0,0,0
W0173,41.91782609,-71.30583763,13.2,9.7,1,1,Spring,2007.0,5.0,0,0,0
W0173,41.91782609,-71.30583763,15.5,9.0,1,1,Spring,2007.0,5.0,0,0,0
W0168,42.01272012,-71.34763073,13.3,10.5,1,1,Spring,2007.0,5.0,0,0,0
W1581,41.97762993,-71.33453815,11.4,11.7,1,1,Spring,2007.0,5.0,0,0,0
W0901,41.95002381,-71.29133543,13.9,6.5,1,1,Spring,2007.0,5.0,0,0,0
W0168,42.01272012,-71.34763073,21.8,8.6,1,2,Summer,2007.0,6.0,1,0,0
W0168,42.01272012,-71.34763073,18.9,9.0,1,2,Summer,2007.0,7.0,1,0,0
W0905,42.00286304,-71.33840362,19.8,6.4,1,2,Summer,2007.0,6.0,1,0,0
W0905,42.00286304,-71.33840362,17.3,7.3,1,2,Summer,2007.0,7.0,1,0,0
W1580,41.98856171,-71.3474734,18.4,5.9,1,2,Summer,2007.0,6.0,1,0,0
W1580,41.98856171,-71.3474734,14.5,0.6,1,3,Summer,2007.0,7.0,1,1,0
W1931,41.97749007,-71.33385627,19.3,8.4,1,2,Summer,2007.0,6.0,1,0,0
W0169,41.97463265,-71.32957594,21.4,4.6,1,3,Summer,2007.0,6.0,1,1,0
W0169,41.97463265,-71.32957594,17.2,6.2,1,2,Summer,2007.0,7.0,1,0,0
W0170,41.96096078,-71.30757184,21.1,6.4,1,2,Summer,2007.0,6.0,1,0,0
W0170,41.96096078,-71.30757184,16.5,7.6,1,2,Summer,2007.0,7.0,1,0,0
W1595,41.95661339,-71.30844976,19.4,7.6,1,2,Summer,2007.0,6.0,1,0,0
W1595,41.95661339,-71.30844976,16.7,8.2,1,2,Summer,2007.0,7.0,1,0,0
W0179,41.95360395,-71.28005181,24.9,4.9,1,3,Summer,2007.0,6.0,1,1,0
W0179,41.95360395,-71.28005181,19.2,5.1,1,2,Summer,2007.0,7.0,1,0,0
W0901,41.95002381,-71.29133543,24.8,6.3,1,2,Summer,2007.0,6.0,1,0,0
W0901,41.95002381,-71.29133543,21.2,8.3,1,2,Summer,2007.0,7.0,1,0,0
W0172,41.93742221,-71.29026644,22.6,6.8,1,2,Summer,2007.0,6.0,1,0,0
W0172,41.93742221,-71.29026644,19.4,7.8,1,2,Summer,2007.0,7.0,1,0,0
W0182,41.95117817,-71.34184089,18.8,7.8,1,2,Summer,2007.0,6.0,1,0,0
W0182,41.95117817,-71.34184089,14.3,8.8,1,2,Summer,2007.0,7.0,1,0,0
W0181,41.93648287,-71.32433494,13.9,8.5,1,2,Summer,2007.0,6.0,1,0,0
W0181,41.93648287,-71.32433494,12.0,8.8,1,2,Summer,2007.0,7.0,1,0,0
W0173,41.91782609,-71.30583763,23.9,6.6,1,2,Summer,2007.0,6.0,1,0,0
W0173,41.91782609,-71.30583763,19.9,7.8,1,2,Summer,2007.0,7.0,1,0,0
W1904,41.92703603,-71.28535834,16.7,8.1,1,2,Summer,2007.0,6.0,1,0,0
W0180,41.92726089,-71.2852236,15.2,6.1,1,2,Summer,2007.0,7.0,1,0,0
W0175,41.89609284,-71.32576502,23.3,6.0,1,2,Summer,2007.0,6.0,1,0,0
W0175,41.89609284,-71.32576502,19.6,7.2,1,2,Summer,2007.0,7.0,1,0,0
W0184,41.85773302,-71.32945548,21.5,2.4,1,3,Summer,2007.0,6.0,1,1,0
W0184,41.85773302,-71.32945548,18.2,3.9,1,3,Summer,2007.0,7.0,1,1,0
W0176,41.89026914,-71.34011441,22.2,7.1,1,2,Summer,2007.0,6.0,1,0,0
W0176,41.89026914,-71.34011441,18.8,8.4,1,2,Summer,2007.0,7.0,1,0,0
W0183,41.90125767,-71.3434294,19.2,6.1,1,2,Summer,2007.0,6.0,1,0,0
W0183,41.90125767,-71.3434294,14.6,7.6,1,2,Summer,2007.0,7.0,1,0,0
W0168,42.01272012,-71.34763073,22.2,8.6,1,2,Summer,2007.0,7.0,1,0,0
W0168,42.01272012,-71.34763073,22.5,7.7,1,2,Summer,2007.0,8.0,1,0,0
W0905,42.00286304,-71.33840362,21.2,6.5,1,2,Summer,2007.0,7.0,1,0,0
W0905,42.00286304,-71.33840362,21.8,6.2,1,2,Summer,2007.0,8.0,1,0,0
W1580,41.98856171,-71.3474734,17.7,0.8,1,3,Summer,2007.0,7.0,1,1,0
W1580,41.98856171,-71.3474734,19.3,2.0,1,3,Summer,2007.0,8.0,1,1,0
W1581,41.97762993,-71.33453815,21.8,7.4,1,2,Summer,2007.0,8.0,1,0,0
W0169,41.97463265,-71.32957594,21.9,5.4,1,2,Summer,2007.0,7.0,1,0,0
W0169,41.97463265,-71.32957594,22.5,4.5,1,3,Summer,2007.0,8.0,1,1,0
W0170,41.96096078,-71.30757184,20.9,6.9,1,2,Summer,2007.0,7.0,1,0,0
W0170,41.96096078,-71.30757184,24.8,6.6,1,2,Summer,2007.0,8.0,1,0,0
W1595,41.95661339,-71.30844976,21.0,7.9,1,2,Summer,2007.0,7.0,1,0,0
W1595,41.95661339,-71.30844976,22.8,7.1,1,2,Summer,2007.0,8.0,1,0,0
W0179,41.95360395,-71.28005181,25.2,5.6,1,2,Summer,2007.0,7.0,1,0,0
W0179,41.95360395,-71.28005181,24.5,2.8,1,3,Summer,2007.0,8.0,1,1,0
W0901,41.95002381,-71.29133543,27.8,9.1,1,2,Summer,2007.0,7.0,1,0,0
W0901,41.95002381,-71.29133543,26.3,6.5,1,2,Summer,2007.0,8.0,1,0,0
W0172,41.93742221,-71.29026644,25.4,6.7,1,2,Summer,2007.0,7.0,1,0,0
W0172,41.93742221,-71.29026644,24.7,6.4,1,2,Summer,2007.0,8.0,1,0,0
W0182,41.95117817,-71.34184089,20.4,7.6,1,2,Summer,2007.0,8.0,1,0,0
W0181,41.93648287,-71.32433494,14.9,7.2,1,2,Summer,2007.0,7.0,1,0,0
W0181,41.93648287,-71.32433494,15.2,8.4,1,2,Summer,2007.0,8.0,1,0,0
W0173,41.91782609,-71.30583763,24.5,6.0,1,2,Summer,2007.0,7.0,1,0,0
W0173,41.91782609,-71.30583763,25.4,7.0,1,2,Summer,2007.0,8.0,1,0,0
W0180,41.92726089,-71.2852236,20.5,3.8,0,2,Summer,2007.0,7.0,1,1,0
W0180,41.92726089,-71.2852236,21.7,5.6,0,1,Summer,2007.0,8.0,1,0,0
W0175,41.89609284,-71.32576502,24.8,5.2,1,2,Summer,2007.0,7.0,1,0,0
W0175,41.89609284,-71.32576502,25.0,6.1,1,2,Summer,2007.0,8.0,1,0,0
W0184,41.85773302,-71.32945548,23.6,3.1,1,3,Summer,2007.0,7.0,1,1,0
W0184,41.85773302,-71.32945548,23.9,4.6,1,3,Summer,2007.0,8.0,1,1,0
W0176,41.89026914,-71.34011441,23.1,6.1,1,2,Summer,2007.0,7.0,1,0,0
W0176,41.89026914,-71.34011441,25.0,7.6,1,2,Summer,2007.0,8.0,1,0,0
W0183,41.90125767,-71.3434294,19.0,5.6,1,2,Summer,2007.0,7.0,1,0,0
W0183,41.90125767,-71.3434294,19.5,6.9,1,2,Summer,2007.0,8.0,1,0,0
W0168,42.01272012,-71.34763073,21.4,7.8,1,2,Summer,2007.0,8.0,1,0,0
W0168,42.01272012,-71.34763073,18.8,7.1,1,1,Fall,2007.0,9.0,0,0,0
W0905,42.00286304,-71.33840362,16.7,6.7,1,2,Summer,2007.0,8.0,1,0,0
W0905,42.00286304,-71.33840362,14.6,6.9,1,1,Fall,2007.0,9.0,0,0,0
W0169,41.97463265,-71.32957594,19.4,4.3,1,3,Summer,2007.0,8.0,1,1,0
W0169,41.97463265,-71.32957594,16.8,5.7,1,1,Fall,2007.0,9.0,0,0,0
W0170,41.96096078,-71.30757184,18.6,7.3,1,2,Summer,2007.0,8.0,1,0,0
W0170,41.96096078,-71.30757184,15.5,7.7,1,1,Fall,2007.0,9.0,0,0,0
W1595,41.95661339,-71.30844976,20.2,7.7,1,2,Summer,2007.0,8.0,1,0,0
W1595,41.95661339,-71.30844976,18.6,7.2,1,1,Fall,2007.0,9.0,0,0,0
W0179,41.95360395,-71.28005181,22.3,5.8,1,2,Summer,2007.0,8.0,1,0,0
W0179,41.95360395,-71.28005181,19.1,5.9,1,1,Fall,2007.0,9.0,0,0,0
W0901,41.95002381,-71.29133543,24.1,6.6,1,2,Summer,2007.0,8.0,1,0,0
W0901,41.95002381,-71.29133543,20.6,7.0,1,1,Fall,2007.0,9.0,0,0,0
W0172,41.93742221,-71.29026644,23.0,6.4,1,2,Summer,2007.0,8.0,1,0,0
W0172,41.93742221,-71.29026644,19.7,6.6,1,1,Fall,2007.0,9.0,0,0,0
W0182,41.95117817,-71.34184089,17.8,7.7,1,2,Summer,2007.0,8.0,1,0,0
W0182,41.95117817,-71.34184089,14.3,8.3,1,1,Fall,2007.0,9.0,0,0,0
W0181,41.93648287,-71.32433494,15.3,8.3,1,2,Summer,2007.0,8.0,1,0,0
W0181,41.93648287,-71.32433494,13.3,8.7,1,1,Fall,2007.0,9.0,0,0,0
W0173,41.91782609,-71.30583763,22.9,6.1,1,2,Summer,2007.0,8.0,1,0,0
W0173,41.91782609,-71.30583763,19.9,6.5,1,1,Fall,2007.0,9.0,0,0,0
W0180,41.92726089,-71.2852236,18.5,5.4,1,2,Summer,2007.0,8.0,1,0,0
W0180,41.92726089,-71.2852236,15.8,6.2,1,1,Fall,2007.0,9.0,0,0,0
W0175,41.89609284,-71.32576502,22.2,4.9,1,3,Summer,2007.0,8.0,1,1,0
W0175,41.89609284,-71.32576502,19.0,5.4,1,1,Fall,2007.0,9.0,0,0,0
W0183,41.90125767,-71.3434294,17.6,7.1,1,2,Summer,2007.0,8.0,1,0,0
W0183,41.90125767,-71.3434294,15.2,7.1,1,1,Fall,2007.0,9.0,0,0,0
W0176,41.89026914,-71.34011441,20.9,7.2,1,2,Summer,2007.0,8.0,1,0,0
W0176,41.89026914,-71.34011441,18.0,7.1,1,1,Fall,2007.0,9.0,0,0,0
W1592,42.17383927,-71.50839357,16.8,6.8,1,1,Spring,2007.0,5.0,0,0,0
W1592,42.17383927,-71.50839357,11.0,7.9,1,1,Spring,2007.0,5.0,0,0,0
W1585,42.13103033,-71.5155242,14.4,10.0,1,1,Spring,2007.0,5.0,0,0,0
W1585,42.13103033,-71.5155242,10.8,10.8,1,1,Spring,2007.0,5.0,0,0,0
W1142,42.09620732,-71.47958751,17.5,8.3,1,1,Spring,2007.0,5.0,0,0,0
W1142,42.09620732,-71.47958751,12.6,9.2,1,1,Spring,2007.0,5.0,0,0,0
W1588,42.09047755,-71.43283604,19.7,8.8,1,1,Spring,2007.0,5.0,0,0,0
W1588,42.09047755,-71.43283604,14.1,9.4,1,1,Spring,2007.0,5.0,0,0,0
W1135,42.11943443,-71.45344443,20.5,7.2,1,1,Spring,2007.0,5.0,0,0,0
W1135,42.11943443,-71.45344443,16.1,8.5,1,1,Spring,2007.0,5.0,0,0,0
W1584,42.13445842,-71.44602039,20.3,7.8,1,1,Spring,2007.0,5.0,0,0,0
W1584,42.13445842,-71.44602039,15.7,8.9,1,1,Spring,2007.0,5.0,0,0,0
W1147,42.12453197,-71.43065489,21.6,4.4,1,2,Spring,2007.0,5.0,0,1,0
W1147,42.12453197,-71.43065489,14.2,5.2,1,1,Spring,2007.0,5.0,0,0,0
W1583,42.15140376,-71.42713966,21.5,7.5,1,1,Spring,2007.0,5.0,0,0,0
W1583,42.15140376,-71.42713966,16.2,7.8,1,1,Spring,2007.0,5.0,0,0,0
W0414,42.14007115,-71.3896734,16.8,9.6,1,1,Spring,2007.0,5.0,0,0,0
W0414,42.14007115,-71.3896734,16.9,8.9,1,1,Spring,2007.0,5.0,0,0,0
W1136,42.13828143,-71.35867289,18.1,8.6,1,1,Spring,2007.0,5.0,0,0,0
W1136,42.13828143,-71.35867289,17.4,7.6,1,1,Spring,2007.0,5.0,0,0,0
W1150,42.12911182,-71.30503034,19.9,9.0,1,1,Spring,2007.0,5.0,0,0,0
W1150,42.12911182,-71.30503034,18.3,8.9,1,1,Spring,2007.0,5.0,0,0,0
W1151,42.15866554,-71.30280984,20.0,9.3,0,0,Spring,2007.0,5.0,0,0,0
W1151,42.15866554,-71.30280984,17.6,6.6,0,0,Spring,2007.0,5.0,0,0,0
W1586,42.19598069,-71.33022096,16.5,9.4,1,1,Spring,2007.0,5.0,0,0,0
W1586,42.19598069,-71.33022096,16.1,7.9,1,1,Spring,2007.0,5.0,0,0,0
W0423,42.18829134,-71.36280624,18.0,9.0,1,1,Spring,2007.0,5.0,0,0,0
W0423,42.18829134,-71.36280624,19.0,7.6,1,1,Spring,2007.0,5.0,0,0,0
W0416,42.21553968,-71.40765942,12.9,8.5,1,1,Spring,2007.0,5.0,0,0,0
W0416,42.21553968,-71.40765942,17.0,7.2,1,1,Spring,2007.0,5.0,0,0,0
W1589,42.22237155,-71.40927393,14.0,6.0,1,1,Spring,2007.0,5.0,0,0,0
W1589,42.22237155,-71.40927393,17.0,5.3,1,1,Spring,2007.0,5.0,0,0,0
W0384,42.36514506,-71.1903328,20.2,8.4,1,1,Spring,2007.0,5.0,0,0,0
W0384,42.36514506,-71.1903328,18.6,8.4,1,1,Spring,2007.0,5.0,0,0,0
W1143,42.39554541,-71.19710167,17.3,8.4,1,1,Spring,2007.0,5.0,0,0,0
W1143,42.39554541,-71.19710167,12.6,8.9,1,1,Spring,2007.0,5.0,0,0,0
W1144,42.38300416,-71.2078492,18.6,7.1,1,1,Spring,2007.0,5.0,0,0,0
W1144,42.38300416,-71.2078492,14.0,8.8,1,1,Spring,2007.0,5.0,0,0,0
W1157,42.36795531,-71.27033164,18.6,7.9,1,1,Spring,2007.0,5.0,0,0,0
W1157,42.36795531,-71.27033164,15.9,9.3,1,1,Spring,2007.0,5.0,0,0,0
W1156,42.31931329,-71.24624794,21.6,8.0,1,1,Spring,2007.0,5.0,0,0,0
W1156,42.31931329,-71.24624794,18.2,8.7,1,1,Spring,2007.0,5.0,0,0,0
W1139,42.32584268,-71.25439259,21.0,8.5,1,1,Spring,2007.0,5.0,0,0,0
W1139,42.32584268,-71.25439259,19.6,9.9,1,1,Spring,2007.0,5.0,0,0,0
W1590,42.34154459,-71.26662505,15.6,8.8,1,1,Spring,2007.0,5.0,0,0,0
W1590,42.34154459,-71.26662505,13.3,11.0,1,1,Spring,2007.0,5.0,0,0,0
W0406,42.24980728,-71.22270212,20.8,8.0,1,1,Spring,2007.0,5.0,0,0,0
W0406,42.24980728,-71.22270212,19.1,8.4,1,1,Spring,2007.0,5.0,0,0,0
W0407,42.25123356,-71.23970713,18.2,7.9,1,1,Spring,2007.0,5.0,0,0,0
W0407,42.25123356,-71.23970713,17.3,7.7,1,1,Spring,2007.0,5.0,0,0,0
W1141,42.25781415,-71.26256067,19.6,8.3,1,1,Spring,2007.0,5.0,0,0,0
W1141,42.25781415,-71.26256067,18.4,8.2,1,1,Spring,2007.0,5.0,0,0,0
W0408,42.25417326,-71.29337351,17.8,8.7,1,1,Spring,2007.0,5.0,0,0,0
W0408,42.25417326,-71.29337351,15.8,6.1,1,1,Spring,2007.0,5.0,0,0,0
W1138,42.26439957,-71.32538186,20.1,7.4,1,1,Spring,2007.0,5.0,0,0,0
W1138,42.26439957,-71.32538186,18.6,7.5,1,1,Spring,2007.0,5.0,0,0,0
W1587,42.25505525,-71.33009248,23.2,8.7,1,1,Spring,2007.0,5.0,0,0,0
W1587,42.25505525,-71.33009248,21.1,8.7,1,1,Spring,2007.0,5.0,0,0,0
W1137,42.21006156,-71.35172497,19.6,7.8,1,1,Spring,2007.0,5.0,0,0,0
W1137,42.21006156,-71.35172497,18.4,6.5,1,1,Spring,2007.0,5.0,0,0,0
W0409,42.28652324,-71.29384261,14.9,10.0,1,1,Spring,2007.0,5.0,0,0,0
W0409,42.28652324,-71.29384261,15.5,9.4,1,1,Spring,2007.0,5.0,0,0,0
W1582,42.30510355,-71.3252761,18.2,8.9,1,1,Spring,2007.0,5.0,0,0,0
W1582,42.30510355,-71.3252761,18.4,8.2,1,1,Spring,2007.0,5.0,0,0,0
W1592,42.17383927,-71.50839357,12.4,7.1,1,2,Summer,2007.0,6.0,1,0,0
W1592,42.17383927,-71.50839357,15.9,6.4,1,2,Summer,2007.0,6.0,1,0,0
W1585,42.13103033,-71.5155242,12.8,8.9,1,2,Summer,2007.0,6.0,1,0,0
W1585,42.13103033,-71.5155242,16.5,7.3,1,2,Summer,2007.0,6.0,1,0,0
W1142,42.09620732,-71.47958751,14.2,7.4,1,2,Summer,2007.0,6.0,1,0,0
W1142,42.09620732,-71.47958751,17.6,6.1,1,2,Summer,2007.0,6.0,1,0,0
W1588,42.09047755,-71.43283604,14.7,9.3,1,2,Summer,2007.0,6.0,1,0,0
W1588,42.09047755,-71.43283604,19.6,7.9,1,2,Summer,2007.0,6.0,1,0,0
W1135,42.11943443,-71.45344443,16.8,8.3,1,2,Summer,2007.0,6.0,1,0,0
W1135,42.11943443,-71.45344443,21.9,6.9,1,2,Summer,2007.0,6.0,1,0,0
W1584,42.13445842,-71.44602039,15.3,8.4,1,2,Summer,2007.0,6.0,1,0,0
W1584,42.13445842,-71.44602039,19.2,7.5,1,2,Summer,2007.0,6.0,1,0,0
W1147,42.12453197,-71.43065489,16.4,5.0,1,2,Summer,2007.0,6.0,1,0,0
W1147,42.12453197,-71.43065489,19.6,3.8,1,3,Summer,2007.0,6.0,1,1,0
W1583,42.15140376,-71.42713966,17.2,7.5,1,2,Summer,2007.0,6.0,1,0,0
W1583,42.15140376,-71.42713966,20.2,8.1,1,2,Summer,2007.0,6.0,1,0,0
W0414,42.14007115,-71.3896734,21.5,8.1,1,2,Summer,2007.0,6.0,1,0,0
W0414,42.14007115,-71.3896734,21.9,7.9,1,2,Summer,2007.0,6.0,1,0,0
W1136,42.13828143,-71.35867289,22.4,7.4,1,2,Summer,2007.0,6.0,1,0,0
W1136,42.13828143,-71.35867289,23.0,6.3,1,2,Summer,2007.0,6.0,1,0,0
W1150,42.12911182,-71.30503034,23.8,7.7,1,2,Summer,2007.0,6.0,1,0,0
W1150,42.12911182,-71.30503034,24.3,7.5,1,2,Summer,2007.0,6.0,1,0,0
W1151,42.15866554,-71.30280984,23.9,8.6,1,2,Summer,2007.0,6.0,1,0,0
W1151,42.15866554,-71.30280984,22.4,4.6,1,3,Summer,2007.0,6.0,1,1,0
W1586,42.19598069,-71.33022096,20.5,7.2,1,2,Summer,2007.0,6.0,1,0,0
W1586,42.19598069,-71.33022096,19.1,6.8,1,2,Summer,2007.0,6.0,1,0,0
W0423,42.18829134,-71.36280624,23.5,6.9,1,2,Summer,2007.0,6.0,1,0,0
W0423,42.18829134,-71.36280624,21.7,6.5,1,2,Summer,2007.0,6.0,1,0,0
W0416,42.21553968,-71.40765942,16.0,8.1,1,2,Summer,2007.0,6.0,1,0,0
W0416,42.21553968,-71.40765942,17.7,7.1,1,2,Summer,2007.0,6.0,1,0,0
W1589,42.22237155,-71.40927393,16.2,5.5,1,2,Summer,2007.0,6.0,1,0,0
W1589,42.22237155,-71.40927393,17.2,4.6,1,3,Summer,2007.0,6.0,1,1,0
W0384,42.36514506,-71.1903328,17.8,8.3,1,2,Summer,2007.0,6.0,1,0,0
W0384,42.36514506,-71.1903328,21.3,7.3,1,2,Summer,2007.0,6.0,1,0,0
W1143,42.39554541,-71.19710167,13.6,8.3,1,2,Summer,2007.0,6.0,1,0,0
W1143,42.39554541,-71.19710167,16.6,7.6,1,2,Summer,2007.0,6.0,1,0,0
W1144,42.38300416,-71.2078492,14.9,7.4,1,2,Summer,2007.0,6.0,1,0,0
W1144,42.38300416,-71.2078492,19.4,6.0,1,2,Summer,2007.0,6.0,1,0,0
W1157,42.36795531,-71.27033164,15.6,9.1,1,2,Summer,2007.0,6.0,1,0,0
W1157,42.36795531,-71.27033164,19.2,8.3,1,2,Summer,2007.0,6.0,1,0,0
W1590,42.34154459,-71.26662505,14.5,9.8,1,2,Summer,2007.0,6.0,1,0,0
W1590,42.34154459,-71.26662505,16.1,10.0,1,2,Summer,2007.0,6.0,1,0,0
W1139,42.32584268,-71.25439259,19.3,9.4,1,2,Summer,2007.0,6.0,1,0,0
W1139,42.32584268,-71.25439259,23.6,8.5,1,2,Summer,2007.0,6.0,1,0,0
W1156,42.31931329,-71.24624794,18.5,7.8,1,2,Summer,2007.0,6.0,1,0,0
W1156,42.31931329,-71.24624794,22.1,6.4,1,2,Summer,2007.0,6.0,1,0,0
W0406,42.24980728,-71.22270212,18.0,8.7,1,2,Summer,2007.0,6.0,1,0,0
W0406,42.24980728,-71.22270212,21.1,8.1,1,2,Summer,2007.0,6.0,1,0,0
W0407,42.25123356,-71.23970713,24.0,7.2,1,2,Summer,2007.0,6.0,1,0,0
W0407,42.25123356,-71.23970713,23.2,6.6,1,2,Summer,2007.0,6.0,1,0,0
W1141,42.25781415,-71.26256067,22.9,8.1,1,2,Summer,2007.0,6.0,1,0,0
W1141,42.25781415,-71.26256067,23.6,7.8,1,2,Summer,2007.0,6.0,1,0,0
W0408,42.25417326,-71.29337351,20.0,4.9,1,3,Summer,2007.0,6.0,1,1,0
W0408,42.25417326,-71.29337351,18.3,4.3,1,3,Summer,2007.0,6.0,1,1,0
W0409,42.28652324,-71.29384261,18.7,8.4,1,2,Summer,2007.0,6.0,1,0,0
W0409,42.28652324,-71.29384261,17.6,8.0,1,2,Summer,2007.0,6.0,1,0,0
W1138,42.26439957,-71.32538186,23.5,7.6,1,2,Summer,2007.0,6.0,1,0,0
W1138,42.26439957,-71.32538186,23.3,5.8,1,2,Summer,2007.0,6.0,1,0,0
W1587,42.25505525,-71.33009248,26.8,8.6,1,2,Summer,2007.0,6.0,1,0,0
W1587,42.25505525,-71.33009248,21.6,6.4,1,2,Summer,2007.0,6.0,1,0,0
W1137,42.21006156,-71.35172497,22.9,6.9,1,2,Summer,2007.0,6.0,1,0,0
W1137,42.21006156,-71.35172497,23.1,5.9,1,2,Summer,2007.0,6.0,1,0,0
W1582,42.30510355,-71.3252761,21.4,7.3,1,2,Summer,2007.0,6.0,1,0,0
W0384,42.36514506,-71.1903328,21.9,6.5,1,2,Summer,2007.0,6.0,1,0,0
W1585,42.13103033,-71.5155242,19.8,6.8,1,2,Summer,2007.0,7.0,1,0,0
W1585,42.13103033,-71.5155242,17.7,7.4,1,2,Summer,2007.0,7.0,1,0,0
W1142,42.09620732,-71.47958751,20.4,6.0,1,2,Summer,2007.0,7.0,1,0,0
W1142,42.09620732,-71.47958751,17.9,6.7,1,2,Summer,2007.0,7.0,1,0,0
W1588,42.09047755,-71.43283604,21.4,7.6,1,2,Summer,2007.0,7.0,1,0,0
W1588,42.09047755,-71.43283604,19.7,8.1,1,2,Summer,2007.0,7.0,1,0,0
W1135,42.11943443,-71.45344443,23.5,6.6,1,2,Summer,2007.0,7.0,1,0,0
W1135,42.11943443,-71.45344443,21.6,6.9,1,2,Summer,2007.0,7.0,1,0,0
W1584,42.13445842,-71.44602039,21.4,7.0,1,2,Summer,2007.0,7.0,1,0,0
W1584,42.13445842,-71.44602039,19.0,7.4,1,2,Summer,2007.0,7.0,1,0,0
W1147,42.12453197,-71.43065489,22.9,3.5,1,3,Summer,2007.0,7.0,1,1,0
W1583,42.15140376,-71.42713966,23.9,6.8,1,2,Summer,2007.0,7.0,1,0,0
W0414,42.14007115,-71.3896734,21.9,8.2,1,2,Summer,2007.0,7.0,1,0,0
W0414,42.14007115,-71.3896734,21.3,8.4,1,2,Summer,2007.0,7.0,1,0,0
W1136,42.13828143,-71.35867289,22.5,6.8,1,2,Summer,2007.0,7.0,1,0,0
W1136,42.13828143,-71.35867289,22.4,6.4,1,2,Summer,2007.0,7.0,1,0,0
W1150,42.12911182,-71.30503034,23.4,7.5,1,2,Summer,2007.0,7.0,1,0,0
W1150,42.12911182,-71.30503034,23.4,7.5,1,2,Summer,2007.0,7.0,1,0,0
W1151,42.15866554,-71.30280984,21.2,4.9,1,3,Summer,2007.0,7.0,1,1,0
W1151,42.15866554,-71.30280984,22.0,4.7,1,3,Summer,2007.0,7.0,1,1,0
W1586,42.19598069,-71.33022096,18.0,7.4,1,2,Summer,2007.0,7.0,1,0,0
W1586,42.19598069,-71.33022096,19.2,7.8,1,2,Summer,2007.0,7.0,1,0,0
W0423,42.18829134,-71.36280624,21.3,6.3,1,2,Summer,2007.0,7.0,1,0,0
W0423,42.18829134,-71.36280624,22.8,6.3,1,2,Summer,2007.0,7.0,1,0,0
W0416,42.21553968,-71.40765942,19.2,6.9,1,2,Summer,2007.0,7.0,1,0,0
W1589,42.22237155,-71.40927393,18.5,4.9,1,3,Summer,2007.0,7.0,1,1,0
W0384,42.36514506,-71.1903328,23.9,3.6,1,3,Summer,2007.0,7.0,1,1,0
W0384,42.36514506,-71.1903328,23.0,4.2,1,3,Summer,2007.0,7.0,1,1,0
W1143,42.39554541,-71.19710167,19.8,6.4,1,2,Summer,2007.0,7.0,1,0,0
W1143,42.39554541,-71.19710167,17.5,7.6,1,2,Summer,2007.0,7.0,1,0,0
W1144,42.38300416,-71.2078492,21.0,3.9,1,3,Summer,2007.0,7.0,1,1,0
W1144,42.38300416,-71.2078492,19.6,4.3,1,3,Summer,2007.0,7.0,1,1,0
W1157,42.36795531,-71.27033164,20.2,8.1,1,2,Summer,2007.0,7.0,1,0,0
W1157,42.36795531,-71.27033164,19.8,8.2,1,2,Summer,2007.0,7.0,1,0,0
W1590,42.34154459,-71.26662505,19.3,8.8,1,2,Summer,2007.0,7.0,1,0,0
W1139,42.32584268,-71.25439259,24.4,4.5,1,3,Summer,2007.0,7.0,1,1,0
W1156,42.31931329,-71.24624794,22.4,5.5,1,2,Summer,2007.0,7.0,1,0,0
W0406,42.24980728,-71.22270212,23.6,7.6,1,2,Summer,2007.0,7.0,1,0,0
W0406,42.24980728,-71.22270212,20.6,8.2,1,2,Summer,2007.0,7.0,1,0,0
W0407,42.25123356,-71.23970713,21.7,4.5,1,3,Summer,2007.0,7.0,1,1,0
W0407,42.25123356,-71.23970713,22.9,5.2,1,2,Summer,2007.0,7.0,1,0,0
W1141,42.25781415,-71.26256067,24.0,7.8,1,2,Summer,2007.0,7.0,1,0,0
W1141,42.25781415,-71.26256067,24.3,8.2,1,2,Summer,2007.0,7.0,1,0,0
W0408,42.25417326,-71.29337351,17.6,5.4,1,2,Summer,2007.0,7.0,1,0,0
W0408,42.25417326,-71.29337351,18.8,5.3,1,2,Summer,2007.0,7.0,1,0,0
W0409,42.28652324,-71.29384261,18.1,8.0,1,2,Summer,2007.0,7.0,1,0,0
W0409,42.28652324,-71.29384261,19.7,8.3,1,2,Summer,2007.0,7.0,1,0,0
W1138,42.26439957,-71.32538186,25.1,9.3,1,2,Summer,2007.0,7.0,1,0,0
W1587,42.25505525,-71.33009248,19.9,6.4,1,2,Summer,2007.0,7.0,1,0,0
W1137,42.21006156,-71.35172497,23.5,7.3,1,2,Summer,2007.0,7.0,1,0,0
W1582,42.30510355,-71.3252761,20.8,7.4,1,2,Summer,2007.0,7.0,1,0,0
W1582,42.30510355,-71.3252761,22.0,7.8,1,2,Summer,2007.0,7.0,1,0,0
W0414,42.14007115,-71.3896734,19.7,8.4,1,2,Summer,2007.0,8.0,1,0,0
W0414,42.14007115,-71.3896734,23.0,8.8,1,2,Summer,2007.0,8.0,1,0,0
W1585,42.13103033,-71.5155242,19.1,7.4,1,2,Summer,2007.0,8.0,1,0,0
W1585,42.13103033,-71.5155242,19.6,7.0,1,2,Summer,2007.0,8.0,1,0,0
W1142,42.09620732,-71.47958751,18.5,7.2,1,2,Summer,2007.0,8.0,1,0,0
W1142,42.09620732,-71.47958751,18.6,6.9,1,2,Summer,2007.0,8.0,1,0,0
W1588,42.09047755,-71.43283604,19.3,8.7,1,2,Summer,2007.0,8.0,1,0,0
W1588,42.09047755,-71.43283604,20.7,8.4,1,2,Summer,2007.0,8.0,1,0,0
W1135,42.11943443,-71.45344443,21.2,8.4,1,2,Summer,2007.0,8.0,1,0,0
W1135,42.11943443,-71.45344443,23.0,7.2,1,2,Summer,2007.0,8.0,1,0,0
W1584,42.13445842,-71.44602039,17.3,6.1,1,2,Summer,2007.0,8.0,1,0,0
W1584,42.13445842,-71.44602039,19.2,5.1,1,2,Summer,2007.0,8.0,1,0,0
W1147,42.12453197,-71.43065489,20.6,6.0,1,2,Summer,2007.0,8.0,1,0,0
W1147,42.12453197,-71.43065489,21.3,4.1,1,3,Summer,2007.0,8.0,1,1,0
W1583,42.15140376,-71.42713966,21.8,8.1,1,2,Summer,2007.0,8.0,1,0,0
W1583,42.15140376,-71.42713966,21.0,7.2,1,2,Summer,2007.0,8.0,1,0,0
W0414,42.14007115,-71.3896734,23.0,8.9,1,2,Summer,2007.0,8.0,1,0,0
W0414,42.14007115,-71.3896734,20.9,7.9,1,2,Summer,2007.0,8.0,1,0,0
W1136,42.13828143,-71.35867289,23.6,9.8,1,2,Summer,2007.0,8.0,1,0,0
W1136,42.13828143,-71.35867289,22.4,8.9,1,2,Summer,2007.0,8.0,1,0,0
W1150,42.12911182,-71.30503034,23.9,7.6,1,2,Summer,2007.0,8.0,1,0,0
W1150,42.12911182,-71.30503034,23.1,7.8,1,2,Summer,2007.0,8.0,1,0,0
W1151,42.15866554,-71.30280984,23.8,5.3,1,2,Summer,2007.0,8.0,1,0,0
W1151,42.15866554,-71.30280984,21.8,5.4,1,2,Summer,2007.0,8.0,1,0,0
W1586,42.19598069,-71.33022096,21.5,6.3,1,2,Summer,2007.0,8.0,1,0,0
W1586,42.19598069,-71.33022096,19.8,6.7,1,2,Summer,2007.0,8.0,1,0,0
W0416,42.21553968,-71.40765942,18.5,4.9,1,3,Summer,2007.0,8.0,1,1,0
W0416,42.21553968,-71.40765942,19.4,5.6,1,2,Summer,2007.0,8.0,1,0,0
W1589,42.22237155,-71.40927393,17.2,4.7,1,3,Summer,2007.0,8.0,1,1,0
W1589,42.22237155,-71.40927393,16.4,4.4,1,3,Summer,2007.0,8.0,1,1,0
W0384,42.36514506,-71.1903328,20.9,3.5,1,3,Summer,2007.0,8.0,1,1,0
W0384,42.36514506,-71.1903328,23.7,2.8,1,3,Summer,2007.0,8.0,1,1,0
W1143,42.39554541,-71.19710167,18.8,5.5,1,2,Summer,2007.0,8.0,1,0,0
W1143,42.39554541,-71.19710167,19.7,5.7,1,2,Summer,2007.0,8.0,1,0,0
W1144,42.38300416,-71.2078492,19.7,2.8,1,3,Summer,2007.0,8.0,1,1,0
W1144,42.38300416,-71.2078492,20.4,3.9,1,3,Summer,2007.0,8.0,1,1,0
W1157,42.36795531,-71.27033164,21.8,8.0,1,2,Summer,2007.0,8.0,1,0,0
W1157,42.36795531,-71.27033164,22.1,7.8,1,2,Summer,2007.0,8.0,1,0,0
W1590,42.34154459,-71.26662505,19.1,8.5,1,2,Summer,2007.0,8.0,1,0,0
W1590,42.34154459,-71.26662505,19.2,8.3,1,2,Summer,2007.0,8.0,1,0,0
W1139,42.32584268,-71.25439259,22.0,8.5,1,2,Summer,2007.0,8.0,1,0,0
W1139,42.32584268,-71.25439259,24.3,6.8,1,2,Summer,2007.0,8.0,1,0,0
W1156,42.31931329,-71.24624794,15.1,5.0,1,2,Summer,2007.0,8.0,1,0,0
W1156,42.31931329,-71.24624794,15.6,5.0,1,2,Summer,2007.0,8.0,1,0,0
W0406,42.24980728,-71.22270212,22.5,7.6,1,2,Summer,2007.0,8.0,1,0,0
W0406,42.24980728,-71.22270212,20.3,8.1,1,2,Summer,2007.0,8.0,1,0,0
W0407,42.25123356,-71.23970713,22.8,4.7,1,3,Summer,2007.0,8.0,1,1,0
W0407,42.25123356,-71.23970713,20.4,4.4,1,3,Summer,2007.0,8.0,1,1,0
W1141,42.25781415,-71.26256067,24.7,8.2,1,2,Summer,2007.0,8.0,1,0,0
W1141,42.25781415,-71.26256067,22.7,7.0,1,2,Summer,2007.0,8.0,1,0,0
W0408,42.25417326,-71.29337351,20.6,5.0,1,2,Summer,2007.0,8.0,1,0,0
W0408,42.25417326,-71.29337351,17.7,4.7,1,3,Summer,2007.0,8.0,1,1,0
W0409,42.28652324,-71.29384261,20.4,8.4,1,2,Summer,2007.0,8.0,1,0,0
W0409,42.28652324,-71.29384261,18.4,7.7,1,2,Summer,2007.0,8.0,1,0,0
W1138,42.26439957,-71.32538186,24.9,1.6,1,3,Summer,2007.0,8.0,1,1,0
W1138,42.26439957,-71.32538186,23.3,2.9,1,3,Summer,2007.0,8.0,1,1,0
W1587,42.25505525,-71.33009248,20.1,5.8,1,2,Summer,2007.0,8.0,1,0,0
W1587,42.25505525,-71.33009248,17.5,5.0,1,2,Summer,2007.0,8.0,1,0,0
W1137,42.21006156,-71.35172497,25.2,8.7,1,2,Summer,2007.0,8.0,1,0,0
W1137,42.21006156,-71.35172497,24.4,11.5,1,2,Summer,2007.0,8.0,1,0,0
W1582,42.30510355,-71.3252761,22.9,7.7,1,2,Summer,2007.0,8.0,1,0,0
W1582,42.30510355,-71.3252761,21.6,7.4,1,2,Summer,2007.0,8.0,1,0,0
W0414,42.14007115,-71.3896734,15.7,9.5,0,0,Fall,2007.0,10.0,0,0,0
W1585,42.13103033,-71.5155242,12.3,8.2,1,1,Fall,2007.0,10.0,0,0,0
W1142,42.09620732,-71.47958751,10.8,7.3,1,1,Fall,2007.0,10.0,0,0,0
W1588,42.09047755,-71.43283604,13.8,9.6,1,1,Fall,2007.0,10.0,0,0,0
W1135,42.11943443,-71.45344443,14.8,8.7,1,1,Fall,2007.0,10.0,0,0,0
W1584,42.13445842,-71.44602039,11.9,4.8,1,2,Fall,2007.0,10.0,0,1,0
W1147,42.12453197,-71.43065489,14.1,1.5,1,2,Fall,2007.0,10.0,0,1,0
W1583,42.15140376,-71.42713966,11.9,8.4,1,1,Fall,2007.0,10.0,0,0,0
W0414,42.14007115,-71.3896734,15.7,9.5,1,1,Fall,2007.0,10.0,0,0,0
W0414,42.14007115,-71.3896734,16.6,6.0,1,1,Fall,2007.0,10.0,0,0,0
W1136,42.13828143,-71.35867289,17.8,7.5,1,1,Fall,2007.0,10.0,0,0,0
W1136,42.13828143,-71.35867289,16.1,4.2,1,2,Fall,2007.0,10.0,0,1,0
W1150,42.12911182,-71.30503034,19.1,8.0,1,1,Fall,2007.0,10.0,0,0,0
W1150,42.12911182,-71.30503034,18.6,7.7,1,1,Fall,2007.0,10.0,0,0,0
W1151,42.15866554,-71.30280984,17.1,5.8,1,1,Fall,2007.0,10.0,0,0,0
W1151,42.15866554,-71.30280984,16.3,6.6,1,1,Fall,2007.0,10.0,0,0,0
W1586,42.19598069,-71.33022096,15.8,8.9,1,1,Fall,2007.0,10.0,0,0,0
W1586,42.19598069,-71.33022096,14.6,7.6,1,1,Fall,2007.0,10.0,0,0,0
W0416,42.21553968,-71.40765942,11.2,5.1,1,1,Fall,2007.0,10.0,0,0,0
W0416,42.21553968,-71.40765942,15.6,4.5,1,2,Fall,2007.0,10.0,0,1,0
W1589,42.22237155,-71.40927393,12.7,3.1,1,2,Fall,2007.0,10.0,0,1,0
W1589,42.22237155,-71.40927393,13.6,1.4,1,2,Fall,2007.0,10.0,0,1,0
W0384,42.36514506,-71.1903328,22.8,4.0,1,2,Fall,2007.0,9.0,0,1,0
W0384,42.36514506,-71.1903328,17.9,5.8,1,1,Fall,2007.0,10.0,0,0,0
W1143,42.39554541,-71.19710167,20.2,6.5,1,1,Fall,2007.0,9.0,0,0,0
W1143,42.39554541,-71.19710167,14.2,2.3,1,2,Fall,2007.0,10.0,0,1,0
W1144,42.38300416,-71.2078492,20.3,1.0,1,2,Fall,2007.0,9.0,0,1,0
W1144,42.38300416,-71.2078492,15.2,2.3,1,2,Fall,2007.0,10.0,0,1,0
W1157,42.36795531,-71.27033164,21.4,8.2,1,1,Fall,2007.0,9.0,0,0,0
W1157,42.36795531,-71.27033164,17.9,9.0,1,1,Fall,2007.0,10.0,0,0,0
W1139,42.32584268,-71.25439259,23.0,7.8,1,1,Fall,2007.0,9.0,0,0,0
W1139,42.32584268,-71.25439259,17.6,7.7,1,1,Fall,2007.0,10.0,0,0,0
W1156,42.31931329,-71.24624794,17.6,4.7,1,2,Fall,2007.0,9.0,0,1,0
W1156,42.31931329,-71.24624794,13.2,3.8,1,2,Fall,2007.0,10.0,0,1,0
W0406,42.24980728,-71.22270212,21.2,7.3,1,1,Fall,2007.0,9.0,0,0,0
W0406,42.24980728,-71.22270212,13.8,8.3,1,1,Fall,2007.0,10.0,0,0,0
W0407,42.25123356,-71.23970713,14.6,3.5,1,2,Fall,2007.0,10.0,0,1,0
W0407,42.25123356,-71.23970713,15.6,2.1,1,2,Fall,2007.0,10.0,0,1,0
W1141,42.25781415,-71.26256067,19.4,8.6,1,1,Fall,2007.0,10.0,0,0,0
W1141,42.25781415,-71.26256067,18.5,8.5,1,1,Fall,2007.0,10.0,0,0,0
W0408,42.25417326,-71.29337351,13.9,3.9,1,2,Fall,2007.0,10.0,0,1,0
W0408,42.25417326,-71.29337351,14.3,3.7,1,2,Fall,2007.0,10.0,0,1,0
W0409,42.28652324,-71.29384261,14.3,9.4,1,1,Fall,2007.0,10.0,0,0,0
W0409,42.28652324,-71.29384261,15.1,8.4,1,1,Fall,2007.0,10.0,0,0,0
W1138,42.26439957,-71.32538186,18.5,6.9,1,1,Fall,2007.0,10.0,0,0,0
W1138,42.26439957,-71.32538186,18.4,5.5,1,1,Fall,2007.0,10.0,0,0,0
W1587,42.25505525,-71.33009248,14.2,5.3,1,1,Fall,2007.0,10.0,0,0,0
W1587,42.25505525,-71.33009248,16.0,4.6,1,2,Fall,2007.0,10.0,0,1,0
W1137,42.21006156,-71.35172497,19.1,8.3,1,1,Fall,2007.0,10.0,0,0,0
W1137,42.21006156,-71.35172497,18.3,9.4,1,1,Fall,2007.0,10.0,0,0,0
W1582,42.30510355,-71.3252761,17.2,8.9,1,1,Fall,2007.0,10.0,0,0,0
W1582,42.30510355,-71.3252761,17.0,8.6,1,1,Fall,2007.0,10.0,0,0,0
W0882,42.52475475,-71.06594804,10.0,8.6,1,1,Spring,2007.0,5.0,0,0,0
W0437,42.49963725,-71.0509709,11.0,9.4,1,1,Spring,2007.0,5.0,0,0,0
W1545,42.49547353,-71.02759475,10.9,9.8,1,1,Spring,2007.0,5.0,0,0,0
W0883,42.47228295,-71.00682261,11.0,10.3,1,1,Spring,2007.0,5.0,0,0,0
W0877,42.46230471,-71.01047988,11.3,11.8,1,1,Spring,2007.0,5.0,0,0,0
W0878,42.47966229,-71.02508341,11.8,11.5,1,1,Spring,2007.0,5.0,0,0,0
W0435,42.49577249,-71.01907398,13.6,9.4,1,1,Spring,2007.0,5.0,0,0,0
W0436,42.51244839,-71.02729939,12.5,10.7,1,1,Spring,2007.0,5.0,0,0,0
W0448,42.53696863,-71.05650757,8.5,9.4,1,1,Spring,2007.0,5.0,0,0,0
W0454,42.5222057,-70.931093,11.8,11.8,1,1,Spring,2007.0,5.0,0,0,0
W0453,42.52452276,-70.9185959,11.3,12.0,1,1,Spring,2007.0,5.0,0,0,0
W0452,42.55761002,-70.9378767,11.4,11.8,1,1,Spring,2007.0,5.0,0,0,0
W0451,42.55986066,-70.94856366,10.4,11.6,1,1,Spring,2007.0,5.0,0,0,0
W1541,42.56745044,-70.94474512,12.5,12.1,1,1,Spring,2007.0,5.0,0,0,0
W1540,42.57421165,-70.92938807,10.6,13.1,1,1,Spring,2007.0,5.0,0,0,0
W1543,42.56181929,-70.84839351,8.7,10.2,1,1,Spring,2007.0,5.0,0,0,0
W1542,42.56289945,-70.81029863,9.3,11.4,1,1,Spring,2007.0,5.0,0,0,0
W0888,42.58004022,-70.7636231,11.4,12.1,1,1,Spring,2007.0,5.0,0,0,0
W0889,42.58035633,-70.76491831,9.6,11.1,1,1,Spring,2007.0,5.0,0,0,0
W1546,42.62587325,-70.79312269,11.7,11.0,1,1,Spring,2007.0,5.0,0,0,0
W1544,42.85004383,-70.86465857,11.3,10.8,1,1,Spring,2007.0,5.0,0,0,0
W0882,42.52475475,-71.06594804,16.9,5.6,1,2,Summer,2007.0,6.0,1,0,0
W0448,42.53696863,-71.05650757,14.6,7.3,1,2,Summer,2007.0,6.0,1,0,0
W0437,42.49963725,-71.0509709,18.4,6.0,1,2,Summer,2007.0,6.0,1,0,0
W1545,42.49547353,-71.02759475,19.3,6.6,1,2,Summer,2007.0,6.0,1,0,0
W0883,42.47228295,-71.00682261,18.6,7.5,1,2,Summer,2007.0,6.0,1,0,0
W0877,42.46230471,-71.01047988,16.5,7.1,1,2,Summer,2007.0,6.0,1,0,0
W0878,42.47966229,-71.02508341,17.7,9.5,1,2,Summer,2007.0,6.0,1,0,0
W0435,42.49577249,-71.01907398,15.5,4.5,1,3,Summer,2007.0,6.0,1,1,0
W0436,42.51244839,-71.02729939,17.7,7.8,1,2,Summer,2007.0,6.0,1,0,0
W0454,42.5222057,-70.931093,23.4,9.0,1,2,Summer,2007.0,6.0,1,0,0
W0453,42.52452276,-70.9185959,20.8,7.9,1,2,Summer,2007.0,6.0,1,0,0
W0452,42.55761002,-70.9378767,16.7,8.2,1,2,Summer,2007.0,6.0,1,0,0
W0451,42.55986066,-70.94856366,15.3,6.5,1,2,Summer,2007.0,6.0,1,0,0
W1541,42.56745044,-70.94474512,16.8,8.8,1,2,Summer,2007.0,6.0,1,0,0
W1540,42.57421165,-70.92938807,14.5,8.8,1,2,Summer,2007.0,6.0,1,0,0
W1543,42.56181929,-70.84839351,14.9,7.1,1,2,Summer,2007.0,6.0,1,0,0
W1542,42.56289945,-70.81029863,15.4,8.6,1,2,Summer,2007.0,6.0,1,0,0
W0888,42.58004022,-70.7636231,21.9,6.2,1,2,Summer,2007.0,6.0,1,0,0
W0889,42.58035633,-70.76491831,17.4,8.3,1,2,Summer,2007.0,6.0,1,0,0
W1546,42.62587325,-70.79312269,19.9,8.0,1,2,Summer,2007.0,6.0,1,0,0
W1544,42.85004383,-70.86465857,18.7,8.3,1,2,Summer,2007.0,6.0,1,0,0
W0882,42.52475475,-71.06594804,16.2,5.6,1,2,Summer,2007.0,6.0,1,0,0
W0448,42.53696863,-71.05650757,14.5,5.4,1,2,Summer,2007.0,6.0,1,0,0
W0437,42.49963725,-71.0509709,16.4,5.8,1,2,Summer,2007.0,6.0,1,0,0
W1545,42.49547353,-71.02759475,17.9,6.6,1,2,Summer,2007.0,6.0,1,0,0
W0883,42.47228295,-71.00682261,17.5,7.5,1,2,Summer,2007.0,6.0,1,0,0
W0877,42.46230471,-71.01047988,14.7,8.9,0,1,Summer,2007.0,6.0,1,0,0
W0878,42.47966229,-71.02508341,14.9,8.6,0,1,Summer,2007.0,6.0,1,0,0
W0435,42.49577249,-71.01907398,13.8,5.6,1,2,Summer,2007.0,6.0,1,0,0
W0436,42.51244839,-71.02729939,15.0,8.3,1,2,Summer,2007.0,6.0,1,0,0
W0454,42.5222057,-70.931093,18.8,8.9,1,2,Summer,2007.0,6.0,1,0,0
W0453,42.52452276,-70.9185959,18.0,8.3,1,2,Summer,2007.0,6.0,1,0,0
W0452,42.55761002,-70.9378767,17.2,7.3,1,2,Summer,2007.0,6.0,1,0,0
W0451,42.55986066,-70.94856366,15.1,6.4,1,2,Summer,2007.0,6.0,1,0,0
W1541,42.56745044,-70.94474512,16.6,6.9,1,2,Summer,2007.0,6.0,1,0,0
W1540,42.57421165,-70.92938807,14.5,8.5,1,2,Summer,2007.0,6.0,1,0,0
W1543,42.56181929,-70.84839351,15.0,7.1,1,2,Summer,2007.0,6.0,1,0,0
W1542,42.56289945,-70.81029863,14.7,8.2,1,2,Summer,2007.0,6.0,1,0,0
W0888,42.58004022,-70.7636231,18.3,7.3,1,2,Summer,2007.0,6.0,1,0,0
W0889,42.58035633,-70.76491831,16.0,7.8,1,2,Summer,2007.0,6.0,1,0,0
W1546,42.62587325,-70.79312269,18.6,6.2,1,2,Summer,2007.0,6.0,1,0,0
W1544,42.85004383,-70.86465857,16.1,7.5,1,2,Summer,2007.0,6.0,1,0,0
W0882,42.52475475,-71.06594804,20.2,4.2,1,3,Summer,2007.0,7.0,1,1,0
W0448,42.53696863,-71.05650757,18.2,4.2,1,3,Summer,2007.0,7.0,1,1,0
W0437,42.49963725,-71.0509709,20.4,4.5,1,3,Summer,2007.0,7.0,1,1,0
W1545,42.49547353,-71.02759475,20.6,5.7,1,2,Summer,2007.0,7.0,1,0,0
W0883,42.47228295,-71.00682261,20.6,6.9,1,2,Summer,2007.0,7.0,1,0,0
W0877,42.46230471,-71.01047988,19.8,7.7,1,2,Summer,2007.0,7.0,1,0,0
W0878,42.47966229,-71.02508341,21.4,8.4,1,2,Summer,2007.0,7.0,1,0,0
W0435,42.49577249,-71.01907398,18.4,4.7,1,3,Summer,2007.0,7.0,1,1,0
W0436,42.51244839,-71.02729939,20.4,7.0,1,2,Summer,2007.0,7.0,1,0,0
W0454,42.5222057,-70.931093,24.7,7.1,1,2,Summer,2007.0,7.0,1,0,0
W0453,42.52452276,-70.9185959,22.4,7.3,1,2,Summer,2007.0,7.0,1,0,0
W0452,42.55761002,-70.9378767,20.9,7.0,1,2,Summer,2007.0,7.0,1,0,0
W0451,42.55986066,-70.94856366,19.4,5.7,1,2,Summer,2007.0,7.0,1,0,0
W1541,42.56745044,-70.94474512,18.1,5.9,1,2,Summer,2007.0,7.0,1,0,0
W1540,42.57421165,-70.92938807,19.5,7.8,1,2,Summer,2007.0,7.0,1,0,0
W1543,42.56181929,-70.84839351,18.3,6.1,1,2,Summer,2007.0,7.0,1,0,0
W1542,42.56289945,-70.81029863,18.6,8.0,1,2,Summer,2007.0,7.0,1,0,0
W0888,42.58004022,-70.7636231,22.6,3.8,1,3,Summer,2007.0,7.0,1,1,0
W0889,42.58035633,-70.76491831,20.8,8.0,1,2,Summer,2007.0,7.0,1,0,0
W1546,42.62587325,-70.79312269,20.9,7.3,1,2,Summer,2007.0,7.0,1,0,0
W1544,42.85004383,-70.86465857,22.7,6.9,1,2,Summer,2007.0,7.0,1,0,0
W0452,42.55761002,-70.9378767,21.3,7.4,1,2,Summer,2007.0,7.0,1,0,0
W0451,42.55986066,-70.94856366,18.4,5.9,1,2,Summer,2007.0,7.0,1,0,0
W1541,42.56745044,-70.94474512,19.5,7.5,1,2,Summer,2007.0,7.0,1,0,0
W1540,42.57421165,-70.92938807,18.1,8.1,1,2,Summer,2007.0,7.0,1,0,0
W1542,42.56289945,-70.81029863,17.2,8.2,1,2,Summer,2007.0,7.0,1,0,0
W0888,42.58004022,-70.7636231,21.0,2.3,1,3,Summer,2007.0,7.0,1,1,0
W0889,42.58035633,-70.76491831,19.6,7.9,1,2,Summer,2007.0,7.0,1,0,0
W1546,42.62587325,-70.79312269,21.5,7.7,1,2,Summer,2007.0,7.0,1,0,0
W1544,42.85004383,-70.86465857,21.2,8.3,1,2,Summer,2007.0,7.0,1,0,0
W0882,42.52475475,-71.06594804,19.2,3.7,1,3,Summer,2007.0,8.0,1,1,0
W0448,42.53696863,-71.05650757,16.2,4.3,1,3,Summer,2007.0,8.0,1,1,0
W0437,42.49963725,-71.0509709,18.5,3.4,1,3,Summer,2007.0,8.0,1,1,0
W1545,42.49547353,-71.02759475,19.2,7.2,1,2,Summer,2007.0,8.0,1,0,0
W0883,42.47228295,-71.00682261,19.8,7.5,1,2,Summer,2007.0,8.0,1,0,0
W0877,42.46230471,-71.01047988,17.3,8.5,1,2,Summer,2007.0,8.0,1,0,0
W0878,42.47966229,-71.02508341,16.9,9.4,1,2,Summer,2007.0,8.0,1,0,0
W0435,42.49577249,-71.01907398,16.4,5.8,1,2,Summer,2007.0,8.0,1,0,0
W0436,42.51244839,-71.02729939,17.2,7.7,1,2,Summer,2007.0,8.0,1,0,0
W0454,42.5222057,-70.931093,19.6,7.2,1,2,Summer,2007.0,8.0,1,0,0
W0453,42.52452276,-70.9185959,20.0,7.7,1,2,Summer,2007.0,8.0,1,0,0
W0452,42.55761002,-70.9378767,20.1,6.5,1,2,Summer,2007.0,8.0,1,0,0
W0451,42.55986066,-70.94856366,17.7,6.2,1,2,Summer,2007.0,8.0,1,0,0
W1541,42.56745044,-70.94474512,17.9,6.7,1,2,Summer,2007.0,8.0,1,0,0
W1540,42.57421165,-70.92938807,17.4,8.2,1,2,Summer,2007.0,8.0,1,0,0
W1542,42.56289945,-70.81029863,15.6,8.3,1,2,Summer,2007.0,8.0,1,0,0
W0889,42.58035633,-70.76491831,17.6,6.9,1,2,Summer,2007.0,8.0,1,0,0
W1546,42.62587325,-70.79312269,18.2,7.3,1,2,Summer,2007.0,8.0,1,0,0
W1544,42.85004383,-70.86465857,18.7,5.5,1,2,Summer,2007.0,8.0,1,0,0
W0882,42.52475475,-71.06594804,18.7,3.8,1,3,Summer,2007.0,8.0,1,1,0
W0448,42.53696863,-71.05650757,15.0,4.4,1,3,Summer,2007.0,8.0,1,1,0
W0437,42.49963725,-71.0509709,17.8,3.9,1,3,Summer,2007.0,8.0,1,1,0
W1545,42.49547353,-71.02759475,18.8,7.6,1,2,Summer,2007.0,8.0,1,0,0
W0883,42.47228295,-71.00682261,19.7,7.8,1,2,Summer,2007.0,8.0,1,0,0
W0877,42.46230471,-71.01047988,18.0,8.7,1,2,Summer,2007.0,8.0,1,0,0
W0878,42.47966229,-71.02508341,19.9,10.0,1,2,Summer,2007.0,8.0,1,0,0
W0435,42.49577249,-71.01907398,16.7,5.5,1,2,Summer,2007.0,8.0,1,0,0
W0436,42.51244839,-71.02729939,18.5,7.8,1,2,Summer,2007.0,8.0,1,0,0
W0454,42.5222057,-70.931093,20.1,6.3,1,2,Summer,2007.0,8.0,1,0,0
W0453,42.52452276,-70.9185959,21.5,8.2,1,2,Summer,2007.0,8.0,1,0,0
W0452,42.55761002,-70.9378767,19.0,6.9,1,2,Summer,2007.0,8.0,1,0,0
W0451,42.55986066,-70.94856366,17.2,6.4,1,2,Summer,2007.0,8.0,1,0,0
W1541,42.56745044,-70.94474512,16.5,5.6,1,2,Summer,2007.0,8.0,1,0,0
W1540,42.57421165,-70.92938807,17.4,8.3,1,2,Summer,2007.0,8.0,1,0,0
W1542,42.56289945,-70.81029863,16.3,8.5,1,2,Summer,2007.0,8.0,1,0,0
W0889,42.58035633,-70.76491831,17.3,6.6,1,2,Summer,2007.0,8.0,1,0,0
W1546,42.62587325,-70.79312269,18.6,6.9,1,2,Summer,2007.0,8.0,1,0,0
W1544,42.85004383,-70.86465857,18.5,4.0,1,3,Summer,2007.0,8.0,1,1,0
W0882,42.52475475,-71.06594804,13.2,4.9,1,2,Fall,2007.0,9.0,0,1,0
W0448,42.53696863,-71.05650757,8.7,6.4,1,1,Fall,2007.0,9.0,0,0,0
W0437,42.49963725,-71.0509709,11.2,6.0,1,1,Fall,2007.0,9.0,0,0,0
W1545,42.49547353,-71.02759475,12.1,9.4,1,1,Fall,2007.0,9.0,0,0,0
W0883,42.47228295,-71.00682261,13.9,9.4,1,1,Fall,2007.0,9.0,0,0,0
W0877,42.46230471,-71.01047988,13.1,10.2,1,1,Fall,2007.0,9.0,0,0,0
W0878,42.47966229,-71.02508341,14.8,10.3,1,1,Fall,2007.0,9.0,0,0,0
W0435,42.49577249,-71.01907398,12.3,7.9,1,1,Fall,2007.0,9.0,0,0,0
W0436,42.51244839,-71.02729939,13.2,9.2,1,1,Fall,2007.0,9.0,0,0,0
W0454,42.5222057,-70.931093,14.3,4.1,1,2,Fall,2007.0,9.0,0,1,0
W0453,42.52452276,-70.9185959,16.3,9.6,1,1,Fall,2007.0,9.0,0,0,0
W0452,42.55761002,-70.9378767,13.1,8.3,1,1,Fall,2007.0,9.0,0,0,0
W0451,42.55986066,-70.94856366,12.6,7.2,1,1,Fall,2007.0,9.0,0,0,0
W1541,42.56745044,-70.94474512,11.3,5.6,1,1,Fall,2007.0,9.0,0,0,0
W1540,42.57421165,-70.92938807,11.8,9.4,1,1,Fall,2007.0,9.0,0,0,0
W1543,42.56181929,-70.84839351,14.2,3.7,1,2,Fall,2007.0,9.0,0,1,0
W1542,42.56289945,-70.81029863,12.3,9.5,1,1,Fall,2007.0,9.0,0,0,0
W0888,42.58004022,-70.7636231,13.4,3.9,1,2,Fall,2007.0,9.0,0,1,0
W0889,42.58035633,-70.76491831,14.2,7.8,1,1,Fall,2007.0,9.0,0,0,0
W1546,42.62587325,-70.79312269,12.4,6.8,1,1,Fall,2007.0,9.0,0,0,0
W1544,42.85004383,-70.86465857,12.9,8.1,1,1,Fall,2007.0,9.0,0,0,0
W0882,42.52475475,-71.06594804,12.0,4.5,1,2,Fall,2007.0,9.0,0,1,0
W0448,42.53696863,-71.05650757,9.5,6.9,1,1,Fall,2007.0,9.0,0,0,0
W0437,42.49963725,-71.0509709,11.8,6.0,1,1,Fall,2007.0,9.0,0,0,0
W0883,42.47228295,-71.00682261,12.9,9.9,1,1,Fall,2007.0,9.0,0,0,0
W1545,42.49547353,-71.02759475,11.5,10.1,1,1,Fall,2007.0,9.0,0,0,0
W0877,42.46230471,-71.01047988,13.1,10.4,1,1,Fall,2007.0,9.0,0,0,0
W0878,42.47966229,-71.02508341,16.0,10.3,1,1,Fall,2007.0,9.0,0,0,0
W0435,42.49577249,-71.01907398,12.9,7.8,1,1,Fall,2007.0,9.0,0,0,0
W0436,42.51244839,-71.02729939,13.7,9.0,1,1,Fall,2007.0,9.0,0,0,0
W0454,42.5222057,-70.931093,14.5,4.4,1,2,Fall,2007.0,9.0,0,1,0
W0453,42.52452276,-70.9185959,17.0,10.0,1,1,Fall,2007.0,9.0,0,0,0
W0452,42.55761002,-70.9378767,12.8,8.3,1,1,Fall,2007.0,9.0,0,0,0
W0451,42.55986066,-70.94856366,12.3,7.4,1,1,Fall,2007.0,9.0,0,0,0
W1541,42.56745044,-70.94474512,11.5,5.5,1,1,Fall,2007.0,9.0,0,0,0
W1540,42.57421165,-70.92938807,11.4,9.4,1,1,Fall,2007.0,9.0,0,0,0
W1543,42.56181929,-70.84839351,14.0,4.1,1,2,Fall,2007.0,9.0,0,1,0
W1542,42.56289945,-70.81029863,12.1,9.7,1,1,Fall,2007.0,9.0,0,0,0
W0888,42.58004022,-70.7636231,13.1,5.3,1,1,Fall,2007.0,9.0,0,0,0
W0889,42.58035633,-70.76491831,12.9,8.3,1,1,Fall,2007.0,9.0,0,0,0
W1546,42.62587325,-70.79312269,12.3,7.1,1,1,Fall,2007.0,9.0,0,0,0
W1544,42.85004383,-70.86465857,11.9,7.1,1,1,Fall,2007.0,9.0,0,0,0
W0762,41.80918339,-70.61753091,23.8,9.0,1,2,Summer,2007.0,6.0,1,0,0
W0762,41.80918339,-70.61753091,23.4,8.6,1,2,Summer,2007.0,6.0,1,0,0
W0762,41.80918339,-70.61753091,21.7,4.9,1,3,Summer,2007.0,6.0,1,1,0
W0762,41.80918339,-70.61753091,20.5,1.0,1,3,Summer,2007.0,6.0,1,1,0
W0754,41.80999411,-70.62755574,24.7,8.0,1,2,Summer,2007.0,6.0,1,0,0
W0754,41.80999411,-70.62755574,24.2,7.7,1,2,Summer,2007.0,6.0,1,0,0
W0754,41.80999411,-70.62755574,23.6,7.6,1,2,Summer,2007.0,6.0,1,0,0
W0754,41.80999411,-70.62755574,20.8,0.2,1,3,Summer,2007.0,6.0,1,1,0
W0762,41.80918339,-70.61753091,25.3,10.3,1,2,Summer,2007.0,7.0,1,0,0
W0762,41.80918339,-70.61753091,24.3,7.6,1,2,Summer,2007.0,7.0,1,0,0
W0762,41.80918339,-70.61753091,24.0,5.0,1,2,Summer,2007.0,7.0,1,0,0
W0754,41.80999411,-70.62755574,26.4,8.9,1,2,Summer,2007.0,7.0,1,0,0
W0754,41.80999411,-70.62755574,26.2,9.0,1,2,Summer,2007.0,7.0,1,0,0
W0754,41.80999411,-70.62755574,24.7,4.8,1,3,Summer,2007.0,7.0,1,1,0
W0762,41.80918339,-70.61753091,23.2,9.7,0,1,Summer,2007.0,8.0,1,0,0
W0762,41.80918339,-70.61753091,23.0,9.3,0,1,Summer,2007.0,8.0,1,0,0
W0762,41.80918339,-70.61753091,23.0,9.1,0,1,Summer,2007.0,8.0,1,0,0
W0762,41.80918339,-70.61753091,22.8,8.0,0,1,Summer,2007.0,8.0,1,0,0
W0754,41.80999411,-70.62755574,23.5,9.0,0,1,Summer,2007.0,8.0,1,0,0
W0754,41.80999411,-70.62755574,23.4,8.9,0,1,Summer,2007.0,8.0,1,0,0
W0754,41.80999411,-70.62755574,23.2,8.3,0,1,Summer,2007.0,8.0,1,0,0
W0754,41.80999411,-70.62755574,23.1,7.7,0,1,Summer,2007.0,8.0,1,0,0
W0690,42.59751119,-72.43783955,2.0,13.8,1,1,Winter,2007.0,1.0,0,0,0
W0691,42.58812535,-72.04099473,1.6,12.8,1,1,Winter,2007.0,1.0,0,0,0
W0692,42.62969793,-72.15035652,1.6,13.3,1,1,Winter,2007.0,1.0,0,0,0
W0693,42.68279648,-72.11503734,1.0,12.3,1,1,Winter,2007.0,1.0,0,0,0
W0694,42.6723218,-72.09305542,1.4,13.4,1,1,Winter,2007.0,1.0,0,0,0
W0695,42.30485304,-71.62845076,0.8,13.0,1,1,Winter,2007.0,1.0,0,0,0
W0696,42.32543468,-71.39736431,0.9,14.7,1,1,Winter,2007.0,1.0,0,0,0
W0697,42.43206352,-71.44974106,0.6,14.5,1,1,Winter,2007.0,1.0,0,0,0
W0698,42.51227518,-71.40458554,0.1,13.7,1,1,Winter,2007.0,1.0,0,0,0
W0679,42.63670884,-71.3017484,0.8,14.7,1,1,Winter,2007.0,1.0,0,0,0
W0680,42.22778189,-71.78735524,1.7,13.8,1,1,Winter,2007.0,1.0,0,0,0
W1898,42.02271855,-71.57054135999999,1.0,13.3,1,1,Winter,2007.0,1.0,0,0,0
W0515,42.1003609,-71.60111703,0.1,12.5,1,1,Winter,2007.0,1.0,0,0,0
W0767,42.153873,-71.65203977,2.8,13.7,1,1,Winter,2007.0,1.0,0,0,0
W0689,42.23053792,-71.70809238,0.5,14.1,1,1,Winter,2007.0,1.0,0,0,0
W0681,42.44473811,-71.67198789,0.1,14.6,1,1,Winter,2007.0,2.0,0,0,0
W0485,42.66968673,-71.56776529,0.4,14.7,1,1,Winter,2007.0,2.0,0,0,0
W0490,42.26477944,-72.00491606,0.0,13.8,1,1,Spring,2007.0,3.0,0,0,0
W0494,42.39121389,-72.0645552,0.0,13.9,1,1,Spring,2007.0,3.0,0,0,0
W0493,42.26797538,-72.33276108,2.0,15.8,1,1,Spring,2007.0,3.0,0,0,0
W0492,42.23872578,-72.285755,0.4,14.3,1,1,Spring,2007.0,3.0,0,0,0
W0491,42.18142994,-72.26354268,2.6,13.7,1,1,Spring,2007.0,3.0,0,0,0
W0601,42.10956147,-72.11856925,1.2,14.6,1,1,Winter,2007.0,2.0,0,0,0
W0602,42.05094532,-71.88507359,0.4,15.3,1,1,Winter,2007.0,2.0,0,0,0
W0690,42.59751119,-72.43783955,0.3,14.6,1,1,Spring,2007.0,3.0,0,0,0
W0691,42.58812535,-72.04099473,0.5,13.0,1,1,Spring,2007.0,3.0,0,0,0
W0692,42.62969793,-72.15035652,0.1,13.7,1,1,Spring,2007.0,3.0,0,0,0
W0693,42.68279648,-72.11503734,0.1,12.6,1,1,Spring,2007.0,3.0,0,0,0
W0694,42.6723218,-72.09305542,0.9,13.8,1,1,Spring,2007.0,3.0,0,0,0
W0695,42.30485304,-71.62845076,3.7,12.0,1,1,Spring,2007.0,3.0,0,0,0
W0696,42.32543468,-71.39736431,3.9,13.6,1,1,Spring,2007.0,3.0,0,0,0
W0697,42.43206352,-71.44974106,3.2,13.8,1,1,Spring,2007.0,3.0,0,0,0
W0698,42.51227518,-71.40458554,1.1,12.7,1,1,Spring,2007.0,3.0,0,0,0
W0679,42.63670884,-71.3017484,2.0,14.2,1,1,Spring,2007.0,3.0,0,0,0
W0481,42.4951686,-71.72192464,4.4,12.7,1,1,Spring,2007.0,4.0,0,0,0
W0681,42.44473811,-71.67198789,3.7,13.2,1,1,Spring,2007.0,4.0,0,0,0
W0487,42.62094186,-71.64380951,4.3,12.7,1,1,Spring,2007.0,4.0,0,0,0
W0485,42.66968673,-71.56776529,5.4,12.6,1,1,Spring,2007.0,4.0,0,0,0
W0496,42.62647657,-71.59314962,5.4,12.5,1,1,Spring,2007.0,4.0,0,0,0
W0490,42.26477944,-72.00491606,4.2,12.0,1,1,Spring,2007.0,4.0,0,0,0
W0494,42.39121389,-72.0645552,3.0,13.2,1,1,Spring,2007.0,4.0,0,0,0
W0493,42.26797538,-72.33276108,3.4,13.4,1,1,Spring,2007.0,4.0,0,0,0
W0492,42.23872578,-72.285755,4.2,12.9,1,1,Spring,2007.0,4.0,0,0,0
W0491,42.18142994,-72.26354268,5.4,12.5,1,1,Spring,2007.0,4.0,0,0,0
W0601,42.10956147,-72.11856925,5.7,12.0,1,1,Spring,2007.0,4.0,0,0,0
W0615,42.11947322,-72.00870444,5.2,12.4,1,1,Spring,2007.0,4.0,0,0,0
W0600,42.02202663,-71.9543561,5.5,12.4,1,1,Spring,2007.0,4.0,0,0,0
W0602,42.05094532,-71.88507359,5.8,12.1,1,1,Spring,2007.0,4.0,0,0,0
W0690,42.59751119,-72.43783955,14.5,10.1,1,1,Spring,2007.0,5.0,0,0,0
W0691,42.58812535,-72.04099473,14.7,9.2,1,1,Spring,2007.0,5.0,0,0,0
W0692,42.62969793,-72.15035652,15.4,9.4,1,1,Spring,2007.0,5.0,0,0,0
W0693,42.68279648,-72.11503734,13.9,7.8,1,1,Spring,2007.0,5.0,0,0,0
W0694,42.6723218,-72.09305542,14.8,9.4,1,1,Spring,2007.0,5.0,0,0,0
W0695,42.30485304,-71.62845076,16.0,7.2,1,1,Spring,2007.0,5.0,0,0,0
W0696,42.32543468,-71.39736431,17.3,9.8,1,1,Spring,2007.0,5.0,0,0,0
W0697,42.43206352,-71.44974106,18.4,9.2,1,1,Spring,2007.0,5.0,0,0,0
W0698,42.51227518,-71.40458554,17.8,7.2,1,1,Spring,2007.0,5.0,0,0,0
W0679,42.63670884,-71.3017484,19.0,9.1,1,1,Spring,2007.0,5.0,0,0,0
W0680,42.22778189,-71.78735524,15.6,10.1,1,1,Spring,2007.0,5.0,0,0,0
W1898,42.02271855,-71.57054135999999,15.2,9.3,1,1,Spring,2007.0,5.0,0,0,0
W0515,42.1003609,-71.60111703,15.0,7.8,1,1,Spring,2007.0,5.0,0,0,0
W0767,42.153873,-71.65203977,15.7,9.8,1,1,Spring,2007.0,5.0,0,0,0
W0689,42.23053792,-71.70809238,17.6,9.6,1,1,Spring,2007.0,5.0,0,0,0
W0481,42.4951686,-71.72192464,18.6,8.6,1,2,Summer,2007.0,6.0,1,0,0
W0681,42.44473811,-71.67198789,17.0,8.0,1,2,Summer,2007.0,6.0,1,0,0
W0487,42.62094186,-71.64380951,18.5,7.6,1,2,Summer,2007.0,6.0,1,0,0
W0485,42.66968673,-71.56776529,20.0,7.2,1,2,Summer,2007.0,6.0,1,0,0
W0496,42.62647657,-71.59314962,19.6,7.6,1,2,Summer,2007.0,6.0,1,0,0
W0490,42.26477944,-72.00491606,19.9,8.4,1,2,Summer,2007.0,6.0,1,0,0
W0494,42.39121389,-72.0645552,20.6,8.1,1,2,Summer,2007.0,6.0,1,0,0
W0493,42.26797538,-72.33276108,17.8,9.9,1,2,Summer,2007.0,6.0,1,0,0
W0492,42.23872578,-72.285755,21.1,8.8,1,2,Summer,2007.0,6.0,1,0,0
W0491,42.18142994,-72.26354268,23.0,9.0,1,2,Summer,2007.0,6.0,1,0,0
W0601,42.10956147,-72.11856925,22.4,8.2,1,2,Summer,2007.0,6.0,1,0,0
W0615,42.11947322,-72.00870444,17.6,9.3,1,2,Summer,2007.0,6.0,1,0,0
W0600,42.02202663,-71.9543561,21.6,9.1,1,2,Summer,2007.0,6.0,1,0,0
W0602,42.05094532,-71.88507359,22.5,8.4,1,2,Summer,2007.0,6.0,1,0,0
W0690,42.59751119,-72.43783955,22.4,8.8,1,2,Summer,2007.0,7.0,1,0,0
W0691,42.58812535,-72.04099473,21.6,7.4,1,2,Summer,2007.0,7.0,1,0,0
W0692,42.62969793,-72.15035652,23.5,8.0,1,2,Summer,2007.0,7.0,1,0,0
W0693,42.68279648,-72.11503734,22.1,4.4,1,3,Summer,2007.0,7.0,1,1,0
W0694,42.6723218,-72.09305542,22.5,7.2,1,2,Summer,2007.0,7.0,1,0,0
W0695,42.30485304,-71.62845076,20.6,6.2,1,2,Summer,2007.0,7.0,1,0,0
W0696,42.32543468,-71.39736431,23.6,7.2,1,2,Summer,2007.0,7.0,1,0,0
W0697,42.43206352,-71.44974106,24.8,7.1,1,2,Summer,2007.0,7.0,1,0,0
W0698,42.51227518,-71.40458554,22.5,5.4,1,2,Summer,2007.0,7.0,1,0,0
W0679,42.63670884,-71.3017484,25.7,7.3,1,2,Summer,2007.0,7.0,1,0,0
W0680,42.22778189,-71.78735524,20.4,8.1,1,2,Summer,2007.0,7.0,1,0,0
W1898,42.02271855,-71.57054135999999,21.7,6.8,1,2,Summer,2007.0,7.0,1,0,0
W0515,42.1003609,-71.60111703,22.4,5.6,1,2,Summer,2007.0,7.0,1,0,0
W0767,42.153873,-71.65203977,22.5,0.8,1,3,Summer,2007.0,7.0,1,1,0
W0689,42.23053792,-71.70809238,23.2,7.8,1,2,Summer,2007.0,7.0,1,0,0
W0481,42.4951686,-71.72192464,16.4,8.6,1,2,Summer,2007.0,8.0,1,0,0
W0681,42.44473811,-71.67198789,13.2,10.3,1,2,Summer,2007.0,8.0,1,0,0
W0487,42.62094186,-71.64380951,16.4,7.1,1,2,Summer,2007.0,8.0,1,0,0
W0485,42.66968673,-71.56776529,19.1,8.7,1,2,Summer,2007.0,8.0,1,0,0
W0496,42.62647657,-71.59314962,18.1,12.6,1,2,Summer,2007.0,8.0,1,0,0
W0490,42.26477944,-72.00491606,18.2,8.8,1,2,Summer,2007.0,8.0,1,0,0
W0494,42.39121389,-72.0645552,22.0,8.2,1,2,Summer,2007.0,8.0,1,0,0
W0493,42.26797538,-72.33276108,12.6,11.6,1,2,Summer,2007.0,8.0,1,0,0
W0492,42.23872578,-72.285755,22.7,8.9,1,2,Summer,2007.0,8.0,1,0,0
W0491,42.18142994,-72.26354268,23.3,9.6,1,2,Summer,2007.0,8.0,1,0,0
W0601,42.10956147,-72.11856925,21.0,7.9,1,2,Summer,2007.0,8.0,1,0,0
W0615,42.11947322,-72.00870444,16.1,9.4,1,2,Summer,2007.0,8.0,1,0,0
W0600,42.02202663,-71.9543561,20.3,9.1,1,2,Summer,2007.0,8.0,1,0,0
W0602,42.05094532,-71.88507359,21.5,7.8,1,2,Summer,2007.0,8.0,1,0,0
W0690,42.59751119,-72.43783955,19.2,8.9,1,1,Fall,2007.0,9.0,0,0,0
W0691,42.58812535,-72.04099473,17.2,8.2,1,1,Fall,2007.0,9.0,0,0,0
W0692,42.62969793,-72.15035652,18.6,7.9,1,1,Fall,2007.0,9.0,0,0,0
W0693,42.68279648,-72.11503734,17.1,5.1,1,1,Fall,2007.0,9.0,0,0,0
W0694,42.6723218,-72.09305542,17.2,6.3,1,1,Fall,2007.0,9.0,0,0,0
W0695,42.30485304,-71.62845076,18.0,6.6,1,1,Fall,2007.0,9.0,0,0,0
W0696,42.32543468,-71.39736431,18.9,8.6,1,1,Fall,2007.0,9.0,0,0,0
W0697,42.43206352,-71.44974106,19.6,8.1,1,1,Fall,2007.0,9.0,0,0,0
W0698,42.51227518,-71.40458554,16.4,8.0,1,1,Fall,2007.0,9.0,0,0,0
W0679,42.63670884,-71.3017484,20.2,8.6,1,1,Fall,2007.0,9.0,0,0,0
W0680,42.22778189,-71.78735524,14.2,9.6,1,1,Fall,2007.0,9.0,0,0,0
W1898,42.02271855,-71.57054135999999,14.5,8.9,1,1,Fall,2007.0,9.0,0,0,0
W0515,42.1003609,-71.60111703,13.4,7.5,1,1,Fall,2007.0,9.0,0,0,0
W0767,42.153873,-71.65203977,15.4,9.2,1,1,Fall,2007.0,9.0,0,0,0
W0689,42.23053792,-71.70809238,14.6,8.4,1,1,Fall,2007.0,9.0,0,0,0
W0481,42.4951686,-71.72192464,15.8,8.2,1,1,Fall,2007.0,10.0,0,0,0
W0681,42.44473811,-71.67198789,14.7,8.2,1,1,Fall,2007.0,10.0,0,0,0
W0487,42.62094186,-71.64380951,15.3,5.6,1,1,Fall,2007.0,10.0,0,0,0
W0485,42.66968673,-71.56776529,16.8,6.5,1,1,Fall,2007.0,10.0,0,0,0
W0496,42.62647657,-71.59314962,16.0,6.4,1,1,Fall,2007.0,10.0,0,0,0
W0490,42.26477944,-72.00491606,8.1,10.6,1,1,Fall,2007.0,10.0,0,0,0
W0494,42.39121389,-72.0645552,11.4,6.1,1,1,Fall,2007.0,10.0,0,0,0
W0493,42.26797538,-72.33276108,14.6,10.4,1,1,Fall,2007.0,10.0,0,0,0
W0492,42.23872578,-72.285755,11.9,10.7,1,1,Fall,2007.0,10.0,0,0,0
W0491,42.18142994,-72.26354268,12.1,12.3,1,1,Fall,2007.0,10.0,0,0,0
W0601,42.10956147,-72.11856925,12.8,10.1,1,1,Fall,2007.0,10.0,0,0,0
W0615,42.11947322,-72.00870444,10.1,11.2,1,1,Fall,2007.0,10.0,0,0,0
W0600,42.02202663,-71.9543561,10.8,11.3,1,1,Fall,2007.0,10.0,0,0,0
W0602,42.05094532,-71.88507359,11.9,9.2,1,1,Fall,2007.0,10.0,0,0,0
W0695,42.30485304,-71.62845076,7.5,10.1,1,1,Fall,2007.0,11.0,0,0,0
W0696,42.32543468,-71.39736431,9.1,12.1,1,1,Fall,2007.0,11.0,0,0,0
W0697,42.43206352,-71.44974106,7.6,12.0,1,1,Fall,2007.0,11.0,0,0,0
W0698,42.51227518,-71.40458554,5.9,11.4,1,1,Fall,2007.0,11.0,0,0,0
W0679,42.63670884,-71.3017484,8.8,12.0,1,1,Fall,2007.0,11.0,0,0,0
W0680,42.22778189,-71.78735524,5.9,12.9,1,1,Fall,2007.0,11.0,0,0,0
W1898,42.02271855,-71.57054135999999,6.2,11.6,1,1,Fall,2007.0,11.0,0,0,0
W0515,42.1003609,-71.60111703,4.1,11.4,1,1,Fall,2007.0,11.0,0,0,0
W0767,42.153873,-71.65203977,8.5,11.8,1,1,Fall,2007.0,11.0,0,0,0
W0689,42.23053792,-71.70809238,5.7,13.2,1,1,Fall,2007.0,11.0,0,0,0
W1440,42.07043228,-73.06197898,7.6,12.3,1,1,Spring,2006.0,4.0,0,0,0
W0201,42.07885841,-73.0731024,8.1,12.0,1,1,Spring,2006.0,4.0,0,0,0
W0206,42.09474599,-73.08665689,8.1,12.0,1,1,Spring,2006.0,4.0,0,0,0
W0210,42.15892543,-73.06950719,8.0,11.8,1,1,Spring,2006.0,4.0,0,0,0
W0198,42.15688759,-73.07352832,9.7,11.7,0,0,Spring,2006.0,4.0,0,0,0
W1444,42.18603661,-73.10016182,8.5,11.4,1,1,Spring,2006.0,4.0,0,0,0
W0351,42.19714978,-73.09707925,9.4,11.2,1,1,Spring,2006.0,4.0,0,0,0
W1441,42.25967399,-73.13269316,9.4,11.2,1,1,Spring,2006.0,4.0,0,0,0
W0201,42.07885841,-73.0731024,19.4,9.2,1,1,Spring,2006.0,5.0,0,0,0
W1440,42.07043228,-73.06197898,18.8,9.6,1,1,Spring,2006.0,5.0,0,0,0
W0206,42.09474599,-73.08665689,18.5,9.6,1,1,Spring,2006.0,5.0,0,0,0
W1441,42.25967399,-73.13269316,18.9,9.3,1,1,Spring,2006.0,5.0,0,0,0
W0351,42.19714978,-73.09707925,17.9,9.7,1,1,Spring,2006.0,5.0,0,0,0
W1444,42.18603661,-73.10016182,20.1,8.8,1,1,Spring,2006.0,5.0,0,0,0
W0198,42.15688759,-73.07352832,19.8,9.2,1,1,Spring,2006.0,5.0,0,0,0
W0210,42.15892543,-73.06950719,19.3,9.4,1,1,Spring,2006.0,5.0,0,0,0
W0201,42.07885841,-73.0731024,20.2,9.1,1,2,Summer,2006.0,7.0,1,0,0
W1440,42.07043228,-73.06197898,20.1,9.4,1,2,Summer,2006.0,7.0,1,0,0
W0206,42.09474599,-73.08665689,18.8,9.4,1,2,Summer,2006.0,7.0,1,0,0
W1441,42.25967399,-73.13269316,17.9,8.7,1,2,Summer,2006.0,7.0,1,0,0
W0351,42.19714978,-73.09707925,18.3,8.9,1,2,Summer,2006.0,7.0,1,0,0
W1444,42.18603661,-73.10016182,21.6,8.1,1,2,Summer,2006.0,7.0,1,0,0
W0198,42.15688759,-73.07352832,21.2,9.0,1,2,Summer,2006.0,7.0,1,0,0
W0210,42.15892543,-73.06950719,18.0,9.2,1,2,Summer,2006.0,7.0,1,0,0
W0201,42.07885841,-73.0731024,19.0,9.3,1,2,Summer,2006.0,8.0,1,0,0
W1440,42.07043228,-73.06197898,19.4,9.6,1,2,Summer,2006.0,8.0,1,0,0
W0206,42.09474599,-73.08665689,18.7,9.3,1,2,Summer,2006.0,8.0,1,0,0
W1441,42.25967399,-73.13269316,16.8,8.7,1,2,Summer,2006.0,8.0,1,0,0
W0351,42.19714978,-73.09707925,16.6,9.3,1,2,Summer,2006.0,8.0,1,0,0
W1444,42.18603661,-73.10016182,18.6,8.6,1,2,Summer,2006.0,8.0,1,0,0
W0198,42.15688759,-73.07352832,20.4,9.3,0,1,Summer,2006.0,8.0,1,0,0
W0210,42.15892543,-73.06950719,19.2,8.9,1,2,Summer,2006.0,8.0,1,0,0
W1440,42.07043228,-73.06197898,18.7,10.0,1,1,Fall,2006.0,9.0,0,0,0
W0201,42.07885841,-73.0731024,18.0,9.9,1,1,Fall,2006.0,9.0,0,0,0
W0206,42.09474599,-73.08665689,17.5,9.9,1,1,Fall,2006.0,9.0,0,0,0
W0210,42.15892543,-73.06950719,19.0,9.1,1,1,Fall,2006.0,9.0,0,0,0
W0198,42.15688759,-73.07352832,18.3,9.7,1,1,Fall,2006.0,9.0,0,0,0
W1444,42.18603661,-73.10016182,17.6,9.1,1,1,Fall,2006.0,9.0,0,0,0
W0351,42.19714978,-73.09707925,15.6,9.8,1,1,Fall,2006.0,9.0,0,0,0
W1441,42.25967399,-73.13269316,15.8,9.1,1,1,Fall,2006.0,9.0,0,0,0
W0474,42.09002807,-72.62686454,13.1,10.8,1,1,Spring,2006.0,5.0,0,0,0
W1465,42.10632704,-72.69776972,12.8,10.6,1,1,Spring,2006.0,5.0,0,0,0
W0805,42.11440451,-72.71424125,11.9,10.8,1,1,Spring,2006.0,5.0,0,0,0
W1464,42.11652506,-72.72435552,12.8,11.0,1,1,Spring,2006.0,5.0,0,0,0
W0812,42.14152543,-72.78888168,11.5,11.4,1,1,Spring,2006.0,5.0,0,0,0
W1463,42.13083697,-72.75434911,12.7,11.1,1,1,Spring,2006.0,5.0,0,0,0
W0221,42.22568842,-72.87073188,11.8,11.6,1,1,Spring,2006.0,5.0,0,0,0
W1449,42.41095836,-72.93953408,10.8,11.0,1,1,Spring,2006.0,5.0,0,0,0
W0257,42.33094293,-73.09171257,10.1,11.2,1,1,Spring,2006.0,5.0,0,0,0
W0474,42.09002807,-72.62686454,17.6,9.7,1,2,Summer,2006.0,6.0,1,0,0
W1465,42.10632704,-72.69776972,16.9,9.7,1,2,Summer,2006.0,6.0,1,0,0
W0805,42.11440451,-72.71424125,16.4,9.6,1,2,Summer,2006.0,6.0,1,0,0
W1464,42.11652506,-72.72435552,17.8,10.0,1,2,Summer,2006.0,6.0,1,0,0
W0812,42.14152543,-72.78888168,17.1,10.1,1,2,Summer,2006.0,6.0,1,0,0
W1463,42.13083697,-72.75434911,18.6,10.0,1,2,Summer,2006.0,6.0,1,0,0
W0221,42.22568842,-72.87073188,18.0,10.2,1,2,Summer,2006.0,6.0,1,0,0
W1449,42.41095836,-72.93953408,16.6,9.8,1,2,Summer,2006.0,6.0,1,0,0
W0257,42.33094293,-73.09171257,15.3,10.1,1,2,Summer,2006.0,6.0,1,0,0
W0474,42.09002807,-72.62686454,22.6,9.0,1,2,Summer,2006.0,7.0,1,0,0
W1465,42.10632704,-72.69776972,21.9,8.0,1,2,Summer,2006.0,7.0,1,0,0
W0805,42.11440451,-72.71424125,17.7,9.3,1,2,Summer,2006.0,7.0,1,0,0
W1464,42.11652506,-72.72435552,21.9,8.7,1,2,Summer,2006.0,7.0,1,0,0
W0812,42.14152543,-72.78888168,22.3,8.5,1,2,Summer,2006.0,7.0,1,0,0
W1463,42.13083697,-72.75434911,22.4,9.2,1,2,Summer,2006.0,7.0,1,0,0
W0221,42.22568842,-72.87073188,22.9,9.6,1,2,Summer,2006.0,7.0,1,0,0
W1449,42.41095836,-72.93953408,19.2,8.4,1,2,Summer,2006.0,7.0,1,0,0
W0257,42.33094293,-73.09171257,17.0,9.4,1,2,Summer,2006.0,7.0,1,0,0
W0257,42.33094293,-73.09171257,16.0,9.4,1,2,Summer,2006.0,8.0,1,0,0
W0474,42.09002807,-72.62686454,18.3,9.9,1,2,Summer,2006.0,8.0,1,0,0
W1465,42.10632704,-72.69776972,17.9,8.8,1,2,Summer,2006.0,8.0,1,0,0
W0805,42.11440451,-72.71424125,15.7,9.0,1,2,Summer,2006.0,8.0,1,0,0
W1464,42.11652506,-72.72435552,18.5,9.4,1,2,Summer,2006.0,8.0,1,0,0
W0812,42.14152543,-72.78888168,16.9,8.9,1,2,Summer,2006.0,8.0,1,0,0
W1463,42.13083697,-72.75434911,18.8,9.8,1,2,Summer,2006.0,8.0,1,0,0
W0221,42.22568842,-72.87073188,19.6,9.8,1,2,Summer,2006.0,8.0,1,0,0
W1449,42.41095836,-72.93953408,17.9,8.9,1,2,Summer,2006.0,8.0,1,0,0
W0474,42.09002807,-72.62686454,14.6,10.7,1,1,Fall,2006.0,10.0,0,0,0
W1465,42.10632704,-72.69776972,13.7,10.4,1,1,Fall,2006.0,10.0,0,0,0
W0805,42.11440451,-72.71424125,13.4,10.0,1,1,Fall,2006.0,10.0,0,0,0
W1464,42.11652506,-72.72435552,13.8,11.0,1,1,Fall,2006.0,10.0,0,0,0
W0812,42.14152543,-72.78888168,14.0,10.2,1,1,Fall,2006.0,10.0,0,0,0
W1463,42.13083697,-72.75434911,14.8,10.8,1,1,Fall,2006.0,10.0,0,0,0
W0221,42.22568842,-72.87073188,15.5,11.0,1,1,Fall,2006.0,10.0,0,0,0
W1449,42.41095836,-72.93953408,15.1,9.8,1,1,Fall,2006.0,10.0,0,0,0
W0257,42.33094293,-73.09171257,10.3,11.2,1,1,Fall,2006.0,10.0,0,0,0
W1505,42.06332498,-71.1950417,11.8,9.0,1,1,Spring,2006.0,5.0,0,0,0
W1506,42.0629044,-71.21586808,14.0,8.9,1,1,Spring,2006.0,5.0,0,0,0
W0819,42.01885627,-71.26670227,13.5,6.8,1,1,Spring,2006.0,5.0,0,0,0
W1507,42.01241069,-71.22159533,14.1,8.8,1,1,Spring,2006.0,5.0,0,0,0
W0311,41.96604487,-71.175902,15.4,9.6,1,1,Spring,2006.0,5.0,0,0,0
W0823,41.95185108,-71.22372756,14.0,9.1,1,1,Spring,2006.0,5.0,0,0,0
W0858,41.9471012,-71.1769499,14.7,9.3,1,1,Spring,2006.0,5.0,0,0,0
W0821,41.93332037,-71.15426672,15.0,9.2,1,1,Spring,2006.0,5.0,0,0,0
W1496,42.08153842,-70.98603732,13.7,7.3,1,1,Spring,2006.0,5.0,0,0,0
W1493,42.07964645,-71.00930657,12.4,9.2,1,1,Spring,2006.0,5.0,0,0,0
W1490,42.07936711,-71.01406198,14.3,10.6,1,1,Spring,2006.0,5.0,0,0,0
W1494,42.05376462,-71.00977821,14.0,9.8,1,1,Spring,2006.0,5.0,0,0,0
W1495,42.03776122,-70.98465422,14.5,7.3,1,1,Spring,2006.0,5.0,0,0,0
W1498,42.03148922,-70.96656207,16.0,9.8,1,1,Spring,2006.0,5.0,0,0,0
W1500,42.03108873,-70.97065835,15.0,8.9,1,1,Spring,2006.0,5.0,0,0,0
W1499,42.02160209,-70.9505329,14.5,8.7,1,1,Spring,2006.0,5.0,0,0,0
W1501,41.99937253,-70.93768479,14.1,8.3,1,1,Spring,2006.0,5.0,0,0,0
W1502,41.99258858,-70.9397646,14.6,8.7,1,1,Spring,2006.0,5.0,0,0,0
W1503,41.93629311,-70.98734776,14.8,8.0,1,1,Spring,2006.0,5.0,0,0,0
W1504,41.88611169,-71.02994049,15.3,8.2,1,1,Spring,2006.0,5.0,0,0,0
W1508,41.88590512,-71.13411655,15.2,9.8,1,1,Spring,2006.0,5.0,0,0,0
W1505,42.06332498,-71.1950417,19.4,6.8,1,2,Summer,2006.0,6.0,1,0,0
W1506,42.0629044,-71.21586808,20.6,5.9,1,2,Summer,2006.0,6.0,1,0,0
W0819,42.01885627,-71.26670227,22.0,3.6,1,3,Summer,2006.0,6.0,1,1,0
W1507,42.01241069,-71.22159533,20.7,7.6,1,2,Summer,2006.0,6.0,1,0,0
W0311,41.96604487,-71.175902,22.7,6.4,1,2,Summer,2006.0,6.0,1,0,0
W0823,41.95185108,-71.22372756,21.1,5.6,1,2,Summer,2006.0,6.0,1,0,0
W0858,41.9471012,-71.1769499,21.4,7.2,1,2,Summer,2006.0,6.0,1,0,0
W0821,41.93332037,-71.15426672,21.7,5.8,1,2,Summer,2006.0,6.0,1,0,0
W1496,42.08153842,-70.98603732,21.2,2.1,1,3,Summer,2006.0,6.0,1,1,0
W1493,42.07964645,-71.00930657,18.2,6.6,1,2,Summer,2006.0,6.0,1,0,0
W1490,42.07936711,-71.01406198,20.8,8.3,1,2,Summer,2006.0,6.0,1,0,0
W1494,42.05376462,-71.00977821,19.3,7.6,1,2,Summer,2006.0,6.0,1,0,0
W1495,42.03776122,-70.98465422,18.7,6.6,1,2,Summer,2006.0,6.0,1,0,0
W1498,42.03148922,-70.96656207,20.2,7.7,1,2,Summer,2006.0,6.0,1,0,0
W1500,42.03108873,-70.97065835,19.6,6.9,1,2,Summer,2006.0,6.0,1,0,0
W1499,42.02160209,-70.9505329,22.0,4.7,1,3,Summer,2006.0,6.0,1,1,0
W1501,41.99937253,-70.93768479,21.0,4.8,1,3,Summer,2006.0,6.0,1,1,0
W1502,41.99258858,-70.9397646,21.4,5.2,1,2,Summer,2006.0,6.0,1,0,0
W1503,41.93629311,-70.98734776,22.1,3.2,1,3,Summer,2006.0,6.0,1,1,0
W1504,41.88611169,-71.02994049,22.1,4.3,1,3,Summer,2006.0,6.0,1,1,0
W1508,41.88590512,-71.13411655,21.7,7.3,1,2,Summer,2006.0,6.0,1,0,0
W1505,42.06332498,-71.1950417,17.6,8.1,1,2,Summer,2006.0,8.0,1,0,0
W1506,42.0629044,-71.21586808,17.9,7.0,1,2,Summer,2006.0,8.0,1,0,0
W0819,42.01885627,-71.26670227,21.4,5.5,1,2,Summer,2006.0,8.0,1,0,0
W1507,42.01241069,-71.22159533,24.7,7.1,1,2,Summer,2006.0,8.0,1,0,0
W0311,41.96604487,-71.175902,23.6,7.6,1,2,Summer,2006.0,8.0,1,0,0
W0823,41.95185108,-71.22372756,21.9,6.8,1,2,Summer,2006.0,8.0,1,0,0
W0858,41.9471012,-71.1769499,22.5,6.7,1,2,Summer,2006.0,8.0,1,0,0
W0821,41.93332037,-71.15426672,21.6,6.9,1,2,Summer,2006.0,8.0,1,0,0
W1496,42.08153842,-70.98603732,20.3,4.6,1,3,Summer,2006.0,8.0,1,1,0
W1493,42.07964645,-71.00930657,19.8,7.2,1,2,Summer,2006.0,8.0,1,0,0
W1490,42.07936711,-71.01406198,19.5,8.1,1,2,Summer,2006.0,8.0,1,0,0
W1494,42.05376462,-71.00977821,19.2,6.3,1,2,Summer,2006.0,8.0,1,0,0
W1495,42.03776122,-70.98465422,21.4,2.0,1,3,Summer,2006.0,8.0,1,1,0
W1498,42.03148922,-70.96656207,21.2,6.3,1,2,Summer,2006.0,8.0,1,0,0
W1500,42.03108873,-70.97065835,21.8,3.6,1,3,Summer,2006.0,8.0,1,1,0
W1499,42.02160209,-70.9505329,23.6,7.3,1,2,Summer,2006.0,8.0,1,0,0
W1501,41.99937253,-70.93768479,21.8,4.2,1,3,Summer,2006.0,8.0,1,1,0
W1502,41.99258858,-70.9397646,22.6,5.4,1,2,Summer,2006.0,8.0,1,0,0
W1503,41.93629311,-70.98734776,24.1,5.2,1,2,Summer,2006.0,8.0,1,0,0
W1504,41.88611169,-71.02994049,24.5,7.0,1,2,Summer,2006.0,8.0,1,0,0
W1508,41.88590512,-71.13411655,23.8,6.9,1,2,Summer,2006.0,8.0,1,0,0
W1505,42.06332498,-71.1950417,13.1,9.4,1,1,Fall,2006.0,9.0,0,0,0
W1506,42.0629044,-71.21586808,13.6,8.2,1,1,Fall,2006.0,9.0,0,0,0
W0819,42.01885627,-71.26670227,15.2,7.7,1,1,Fall,2006.0,9.0,0,0,0
W1507,42.01241069,-71.22159533,18.1,7.7,1,1,Fall,2006.0,9.0,0,0,0
W0311,41.96604487,-71.175902,17.0,9.0,1,1,Fall,2006.0,9.0,0,0,0
W0823,41.95185108,-71.22372756,14.6,8.9,1,1,Fall,2006.0,9.0,0,0,0
W0858,41.9471012,-71.1769499,16.4,8.4,1,1,Fall,2006.0,9.0,0,0,0
W0821,41.93332037,-71.15426672,15.9,8.5,1,1,Fall,2006.0,9.0,0,0,0
W1496,42.08153842,-70.98603732,13.8,7.1,1,1,Fall,2006.0,9.0,0,0,0
W1493,42.07964645,-71.00930657,15.3,8.0,1,1,Fall,2006.0,9.0,0,0,0
W1490,42.07936711,-71.01406198,15.9,9.6,1,1,Fall,2006.0,9.0,0,0,0
W1494,42.05376462,-71.00977821,15.2,7.0,1,1,Fall,2006.0,9.0,0,0,0
W1495,42.03776122,-70.98465422,18.9,3.8,1,2,Fall,2006.0,9.0,0,1,0
W1498,42.03148922,-70.96656207,16.6,7.9,1,1,Fall,2006.0,9.0,0,0,0
W1500,42.03108873,-70.97065835,18.4,4.1,1,2,Fall,2006.0,9.0,0,1,0
W1499,42.02160209,-70.9505329,15.8,9.4,1,1,Fall,2006.0,9.0,0,0,0
W1501,41.99937253,-70.93768479,16.3,6.4,1,1,Fall,2006.0,9.0,0,0,0
W1502,41.99258858,-70.9397646,16.2,7.3,1,1,Fall,2006.0,9.0,0,0,0
W1503,41.93629311,-70.98734776,15.8,8.0,1,1,Fall,2006.0,9.0,0,0,0
W1504,41.88611169,-71.02994049,16.8,9.1,1,1,Fall,2006.0,9.0,0,0,0
W1508,41.88590512,-71.13411655,16.4,9.0,1,1,Fall,2006.0,9.0,0,0,0
W1505,42.06332498,-71.1950417,14.2,8.5,1,1,Fall,2006.0,10.0,0,0,0
W1506,42.0629044,-71.21586808,14.0,7.8,1,1,Fall,2006.0,10.0,0,0,0
W0819,42.01885627,-71.26670227,16.8,5.9,1,1,Fall,2006.0,10.0,0,0,0
W1507,42.01241069,-71.22159533,17.4,8.2,1,1,Fall,2006.0,10.0,0,0,0
W0311,41.96604487,-71.175902,17.5,8.5,1,1,Fall,2006.0,10.0,0,0,0
W0823,41.95185108,-71.22372756,16.0,7.8,1,1,Fall,2006.0,10.0,0,0,0
W0858,41.9471012,-71.1769499,16.2,7.8,1,1,Fall,2006.0,10.0,0,0,0
W0821,41.93332037,-71.15426672,16.7,8.0,1,1,Fall,2006.0,10.0,0,0,0
W1496,42.08153842,-70.98603732,15.2,6.2,1,1,Fall,2006.0,10.0,0,0,0
W1493,42.07964645,-71.00930657,16.4,6.4,1,1,Fall,2006.0,10.0,0,0,0
W1490,42.07936711,-71.01406198,16.0,9.0,1,1,Fall,2006.0,10.0,0,0,0
W1494,42.05376462,-71.00977821,16.3,5.9,1,1,Fall,2006.0,10.0,0,0,0
W1495,42.03776122,-70.98465422,18.2,3.8,1,2,Fall,2006.0,10.0,0,1,0
W1498,42.03148922,-70.96656207,16.4,8.8,1,1,Fall,2006.0,10.0,0,0,0
W1500,42.03108873,-70.97065835,17.8,4.0,0,1,Fall,2006.0,10.0,0,1,0
W1499,42.02160209,-70.9505329,16.1,8.6,1,1,Fall,2006.0,10.0,0,0,0
W1501,41.99937253,-70.93768479,17.2,5.9,1,1,Fall,2006.0,10.0,0,0,0
W1502,41.99258858,-70.9397646,16.8,7.1,1,1,Fall,2006.0,10.0,0,0,0
W1503,41.93629311,-70.98734776,16.2,7.9,1,1,Fall,2006.0,10.0,0,0,0
W1504,41.88611169,-71.02994049,16.4,8.4,1,1,Fall,2006.0,10.0,0,0,0
W1508,41.88590512,-71.13411655,16.4,8.8,1,1,Fall,2006.0,10.0,0,0,0
W1468,42.27406018,-71.63224204,12.1,10.4,1,1,Spring,2006.0,5.0,0,0,0
W1469,42.28350805,-71.63858701,12.7,9.0,1,1,Spring,2006.0,5.0,0,0,0
W0695,42.30485304,-71.62845076,11.6,8.6,1,1,Spring,2006.0,5.0,0,0,0
W1470,42.32036993,-71.63553499,11.8,8.2,1,1,Spring,2006.0,5.0,0,0,0
W1471,42.32949677,-71.63006336,12.0,10.2,1,1,Spring,2006.0,5.0,0,0,0
W1472,42.34151216,-71.61641,11.9,10.5,1,1,Spring,2006.0,5.0,0,0,0
W1473,42.3465007,-71.61460331,12.0,10.3,1,1,Spring,2006.0,5.0,0,0,0
W1474,42.38030934,-71.58613633,11.7,7.7,1,1,Spring,2006.0,5.0,0,0,0
W1475,42.39979789,-71.54598569,12.6,9.2,1,1,Spring,2006.0,5.0,0,0,0
W1476,42.40462155,-71.52654108,12.9,9.4,1,1,Spring,2006.0,5.0,0,0,0
W1477,42.41163442,-71.50844219,12.9,8.5,1,1,Spring,2006.0,5.0,0,0,0
W1478,42.4231785,-71.47472183,14.1,9.1,1,1,Spring,2006.0,5.0,0,0,0
W1479,42.44086923,-71.42935628,13.1,9.9,1,1,Spring,2006.0,5.0,0,0,0
W0843,42.46568803,-71.39143422,12.7,9.1,1,1,Spring,2006.0,5.0,0,0,0
W0844,42.45974876,-71.35935869,13.5,9.4,1,1,Spring,2006.0,5.0,0,0,0
W1482,42.47116456,-71.34989446,13.0,9.0,1,1,Spring,2006.0,5.0,0,0,0
W1487,42.64172611,-71.30284563,13.6,10.2,1,1,Spring,2006.0,5.0,0,0,0
W1488,42.57826214,-71.33253012,13.3,9.8,1,1,Spring,2006.0,5.0,0,0,0
W1489,42.63380122,-71.30119731,11.3,10.0,1,1,Spring,2006.0,5.0,0,0,0
W1486,42.58482438,-71.28718593,13.4,9.4,1,1,Spring,2006.0,5.0,0,0,0
W1485,42.55747509,-71.28252509,13.6,9.6,1,1,Spring,2006.0,5.0,0,0,0
W1483,42.50902782,-71.31411783,13.3,9.6,1,1,Spring,2006.0,5.0,0,0,0
W0832,42.26764467,-71.55276363,11.4,7.0,1,1,Spring,2006.0,5.0,0,0,0
W0838,42.25849843,-71.45547229,12.5,10.2,1,1,Spring,2006.0,5.0,0,0,0
W0696,42.32543468,-71.39736431,12.1,10.4,1,1,Spring,2006.0,5.0,0,0,0
W1480,42.3386459,-71.39498427,12.4,10.4,1,1,Spring,2006.0,5.0,0,0,0
W0850,42.35926526,-71.36883338,12.6,9.6,1,1,Spring,2006.0,5.0,0,0,0
W0847,42.39635089,-71.36467086,12.4,9.5,1,1,Spring,2006.0,5.0,0,0,0
W0849,42.35708626,-71.40313662,10.9,9.1,1,1,Spring,2006.0,5.0,0,0,0
W1481,42.44111379,-71.36805603,13.4,10.0,1,1,Spring,2006.0,5.0,0,0,0
W1468,42.27406018,-71.63224204,18.2,9.4,1,2,Summer,2006.0,6.0,1,0,0
W1469,42.28350805,-71.63858701,17.2,8.7,1,2,Summer,2006.0,6.0,1,0,0
W0695,42.30485304,-71.62845076,15.6,8.0,1,2,Summer,2006.0,6.0,1,0,0
W1470,42.32036993,-71.63553499,15.8,7.6,1,2,Summer,2006.0,6.0,1,0,0
W1471,42.32949677,-71.63006336,15.4,9.6,1,2,Summer,2006.0,6.0,1,0,0
W1472,42.34151216,-71.61641,15.9,8.9,1,2,Summer,2006.0,6.0,1,0,0
W1473,42.3465007,-71.61460331,16.0,8.4,1,2,Summer,2006.0,6.0,1,0,0
W1474,42.38030934,-71.58613633,16.3,7.6,1,2,Summer,2006.0,6.0,1,0,0
W1475,42.39979789,-71.54598569,15.6,8.4,1,2,Summer,2006.0,6.0,1,0,0
W1476,42.40462155,-71.52654108,15.8,8.9,1,2,Summer,2006.0,6.0,1,0,0
W1477,42.41163442,-71.50844219,16.2,7.2,1,2,Summer,2006.0,6.0,1,0,0
W1478,42.4231785,-71.47472183,16.3,6.7,1,2,Summer,2006.0,6.0,1,0,0
W1479,42.44086923,-71.42935628,16.6,9.0,1,2,Summer,2006.0,6.0,1,0,0
W0843,42.46568803,-71.39143422,16.9,8.9,1,2,Summer,2006.0,6.0,1,0,0
W0844,42.45974876,-71.35935869,18.7,3.9,1,3,Summer,2006.0,6.0,1,1,0
W0832,42.26764467,-71.55276363,15.9,3.3,1,3,Summer,2006.0,6.0,1,1,0
W0838,42.25849843,-71.45547229,16.1,9.9,1,2,Summer,2006.0,6.0,1,0,0
W0696,42.32543468,-71.39736431,17.4,10.0,1,2,Summer,2006.0,6.0,1,0,0
W1480,42.3386459,-71.39498427,17.9,9.0,1,2,Summer,2006.0,6.0,1,0,0
W0850,42.35926526,-71.36883338,18.4,6.9,1,2,Summer,2006.0,6.0,1,0,0
W0847,42.39635089,-71.36467086,19.0,5.6,1,2,Summer,2006.0,6.0,1,0,0
W0849,42.35708626,-71.40313662,17.6,6.7,1,2,Summer,2006.0,6.0,1,0,0
W1481,42.44111379,-71.36805603,18.8,4.7,1,3,Summer,2006.0,6.0,1,1,0
W1487,42.64172611,-71.30284563,17.0,8.7,1,2,Summer,2006.0,6.0,1,0,0
W1488,42.57826214,-71.33253012,17.2,9.0,1,2,Summer,2006.0,6.0,1,0,0
W1489,42.63380122,-71.30119731,15.6,8.9,1,2,Summer,2006.0,6.0,1,0,0
W1486,42.58482438,-71.28718593,17.3,6.3,1,2,Summer,2006.0,6.0,1,0,0
W1485,42.55747509,-71.28252509,17.3,6.3,1,2,Summer,2006.0,6.0,1,0,0
W1483,42.50902782,-71.31411783,17.6,6.1,1,2,Summer,2006.0,6.0,1,0,0
W1482,42.47116456,-71.34989446,17.5,6.7,1,2,Summer,2006.0,6.0,1,0,0
W1468,42.27406018,-71.63224204,26.5,6.2,1,2,Summer,2006.0,7.0,1,0,0
W1469,42.28350805,-71.63858701,23.7,6.2,1,2,Summer,2006.0,7.0,1,0,0
W0695,42.30485304,-71.62845076,23.4,5.2,1,2,Summer,2006.0,7.0,1,0,0
W1470,42.32036993,-71.63553499,24.2,3.7,1,3,Summer,2006.0,7.0,1,1,0
W1471,42.32949677,-71.63006336,24.6,5.3,1,2,Summer,2006.0,7.0,1,0,0
W1472,42.34151216,-71.61641,25.5,6.4,1,2,Summer,2006.0,7.0,1,0,0
W1473,42.3465007,-71.61460331,24.4,6.7,1,2,Summer,2006.0,7.0,1,0,0
W1474,42.38030934,-71.58613633,25.9,6.6,1,2,Summer,2006.0,7.0,1,0,0
W1475,42.39979789,-71.54598569,25.9,6.2,1,2,Summer,2006.0,7.0,1,0,0
W1476,42.40462155,-71.52654108,26.8,6.6,1,2,Summer,2006.0,7.0,1,0,0
W1477,42.41163442,-71.50844219,26.9,5.1,1,2,Summer,2006.0,7.0,1,0,0
W1479,42.44086923,-71.42935628,28.2,6.6,1,2,Summer,2006.0,7.0,1,0,0
W0843,42.46568803,-71.39143422,27.5,6.9,1,2,Summer,2006.0,7.0,1,0,0
W0844,42.45974876,-71.35935869,28.1,5.4,1,2,Summer,2006.0,7.0,1,0,0
W0832,42.26764467,-71.55276363,25.3,2.0,1,4,Summer,2006.0,7.0,1,1,1
W0838,42.25849843,-71.45547229,25.1,7.2,1,2,Summer,2006.0,7.0,1,0,0
W0696,42.32543468,-71.39736431,27.0,7.0,1,2,Summer,2006.0,7.0,1,0,0
W1480,42.3386459,-71.39498427,26.8,6.9,1,2,Summer,2006.0,7.0,1,0,0
W0849,42.35708626,-71.40313662,25.8,2.2,1,4,Summer,2006.0,7.0,1,1,1
W0850,42.35926526,-71.36883338,27.8,4.6,1,4,Summer,2006.0,7.0,1,1,1
W0847,42.39635089,-71.36467086,28.5,1.6,1,4,Summer,2006.0,7.0,1,1,1
W1481,42.44111379,-71.36805603,29.0,8.1,1,2,Summer,2006.0,7.0,1,0,0
W1487,42.64172611,-71.30284563,27.4,7.7,1,2,Summer,2006.0,7.0,1,0,0
W1489,42.63380122,-71.30119731,24.7,8.1,1,2,Summer,2006.0,7.0,1,0,0
W1488,42.57826214,-71.33253012,29.1,7.4,1,2,Summer,2006.0,7.0,1,0,0
W1486,42.58482438,-71.28718593,28.2,8.6,1,2,Summer,2006.0,7.0,1,0,0
W1485,42.55747509,-71.28252509,28.1,9.0,1,2,Summer,2006.0,7.0,1,0,0
W1483,42.50902782,-71.31411783,30.2,10.0,1,2,Summer,2006.0,7.0,1,0,0
W1482,42.47116456,-71.34989446,28.1,6.7,1,2,Summer,2006.0,7.0,1,0,0
W1468,42.27406018,-71.63224204,17.2,8.7,1,2,Summer,2006.0,8.0,1,0,0
W1469,42.28350805,-71.63858701,21.0,7.2,1,2,Summer,2006.0,8.0,1,0,0
W0695,42.30485304,-71.62845076,19.4,6.2,1,2,Summer,2006.0,8.0,1,0,0
W1470,42.32036993,-71.63553499,19.6,6.4,1,2,Summer,2006.0,8.0,1,0,0
W1471,42.32949677,-71.63006336,19.5,8.1,1,2,Summer,2006.0,8.0,1,0,0
W1472,42.34151216,-71.61641,20.4,9.1,1,2,Summer,2006.0,8.0,1,0,0
W1473,42.3465007,-71.61460331,20.6,8.6,1,2,Summer,2006.0,8.0,1,0,0
W1474,42.38030934,-71.58613633,21.4,8.2,1,2,Summer,2006.0,8.0,1,0,0
W1475,42.39979789,-71.54598569,21.0,7.3,1,2,Summer,2006.0,8.0,1,0,0
W1476,42.40462155,-71.52654108,21.2,8.2,1,2,Summer,2006.0,8.0,1,0,0
W1477,42.41163442,-71.50844219,21.6,6.3,1,2,Summer,2006.0,8.0,1,0,0
W1478,42.4231785,-71.47472183,23.0,7.8,1,2,Summer,2006.0,8.0,1,0,0
W1479,42.44086923,-71.42935628,23.9,8.9,1,2,Summer,2006.0,8.0,1,0,0
W0843,42.46568803,-71.39143422,22.9,8.8,1,2,Summer,2006.0,8.0,1,0,0
W0844,42.45974876,-71.35935869,24.0,8.2,1,2,Summer,2006.0,8.0,1,0,0
W0832,42.26764467,-71.55276363,19.7,4.2,1,3,Summer,2006.0,8.0,1,1,0
W0838,42.25849843,-71.45547229,20.8,7.4,1,2,Summer,2006.0,8.0,1,0,0
W0696,42.32543468,-71.39736431,21.9,7.4,1,2,Summer,2006.0,8.0,1,0,0
W1480,42.3386459,-71.39498427,21.5,7.4,1,2,Summer,2006.0,8.0,1,0,0
W0850,42.35926526,-71.36883338,21.7,5.6,1,2,Summer,2006.0,8.0,1,0,0
W0847,42.39635089,-71.36467086,22.3,1.2,1,3,Summer,2006.0,8.0,1,1,0
W1481,42.44111379,-71.36805603,23.4,6.4,1,2,Summer,2006.0,8.0,1,0,0
W1487,42.64172611,-71.30284563,23.2,8.5,1,2,Summer,2006.0,8.0,1,0,0
W1489,42.63380122,-71.30119731,19.1,8.5,1,2,Summer,2006.0,8.0,1,0,0
W1486,42.58482438,-71.28718593,23.7,8.3,1,2,Summer,2006.0,8.0,1,0,0
W1488,42.57826214,-71.33253012,22.2,8.3,1,2,Summer,2006.0,8.0,1,0,0
W1485,42.55747509,-71.28252509,24.3,9.0,1,2,Summer,2006.0,8.0,1,0,0
W1483,42.50902782,-71.31411783,23.8,9.1,1,2,Summer,2006.0,8.0,1,0,0
W1482,42.47116456,-71.34989446,23.1,8.5,1,2,Summer,2006.0,8.0,1,0,0
W1468,42.27406018,-71.63224204,17.7,9.2,1,1,Fall,2006.0,9.0,0,0,0
W1469,42.28350805,-71.63858701,17.6,8.4,1,1,Fall,2006.0,9.0,0,0,0
W0695,42.30485304,-71.62845076,16.1,7.4,1,1,Fall,2006.0,9.0,0,0,0
W1470,42.32036993,-71.63553499,15.9,7.3,1,1,Fall,2006.0,9.0,0,0,0
W1471,42.32949677,-71.63006336,15.7,9.0,1,1,Fall,2006.0,9.0,0,0,0
W1472,42.34151216,-71.61641,15.3,10.1,1,1,Fall,2006.0,9.0,0,0,0
W1473,42.3465007,-71.61460331,15.7,9.1,1,1,Fall,2006.0,9.0,0,0,0
W1474,42.38030934,-71.58613633,16.0,8.1,1,1,Fall,2006.0,9.0,0,0,0
W1475,42.39979789,-71.54598569,15.8,7.4,1,1,Fall,2006.0,9.0,0,0,0
W1476,42.40462155,-71.52654108,16.6,9.2,1,1,Fall,2006.0,9.0,0,0,0
W1477,42.41163442,-71.50844219,16.4,7.6,1,1,Fall,2006.0,9.0,0,0,0
W1478,42.4231785,-71.47472183,16.9,7.1,1,1,Fall,2006.0,9.0,0,0,0
W1479,42.44086923,-71.42935628,16.9,8.7,1,1,Fall,2006.0,9.0,0,0,0
W0843,42.46568803,-71.39143422,16.0,8.5,1,1,Fall,2006.0,9.0,0,0,0
W0844,42.45974876,-71.35935869,17.4,7.4,1,1,Fall,2006.0,9.0,0,0,0
W0832,42.26764467,-71.55276363,14.4,6.4,1,1,Fall,2006.0,9.0,0,0,0
W0838,42.25849843,-71.45547229,15.4,8.8,1,1,Fall,2006.0,9.0,0,0,0
W0696,42.32543468,-71.39736431,16.6,8.8,1,1,Fall,2006.0,9.0,0,0,0
W1480,42.3386459,-71.39498427,16.1,6.7,1,1,Fall,2006.0,9.0,0,0,0
W0849,42.35708626,-71.40313662,13.7,6.7,1,1,Fall,2006.0,9.0,0,0,0
W0850,42.35926526,-71.36883338,16.2,8.6,1,1,Fall,2006.0,9.0,0,0,0
W1481,42.44111379,-71.36805603,17.8,8.1,1,1,Fall,2006.0,9.0,0,0,0
W1487,42.64172611,-71.30284563,18.2,9.6,1,1,Fall,2006.0,9.0,0,0,0
W1489,42.63380122,-71.30119731,15.1,8.8,1,1,Fall,2006.0,9.0,0,0,0
W1486,42.58482438,-71.28718593,17.9,9.7,1,1,Fall,2006.0,9.0,0,0,0
W1488,42.57826214,-71.33253012,16.6,8.2,1,1,Fall,2006.0,9.0,0,0,0
W1485,42.55747509,-71.28252509,17.8,9.5,1,1,Fall,2006.0,9.0,0,0,0
W1483,42.50902782,-71.31411783,18.0,8.6,1,1,Fall,2006.0,9.0,0,0,0
W1482,42.47116456,-71.34989446,16.7,7.9,1,1,Fall,2006.0,9.0,0,0,0
W0898,42.10912662,-70.90927444,22.1,7.8,1,2,Summer,2006.0,6.0,1,0,0
W0897,42.1055521,-70.89536679,21.0,7.1,1,2,Summer,2006.0,6.0,1,0,0
W0895,42.11232662,-70.87925085,18.0,7.3,1,2,Summer,2006.0,6.0,1,0,0
W1528,42.09611122,-70.84860507,22.4,7.7,1,2,Summer,2006.0,6.0,1,0,0
W0910,42.10540565,-70.82006123,17.2,8.5,1,2,Summer,2006.0,6.0,1,0,0
W0917,42.10734882,-70.80841733,23.8,4.6,1,3,Summer,2006.0,6.0,1,1,0
W1509,42.11721557,-70.80924461,22.2,7.5,1,2,Summer,2006.0,6.0,1,0,0
W1511,42.17667032,-70.74803083,25.8,7.3,1,2,Summer,2006.0,6.0,1,0,0
W1510,42.1918378,-70.77968605,19.4,6.2,1,2,Summer,2006.0,6.0,1,0,0
W0338,41.91104346,-70.64385015,15.3,10.6,1,2,Summer,2006.0,6.0,1,0,0
W0339,41.91774475,-70.6264616,22.7,9.2,1,2,Summer,2006.0,6.0,1,0,0
W0333,41.92602695,-70.61353249,22.5,8.0,1,2,Summer,2006.0,6.0,1,0,0
W1512,41.95436218,-70.66398316,22.9,9.1,1,2,Summer,2006.0,6.0,1,0,0
W1524,41.99075214,-70.73411426,22.1,8.7,1,2,Summer,2006.0,6.0,1,0,0
W1539,42.09449426,-70.71789649,23.1,8.0,1,2,Summer,2006.0,6.0,1,0,0
W0921,42.07998887,-70.74566501,25.0,5.6,1,2,Summer,2006.0,6.0,1,0,0
W1510,42.1918378,-70.77968605,18.3,6.6,1,2,Summer,2006.0,7.0,1,0,0
W1511,42.17667032,-70.74803083,23.2,7.5,1,2,Summer,2006.0,7.0,1,0,0
W1539,42.09449426,-70.71789649,22.2,7.5,1,2,Summer,2006.0,7.0,1,0,0
W0921,42.07998887,-70.74566501,22.9,2.9,1,3,Summer,2006.0,7.0,1,1,0
W0917,42.10734882,-70.80841733,22.6,6.1,1,2,Summer,2006.0,7.0,1,0,0
W0898,42.10912662,-70.90927444,21.4,7.6,1,2,Summer,2006.0,7.0,1,0,0
W0895,42.11232662,-70.87925085,18.8,5.9,1,2,Summer,2006.0,7.0,1,0,0
W1528,42.09611122,-70.84860507,21.7,7.2,1,2,Summer,2006.0,7.0,1,0,0
W0910,42.10540565,-70.82006123,18.1,7.1,1,2,Summer,2006.0,7.0,1,0,0
W1509,42.11721557,-70.80924461,21.0,7.0,1,2,Summer,2006.0,7.0,1,0,0
W0338,41.91104346,-70.64385015,14.3,10.0,1,2,Summer,2006.0,7.0,1,0,0
W0339,41.91774475,-70.6264616,21.4,9.2,1,2,Summer,2006.0,7.0,1,0,0
W0333,41.92602695,-70.61353249,21.2,7.6,1,2,Summer,2006.0,7.0,1,0,0
W1512,41.95436218,-70.66398316,22.8,8.8,1,2,Summer,2006.0,7.0,1,0,0
W1524,41.99075214,-70.73411426,21.8,8.1,1,2,Summer,2006.0,7.0,1,0,0
W1511,42.17667032,-70.74803083,25.6,8.7,1,2,Summer,2006.0,8.0,1,0,0
W1510,42.1918378,-70.77968605,22.2,4.3,1,3,Summer,2006.0,8.0,1,1,0
W1539,42.09449426,-70.71789649,25.9,7.2,1,2,Summer,2006.0,8.0,1,0,0
W0337,42.08647762,-70.65128516,25.6,7.6,1,2,Summer,2006.0,8.0,1,0,0
W0921,42.07998887,-70.74566501,27.6,3.1,1,4,Summer,2006.0,8.0,1,1,1
W0917,42.10734882,-70.80841733,28.6,5.2,1,2,Summer,2006.0,8.0,1,0,0
W0898,42.10912662,-70.90927444,26.5,6.2,1,2,Summer,2006.0,8.0,1,0,0
W0895,42.11232662,-70.87925085,23.2,4.4,1,3,Summer,2006.0,8.0,1,1,0
W1528,42.09611122,-70.84860507,27.3,6.4,1,2,Summer,2006.0,8.0,1,0,0
W0910,42.10540565,-70.82006123,21.5,6.7,1,2,Summer,2006.0,8.0,1,0,0
W1509,42.11721557,-70.80924461,25.3,6.0,1,2,Summer,2006.0,8.0,1,0,0
W0338,41.91104346,-70.64385015,18.3,10.0,1,2,Summer,2006.0,8.0,1,0,0
W0339,41.91774475,-70.6264616,26.1,8.1,1,2,Summer,2006.0,8.0,1,0,0
W0333,41.92602695,-70.61353249,26.2,7.8,1,2,Summer,2006.0,8.0,1,0,0
W1512,41.95436218,-70.66398316,27.0,8.2,1,2,Summer,2006.0,8.0,1,0,0
W1524,41.99075214,-70.73411426,25.7,8.0,1,2,Summer,2006.0,8.0,1,0,0
W1510,42.1918378,-70.77968605,16.5,7.2,1,1,Fall,2006.0,9.0,0,0,0
W1511,42.17667032,-70.74803083,18.5,5.8,1,1,Fall,2006.0,9.0,0,0,0
W1539,42.09449426,-70.71789649,18.4,8.5,1,1,Fall,2006.0,9.0,0,0,0
W0921,42.07998887,-70.74566501,19.0,4.9,1,2,Fall,2006.0,9.0,0,1,0
W0917,42.10734882,-70.80841733,19.2,6.3,1,1,Fall,2006.0,9.0,0,0,0
W0898,42.10912662,-70.90927444,19.3,8.0,1,1,Fall,2006.0,9.0,0,0,0
W0897,42.1055521,-70.89536679,20.6,7.3,1,1,Fall,2006.0,9.0,0,0,0
W0895,42.11232662,-70.87925085,16.8,6.8,1,1,Fall,2006.0,9.0,0,0,0
W1528,42.09611122,-70.84860507,19.0,7.5,1,1,Fall,2006.0,9.0,0,0,0
W0910,42.10540565,-70.82006123,16.3,8.2,1,1,Fall,2006.0,9.0,0,0,0
W1509,42.11721557,-70.80924461,17.8,8.0,1,1,Fall,2006.0,9.0,0,0,0
W0338,41.91104346,-70.64385015,15.6,8.8,1,1,Fall,2006.0,9.0,0,0,0
W0339,41.91774475,-70.6264616,18.2,9.8,1,1,Fall,2006.0,9.0,0,0,0
W0333,41.92602695,-70.61353249,18.3,8.7,1,1,Fall,2006.0,9.0,0,0,0
W1512,41.95436218,-70.66398316,19.2,9.6,1,1,Fall,2006.0,9.0,0,0,0
W1524,41.99075214,-70.73411426,17.9,9.5,1,1,Fall,2006.0,9.0,0,0,0
W1510,42.1918378,-70.77968605,12.0,4.9,1,2,Fall,2006.0,10.0,0,1,0
W1511,42.17667032,-70.74803083,14.9,10.7,1,1,Fall,2006.0,10.0,0,0,0
W1539,42.09449426,-70.71789649,14.2,9.1,1,1,Fall,2006.0,10.0,0,0,0
W0337,42.08647762,-70.65128516,14.2,7.8,1,1,Fall,2006.0,10.0,0,0,0
W0921,42.07998887,-70.74566501,13.0,2.5,1,2,Fall,2006.0,10.0,0,1,0
W0917,42.10734882,-70.80841733,13.6,6.6,1,1,Fall,2006.0,10.0,0,0,0
W0898,42.10912662,-70.90927444,13.9,8.6,1,1,Fall,2006.0,10.0,0,0,0
W0897,42.1055521,-70.89536679,16.6,6.8,1,1,Fall,2006.0,10.0,0,0,0
W0895,42.11232662,-70.87925085,12.3,6.8,1,1,Fall,2006.0,10.0,0,0,0
W1528,42.09611122,-70.84860507,14.1,8.1,1,1,Fall,2006.0,10.0,0,0,0
W0910,42.10540565,-70.82006123,11.7,8.8,1,1,Fall,2006.0,10.0,0,0,0
W1509,42.11721557,-70.80924461,13.0,8.5,1,1,Fall,2006.0,10.0,0,0,0
W0338,41.91104346,-70.64385015,12.3,9.0,1,1,Fall,2006.0,10.0,0,0,0
W0339,41.91774475,-70.6264616,13.9,10.6,1,1,Fall,2006.0,10.0,0,0,0
W0333,41.92602695,-70.61353249,14.0,9.7,1,1,Fall,2006.0,10.0,0,0,0
W1512,41.95436218,-70.66398316,14.8,10.5,1,1,Fall,2006.0,10.0,0,0,0
W1524,41.99075214,-70.73411426,13.6,10.5,1,1,Fall,2006.0,10.0,0,0,0
W0348,42.25214199,-73.12277522,23.9,7.2,1,2,Summer,2006.0,7.0,1,0,0
W0348,42.25214199,-73.12277522,23.8,7.1,1,2,Summer,2006.0,7.0,1,0,0
W0348,42.25214199,-73.12277522,23.9,7.2,1,2,Summer,2006.0,7.0,1,0,0
W0348,42.25214199,-73.12277522,22.4,6.4,1,2,Summer,2006.0,7.0,1,0,0
W0348,42.25214199,-73.12277522,20.1,5.7,1,2,Summer,2006.0,7.0,1,0,0
W0348,42.25214199,-73.12277522,17.6,4.0,1,3,Summer,2006.0,7.0,1,1,0
W0348,42.25214199,-73.12277522,16.2,2.2,1,3,Summer,2006.0,7.0,1,1,0
W0348,42.25214199,-73.12277522,15.5,1.2,1,3,Summer,2006.0,7.0,1,1,0
W0348,42.25214199,-73.12277522,14.7,0.6,1,3,Summer,2006.0,7.0,1,1,0
W0348,42.25214199,-73.12277522,14.3,0.2,1,3,Summer,2006.0,7.0,1,1,0
W0347,42.18359566,-73.04390073,24.3,7.5,1,2,Summer,2006.0,7.0,1,0,0
W0347,42.18359566,-73.04390073,24.3,7.5,1,2,Summer,2006.0,7.0,1,0,0
W0347,42.18359566,-73.04390073,21.0,8.9,1,2,Summer,2006.0,7.0,1,0,0
W0347,42.18359566,-73.04390073,18.7,9.1,1,2,Summer,2006.0,7.0,1,0,0
W0347,42.18359566,-73.04390073,18.2,8.7,1,2,Summer,2006.0,7.0,1,0,0
W0347,42.18359566,-73.04390073,17.8,6.7,1,2,Summer,2006.0,7.0,1,0,0
W0347,42.18359566,-73.04390073,17.1,4.8,1,3,Summer,2006.0,7.0,1,1,0
W0347,42.18359566,-73.04390073,16.6,3.6,1,3,Summer,2006.0,7.0,1,1,0
W0347,42.18359566,-73.04390073,16.0,1.4,1,3,Summer,2006.0,7.0,1,1,0
W1750,42.18062732,-72.69799702,26.8,8.2,1,2,Summer,2006.0,7.0,1,0,0
W1750,42.18062732,-72.69799702,26.6,8.2,1,2,Summer,2006.0,7.0,1,0,0
W1750,42.18062732,-72.69799702,26.4,7.0,1,2,Summer,2006.0,7.0,1,0,0
W1751,42.18432523,-72.69383159,27.4,8.6,1,2,Summer,2006.0,7.0,1,0,0
W1751,42.18432523,-72.69383159,26.8,8.4,1,2,Summer,2006.0,7.0,1,0,0
W1751,42.18432523,-72.69383159,26.8,8.2,1,2,Summer,2006.0,7.0,1,0,0
W1751,42.18432523,-72.69383159,23.5,3.3,1,3,Summer,2006.0,7.0,1,1,0
W1751,42.18432523,-72.69383159,19.2,0.6,1,3,Summer,2006.0,7.0,1,1,0
W1749,42.17533934,-72.69712736,27.2,9.6,1,2,Summer,2006.0,7.0,1,0,0
W1749,42.17533934,-72.69712736,26.6,4.6,1,4,Summer,2006.0,7.0,1,1,1
W1752,42.1709534,-72.70321114,26.3,6.1,1,2,Summer,2006.0,7.0,1,0,0
W1752,42.1709534,-72.70321114,25.2,2.6,1,4,Summer,2006.0,7.0,1,1,1
W1752,42.1709534,-72.70321114,22.0,0.3,1,3,Summer,2006.0,7.0,1,1,0
W1752,42.1709534,-72.70321114,15.6,2.5,1,3,Summer,2006.0,7.0,1,1,0
W1293,42.53700951,-72.97936418,25.5,7.2,1,2,Summer,2006.0,7.0,1,0,0
W1293,42.53700951,-72.97936418,25.2,7.1,1,2,Summer,2006.0,7.0,1,0,0
W1293,42.53700951,-72.97936418,24.7,6.7,1,2,Summer,2006.0,7.0,1,0,0
W1293,42.53700951,-72.97936418,22.6,7.5,1,2,Summer,2006.0,7.0,1,0,0
W1293,42.53700951,-72.97936418,18.6,4.8,1,3,Summer,2006.0,7.0,1,1,0
W1293,42.53700951,-72.97936418,16.6,5.1,1,2,Summer,2006.0,7.0,1,0,0
W1293,42.53700951,-72.97936418,14.7,5.0,1,2,Summer,2006.0,7.0,1,0,0
W1293,42.53700951,-72.97936418,10.8,4.6,1,3,Summer,2006.0,7.0,1,1,0
W1293,42.53700951,-72.97936418,6.7,2.2,1,3,Summer,2006.0,7.0,1,1,0
W1293,42.53700951,-72.97936418,6.3,1.0,1,3,Summer,2006.0,7.0,1,1,0
W1293,42.53700951,-72.97936418,7.9,3.2,1,3,Summer,2006.0,7.0,1,1,0
W1748,42.18134726,-73.11783511,25.6,6.4,1,2,Summer,2006.0,8.0,1,0,0
W1748,42.18134726,-73.11783511,25.2,4.9,1,4,Summer,2006.0,8.0,1,1,1
W1748,42.18134726,-73.11783511,18.1,0.3,1,3,Summer,2006.0,8.0,1,1,0
W1748,42.18134726,-73.11783511,6.2,0.2,1,3,Summer,2006.0,8.0,1,1,0
W1747,42.09569036,-73.18158829,25.9,7.0,0,1,Summer,2006.0,8.0,1,0,0
W1747,42.09569036,-73.18158829,25.9,7.0,0,1,Summer,2006.0,8.0,1,0,0
W1747,42.09569036,-73.18158829,25.8,6.9,0,1,Summer,2006.0,8.0,1,0,0
W1747,42.09569036,-73.18158829,19.0,0.3,0,2,Summer,2006.0,8.0,1,1,0
W0348,42.25214199,-73.12277522,23.0,7.5,1,2,Summer,2006.0,8.0,1,0,0
W0348,42.25214199,-73.12277522,23.0,7.5,1,2,Summer,2006.0,8.0,1,0,0
W0348,42.25214199,-73.12277522,23.0,7.5,1,2,Summer,2006.0,8.0,1,0,0
W0348,42.25214199,-73.12277522,22.5,6.5,1,2,Summer,2006.0,8.0,1,0,0
W0348,42.25214199,-73.12277522,21.0,3.7,1,3,Summer,2006.0,8.0,1,1,0
W0348,42.25214199,-73.12277522,16.3,0.3,1,3,Summer,2006.0,8.0,1,1,0
W0347,42.18359566,-73.04390073,23.8,8.1,1,2,Summer,2006.0,8.0,1,0,0
W0347,42.18359566,-73.04390073,23.8,8.1,1,2,Summer,2006.0,8.0,1,0,0
W0347,42.18359566,-73.04390073,23.8,8.1,1,2,Summer,2006.0,8.0,1,0,0
W0347,42.18359566,-73.04390073,23.8,8.1,1,2,Summer,2006.0,8.0,1,0,0
W0347,42.18359566,-73.04390073,23.3,8.0,1,2,Summer,2006.0,8.0,1,0,0
W0347,42.18359566,-73.04390073,23.1,7.6,1,2,Summer,2006.0,8.0,1,0,0
W0347,42.18359566,-73.04390073,18.6,3.2,1,3,Summer,2006.0,8.0,1,1,0
W0347,42.18359566,-73.04390073,16.3,0.3,1,3,Summer,2006.0,8.0,1,1,0
W1293,42.53700951,-72.97936418,19.8,8.5,1,2,Summer,2006.0,8.0,1,0,0
W1293,42.53700951,-72.97936418,19.4,7.9,1,2,Summer,2006.0,8.0,1,0,0
W1293,42.53700951,-72.97936418,19.0,6.9,1,2,Summer,2006.0,8.0,1,0,0
W1293,42.53700951,-72.97936418,17.8,5.0,1,2,Summer,2006.0,8.0,1,0,0
W1293,42.53700951,-72.97936418,13.7,2.8,1,3,Summer,2006.0,8.0,1,1,0
W1293,42.53700951,-72.97936418,11.8,2.8,1,3,Summer,2006.0,8.0,1,1,0
W1293,42.53700951,-72.97936418,9.0,1.5,1,3,Summer,2006.0,8.0,1,1,0
W1293,42.53700951,-72.97936418,7.0,0.5,1,3,Summer,2006.0,8.0,1,1,0
W1750,42.18062732,-72.69799702,22.2,6.2,1,2,Summer,2006.0,8.0,1,0,0
W1750,42.18062732,-72.69799702,22.2,6.0,1,2,Summer,2006.0,8.0,1,0,0
W1750,42.18062732,-72.69799702,22.2,6.0,1,2,Summer,2006.0,8.0,1,0,0
W1750,42.18062732,-72.69799702,21.9,1.9,1,3,Summer,2006.0,8.0,1,1,0
W1750,42.18062732,-72.69799702,21.7,2.7,1,3,Summer,2006.0,8.0,1,1,0
W1751,42.18432523,-72.69383159,21.7,5.7,1,2,Summer,2006.0,8.0,1,0,0
W1751,42.18432523,-72.69383159,21.7,5.6,1,2,Summer,2006.0,8.0,1,0,0
W1751,42.18432523,-72.69383159,21.7,5.6,1,2,Summer,2006.0,8.0,1,0,0
W1751,42.18432523,-72.69383159,21.7,5.2,1,2,Summer,2006.0,8.0,1,0,0
W1751,42.18432523,-72.69383159,21.5,2.6,1,3,Summer,2006.0,8.0,1,1,0
W1749,42.17533934,-72.69712736,21.6,4.4,1,3,Summer,2006.0,8.0,1,1,0
W1749,42.17533934,-72.69712736,21.4,4.7,1,3,Summer,2006.0,8.0,1,1,0
W1749,42.17533934,-72.69712736,21.2,5.0,1,2,Summer,2006.0,8.0,1,0,0
W1752,42.1709534,-72.70321114,21.6,6.1,1,2,Summer,2006.0,8.0,1,0,0
W1752,42.1709534,-72.70321114,21.2,5.5,1,2,Summer,2006.0,8.0,1,0,0
W1752,42.1709534,-72.70321114,20.5,3.1,1,3,Summer,2006.0,8.0,1,1,0
W1752,42.1709534,-72.70321114,17.4,0.7,1,3,Summer,2006.0,8.0,1,1,0
W1748,42.18134726,-73.11783511,18.2,8.1,1,1,Fall,2006.0,9.0,0,0,0
W1748,42.18134726,-73.11783511,17.7,8.0,1,1,Fall,2006.0,9.0,0,0,0
W1748,42.18134726,-73.11783511,17.2,7.3,1,1,Fall,2006.0,9.0,0,0,0
W1748,42.18134726,-73.11783511,16.0,1.9,1,2,Fall,2006.0,9.0,0,1,0
W1748,42.18134726,-73.11783511,13.0,0.2,1,2,Fall,2006.0,9.0,0,1,0
W1747,42.09569036,-73.18158829,19.7,8.3,1,1,Fall,2006.0,9.0,0,0,0
W1747,42.09569036,-73.18158829,18.3,8.3,1,1,Fall,2006.0,9.0,0,0,0
W1747,42.09569036,-73.18158829,17.7,8.1,1,1,Fall,2006.0,9.0,0,0,0
W1747,42.09569036,-73.18158829,17.4,7.1,1,1,Fall,2006.0,9.0,0,0,0
W1747,42.09569036,-73.18158829,17.4,7.0,1,1,Fall,2006.0,9.0,0,0,0
W0347,42.18359566,-73.04390073,20.0,8.2,1,1,Fall,2006.0,9.0,0,0,0
W0347,42.18359566,-73.04390073,19.8,8.2,1,1,Fall,2006.0,9.0,0,0,0
W0347,42.18359566,-73.04390073,18.8,8.2,1,1,Fall,2006.0,9.0,0,0,0
W0347,42.18359566,-73.04390073,18.6,8.1,1,1,Fall,2006.0,9.0,0,0,0
W0347,42.18359566,-73.04390073,18.6,8.0,1,1,Fall,2006.0,9.0,0,0,0
W0347,42.18359566,-73.04390073,18.5,7.8,1,1,Fall,2006.0,9.0,0,0,0
W0347,42.18359566,-73.04390073,18.4,7.3,1,1,Fall,2006.0,9.0,0,0,0
W0347,42.18359566,-73.04390073,18.2,5.5,1,1,Fall,2006.0,9.0,0,0,0
W0348,42.25214199,-73.12277522,19.1,7.4,1,1,Fall,2006.0,9.0,0,0,0
W0348,42.25214199,-73.12277522,18.6,7.2,1,1,Fall,2006.0,9.0,0,0,0
W0348,42.25214199,-73.12277522,18.4,6.8,1,1,Fall,2006.0,9.0,0,0,0
W0348,42.25214199,-73.12277522,18.3,6.6,1,1,Fall,2006.0,9.0,0,0,0
W0348,42.25214199,-73.12277522,18.2,5.4,1,1,Fall,2006.0,9.0,0,0,0
W1293,42.53700951,-72.97936418,17.8,9.0,1,1,Fall,2006.0,9.0,0,0,0
W1293,42.53700951,-72.97936418,17.6,9.1,1,1,Fall,2006.0,9.0,0,0,0
W1293,42.53700951,-72.97936418,17.2,8.4,1,1,Fall,2006.0,9.0,0,0,0
W1293,42.53700951,-72.97936418,16.5,6.6,1,1,Fall,2006.0,9.0,0,0,0
W1293,42.53700951,-72.97936418,16.1,5.7,1,1,Fall,2006.0,9.0,0,0,0
W1293,42.53700951,-72.97936418,13.5,1.7,1,2,Fall,2006.0,9.0,0,1,0
W1293,42.53700951,-72.97936418,8.0,0.8,1,2,Fall,2006.0,9.0,0,1,0
W1750,42.18062732,-72.69799702,20.8,8.8,1,1,Fall,2006.0,9.0,0,0,0
W1750,42.18062732,-72.69799702,20.7,8.8,1,1,Fall,2006.0,9.0,0,0,0
W1750,42.18062732,-72.69799702,20.6,9.1,1,1,Fall,2006.0,9.0,0,0,0
W1750,42.18062732,-72.69799702,20.6,9.0,1,1,Fall,2006.0,9.0,0,0,0
W1750,42.18062732,-72.69799702,20.3,3.8,1,2,Fall,2006.0,9.0,0,1,0
W1751,42.18432523,-72.69383159,20.3,9.0,1,1,Fall,2006.0,9.0,0,0,0
W1751,42.18432523,-72.69383159,20.3,9.0,1,1,Fall,2006.0,9.0,0,0,0
W1751,42.18432523,-72.69383159,20.3,8.9,1,1,Fall,2006.0,9.0,0,0,0
W1751,42.18432523,-72.69383159,20.3,8.8,1,1,Fall,2006.0,9.0,0,0,0
W1751,42.18432523,-72.69383159,20.3,8.8,1,1,Fall,2006.0,9.0,0,0,0
W1751,42.18432523,-72.69383159,19.0,0.3,1,2,Fall,2006.0,9.0,0,1,0
W1749,42.17533934,-72.69712736,20.4,7.6,1,1,Fall,2006.0,9.0,0,0,0
W1749,42.17533934,-72.69712736,20.2,7.6,1,1,Fall,2006.0,9.0,0,0,0
W1749,42.17533934,-72.69712736,19.8,7.5,1,1,Fall,2006.0,9.0,0,0,0
W1749,42.17533934,-72.69712736,19.9,5.2,1,1,Fall,2006.0,9.0,0,0,0
W1752,42.1709534,-72.70321114,20.6,6.7,1,1,Fall,2006.0,9.0,0,0,0
W1752,42.1709534,-72.70321114,20.3,6.7,1,1,Fall,2006.0,9.0,0,0,0
W1752,42.1709534,-72.70321114,19.1,5.2,1,1,Fall,2006.0,9.0,0,0,0
W1752,42.1709534,-72.70321114,18.8,4.9,1,2,Fall,2006.0,9.0,0,1,0
W1752,42.1709534,-72.70321114,17.4,0.2,1,2,Fall,2006.0,9.0,0,1,0
W0481,42.4951686,-71.72192464,2.6,13.6,1,1,Winter,2006.0,1.0,0,0,0
W0681,42.44473811,-71.67198789,2.9,13.6,1,1,Winter,2006.0,1.0,0,0,0
W0487,42.62094186,-71.64380951,1.1,13.8,1,1,Winter,2006.0,1.0,0,0,0
W0485,42.66968673,-71.56776529,1.5,14.6,1,1,Winter,2006.0,1.0,0,0,0
W0496,42.62647657,-71.59314962,1.8,13.5,1,1,Winter,2006.0,1.0,0,0,0
W0490,42.26477944,-72.00491606,0.5,13.3,1,1,Winter,2006.0,1.0,0,0,0
W0494,42.39121389,-72.0645552,0.1,14.2,1,1,Winter,2006.0,1.0,0,0,0
W0493,42.26797538,-72.33276108,3.7,13.1,1,1,Winter,2006.0,1.0,0,0,0
W0492,42.23872578,-72.285755,0.8,14.0,1,1,Winter,2006.0,1.0,0,0,0
W0491,42.18142994,-72.26354268,2.3,13.5,1,1,Winter,2006.0,1.0,0,0,0
W0601,42.10956147,-72.11856925,1.4,13.6,1,1,Winter,2006.0,1.0,0,0,0
W0615,42.11947322,-72.00870444,2.1,13.6,0,0,Winter,2006.0,1.0,0,0,0
W0600,42.02202663,-71.9543561,1.6,14.0,1,1,Winter,2006.0,1.0,0,0,0
W0602,42.05094532,-71.88507359,1.9,13.5,1,1,Winter,2006.0,1.0,0,0,0
W0691,42.58812535,-72.04099473,0.3,13.2,1,1,Winter,2006.0,2.0,0,0,0
W0692,42.62969793,-72.15035652,0.3,13.9,1,1,Winter,2006.0,2.0,0,0,0
W0693,42.68279648,-72.11503734,0.2,12.0,1,1,Winter,2006.0,2.0,0,0,0
W0694,42.6723218,-72.09305542,1.2,14.0,1,1,Winter,2006.0,2.0,0,0,0
W0695,42.30485304,-71.62845076,2.2,12.6,1,1,Winter,2006.0,2.0,0,0,0
W0696,42.32543468,-71.39736431,1.6,14.7,1,1,Winter,2006.0,2.0,0,0,0
W0697,42.43206352,-71.44974106,0.8,14.8,1,1,Winter,2006.0,2.0,0,0,0
W0698,42.51227518,-71.40458554,0.4,12.5,1,1,Winter,2006.0,2.0,0,0,0
W0679,42.63670884,-71.3017484,1.1,15.0,1,1,Winter,2006.0,2.0,0,0,0
W0680,42.22778189,-71.78735524,2.5,14.3,1,1,Winter,2006.0,2.0,0,0,0
W0688,42.02298331,-71.57206082,2.0,13.9,1,1,Winter,2006.0,2.0,0,0,0
W0515,42.1003609,-71.60111703,0.9,13.2,1,1,Winter,2006.0,2.0,0,0,0
W0767,42.153873,-71.65203977,3.6,14.3,1,1,Winter,2006.0,2.0,0,0,0
W0689,42.23053792,-71.70809238,2.0,14.3,1,1,Winter,2006.0,2.0,0,0,0
W0481,42.4951686,-71.72192464,6.2,12.0,1,1,Spring,2006.0,3.0,0,0,0
W0681,42.44473811,-71.67198789,6.2,11.6,1,1,Spring,2006.0,3.0,0,0,0
W0487,42.62094186,-71.64380951,4.5,12.7,1,1,Spring,2006.0,3.0,0,0,0
W0485,42.66968673,-71.56776529,6.0,13.2,1,1,Spring,2006.0,3.0,0,0,0
W0496,42.62647657,-71.59314962,6.3,12.0,1,1,Spring,2006.0,3.0,0,0,0
W0490,42.26477944,-72.00491606,2.9,13.2,1,1,Spring,2006.0,3.0,0,0,0
W0494,42.39121389,-72.0645552,3.1,13.2,1,1,Spring,2006.0,3.0,0,0,0
W0493,42.26797538,-72.33276108,2.2,14.4,1,1,Spring,2006.0,3.0,0,0,0
W0492,42.23872578,-72.285755,4.1,13.5,1,1,Spring,2006.0,3.0,0,0,0
W0491,42.18142994,-72.26354268,5.5,13.6,1,1,Spring,2006.0,3.0,0,0,0
W0601,42.10956147,-72.11856925,3.0,13.9,1,1,Spring,2006.0,3.0,0,0,0
W0615,42.11947322,-72.00870444,2.4,15.9,1,1,Spring,2006.0,3.0,0,0,0
W0600,42.02202663,-71.9543561,4.2,14.4,1,1,Spring,2006.0,3.0,0,0,0
W0602,42.05094532,-71.88507359,4.6,13.6,1,1,Spring,2006.0,3.0,0,0,0
W0690,42.59751119,-72.43783955,5.8,12.9,1,1,Spring,2006.0,4.0,0,0,0
W0691,42.58812535,-72.04099473,4.7,12.4,1,1,Spring,2006.0,4.0,0,0,0
W0692,42.62969793,-72.15035652,5.2,12.5,1,1,Spring,2006.0,4.0,0,0,0
W0693,42.68279648,-72.11503734,3.4,11.2,1,1,Spring,2006.0,4.0,0,0,0
W0694,42.6723218,-72.09305542,5.2,12.6,1,1,Spring,2006.0,4.0,0,0,0
W0695,42.30485304,-71.62845076,10.0,9.3,1,1,Spring,2006.0,4.0,0,0,0
W0696,42.32543468,-71.39736431,11.6,11.8,1,1,Spring,2006.0,4.0,0,0,0
W0697,42.43206352,-71.44974106,11.8,12.8,1,1,Spring,2006.0,4.0,0,0,0
W0698,42.51227518,-71.40458554,10.1,10.2,1,1,Spring,2006.0,4.0,0,0,0
W0679,42.63670884,-71.3017484,11.4,11.9,1,1,Spring,2006.0,4.0,0,0,0
W0680,42.22778189,-71.78735524,10.0,11.2,1,1,Spring,2006.0,4.0,0,0,0
W0688,42.02298331,-71.57206082,10.3,9.9,1,1,Spring,2006.0,4.0,0,0,0
W0515,42.1003609,-71.60111703,9.8,9.9,1,1,Spring,2006.0,4.0,0,0,0
W0767,42.153873,-71.65203977,11.6,11.0,1,1,Spring,2006.0,4.0,0,0,0
W0689,42.23053792,-71.70809238,11.6,10.8,1,1,Spring,2006.0,4.0,0,0,0
W0481,42.4951686,-71.72192464,12.3,10.0,1,1,Spring,2006.0,5.0,0,0,0
W0681,42.44473811,-71.67198789,11.7,9.9,1,1,Spring,2006.0,5.0,0,0,0
W0487,42.62094186,-71.64380951,12.8,9.5,1,1,Spring,2006.0,5.0,0,0,0
W0485,42.66968673,-71.56776529,14.6,9.5,1,1,Spring,2006.0,5.0,0,0,0
W0496,42.62647657,-71.59314962,14.2,9.4,1,1,Spring,2006.0,5.0,0,0,0
W0490,42.26477944,-72.00491606,10.9,10.4,1,1,Spring,2006.0,5.0,0,0,0
W0494,42.39121389,-72.0645552,10.2,10.4,1,1,Spring,2006.0,5.0,0,0,0
W0493,42.26797538,-72.33276108,10.7,11.1,1,1,Spring,2006.0,5.0,0,0,0
W0492,42.23872578,-72.285755,10.7,10.6,1,1,Spring,2006.0,5.0,0,0,0
W0491,42.18142994,-72.26354268,11.4,10.8,1,1,Spring,2006.0,5.0,0,0,0
W0601,42.10956147,-72.11856925,11.7,10.2,1,1,Spring,2006.0,5.0,0,0,0
W0615,42.11947322,-72.00870444,11.5,10.9,1,1,Spring,2006.0,5.0,0,0,0
W0057,42.02769615,-71.95951089,11.3,11.2,1,1,Spring,2006.0,5.0,0,0,0
W0602,42.05094532,-71.88507359,11.8,10.8,1,1,Spring,2006.0,5.0,0,0,0
W0690,42.59751119,-72.43783955,18.1,9.6,1,2,Summer,2006.0,6.0,1,0,0
W0691,42.58812535,-72.04099473,19.0,7.9,1,2,Summer,2006.0,6.0,1,0,0
W0692,42.62969793,-72.15035652,18.1,8.7,1,2,Summer,2006.0,6.0,1,0,0
W0693,42.68279648,-72.11503734,18.3,6.2,1,2,Summer,2006.0,6.0,1,0,0
W0694,42.6723218,-72.09305542,18.5,9.0,1,2,Summer,2006.0,6.0,1,0,0
W0695,42.30485304,-71.62845076,18.8,7.8,1,2,Summer,2006.0,6.0,1,0,0
W0696,42.32543468,-71.39736431,18.7,9.7,1,2,Summer,2006.0,6.0,1,0,0
W0697,42.43206352,-71.44974106,20.3,8.3,1,2,Summer,2006.0,6.0,1,0,0
W0698,42.51227518,-71.40458554,18.5,7.1,1,2,Summer,2006.0,6.0,1,0,0
W0679,42.63670884,-71.3017484,20.1,8.5,1,2,Summer,2006.0,6.0,1,0,0
W0680,42.22778189,-71.78735524,22.0,7.9,1,2,Summer,2006.0,6.0,1,0,0
W0688,42.02298331,-71.57206082,22.3,7.6,1,2,Summer,2006.0,6.0,1,0,0
W0515,42.1003609,-71.60111703,21.9,4.2,1,3,Summer,2006.0,6.0,1,1,0
W0767,42.153873,-71.65203977,22.2,8.1,1,2,Summer,2006.0,6.0,1,0,0
W0689,42.23053792,-71.70809238,25.6,7.5,1,2,Summer,2006.0,6.0,1,0,0
W0490,42.26477944,-72.00491606,22.0,7.8,1,2,Summer,2006.0,7.0,1,0,0
W0494,42.39121389,-72.0645552,22.9,8.5,1,2,Summer,2006.0,7.0,1,0,0
W0493,42.26797538,-72.33276108,18.6,9.6,1,2,Summer,2006.0,7.0,1,0,0
W0492,42.23872578,-72.285755,23.8,8.3,1,2,Summer,2006.0,7.0,1,0,0
W0491,42.18142994,-72.26354268,24.7,8.3,1,2,Summer,2006.0,7.0,1,0,0
W0481,42.4951686,-71.72192464,21.1,7.5,1,2,Summer,2006.0,7.0,1,0,0
W0681,42.44473811,-71.67198789,16.4,8.8,1,2,Summer,2006.0,7.0,1,0,0
W0487,42.62094186,-71.64380951,21.3,5.8,1,2,Summer,2006.0,7.0,1,0,0
W0485,42.66968673,-71.56776529,22.6,6.6,1,2,Summer,2006.0,7.0,1,0,0
W0496,42.62647657,-71.59314962,21.5,6.2,1,2,Summer,2006.0,7.0,1,0,0
W0601,42.10956147,-72.11856925,27.4,7.2,1,2,Summer,2006.0,7.0,1,0,0
W0615,42.11947322,-72.00870444,22.7,8.6,1,2,Summer,2006.0,7.0,1,0,0
W0600,42.02202663,-71.9543561,26.6,8.0,1,2,Summer,2006.0,7.0,1,0,0
W0602,42.05094532,-71.88507359,26.6,7.7,1,2,Summer,2006.0,7.0,1,0,0
W0690,42.59751119,-72.43783955,23.3,8.6,1,2,Summer,2006.0,8.0,1,0,0
W0691,42.58812535,-72.04099473,22.4,7.6,1,2,Summer,2006.0,8.0,1,0,0
W0692,42.62969793,-72.15035652,24.1,7.8,1,2,Summer,2006.0,8.0,1,0,0
W0693,42.68279648,-72.11503734,23.0,4.8,1,3,Summer,2006.0,8.0,1,1,0
W0694,42.6723218,-72.09305542,22.9,7.2,1,2,Summer,2006.0,8.0,1,0,0
W0695,42.30485304,-71.62845076,20.2,5.5,1,2,Summer,2006.0,8.0,1,0,0
W0696,42.32543468,-71.39736431,23.4,7.3,1,2,Summer,2006.0,8.0,1,0,0
W0697,42.43206352,-71.44974106,25.2,7.9,1,2,Summer,2006.0,8.0,1,0,0
W0324,42.45888846,-71.3973783,25.1,7.2,1,2,Summer,2006.0,8.0,1,0,0
W0679,42.63670884,-71.3017484,26.1,9.8,1,2,Summer,2006.0,8.0,1,0,0
W0680,42.22778189,-71.78735524,18.1,9.0,1,2,Summer,2006.0,8.0,1,0,0
W1596,42.02194765,-71.56822441,18.2,8.3,1,2,Summer,2006.0,8.0,1,0,0
W0506,42.1542015,-71.65266243,19.4,8.6,1,2,Summer,2006.0,8.0,1,0,0
W0481,42.4951686,-71.72192464,14.8,8.7,1,1,Fall,2006.0,9.0,0,0,0
W0681,42.44473811,-71.67198789,13.8,9.3,1,1,Fall,2006.0,9.0,0,0,0
W0487,42.62094186,-71.64380951,14.7,6.5,1,1,Fall,2006.0,9.0,0,0,0
W0485,42.66968673,-71.56776529,17.3,7.7,1,1,Fall,2006.0,9.0,0,0,0
W0496,42.62647657,-71.59314962,15.8,6.6,1,1,Fall,2006.0,9.0,0,0,0
W0601,42.10956147,-72.11856925,16.7,9.4,1,1,Fall,2006.0,9.0,0,0,0
W0615,42.11947322,-72.00870444,10.6,11.6,1,1,Fall,2006.0,9.0,0,0,0
W0600,42.02202663,-71.9543561,14.8,10.8,1,1,Fall,2006.0,9.0,0,0,0
W0602,42.05094532,-71.88507359,15.8,10.0,1,1,Fall,2006.0,9.0,0,0,0
W0490,42.26477944,-72.00491606,13.4,10.2,1,1,Fall,2006.0,10.0,0,0,0
W0494,42.39121389,-72.0645552,14.1,10.5,1,1,Fall,2006.0,10.0,0,0,0
W0493,42.26797538,-72.33276108,13.4,11.2,1,1,Fall,2006.0,10.0,0,0,0
W0492,42.23872578,-72.285755,15.5,10.6,1,1,Fall,2006.0,10.0,0,0,0
W0491,42.18142994,-72.26354268,16.8,10.9,1,1,Fall,2006.0,10.0,0,0,0
W0690,42.59751119,-72.43783955,12.1,11.2,1,1,Fall,2006.0,10.0,0,0,0
W0691,42.58812535,-72.04099473,13.1,9.2,1,1,Fall,2006.0,10.0,0,0,0
W0692,42.62969793,-72.15035652,12.9,10.4,1,1,Fall,2006.0,10.0,0,0,0
W0693,42.68279648,-72.11503734,11.0,7.5,1,1,Fall,2006.0,10.0,0,0,0
W0694,42.6723218,-72.09305542,13.1,8.7,1,1,Fall,2006.0,10.0,0,0,0
W0695,42.30485304,-71.62845076,15.1,6.6,1,1,Fall,2006.0,10.0,0,0,0
W0696,42.32543468,-71.39736431,14.2,9.2,1,1,Fall,2006.0,10.0,0,0,0
W0697,42.43206352,-71.44974106,15.2,9.0,1,1,Fall,2006.0,10.0,0,0,0
W0324,42.45888846,-71.3973783,14.9,8.8,1,1,Fall,2006.0,10.0,0,0,0
W0679,42.63670884,-71.3017484,16.0,9.9,1,1,Fall,2006.0,10.0,0,0,0
W0680,42.22778189,-71.78735524,12.5,10.0,1,1,Fall,2006.0,10.0,0,0,0
W1596,42.02194765,-71.56822441,11.6,9.7,1,1,Fall,2006.0,10.0,0,0,0
W0515,42.1003609,-71.60111703,10.0,8.2,1,1,Fall,2006.0,10.0,0,0,0
W0506,42.1542015,-71.65266243,13.7,9.8,1,1,Fall,2006.0,10.0,0,0,0
W0689,42.23053792,-71.70809238,11.4,10.5,1,1,Fall,2006.0,10.0,0,0,0
W0481,42.4951686,-71.72192464,10.1,10.7,1,1,Fall,2006.0,11.0,0,0,0
W0681,42.44473811,-71.67198789,10.8,9.2,1,1,Fall,2006.0,11.0,0,0,0
W0487,42.62094186,-71.64380951,8.1,10.8,1,1,Fall,2006.0,11.0,0,0,0
W0485,42.66968673,-71.56776529,8.4,10.7,1,1,Fall,2006.0,11.0,0,0,0
W0496,42.62647657,-71.59314962,8.8,10.6,1,1,Fall,2006.0,11.0,0,0,0
W0490,42.26477944,-72.00491606,3.9,12.8,1,1,Fall,2006.0,11.0,0,0,0
W0494,42.39121389,-72.0645552,4.2,13.6,1,1,Fall,2006.0,11.0,0,0,0
W0493,42.26797538,-72.33276108,11.2,10.9,1,1,Fall,2006.0,11.0,0,0,0
W0492,42.23872578,-72.285755,5.6,12.7,1,1,Fall,2006.0,11.0,0,0,0
W0491,42.18142994,-72.26354268,6.1,13.1,1,1,Fall,2006.0,11.0,0,0,0
W0601,42.10956147,-72.11856925,6.8,12.4,1,1,Fall,2006.0,11.0,0,0,0
W0615,42.11947322,-72.00870444,8.6,11.9,1,1,Fall,2006.0,11.0,0,0,0
W0600,42.02202663,-71.9543561,7.7,12.3,1,1,Fall,2006.0,11.0,0,0,0
W0602,42.05094532,-71.88507359,7.6,12.3,1,1,Fall,2006.0,11.0,0,0,0
W1361,42.5040765,-72.74702067,6.2,12.8,0,0,Spring,2005.0,5.0,0,0,0
W1362,42.4841721,-72.7542118,7.2,12.6,0,0,Spring,2005.0,5.0,0,0,0
W1325,42.50846668,-72.77584847,8.1,12.4,0,0,Spring,2005.0,5.0,0,0,0
W1361,42.5040765,-72.74702067,15.9,8.9,0,1,Summer,2005.0,6.0,1,0,0
W1362,42.4841721,-72.7542118,15.8,9.0,0,1,Summer,2005.0,6.0,1,0,0
W1325,42.50846668,-72.77584847,13.9,10.0,0,1,Summer,2005.0,6.0,1,0,0
W0013,42.52187793,-72.78051044,13.4,8.3,0,1,Summer,2005.0,6.0,1,0,0
W1363,42.55526318,-72.65917193,16.4,8.7,0,1,Summer,2005.0,6.0,1,0,0
W1345,42.58945452,-72.63359083,14.8,9.4,0,1,Summer,2005.0,6.0,1,0,0
W1351,42.67371332,-72.71882576,13.8,10.3,0,1,Summer,2005.0,6.0,1,0,0
W0029,42.61342804,-72.76746064,15.2,9.9,0,1,Summer,2005.0,6.0,1,0,0
W0026,42.61318632,-72.76875254,14.5,10.5,0,1,Summer,2005.0,6.0,1,0,0
W0035,42.62455322,-72.88079407,14.2,10.4,0,1,Summer,2005.0,6.0,1,0,0
W1348,42.66589546,-72.72298808,15.7,10.7,1,2,Summer,2005.0,6.0,1,0,0
W1347,42.66988592,-72.71885779,16.8,10.3,1,2,Summer,2005.0,6.0,1,0,0
W0026,42.61318632,-72.76875254,16.1,10.6,1,2,Summer,2005.0,6.0,1,0,0
W0029,42.61342804,-72.76746064,15.9,10.2,1,2,Summer,2005.0,6.0,1,0,0
W0040,42.63010011,-72.90142656,18.6,10.0,1,2,Summer,2005.0,6.0,1,0,0
W1325,42.50846668,-72.77584847,16.7,9.8,1,2,Summer,2005.0,6.0,1,0,0
W1362,42.4841721,-72.7542118,18.1,9.4,1,2,Summer,2005.0,6.0,1,0,0
W1361,42.5040765,-72.74702067,21.3,8.7,1,2,Summer,2005.0,6.0,1,0,0
W1348,42.66589546,-72.72298808,18.8,9.8,1,2,Summer,2005.0,7.0,1,0,0
W1347,42.66988592,-72.71885779,19.1,9.7,1,2,Summer,2005.0,7.0,1,0,0
W0026,42.61318632,-72.76875254,19.6,9.9,1,2,Summer,2005.0,7.0,1,0,0
W0029,42.61342804,-72.76746064,19.4,9.2,1,2,Summer,2005.0,7.0,1,0,0
W0040,42.63010011,-72.90142656,19.3,9.6,1,2,Summer,2005.0,7.0,1,0,0
W1325,42.50846668,-72.77584847,18.9,9.1,1,2,Summer,2005.0,7.0,1,0,0
W1362,42.4841721,-72.7542118,20.1,9.1,1,2,Summer,2005.0,7.0,1,0,0
W1361,42.5040765,-72.74702067,22.2,8.5,1,2,Summer,2005.0,7.0,1,0,0
W1361,42.5040765,-72.74702067,18.9,8.4,0,1,Summer,2005.0,7.0,1,0,0
W1361,42.5040765,-72.74702067,20.4,7.8,0,1,Summer,2005.0,7.0,1,0,0
W1362,42.4841721,-72.7542118,18.6,8.6,0,1,Summer,2005.0,7.0,1,0,0
W1362,42.4841721,-72.7542118,19.6,8.3,0,1,Summer,2005.0,7.0,1,0,0
W1325,42.50846668,-72.77584847,17.7,9.1,0,1,Summer,2005.0,7.0,1,0,0
W1325,42.50846668,-72.77584847,18.5,8.9,0,1,Summer,2005.0,7.0,1,0,0
W0013,42.52187793,-72.78051044,15.9,8.6,0,1,Summer,2005.0,7.0,1,0,0
W0013,42.52187793,-72.78051044,16.0,8.3,0,1,Summer,2005.0,7.0,1,0,0
W1363,42.55526318,-72.65917193,19.7,8.1,0,1,Summer,2005.0,7.0,1,0,0
W1363,42.55526318,-72.65917193,21.5,7.1,0,1,Summer,2005.0,7.0,1,0,0
W1345,42.58945452,-72.63359083,18.1,8.4,0,1,Summer,2005.0,7.0,1,0,0
W1345,42.58945452,-72.63359083,18.6,7.2,0,1,Summer,2005.0,7.0,1,0,0
W1351,42.67371332,-72.71882576,17.1,9.6,0,1,Summer,2005.0,7.0,1,0,0
W1351,42.67371332,-72.71882576,17.6,8.6,0,1,Summer,2005.0,7.0,1,0,0
W0029,42.61342804,-72.76746064,19.0,9.3,0,1,Summer,2005.0,7.0,1,0,0
W0029,42.61342804,-72.76746064,20.4,8.1,0,1,Summer,2005.0,7.0,1,0,0
W0026,42.61318632,-72.76875254,19.3,8.5,0,1,Summer,2005.0,7.0,1,0,0
W0026,42.61318632,-72.76875254,19.1,8.3,0,1,Summer,2005.0,7.0,1,0,0
W0035,42.62455322,-72.88079407,18.3,9.0,0,1,Summer,2005.0,7.0,1,0,0
W0035,42.62455322,-72.88079407,18.7,8.6,0,1,Summer,2005.0,7.0,1,0,0
W1361,42.5040765,-72.74702067,19.5,7.6,0,1,Summer,2005.0,8.0,1,0,0
W1361,42.5040765,-72.74702067,19.7,7.9,0,1,Summer,2005.0,8.0,1,0,0
W1362,42.4841721,-72.7542118,18.4,8.6,0,1,Summer,2005.0,8.0,1,0,0
W1362,42.4841721,-72.7542118,19.7,8.6,0,1,Summer,2005.0,8.0,1,0,0
W1325,42.50846668,-72.77584847,18.2,9.4,0,1,Summer,2005.0,8.0,1,0,0
W1325,42.50846668,-72.77584847,18.6,8.4,0,1,Summer,2005.0,8.0,1,0,0
W0013,42.52187793,-72.78051044,15.6,8.2,0,1,Summer,2005.0,8.0,1,0,0
W0013,42.52187793,-72.78051044,16.3,7.6,0,1,Summer,2005.0,8.0,1,0,0
W0026,42.61318632,-72.76875254,19.6,8.6,0,1,Summer,2005.0,8.0,1,0,0
W0026,42.61318632,-72.76875254,18.9,8.3,0,1,Summer,2005.0,8.0,1,0,0
W0029,42.61342804,-72.76746064,19.2,7.7,0,1,Summer,2005.0,8.0,1,0,0
W0029,42.61342804,-72.76746064,19.0,8.5,0,1,Summer,2005.0,8.0,1,0,0
W0035,42.62455322,-72.88079407,18.5,8.4,0,1,Summer,2005.0,8.0,1,0,0
W0035,42.62455322,-72.88079407,18.3,8.3,0,1,Summer,2005.0,8.0,1,0,0
W1351,42.67371332,-72.71882576,17.9,8.6,0,1,Summer,2005.0,8.0,1,0,0
W1351,42.67371332,-72.71882576,17.4,8.5,0,1,Summer,2005.0,8.0,1,0,0
W1363,42.55526318,-72.65917193,19.8,7.4,0,1,Summer,2005.0,8.0,1,0,0
W1363,42.55526318,-72.65917193,19.0,7.5,0,1,Summer,2005.0,8.0,1,0,0
W1348,42.66589546,-72.72298808,17.8,9.8,1,2,Summer,2005.0,8.0,1,0,0
W1347,42.66988592,-72.71885779,18.8,9.6,1,2,Summer,2005.0,8.0,1,0,0
W0026,42.61318632,-72.76875254,17.6,9.8,1,2,Summer,2005.0,8.0,1,0,0
W0029,42.61342804,-72.76746064,18.0,9.5,1,2,Summer,2005.0,8.0,1,0,0
W0040,42.63010011,-72.90142656,17.8,9.8,1,2,Summer,2005.0,8.0,1,0,0
W1325,42.50846668,-72.77584847,17.8,9.4,1,2,Summer,2005.0,8.0,1,0,0
W1362,42.4841721,-72.7542118,18.1,9.3,1,2,Summer,2005.0,8.0,1,0,0
W1361,42.5040765,-72.74702067,21.5,8.8,1,2,Summer,2005.0,8.0,1,0,0
W1348,42.66589546,-72.72298808,15.0,10.5,1,1,Fall,2005.0,9.0,0,0,0
W1347,42.66988592,-72.71885779,16.2,10.1,1,1,Fall,2005.0,9.0,0,0,0
W0026,42.61318632,-72.76875254,15.1,10.4,1,1,Fall,2005.0,9.0,0,0,0
W0029,42.61342804,-72.76746064,14.7,10.1,1,1,Fall,2005.0,9.0,0,0,0
W0040,42.63010011,-72.90142656,14.9,10.5,1,1,Fall,2005.0,9.0,0,0,0
W1325,42.50846668,-72.77584847,15.5,10.0,1,1,Fall,2005.0,9.0,0,0,0
W1362,42.4841721,-72.7542118,15.6,9.9,1,1,Fall,2005.0,9.0,0,0,0
W1361,42.5040765,-72.74702067,17.3,9.3,1,1,Fall,2005.0,9.0,0,0,0
W1312,42.59580713,-72.49616491,14.4,10.5,1,1,Spring,2005.0,5.0,0,0,0
W1334,42.57224827,-72.46385773,11.9,10.9,1,1,Spring,2005.0,5.0,0,0,0
W1335,42.58035292,-72.43788014,11.1,10.9,1,1,Spring,2005.0,5.0,0,0,0
W1344,42.60245737,-72.39951141,11.4,10.9,1,1,Spring,2005.0,5.0,0,0,0
W1336,42.59405647,-72.36116622,11.7,10.6,1,1,Spring,2005.0,5.0,0,0,0
W0682,42.59815453,-72.34135156,15.0,9.9,1,1,Spring,2005.0,5.0,0,0,0
W0684,42.59280929,-72.23911383,14.1,10.6,1,1,Spring,2005.0,5.0,0,0,0
W1314,42.59807107,-72.24048032,13.2,10.1,1,1,Spring,2005.0,5.0,0,0,0
W1340,42.61446662,-72.23836198,12.7,10.4,1,1,Spring,2005.0,5.0,0,0,0
W1337,42.63523154,-72.25160557,15.3,9.8,1,1,Spring,2005.0,5.0,0,0,0
W1338,42.64971888,-72.20054515,15.8,9.4,1,1,Spring,2005.0,5.0,0,0,0
W1339,42.68498467,-72.21159391,14.0,10.9,1,1,Spring,2005.0,5.0,0,0,0
W0051,42.5644422,-72.01154154,14.4,8.1,1,1,Spring,2005.0,5.0,0,0,0
W1315,42.57190512,-72.12740808,12.6,7.0,1,1,Spring,2005.0,5.0,0,0,0
W0685,42.60455306,-72.12462107,14.1,10.4,1,1,Spring,2005.0,5.0,0,0,0
W0686,42.60658022,-72.07525656,15.8,10.4,1,1,Spring,2005.0,5.0,0,0,0
W1311,42.677855,-72.0616056,14.1,10.4,1,1,Spring,2005.0,5.0,0,0,0
W1316,42.67430922,-72.02012671,14.9,9.9,1,1,Spring,2005.0,5.0,0,0,0
W1313,42.69531938,-72.01523098,15.7,9.9,1,1,Spring,2005.0,5.0,0,0,0
W1311,42.677855,-72.0616056,14.4,9.9,0,0,Spring,2005.0,5.0,0,0,0
W0686,42.60658022,-72.07525656,13.6,10.2,0,0,Spring,2005.0,5.0,0,0,0
W0692,42.62969793,-72.15035652,13.9,9.6,0,0,Spring,2005.0,5.0,0,0,0
W1311,42.677855,-72.0616056,13.5,10.0,0,0,Spring,2005.0,5.0,0,0,0
W0686,42.60658022,-72.07525656,12.3,10.3,0,0,Spring,2005.0,5.0,0,0,0
W0692,42.62969793,-72.15035652,12.6,10.0,0,0,Spring,2005.0,5.0,0,0,0
W1314,42.59807107,-72.24048032,13.0,9.4,0,0,Spring,2005.0,5.0,0,0,0
W1335,42.58035292,-72.43788014,9.2,11.3,0,0,Spring,2005.0,5.0,0,0,0
W1334,42.57224827,-72.46385773,10.7,10.8,0,0,Spring,2005.0,5.0,0,0,0
W1312,42.59580713,-72.49616491,24.2,8.2,1,2,Summer,2005.0,6.0,1,0,0
W1334,42.57224827,-72.46385773,19.8,9.0,1,2,Summer,2005.0,6.0,1,0,0
W1335,42.58035292,-72.43788014,18.8,9.2,1,2,Summer,2005.0,6.0,1,0,0
W0690,42.59751119,-72.43783955,25.8,7.9,1,2,Summer,2005.0,6.0,1,0,0
W1344,42.60245737,-72.39951141,19.6,9.1,1,2,Summer,2005.0,6.0,1,0,0
W1336,42.59405647,-72.36116622,19.8,8.9,1,2,Summer,2005.0,6.0,1,0,0
W0682,42.59815453,-72.34135156,25.9,7.0,1,2,Summer,2005.0,6.0,1,0,0
W0684,42.59280929,-72.23911383,24.3,7.9,1,2,Summer,2005.0,6.0,1,0,0
W1340,42.61446662,-72.23836198,22.8,7.2,1,2,Summer,2005.0,6.0,1,0,0
W1337,42.63523154,-72.25160557,24.2,6.9,1,2,Summer,2005.0,6.0,1,0,0
W1338,42.64971888,-72.20054515,25.8,5.3,1,2,Summer,2005.0,6.0,1,0,0
W1339,42.68498467,-72.21159391,21.9,8.4,1,2,Summer,2005.0,6.0,1,0,0
W0051,42.5644422,-72.01154154,25.2,2.5,1,4,Summer,2005.0,6.0,1,1,1
W1315,42.57190512,-72.12740808,20.9,3.7,1,3,Summer,2005.0,6.0,1,1,0
W0685,42.60455306,-72.12462107,22.9,6.7,1,2,Summer,2005.0,6.0,1,0,0
W0686,42.60658022,-72.07525656,24.8,7.0,1,2,Summer,2005.0,6.0,1,0,0
W1311,42.677855,-72.0616056,25.3,7.4,1,2,Summer,2005.0,6.0,1,0,0
W1316,42.67430922,-72.02012671,23.8,6.6,1,2,Summer,2005.0,6.0,1,0,0
W1313,42.69531938,-72.01523098,25.6,7.1,1,2,Summer,2005.0,6.0,1,0,0
W1312,42.59580713,-72.49616491,17.5,9.9,0,0,Fall,2005.0,9.0,0,0,0
W1334,42.57224827,-72.46385773,13.6,9.7,0,0,Fall,2005.0,9.0,0,0,0
W1335,42.58035292,-72.43788014,13.3,9.8,0,0,Fall,2005.0,9.0,0,0,0
W1344,42.60245737,-72.39951141,14.6,9.6,0,0,Fall,2005.0,9.0,0,0,0
W1336,42.59405647,-72.36116622,13.0,10.0,0,0,Fall,2005.0,9.0,0,0,0
W0682,42.59815453,-72.34135156,20.0,9.2,0,0,Fall,2005.0,9.0,0,0,0
W1314,42.59807107,-72.24048032,17.1,8.0,0,0,Fall,2005.0,9.0,0,0,0
W1340,42.61446662,-72.23836198,17.5,7.4,0,0,Fall,2005.0,9.0,0,0,0
W1337,42.63523154,-72.25160557,19.5,8.2,0,0,Fall,2005.0,9.0,0,0,0
W1339,42.68498467,-72.21159391,17.0,9.2,0,0,Fall,2005.0,9.0,0,0,0
W1316,42.67430922,-72.02012671,16.6,2.7,0,1,Fall,2005.0,9.0,0,1,0
W1311,42.677855,-72.0616056,21.5,8.0,0,0,Fall,2005.0,9.0,0,0,0
W1311,42.677855,-72.0616056,22.4,8.0,0,0,Fall,2005.0,9.0,0,0,0
W1312,42.59580713,-72.49616491,23.5,7.8,0,1,Summer,2005.0,6.0,1,0,0
W1334,42.57224827,-72.46385773,19.8,8.6,0,1,Summer,2005.0,6.0,1,0,0
W1335,42.58035292,-72.43788014,18.6,8.7,0,1,Summer,2005.0,6.0,1,0,0
W1344,42.60245737,-72.39951141,18.8,8.4,0,1,Summer,2005.0,6.0,1,0,0
W1336,42.59405647,-72.36116622,19.1,8.0,0,1,Summer,2005.0,6.0,1,0,0
W0682,42.59815453,-72.34135156,24.8,6.8,0,1,Summer,2005.0,6.0,1,0,0
W1314,42.59807107,-72.24048032,22.4,6.8,0,1,Summer,2005.0,6.0,1,0,0
W1340,42.61446662,-72.23836198,22.4,7.1,0,1,Summer,2005.0,6.0,1,0,0
W1337,42.63523154,-72.25160557,23.7,6.6,0,1,Summer,2005.0,6.0,1,0,0
W1411,42.69052242,-72.22451735,21.9,7.1,0,1,Summer,2005.0,6.0,1,0,0
W1411,42.69052242,-72.22451735,18.3,7.5,0,1,Summer,2005.0,6.0,1,0,0
W1316,42.67430922,-72.02012671,24.0,6.7,0,1,Summer,2005.0,6.0,1,0,0
W1316,42.67430922,-72.02012671,19.6,7.1,0,1,Summer,2005.0,6.0,1,0,0
W1311,42.677855,-72.0616056,25.1,7.4,0,1,Summer,2005.0,6.0,1,0,0
W1311,42.677855,-72.0616056,22.5,7.9,0,1,Summer,2005.0,6.0,1,0,0
W0694,42.6723218,-72.09305542,24.9,7.4,0,1,Summer,2005.0,6.0,1,0,0
W0694,42.6723218,-72.09305542,20.8,7.9,0,1,Summer,2005.0,6.0,1,0,0
W0686,42.60658022,-72.07525656,25.1,7.4,0,1,Summer,2005.0,6.0,1,0,0
W0686,42.60658022,-72.07525656,19.5,8.1,0,1,Summer,2005.0,6.0,1,0,0
W0692,42.62969793,-72.15035652,24.7,7.0,0,1,Summer,2005.0,6.0,1,0,0
W0692,42.62969793,-72.15035652,21.2,7.5,0,1,Summer,2005.0,6.0,1,0,0
W0685,42.60455306,-72.12462107,23.8,7.1,0,1,Summer,2005.0,6.0,1,0,0
W0685,42.60455306,-72.12462107,19.2,7.5,0,1,Summer,2005.0,6.0,1,0,0
W1315,42.57190512,-72.12740808,23.8,4.1,0,2,Summer,2005.0,6.0,1,1,0
W1315,42.57190512,-72.12740808,16.2,5.4,0,1,Summer,2005.0,6.0,1,0,0
W0051,42.5644422,-72.01154154,27.3,4.3,0,3,Summer,2005.0,6.0,1,1,1
W0051,42.5644422,-72.01154154,19.3,3.0,0,2,Summer,2005.0,6.0,1,1,0
W1312,42.59580713,-72.49616491,19.5,8.4,0,1,Summer,2005.0,7.0,1,0,0
W1312,42.59580713,-72.49616491,21.5,8.4,0,1,Summer,2005.0,7.0,1,0,0
W1334,42.57224827,-72.46385773,16.4,9.3,0,1,Summer,2005.0,7.0,1,0,0
W1334,42.57224827,-72.46385773,17.9,9.1,0,1,Summer,2005.0,7.0,1,0,0
W1335,42.58035292,-72.43788014,18.4,9.1,0,1,Summer,2005.0,7.0,1,0,0
W1344,42.60245737,-72.39951141,17.8,9.1,0,1,Summer,2005.0,7.0,1,0,0
W1336,42.59405647,-72.36116622,18.3,8.2,0,1,Summer,2005.0,7.0,1,0,0
W0682,42.59815453,-72.34135156,21.6,8.2,0,1,Summer,2005.0,7.0,1,0,0
W1314,42.59807107,-72.24048032,22.6,6.9,0,1,Summer,2005.0,7.0,1,0,0
W1340,42.61446662,-72.23836198,23.2,7.5,0,1,Summer,2005.0,7.0,1,0,0
W1337,42.63523154,-72.25160557,22.2,7.6,0,1,Summer,2005.0,7.0,1,0,0
W1339,42.68498467,-72.21159391,20.1,8.9,0,1,Summer,2005.0,7.0,1,0,0
W0692,42.62969793,-72.15035652,23.4,6.9,0,1,Summer,2005.0,7.0,1,0,0
W1316,42.67430922,-72.02012671,22.7,6.8,0,1,Summer,2005.0,7.0,1,0,0
W1316,42.67430922,-72.02012671,21.7,6.2,0,1,Summer,2005.0,7.0,1,0,0
W1311,42.677855,-72.0616056,22.0,8.4,0,1,Summer,2005.0,7.0,1,0,0
W1311,42.677855,-72.0616056,23.6,7.7,0,1,Summer,2005.0,7.0,1,0,0
W0694,42.6723218,-72.09305542,22.8,8.6,0,1,Summer,2005.0,7.0,1,0,0
W0694,42.6723218,-72.09305542,22.7,7.6,0,1,Summer,2005.0,7.0,1,0,0
W0686,42.60658022,-72.07525656,23.8,7.7,0,1,Summer,2005.0,7.0,1,0,0
W0686,42.60658022,-72.07525656,23.0,7.4,0,1,Summer,2005.0,7.0,1,0,0
W0692,42.62969793,-72.15035652,22.4,7.8,0,1,Summer,2005.0,7.0,1,0,0
W1339,42.68498467,-72.21159391,19.7,8.6,0,1,Summer,2005.0,7.0,1,0,0
W0685,42.60455306,-72.12462107,22.5,7.8,0,1,Summer,2005.0,7.0,1,0,0
W0685,42.60455306,-72.12462107,21.2,7.5,0,1,Summer,2005.0,7.0,1,0,0
W1315,42.57190512,-72.12740808,23.5,5.5,0,1,Summer,2005.0,7.0,1,0,0
W1315,42.57190512,-72.12740808,19.2,4.7,0,2,Summer,2005.0,7.0,1,1,0
W0051,42.5644422,-72.01154154,24.5,4.5,0,2,Summer,2005.0,7.0,1,1,0
W0051,42.5644422,-72.01154154,23.5,3.5,0,2,Summer,2005.0,7.0,1,1,0
W1312,42.59580713,-72.49616491,22.3,8.6,1,2,Summer,2005.0,7.0,1,0,0
W1334,42.57224827,-72.46385773,17.8,9.5,1,2,Summer,2005.0,7.0,1,0,0
W1335,42.58035292,-72.43788014,18.1,9.4,1,2,Summer,2005.0,7.0,1,0,0
W1344,42.60245737,-72.39951141,17.8,9.7,1,2,Summer,2005.0,7.0,1,0,0
W1336,42.59405647,-72.36116622,18.2,9.3,1,2,Summer,2005.0,7.0,1,0,0
W0682,42.59815453,-72.34135156,23.7,7.4,1,2,Summer,2005.0,7.0,1,0,0
W0684,42.59280929,-72.23911383,22.6,7.9,1,2,Summer,2005.0,7.0,1,0,0
W1314,42.59807107,-72.24048032,22.4,7.2,1,2,Summer,2005.0,7.0,1,0,0
W1340,42.61446662,-72.23836198,22.2,7.6,1,2,Summer,2005.0,7.0,1,0,0
W1337,42.63523154,-72.25160557,23.4,7.5,1,2,Summer,2005.0,7.0,1,0,0
W1338,42.64971888,-72.20054515,23.7,5.7,1,2,Summer,2005.0,7.0,1,0,0
W1339,42.68498467,-72.21159391,20.0,9.1,1,2,Summer,2005.0,7.0,1,0,0
W0051,42.5644422,-72.01154154,22.6,3.2,1,3,Summer,2005.0,7.0,1,1,0
W1315,42.57190512,-72.12740808,18.9,5.0,1,2,Summer,2005.0,7.0,1,0,0
W0685,42.60455306,-72.12462107,21.0,6.7,1,2,Summer,2005.0,7.0,1,0,0
W0686,42.60658022,-72.07525656,22.8,7.8,1,2,Summer,2005.0,7.0,1,0,0
W1311,42.677855,-72.0616056,23.5,8.1,0,1,Summer,2005.0,7.0,1,0,0
W1316,42.67430922,-72.02012671,22.0,7.0,1,2,Summer,2005.0,7.0,1,0,0
W1313,42.69531938,-72.01523098,23.7,7.0,1,2,Summer,2005.0,7.0,1,0,0
W1312,42.59580713,-72.49616491,24.0,8.3,1,2,Summer,2005.0,8.0,1,0,0
W1334,42.57224827,-72.46385773,18.7,9.4,1,2,Summer,2005.0,8.0,1,0,0
W1335,42.58035292,-72.43788014,18.6,9.4,1,2,Summer,2005.0,8.0,1,0,0
W1344,42.60245737,-72.39951141,20.1,9.1,1,2,Summer,2005.0,8.0,1,0,0
W1336,42.59405647,-72.36116622,18.9,9.2,1,2,Summer,2005.0,8.0,1,0,0
W0682,42.59815453,-72.34135156,24.2,7.4,1,2,Summer,2005.0,8.0,1,0,0
W0684,42.59280929,-72.23911383,24.1,7.8,1,2,Summer,2005.0,8.0,1,0,0
W1314,42.59807107,-72.24048032,23.4,6.9,1,2,Summer,2005.0,8.0,1,0,0
W1340,42.61446662,-72.23836198,23.6,6.4,1,2,Summer,2005.0,8.0,1,0,0
W1337,42.63523154,-72.25160557,23.0,7.4,1,2,Summer,2005.0,8.0,1,0,0
W1338,42.64971888,-72.20054515,23.7,5.6,1,2,Summer,2005.0,8.0,1,0,0
W1339,42.68498467,-72.21159391,20.5,8.8,1,2,Summer,2005.0,8.0,1,0,0
W0051,42.5644422,-72.01154154,23.9,1.6,1,3,Summer,2005.0,8.0,1,1,0
W1315,42.57190512,-72.12740808,21.9,3.0,0,2,Summer,2005.0,8.0,1,1,0
W0685,42.60455306,-72.12462107,22.5,6.5,1,2,Summer,2005.0,8.0,1,0,0
W0686,42.60658022,-72.07525656,23.7,6.2,1,2,Summer,2005.0,8.0,1,0,0
W1311,42.677855,-72.0616056,24.8,7.2,1,2,Summer,2005.0,8.0,1,0,0
W1316,42.67430922,-72.02012671,23.4,3.8,0,2,Summer,2005.0,8.0,1,1,0
W1313,42.69531938,-72.01523098,23.8,6.0,1,2,Summer,2005.0,8.0,1,0,0
W0694,42.6723218,-72.09305542,20.2,7.7,0,0,Fall,2005.0,9.0,0,0,0
W0694,42.6723218,-72.09305542,20.8,7.2,0,0,Fall,2005.0,9.0,0,0,0
W0686,42.60658022,-72.07525656,20.9,7.4,0,0,Fall,2005.0,9.0,0,0,0
W0686,42.60658022,-72.07525656,20.5,6.8,0,0,Fall,2005.0,9.0,0,0,0
W0692,42.62969793,-72.15035652,20.0,8.1,0,0,Fall,2005.0,9.0,0,0,0
W0692,42.62969793,-72.15035652,21.9,8.4,0,0,Fall,2005.0,9.0,0,0,0
W0685,42.60455306,-72.12462107,19.9,7.7,0,0,Fall,2005.0,9.0,0,0,0
W0685,42.60455306,-72.12462107,20.7,7.5,0,0,Fall,2005.0,9.0,0,0,0
W1315,42.57190512,-72.12740808,17.4,4.0,0,1,Fall,2005.0,9.0,0,1,0
W1315,42.57190512,-72.12740808,19.2,4.2,0,1,Fall,2005.0,9.0,0,1,0
W0051,42.5644422,-72.01154154,21.2,3.8,0,1,Fall,2005.0,9.0,0,1,0
W0051,42.5644422,-72.01154154,23.0,3.4,0,1,Fall,2005.0,9.0,0,1,0
W1312,42.59580713,-72.49616491,24.3,7.7,0,1,Summer,2005.0,8.0,1,0,0
W1312,42.59580713,-72.49616491,23.0,8.2,0,1,Summer,2005.0,8.0,1,0,0
W1334,42.57224827,-72.46385773,19.8,7.9,0,1,Summer,2005.0,8.0,1,0,0
W1334,42.57224827,-72.46385773,17.9,8.5,0,1,Summer,2005.0,8.0,1,0,0
W1335,42.58035292,-72.43788014,19.0,8.4,0,1,Summer,2005.0,8.0,1,0,0
W1335,42.58035292,-72.43788014,17.8,8.7,0,1,Summer,2005.0,8.0,1,0,0
W1344,42.60245737,-72.39951141,20.0,8.1,0,1,Summer,2005.0,8.0,1,0,0
W1344,42.60245737,-72.39951141,19.0,8.4,0,1,Summer,2005.0,8.0,1,0,0
W1336,42.59405647,-72.36116622,19.5,8.2,0,1,Summer,2005.0,8.0,1,0,0
W1336,42.59405647,-72.36116622,18.2,8.7,0,1,Summer,2005.0,8.0,1,0,0
W0682,42.59815453,-72.34135156,25.1,7.1,0,1,Summer,2005.0,8.0,1,0,0
W0682,42.59815453,-72.34135156,24.6,7.4,0,1,Summer,2005.0,8.0,1,0,0
W1314,42.59807107,-72.24048032,24.1,6.6,0,1,Summer,2005.0,8.0,1,0,0
W1314,42.59807107,-72.24048032,22.8,7.1,0,1,Summer,2005.0,8.0,1,0,0
W1340,42.61446662,-72.23836198,24.2,5.8,0,1,Summer,2005.0,8.0,1,0,0
W1340,42.61446662,-72.23836198,22.9,6.2,0,1,Summer,2005.0,8.0,1,0,0
W1337,42.63523154,-72.25160557,24.6,6.3,0,1,Summer,2005.0,8.0,1,0,0
W1337,42.63523154,-72.25160557,23.3,7.0,0,1,Summer,2005.0,8.0,1,0,0
W1411,42.69052242,-72.22451735,21.5,7.1,0,1,Summer,2005.0,8.0,1,0,0
W1411,42.69052242,-72.22451735,20.7,6.4,0,1,Summer,2005.0,8.0,1,0,0
W1316,42.67430922,-72.02012671,23.8,4.5,0,2,Summer,2005.0,8.0,1,1,0
W1316,42.67430922,-72.02012671,22.0,1.9,0,2,Summer,2005.0,8.0,1,1,0
W1311,42.677855,-72.0616056,26.2,7.6,0,1,Summer,2005.0,8.0,1,0,0
W1311,42.677855,-72.0616056,24.1,7.2,0,1,Summer,2005.0,8.0,1,0,0
W0694,42.6723218,-72.09305542,23.8,7.5,0,1,Summer,2005.0,8.0,1,0,0
W0694,42.6723218,-72.09305542,22.4,5.6,0,1,Summer,2005.0,8.0,1,0,0
W0686,42.60658022,-72.07525656,26.4,6.0,0,1,Summer,2005.0,8.0,1,0,0
W0686,42.60658022,-72.07525656,23.8,6.3,0,1,Summer,2005.0,8.0,1,0,0
W0692,42.62969793,-72.15035652,25.5,7.8,0,1,Summer,2005.0,8.0,1,0,0
W0692,42.62969793,-72.15035652,24.7,7.3,0,1,Summer,2005.0,8.0,1,0,0
W0685,42.60455306,-72.12462107,25.2,6.6,0,1,Summer,2005.0,8.0,1,0,0
W0685,42.60455306,-72.12462107,22.3,6.6,0,1,Summer,2005.0,8.0,1,0,0
W1315,42.57190512,-72.12740808,21.8,4.4,0,2,Summer,2005.0,8.0,1,1,0
W1315,42.57190512,-72.12740808,20.8,2.6,0,2,Summer,2005.0,8.0,1,1,0
W0051,42.5644422,-72.01154154,25.9,3.4,0,3,Summer,2005.0,8.0,1,1,1
W0051,42.5644422,-72.01154154,24.0,2.3,0,2,Summer,2005.0,8.0,1,1,0
W1312,42.59580713,-72.49616491,20.7,8.4,1,1,Fall,2005.0,9.0,0,0,0
W1334,42.57224827,-72.46385773,16.3,9.8,1,1,Fall,2005.0,9.0,0,0,0
W1335,42.58035292,-72.43788014,16.3,9.6,1,1,Fall,2005.0,9.0,0,0,0
W1344,42.60245737,-72.39951141,17.7,9.3,1,1,Fall,2005.0,9.0,0,0,0
W1336,42.59405647,-72.36116622,16.5,9.7,1,1,Fall,2005.0,9.0,0,0,0
W0682,42.59815453,-72.34135156,21.2,8.9,1,1,Fall,2005.0,9.0,0,0,0
W0684,42.59280929,-72.23911383,20.8,8.7,1,1,Fall,2005.0,9.0,0,0,0
W1314,42.59807107,-72.24048032,18.4,7.2,1,1,Fall,2005.0,9.0,0,0,0
W1340,42.61446662,-72.23836198,19.7,7.2,1,1,Fall,2005.0,9.0,0,0,0
W1337,42.63523154,-72.25160557,18.0,7.5,1,1,Fall,2005.0,9.0,0,0,0
W1338,42.64971888,-72.20054515,19.7,7.0,0,0,Fall,2005.0,9.0,0,0,0
W1339,42.68498467,-72.21159391,17.5,9.5,1,1,Fall,2005.0,9.0,0,0,0
W0051,42.5644422,-72.01154154,21.3,1.2,1,2,Fall,2005.0,9.0,0,1,0
W1315,42.57190512,-72.12740808,17.7,3.6,1,2,Fall,2005.0,9.0,0,1,0
W0685,42.60455306,-72.12462107,18.1,6.8,1,1,Fall,2005.0,9.0,0,0,0
W0686,42.60658022,-72.07525656,21.0,6.6,1,1,Fall,2005.0,9.0,0,0,0
W1311,42.677855,-72.0616056,21.8,7.7,1,1,Fall,2005.0,9.0,0,0,0
W1313,42.69531938,-72.01523098,22.1,7.1,1,1,Fall,2005.0,9.0,0,0,0
W0099,42.48702713,-71.26400361,10.1,9.7,0,0,Spring,2005.0,5.0,0,0,0
W0093,42.47371552,-71.26389288,12.6,6.6,0,0,Spring,2005.0,5.0,0,0,0
W0357,42.49645261,-71.2242658,14.2,6.5,0,0,Spring,2005.0,5.0,0,0,0
W0099,42.48702713,-71.26400361,10.5,8.6,0,0,Spring,2005.0,5.0,0,0,0
W0093,42.47371552,-71.26389288,11.8,6.5,0,0,Spring,2005.0,5.0,0,0,0
W0357,42.49645261,-71.2242658,12.0,5.2,0,0,Spring,2005.0,5.0,0,0,0
W0099,42.48702713,-71.26400361,14.9,8.2,1,2,Summer,2005.0,6.0,1,0,0
W0093,42.47371552,-71.26389288,16.5,5.1,1,2,Summer,2005.0,6.0,1,0,0
W0357,42.49645261,-71.2242658,17.3,3.2,1,3,Summer,2005.0,6.0,1,1,0
W0091,42.53441868,-71.23357266,18.2,7.5,1,2,Summer,2005.0,6.0,1,0,0
W0750,42.57967087,-71.21821677,18.0,8.3,1,2,Summer,2005.0,6.0,1,0,0
W0097,42.59577308,-71.19608409,19.2,6.4,1,2,Summer,2005.0,6.0,1,0,0
W1392,42.59966289,-71.19306072,19.5,8.3,1,2,Summer,2005.0,6.0,1,0,0
W1393,42.62887805,-71.19940031,21.3,8.1,1,2,Summer,2005.0,6.0,1,0,0
W0086,42.64744612,-71.15080259,19.8,9.5,1,2,Summer,2005.0,6.0,1,0,0
W0989,42.6539503,-71.14749048,17.7,9.4,1,2,Summer,2005.0,6.0,1,0,0
W0099,42.48702713,-71.26400361,19.6,6.8,1,2,Summer,2005.0,7.0,1,0,0
W0093,42.47371552,-71.26389288,19.9,5.4,1,2,Summer,2005.0,7.0,1,0,0
W0357,42.49645261,-71.2242658,22.1,0.5,0,2,Summer,2005.0,7.0,1,1,0
W0091,42.53441868,-71.23357266,24.1,4.6,1,3,Summer,2005.0,7.0,1,1,0
W0750,42.57967087,-71.21821677,23.2,6.9,1,2,Summer,2005.0,7.0,1,0,0
W0097,42.59577308,-71.19608409,24.6,4.9,1,3,Summer,2005.0,7.0,1,1,0
W1392,42.59966289,-71.19306072,24.9,7.9,1,2,Summer,2005.0,7.0,1,0,0
W1393,42.62887805,-71.19940031,25.2,6.8,1,2,Summer,2005.0,7.0,1,0,0
W0086,42.64744612,-71.15080259,25.5,7.9,1,2,Summer,2005.0,7.0,1,0,0
W0989,42.6539503,-71.14749048,20.3,8.4,1,2,Summer,2005.0,7.0,1,0,0
W0093,42.47371552,-71.26389288,19.1,4.8,1,3,Summer,2005.0,8.0,1,1,0
W0357,42.49645261,-71.2242658,19.2,0.3,0,2,Summer,2005.0,8.0,1,1,0
W0091,42.53441868,-71.23357266,21.9,4.8,1,3,Summer,2005.0,8.0,1,1,0
W0750,42.57967087,-71.21821677,20.4,6.9,1,2,Summer,2005.0,8.0,1,0,0
W0097,42.59577308,-71.19608409,22.7,5.4,1,2,Summer,2005.0,8.0,1,0,0
W1392,42.59966289,-71.19306072,23.2,8.3,1,2,Summer,2005.0,8.0,1,0,0
W1393,42.62887805,-71.19940031,21.1,8.0,1,2,Summer,2005.0,8.0,1,0,0
W0086,42.64744612,-71.15080259,23.3,7.5,1,2,Summer,2005.0,8.0,1,0,0
W0989,42.6539503,-71.14749048,18.3,9.0,1,2,Summer,2005.0,8.0,1,0,0
W0099,42.48702713,-71.26400361,12.8,7.5,0,1,Summer,2005.0,6.0,1,0,0
W0099,42.48702713,-71.26400361,12.4,8.5,0,1,Summer,2005.0,6.0,1,0,0
W0093,42.47371552,-71.26389288,14.7,4.9,0,2,Summer,2005.0,6.0,1,1,0
W0093,42.47371552,-71.26389288,14.5,5.2,0,1,Summer,2005.0,6.0,1,0,0
W0357,42.49645261,-71.2242658,14.8,3.4,0,2,Summer,2005.0,6.0,1,1,0
W0357,42.49645261,-71.2242658,14.4,2.8,0,2,Summer,2005.0,6.0,1,1,0
W0091,42.53441868,-71.23357266,14.6,6.3,0,1,Summer,2005.0,6.0,1,0,0
W0091,42.53441868,-71.23357266,15.3,6.1,0,1,Summer,2005.0,6.0,1,0,0
W0097,42.59577308,-71.19608409,14.7,5.7,0,1,Summer,2005.0,6.0,1,0,0
W0097,42.59577308,-71.19608409,15.2,6.2,0,1,Summer,2005.0,6.0,1,0,0
W1392,42.59966289,-71.19306072,14.9,7.3,0,1,Summer,2005.0,6.0,1,0,0
W1392,42.59966289,-71.19306072,15.7,7.6,0,1,Summer,2005.0,6.0,1,0,0
W0086,42.64744612,-71.15080259,15.4,9.0,0,1,Summer,2005.0,6.0,1,0,0
W0086,42.64744612,-71.15080259,16.5,9.2,0,1,Summer,2005.0,6.0,1,0,0
W0989,42.6539503,-71.14749048,14.7,9.6,0,1,Summer,2005.0,6.0,1,0,0
W0989,42.6539503,-71.14749048,14.7,9.6,0,1,Summer,2005.0,6.0,1,0,0
W0099,42.48702713,-71.26400361,19.6,5.4,0,0,Fall,2005.0,9.0,0,0,0
W0099,42.48702713,-71.26400361,15.8,7.1,0,0,Fall,2005.0,9.0,0,0,0
W0093,42.47371552,-71.26389288,20.9,3.3,0,1,Fall,2005.0,9.0,0,1,0
W0093,42.47371552,-71.26389288,17.6,4.7,0,1,Fall,2005.0,9.0,0,1,0
W0357,42.49645261,-71.2242658,20.3,0.3,0,1,Fall,2005.0,9.0,0,1,0
W0357,42.49645261,-71.2242658,17.1,0.4,0,1,Fall,2005.0,9.0,0,1,0
W0091,42.53441868,-71.23357266,20.9,3.0,0,1,Fall,2005.0,9.0,0,1,0
W0091,42.53441868,-71.23357266,18.6,4.2,0,1,Fall,2005.0,9.0,0,1,0
W0097,42.59577308,-71.19608409,20.7,4.4,0,1,Fall,2005.0,9.0,0,1,0
W0097,42.59577308,-71.19608409,19.3,5.6,0,0,Fall,2005.0,9.0,0,0,0
W1392,42.59966289,-71.19306072,21.0,5.1,0,0,Fall,2005.0,9.0,0,0,0
W1392,42.59966289,-71.19306072,18.9,6.5,0,0,Fall,2005.0,9.0,0,0,0
W0086,42.64744612,-71.15080259,21.5,4.5,0,1,Fall,2005.0,9.0,0,1,0
W0086,42.64744612,-71.15080259,19.8,6.4,0,0,Fall,2005.0,9.0,0,0,0
W0989,42.6539503,-71.14749048,18.3,6.9,0,0,Fall,2005.0,9.0,0,0,0
W0989,42.6539503,-71.14749048,17.5,8.5,0,0,Fall,2005.0,9.0,0,0,0
W0099,42.48702713,-71.26400361,9.8,9.2,1,1,Spring,2005.0,5.0,0,0,0
W0093,42.47371552,-71.26389288,10.4,8.1,1,1,Spring,2005.0,5.0,0,0,0
W0357,42.49645261,-71.2242658,10.0,6.3,1,1,Spring,2005.0,5.0,0,0,0
W0091,42.53441868,-71.23357266,10.1,8.0,1,1,Spring,2005.0,5.0,0,0,0
W0750,42.57967087,-71.21821677,9.8,9.1,1,1,Spring,2005.0,5.0,0,0,0
W0097,42.59577308,-71.19608409,10.0,8.4,1,1,Spring,2005.0,5.0,0,0,0
W1392,42.59966289,-71.19306072,10.3,9.0,1,1,Spring,2005.0,5.0,0,0,0
W1393,42.62887805,-71.19940031,9.2,10.4,1,1,Spring,2005.0,5.0,0,0,0
W0086,42.64744612,-71.15080259,10.9,11.0,1,1,Spring,2005.0,5.0,0,0,0
W0989,42.6539503,-71.14749048,9.8,11.8,1,1,Spring,2005.0,5.0,0,0,0
W0099,42.48702713,-71.26400361,18.8,7.6,0,1,Summer,2005.0,7.0,1,0,0
W0093,42.47371552,-71.26389288,19.9,5.6,0,1,Summer,2005.0,7.0,1,0,0
W0357,42.49645261,-71.2242658,20.3,0.4,0,2,Summer,2005.0,7.0,1,1,0
W0091,42.53441868,-71.23357266,23.2,3.5,0,2,Summer,2005.0,7.0,1,1,0
W0097,42.59577308,-71.19608409,22.4,5.9,0,1,Summer,2005.0,7.0,1,0,0
W1392,42.59966289,-71.19306072,22.7,7.1,0,1,Summer,2005.0,7.0,1,0,0
W0086,42.64744612,-71.15080259,23.9,7.8,0,1,Summer,2005.0,7.0,1,0,0
W0989,42.6539503,-71.14749048,19.3,8.6,0,1,Summer,2005.0,7.0,1,0,0
W0099,42.48702713,-71.26400361,16.7,6.9,0,1,Summer,2005.0,8.0,1,0,0
W0099,42.48702713,-71.26400361,19.0,6.3,0,1,Summer,2005.0,8.0,1,0,0
W0093,42.47371552,-71.26389288,18.5,4.6,0,2,Summer,2005.0,8.0,1,1,0
W0093,42.47371552,-71.26389288,20.3,3.4,0,2,Summer,2005.0,8.0,1,1,0
W0357,42.49645261,-71.2242658,18.0,0.8,0,2,Summer,2005.0,8.0,1,1,0
W0091,42.53441868,-71.23357266,20.9,3.9,0,2,Summer,2005.0,8.0,1,1,0
W0091,42.53441868,-71.23357266,22.2,2.7,0,2,Summer,2005.0,8.0,1,1,0
W0097,42.59577308,-71.19608409,20.9,5.3,0,1,Summer,2005.0,8.0,1,0,0
W0097,42.59577308,-71.19608409,23.4,5.0,0,1,Summer,2005.0,8.0,1,0,0
W1392,42.59966289,-71.19306072,20.5,6.4,0,1,Summer,2005.0,8.0,1,0,0
W1392,42.59966289,-71.19306072,22.8,5.9,0,1,Summer,2005.0,8.0,1,0,0
W0086,42.64744612,-71.15080259,21.8,6.8,0,1,Summer,2005.0,8.0,1,0,0
W0086,42.64744612,-71.15080259,23.1,6.1,0,1,Summer,2005.0,8.0,1,0,0
W0989,42.6539503,-71.14749048,17.8,8.1,0,1,Summer,2005.0,8.0,1,0,0
W0989,42.6539503,-71.14749048,19.1,6.9,0,1,Summer,2005.0,8.0,1,0,0
W0099,42.48702713,-71.26400361,12.5,7.1,1,1,Fall,2005.0,9.0,0,0,0
W0093,42.47371552,-71.26389288,14.4,4.4,1,2,Fall,2005.0,9.0,0,1,0
W0357,42.49645261,-71.2242658,14.6,2.6,1,2,Fall,2005.0,9.0,0,1,0
W0091,42.53441868,-71.23357266,16.0,6.0,1,1,Fall,2005.0,9.0,0,0,0
W0750,42.57967087,-71.21821677,13.0,7.9,1,1,Fall,2005.0,9.0,0,0,0
W0097,42.59577308,-71.19608409,15.7,6.0,1,1,Fall,2005.0,9.0,0,0,0
W1392,42.59966289,-71.19306072,16.0,7.4,1,1,Fall,2005.0,9.0,0,0,0
W1393,42.62887805,-71.19940031,13.2,5.1,1,1,Fall,2005.0,9.0,0,0,0
W0086,42.64744612,-71.15080259,16.8,6.7,1,1,Fall,2005.0,9.0,0,0,0
W0989,42.6539503,-71.14749048,14.9,8.6,1,1,Fall,2005.0,9.0,0,0,0
W0139,42.55888279,-71.14669759,12.3,7.4,0,0,Spring,2005.0,5.0,0,0,0
W0113,42.56116459,-71.11060168,13.2,5.6,0,0,Spring,2005.0,5.0,0,0,0
W0136,42.57158947,-71.10125577,13.4,5.8,0,0,Spring,2005.0,5.0,0,0,0
W0139,42.55888279,-71.14669759,12.7,5.1,0,0,Spring,2005.0,5.0,0,0,0
W0113,42.56116459,-71.11060168,13.6,4.9,0,1,Spring,2005.0,5.0,0,1,0
W0136,42.57158947,-71.10125577,14.1,4.8,0,1,Spring,2005.0,5.0,0,1,0
W0143,42.55191092,-71.15006628,10.1,5.0,1,1,Spring,2005.0,5.0,0,0,0
W0139,42.55888279,-71.14669759,10.0,5.8,1,1,Spring,2005.0,5.0,0,0,0
W0113,42.56116459,-71.11060168,10.6,5.7,1,1,Spring,2005.0,5.0,0,0,0
W0136,42.57158947,-71.10125577,10.7,6.0,1,1,Spring,2005.0,5.0,0,0,0
W0112,42.57229149,-71.08984084,10.4,7.1,1,1,Spring,2005.0,5.0,0,0,0
W0130,42.62068997,-71.02025589,10.8,9.2,1,1,Spring,2005.0,5.0,0,0,0
W0110,42.61647019,-70.99700565,10.8,8.8,1,1,Spring,2005.0,5.0,0,0,0
W0107,42.65985762,-70.9028537,10.6,6.9,1,1,Spring,2005.0,5.0,0,0,0
W1394,42.65837905,-70.86183476,10.6,9.4,1,1,Spring,2005.0,5.0,0,0,0
W0121,42.66124707,-70.8449088,9.9,8.1,1,1,Spring,2005.0,5.0,0,0,0
W0143,42.55191092,-71.15006628,16.3,4.8,1,3,Summer,2005.0,6.0,1,1,0
W0139,42.55888279,-71.14669759,16.7,2.6,1,3,Summer,2005.0,6.0,1,1,0
W0113,42.56116459,-71.11060168,19.2,4.1,1,3,Summer,2005.0,6.0,1,1,0
W0136,42.57158947,-71.10125577,18.5,3.7,1,3,Summer,2005.0,6.0,1,1,0
W0112,42.57229149,-71.08984084,18.3,4.9,1,3,Summer,2005.0,6.0,1,1,0
W0130,42.62068997,-71.02025589,17.7,7.0,1,2,Summer,2005.0,6.0,1,0,0
W0110,42.61647019,-70.99700565,19.0,5.4,1,2,Summer,2005.0,6.0,1,0,0
W0107,42.65985762,-70.9028537,18.6,4.0,1,3,Summer,2005.0,6.0,1,1,0
W1394,42.65837905,-70.86183476,18.5,7.2,1,2,Summer,2005.0,6.0,1,0,0
W0121,42.66124707,-70.8449088,18.9,3.9,1,3,Summer,2005.0,6.0,1,1,0
W0143,42.55191092,-71.15006628,22.4,0.4,1,3,Summer,2005.0,7.0,1,1,0
W0139,42.55888279,-71.14669759,23.5,0.6,0,2,Summer,2005.0,7.0,1,1,0
W0113,42.56116459,-71.11060168,25.6,2.7,1,4,Summer,2005.0,7.0,1,1,1
W0136,42.57158947,-71.10125577,24.6,2.5,1,3,Summer,2005.0,7.0,1,1,0
W0112,42.57229149,-71.08984084,22.5,3.8,1,3,Summer,2005.0,7.0,1,1,0
W0130,42.62068997,-71.02025589,25.7,5.2,1,2,Summer,2005.0,7.0,1,0,0
W0110,42.61647019,-70.99700565,26.4,4.8,0,3,Summer,2005.0,7.0,1,1,1
W0107,42.65985762,-70.9028537,27.0,2.9,1,4,Summer,2005.0,7.0,1,1,1
W1394,42.65837905,-70.86183476,27.1,6.6,0,1,Summer,2005.0,7.0,1,0,0
W0121,42.66124707,-70.8449088,26.2,2.3,1,4,Summer,2005.0,7.0,1,1,1
W0143,42.55191092,-71.15006628,18.4,0.5,0,2,Summer,2005.0,8.0,1,1,0
W0139,42.55888279,-71.14669759,18.5,1.5,0,2,Summer,2005.0,8.0,1,1,0
W0121,42.66124707,-70.8449088,17.5,3.8,0,2,Summer,2005.0,6.0,1,1,0
W0121,42.66124707,-70.8449088,18.8,3.0,0,2,Summer,2005.0,6.0,1,1,0
W1394,42.65837905,-70.86183476,17.3,7.0,0,1,Summer,2005.0,6.0,1,0,0
W1394,42.65837905,-70.86183476,19.3,6.4,0,1,Summer,2005.0,6.0,1,0,0
W0110,42.61647019,-70.99700565,18.5,5.6,0,1,Summer,2005.0,6.0,1,0,0
W0110,42.61647019,-70.99700565,19.5,4.0,0,2,Summer,2005.0,6.0,1,1,0
W0130,42.62068997,-71.02025589,17.9,6.9,0,1,Summer,2005.0,6.0,1,0,0
W0130,42.62068997,-71.02025589,19.2,6.3,0,1,Summer,2005.0,6.0,1,0,0
W0112,42.57229149,-71.08984084,18.3,5.4,0,1,Summer,2005.0,6.0,1,0,0
W0112,42.57229149,-71.08984084,19.6,4.0,0,2,Summer,2005.0,6.0,1,1,0
W0136,42.57158947,-71.10125577,19.7,4.9,0,2,Summer,2005.0,6.0,1,1,0
W0136,42.57158947,-71.10125577,19.6,2.6,0,2,Summer,2005.0,6.0,1,1,0
W0113,42.56116459,-71.11060168,21.4,6.1,0,1,Summer,2005.0,6.0,1,0,0
W0113,42.56116459,-71.11060168,20.1,2.3,0,2,Summer,2005.0,6.0,1,1,0
W0139,42.55888279,-71.14669759,18.6,2.7,0,2,Summer,2005.0,6.0,1,1,0
W0139,42.55888279,-71.14669759,18.1,1.9,0,2,Summer,2005.0,6.0,1,1,0
W0113,42.56116459,-71.11060168,22.2,3.4,0,2,Summer,2005.0,8.0,1,1,0
W0136,42.57158947,-71.10125577,19.4,2.9,1,3,Summer,2005.0,8.0,1,1,0
W0112,42.57229149,-71.08984084,21.0,5.8,1,2,Summer,2005.0,8.0,1,0,0
W0130,42.62068997,-71.02025589,18.7,6.6,1,2,Summer,2005.0,8.0,1,0,0
W0110,42.61647019,-70.99700565,21.4,5.3,1,2,Summer,2005.0,8.0,1,0,0
W0107,42.65985762,-70.9028537,22.5,5.1,1,2,Summer,2005.0,8.0,1,0,0
W1394,42.65837905,-70.86183476,21.2,7.1,1,2,Summer,2005.0,8.0,1,0,0
W0121,42.66124707,-70.8449088,20.8,5.0,1,2,Summer,2005.0,8.0,1,0,0
W0139,42.55888279,-71.14669759,17.4,1.0,0,1,Fall,2005.0,9.0,0,1,0
W0139,42.55888279,-71.14669759,16.6,0.4,0,1,Fall,2005.0,9.0,0,1,0
W0136,42.57158947,-71.10125577,19.6,1.7,0,1,Fall,2005.0,9.0,0,1,0
W0136,42.57158947,-71.10125577,17.6,1.2,0,1,Fall,2005.0,9.0,0,1,0
W0112,42.57229149,-71.08984084,18.6,3.0,0,1,Fall,2005.0,9.0,0,1,0
W0112,42.57229149,-71.08984084,17.3,1.9,0,1,Fall,2005.0,9.0,0,1,0
W0139,42.55888279,-71.14669759,21.0,1.1,0,2,Summer,2005.0,7.0,1,1,0
W0139,42.55888279,-71.14669759,23.3,0.8,0,2,Summer,2005.0,7.0,1,1,0
W0113,42.56116459,-71.11060168,24.2,3.4,0,2,Summer,2005.0,7.0,1,1,0
W0113,42.56116459,-71.11060168,25.4,2.3,0,3,Summer,2005.0,7.0,1,1,1
W0136,42.57158947,-71.10125577,23.0,1.6,0,2,Summer,2005.0,7.0,1,1,0
W0136,42.57158947,-71.10125577,24.4,1.3,0,2,Summer,2005.0,7.0,1,1,0
W0112,42.57229149,-71.08984084,20.5,3.7,0,2,Summer,2005.0,7.0,1,1,0
W0112,42.57229149,-71.08984084,22.4,2.9,0,2,Summer,2005.0,7.0,1,1,0
W0130,42.62068997,-71.02025589,23.2,5.4,0,1,Summer,2005.0,7.0,1,0,0
W0130,42.62068997,-71.02025589,25.5,4.2,0,3,Summer,2005.0,7.0,1,1,1
W0110,42.61647019,-70.99700565,24.8,5.3,0,1,Summer,2005.0,7.0,1,0,0
W0110,42.61647019,-70.99700565,25.9,3.9,0,3,Summer,2005.0,7.0,1,1,1
W0107,42.65985762,-70.9028537,24.8,2.7,0,2,Summer,2005.0,7.0,1,1,0
W0107,42.65985762,-70.9028537,26.2,2.3,0,3,Summer,2005.0,7.0,1,1,1
W1394,42.65837905,-70.86183476,25.2,7.6,0,1,Summer,2005.0,7.0,1,0,0
W1394,42.65837905,-70.86183476,26.6,4.8,0,3,Summer,2005.0,7.0,1,1,1
W0121,42.66124707,-70.8449088,23.7,2.7,0,2,Summer,2005.0,7.0,1,1,0
W0121,42.66124707,-70.8449088,25.7,1.9,0,3,Summer,2005.0,7.0,1,1,1
W0139,42.55888279,-71.14669759,19.5,0.9,0,2,Summer,2005.0,8.0,1,1,0
W0136,42.57158947,-71.10125577,21.4,2.4,0,2,Summer,2005.0,8.0,1,1,0
W0136,42.57158947,-71.10125577,20.7,1.8,0,2,Summer,2005.0,8.0,1,1,0
W0112,42.57229149,-71.08984084,20.4,1.9,0,2,Summer,2005.0,8.0,1,1,0
W0112,42.57229149,-71.08984084,19.5,2.8,0,2,Summer,2005.0,8.0,1,1,0
W0130,42.62068997,-71.02025589,21.2,4.1,0,2,Summer,2005.0,8.0,1,1,0
W0130,42.62068997,-71.02025589,18.8,6.2,0,1,Summer,2005.0,8.0,1,0,0
W0110,42.61647019,-70.99700565,23.7,5.3,0,1,Summer,2005.0,8.0,1,0,0
W0110,42.61647019,-70.99700565,22.0,5.1,0,1,Summer,2005.0,8.0,1,0,0
W0107,42.65985762,-70.9028537,23.2,2.7,0,2,Summer,2005.0,8.0,1,1,0
W0107,42.65985762,-70.9028537,21.9,4.7,0,2,Summer,2005.0,8.0,1,1,0
W1394,42.65837905,-70.86183476,23.8,4.6,0,2,Summer,2005.0,8.0,1,1,0
W1394,42.65837905,-70.86183476,20.6,6.0,0,1,Summer,2005.0,8.0,1,0,0
W0121,42.66124707,-70.8449088,23.1,3.2,0,2,Summer,2005.0,8.0,1,1,0
W0121,42.66124707,-70.8449088,19.7,4.1,0,2,Summer,2005.0,8.0,1,1,0
W0130,42.62068997,-71.02025589,18.5,6.3,0,0,Fall,2005.0,9.0,0,0,0
W0130,42.62068997,-71.02025589,16.8,6.2,0,0,Fall,2005.0,9.0,0,0,0
W0110,42.61647019,-70.99700565,20.4,5.2,0,0,Fall,2005.0,9.0,0,0,0
W0110,42.61647019,-70.99700565,19.2,4.6,0,1,Fall,2005.0,9.0,0,1,0
W0107,42.65985762,-70.9028537,19.5,5.2,0,0,Fall,2005.0,9.0,0,0,0
W0107,42.65985762,-70.9028537,19.0,5.0,0,0,Fall,2005.0,9.0,0,0,0
W1394,42.65837905,-70.86183476,19.4,9.5,0,0,Fall,2005.0,9.0,0,0,0
W1394,42.65837905,-70.86183476,17.9,7.2,0,0,Fall,2005.0,9.0,0,0,0
W0121,42.66124707,-70.8449088,20.2,5.3,0,0,Fall,2005.0,9.0,0,0,0
W0121,42.66124707,-70.8449088,18.2,5.2,0,0,Fall,2005.0,9.0,0,0,0
W0139,42.55888279,-71.14669759,15.5,0.4,1,2,Fall,2005.0,9.0,0,1,0
W0113,42.56116459,-71.11060168,17.7,1.0,0,1,Fall,2005.0,9.0,0,1,0
W0136,42.57158947,-71.10125577,16.2,4.0,1,2,Fall,2005.0,9.0,0,1,0
W0112,42.57229149,-71.08984084,17.4,6.0,0,0,Fall,2005.0,9.0,0,0,0
W0130,42.62068997,-71.02025589,16.0,6.1,1,1,Fall,2005.0,9.0,0,0,0
W0110,42.61647019,-70.99700565,17.4,5.5,1,1,Fall,2005.0,9.0,0,0,0
W0107,42.65985762,-70.9028537,17.5,6.0,1,1,Fall,2005.0,9.0,0,0,0
W1394,42.65837905,-70.86183476,16.7,8.7,1,1,Fall,2005.0,9.0,0,0,0
W0121,42.66124707,-70.8449088,17.2,5.9,1,1,Fall,2005.0,9.0,0,0,0
W1377,41.58579649,-70.99038519,13.3,7.8,1,1,Spring,2005.0,5.0,0,0,0
W1375,41.55048715,-71.10519746,10.1,11.9,1,1,Spring,2005.0,5.0,0,0,0
W1373,41.58674671,-71.07572146,10.2,11.9,1,1,Spring,2005.0,5.0,0,0,0
W1372,41.58837385,-71.07853485,10.2,11.8,1,1,Spring,2005.0,5.0,0,0,0
W1374,41.60050153,-71.07337053,11.3,11.7,1,1,Spring,2005.0,5.0,0,0,0
W1369,41.620936,-71.05967996,12.6,11.2,1,1,Spring,2005.0,5.0,0,0,0
W1368,41.63101976,-71.05122871,13.3,10.7,1,1,Spring,2005.0,5.0,0,0,0
W1371,41.63417275,-71.0626189,11.6,11.7,1,1,Spring,2005.0,5.0,0,0,0
W1370,41.6534391,-71.07161149,11.8,11.0,1,1,Spring,2005.0,5.0,0,0,0
W1367,41.66995111,-71.02512143,12.2,10.9,1,1,Spring,2005.0,5.0,0,0,0
W1365,41.69283317,-71.03319491,14.3,10.7,1,1,Spring,2005.0,5.0,0,0,0
W1376,41.63949244,-70.98483042,13.7,8.8,1,1,Spring,2005.0,5.0,0,0,0
W1385,41.82944027,-70.77145151,13.1,7.3,1,1,Spring,2005.0,5.0,0,0,0
W1386,41.77019551,-70.7544982,13.4,10.2,1,1,Spring,2005.0,5.0,0,0,0
W1387,41.7342588,-70.77498583,12.1,8.4,1,1,Spring,2005.0,5.0,0,0,0
W1383,41.70573322,-70.84312803,11.9,9.0,1,1,Spring,2005.0,5.0,0,0,0
W1382,41.72449906,-70.89776922,14.4,9.7,1,1,Spring,2005.0,5.0,0,0,0
W1381,41.6962772,-70.91417526,12.5,9.2,1,1,Spring,2005.0,5.0,0,0,0
W1380,41.68195427,-70.9189306,12.3,10.4,1,1,Spring,2005.0,5.0,0,0,0
W1384,41.65978485,-70.83639194,11.9,8.7,1,1,Spring,2005.0,5.0,0,0,0
W1379,41.6320637,-70.9535974,14.7,10.1,1,1,Spring,2005.0,5.0,0,0,0
W1378,41.6015685,-70.95890599,13.0,11.2,1,1,Spring,2005.0,5.0,0,0,0
W1388,41.69308803,-70.77191491,12.6,7.4,1,1,Spring,2005.0,5.0,0,0,0
W1389,41.68878515,-70.7716652,14.2,8.1,1,1,Spring,2005.0,5.0,0,0,0
W1375,41.55048715,-71.10519746,10.0,12.0,0,0,Spring,2005.0,4.0,0,0,0
W1373,41.58674671,-71.07572146,10.5,11.8,0,0,Spring,2005.0,4.0,0,0,0
W1375,41.55048715,-71.10519746,9.8,11.6,0,0,Spring,2005.0,5.0,0,0,0
W1373,41.58674671,-71.07572146,10.5,11.6,0,0,Spring,2005.0,5.0,0,0,0
W1386,41.77019551,-70.7544982,13.5,10.6,0,0,Spring,2005.0,5.0,0,0,0
W1382,41.72449906,-70.89776922,15.5,9.6,0,0,Spring,2005.0,5.0,0,0,0
W1383,41.70573322,-70.84312803,12.8,9.4,0,0,Spring,2005.0,5.0,0,0,0
W1386,41.77019551,-70.7544982,13.7,10.5,0,0,Spring,2005.0,5.0,0,0,0
W1382,41.72449906,-70.89776922,14.6,9.9,0,0,Spring,2005.0,5.0,0,0,0
W1383,41.70573322,-70.84312803,11.9,9.7,0,0,Spring,2005.0,5.0,0,0,0
W1375,41.55048715,-71.10519746,10.3,10.5,0,0,Spring,2005.0,5.0,0,0,0
W1365,41.69283317,-71.03319491,13.1,9.9,0,0,Spring,2005.0,5.0,0,0,0
W1367,41.66995111,-71.02512143,11.6,9.1,0,0,Spring,2005.0,5.0,0,0,0
W1374,41.60050153,-71.07337053,10.7,10.6,0,0,Spring,2005.0,5.0,0,0,0
W1368,41.63101976,-71.05122871,10.6,10.6,0,0,Spring,2005.0,5.0,0,0,0
W1371,41.63417275,-71.0626189,10.7,10.4,0,0,Spring,2005.0,5.0,0,0,0
W1373,41.58674671,-71.07572146,13.3,10.0,0,0,Spring,2005.0,5.0,0,0,0
W1372,41.58837385,-71.07853485,13.0,9.8,0,0,Spring,2005.0,5.0,0,0,0
W1375,41.55048715,-71.10519746,13.7,10.0,0,0,Spring,2005.0,5.0,0,0,0
W1365,41.69283317,-71.03319491,16.6,9.4,0,0,Spring,2005.0,5.0,0,0,0
W1367,41.66995111,-71.02512143,15.2,8.7,0,0,Spring,2005.0,5.0,0,0,0
W1374,41.60050153,-71.07337053,14.3,9.8,0,0,Spring,2005.0,5.0,0,0,0
W1368,41.63101976,-71.05122871,17.4,8.9,0,0,Spring,2005.0,5.0,0,0,0
W1371,41.63417275,-71.0626189,14.1,10.0,0,0,Spring,2005.0,5.0,0,0,0
W1373,41.58674671,-71.07572146,12.9,10.3,0,1,Summer,2005.0,6.0,1,0,0
W1372,41.58837385,-71.07853485,12.6,10.1,0,1,Summer,2005.0,6.0,1,0,0
W1377,41.58579649,-70.99038519,16.4,6.4,0,0,Spring,2005.0,5.0,0,0,0
W1378,41.6015685,-70.95890599,16.4,9.7,0,0,Spring,2005.0,5.0,0,0,0
W1380,41.68195427,-70.9189306,17.3,9.4,0,0,Spring,2005.0,5.0,0,0,0
W1382,41.72449906,-70.89776922,18.0,8.5,0,0,Spring,2005.0,5.0,0,0,0
W1383,41.70573322,-70.84312803,17.8,8.5,0,0,Spring,2005.0,5.0,0,0,0
W1387,41.7342588,-70.77498583,18.5,8.6,0,0,Spring,2005.0,5.0,0,0,0
W1386,41.77019551,-70.7544982,17.8,8.7,0,0,Spring,2005.0,5.0,0,0,0
W1377,41.58579649,-70.99038519,15.2,6.3,0,1,Summer,2005.0,6.0,1,0,0
W1378,41.6015685,-70.95890599,14.2,10.2,0,1,Summer,2005.0,6.0,1,0,0
W1380,41.68195427,-70.9189306,15.8,9.5,0,1,Summer,2005.0,6.0,1,0,0
W1382,41.72449906,-70.89776922,17.4,8.6,0,1,Summer,2005.0,6.0,1,0,0
W1383,41.70573322,-70.84312803,16.3,8.1,0,1,Summer,2005.0,6.0,1,0,0
W1386,41.77019551,-70.7544982,17.1,9.0,0,1,Summer,2005.0,6.0,1,0,0
W1375,41.55048715,-71.10519746,16.6,9.4,1,2,Summer,2005.0,6.0,1,0,0
W1373,41.58674671,-71.07572146,16.1,9.6,1,2,Summer,2005.0,6.0,1,0,0
W1372,41.58837385,-71.07853485,15.9,9.7,1,2,Summer,2005.0,6.0,1,0,0
W1374,41.60050153,-71.07337053,17.9,9.0,1,2,Summer,2005.0,6.0,1,0,0
W1369,41.620936,-71.05967996,21.2,8.7,1,2,Summer,2005.0,6.0,1,0,0
W1368,41.63101976,-71.05122871,22.2,8.4,1,2,Summer,2005.0,6.0,1,0,0
W1371,41.63417275,-71.0626189,18.9,9.0,1,2,Summer,2005.0,6.0,1,0,0
W1370,41.6534391,-71.07161149,18.9,8.0,1,2,Summer,2005.0,6.0,1,0,0
W1367,41.66995111,-71.02512143,20.6,7.2,1,2,Summer,2005.0,6.0,1,0,0
W1365,41.69283317,-71.03319491,23.5,8.6,1,2,Summer,2005.0,6.0,1,0,0
W1366,41.70943898,-71.00445926,21.8,7.9,0,1,Summer,2005.0,6.0,1,0,0
W1385,41.82944027,-70.77145151,22.6,2.4,1,3,Summer,2005.0,6.0,1,1,0
W1386,41.77019551,-70.7544982,21.7,8.3,1,2,Summer,2005.0,6.0,1,0,0
W1387,41.7342588,-70.77498583,21.3,5.5,1,2,Summer,2005.0,6.0,1,0,0
W1384,41.65978485,-70.83639194,20.8,6.7,1,2,Summer,2005.0,6.0,1,0,0
W1383,41.70573322,-70.84312803,21.3,6.6,1,2,Summer,2005.0,6.0,1,0,0
W1382,41.72449906,-70.89776922,22.8,7.4,1,2,Summer,2005.0,6.0,1,0,0
W1381,41.6962772,-70.91417526,21.1,7.0,1,2,Summer,2005.0,6.0,1,0,0
W1380,41.68195427,-70.9189306,22.6,7.4,1,2,Summer,2005.0,6.0,1,0,0
W1379,41.6320637,-70.9535974,25.1,6.5,1,2,Summer,2005.0,6.0,1,0,0
W1378,41.6015685,-70.95890599,18.5,9.8,1,2,Summer,2005.0,6.0,1,0,0
W1377,41.58579649,-70.99038519,20.5,7.1,1,2,Summer,2005.0,6.0,1,0,0
W1376,41.63949244,-70.98483042,21.8,5.5,1,2,Summer,2005.0,6.0,1,0,0
W1389,41.68878515,-70.7716652,24.0,5.5,1,2,Summer,2005.0,6.0,1,0,0
W1388,41.69308803,-70.77191491,16.9,6.6,1,2,Summer,2005.0,6.0,1,0,0
W1375,41.55048715,-71.10519746,17.9,8.8,1,2,Summer,2005.0,6.0,1,0,0
W1373,41.58674671,-71.07572146,17.2,9.2,1,2,Summer,2005.0,6.0,1,0,0
W1372,41.58837385,-71.07853485,17.5,9.1,1,2,Summer,2005.0,6.0,1,0,0
W1374,41.60050153,-71.07337053,18.4,7.9,1,2,Summer,2005.0,6.0,1,0,0
W1369,41.620936,-71.05967996,22.2,8.0,1,2,Summer,2005.0,6.0,1,0,0
W1368,41.63101976,-71.05122871,23.7,7.6,1,2,Summer,2005.0,6.0,1,0,0
W1371,41.63417275,-71.0626189,19.9,7.9,1,2,Summer,2005.0,6.0,1,0,0
W1370,41.6534391,-71.07161149,19.5,6.5,1,2,Summer,2005.0,6.0,1,0,0
W1367,41.66995111,-71.02512143,22.1,6.4,1,2,Summer,2005.0,6.0,1,0,0
W1365,41.69283317,-71.03319491,21.7,8.2,1,2,Summer,2005.0,6.0,1,0,0
W1366,41.70943898,-71.00445926,20.1,4.5,1,3,Summer,2005.0,6.0,1,1,0
W1385,41.82944027,-70.77145151,24.1,3.8,1,3,Summer,2005.0,6.0,1,1,0
W1386,41.77019551,-70.7544982,22.5,7.9,1,2,Summer,2005.0,6.0,1,0,0
W1387,41.7342588,-70.77498583,23.7,4.6,1,3,Summer,2005.0,6.0,1,1,0
W1384,41.65978485,-70.83639194,21.8,5.4,1,2,Summer,2005.0,6.0,1,0,0
W1383,41.70573322,-70.84312803,21.5,6.6,1,2,Summer,2005.0,6.0,1,0,0
W1382,41.72449906,-70.89776922,23.0,6.6,1,2,Summer,2005.0,6.0,1,0,0
W1381,41.6962772,-70.91417526,22.5,6.0,1,2,Summer,2005.0,6.0,1,0,0
W1380,41.68195427,-70.9189306,22.9,5.8,1,2,Summer,2005.0,6.0,1,0,0
W1379,41.6320637,-70.9535974,25.8,4.5,1,4,Summer,2005.0,6.0,1,1,1
W1378,41.6015685,-70.95890599,19.6,8.6,1,2,Summer,2005.0,6.0,1,0,0
W1377,41.58579649,-70.99038519,21.0,6.6,1,2,Summer,2005.0,6.0,1,0,0
W1376,41.63949244,-70.98483042,22.6,5.2,1,2,Summer,2005.0,6.0,1,0,0
W1389,41.68878515,-70.7716652,24.8,6.5,1,2,Summer,2005.0,6.0,1,0,0
W1388,41.69308803,-70.77191491,18.1,5.2,0,1,Summer,2005.0,6.0,1,0,0
W1375,41.55048715,-71.10519746,19.4,8.3,1,2,Summer,2005.0,8.0,1,0,0
W1373,41.58674671,-71.07572146,19.3,7.4,1,2,Summer,2005.0,8.0,1,0,0
W1372,41.58837385,-71.07853485,19.1,7.7,1,2,Summer,2005.0,8.0,1,0,0
W1374,41.60050153,-71.07337053,18.7,5.6,1,2,Summer,2005.0,8.0,1,0,0
W1369,41.620936,-71.05967996,26.1,5.1,1,2,Summer,2005.0,8.0,1,0,0
W1368,41.63101976,-71.05122871,22.4,7.3,1,2,Summer,2005.0,8.0,1,0,0
W1371,41.63417275,-71.0626189,20.6,7.3,1,2,Summer,2005.0,8.0,1,0,0
W1370,41.6534391,-71.07161149,20.2,6.4,1,2,Summer,2005.0,8.0,1,0,0
W1367,41.66995111,-71.02512143,20.7,6.7,1,2,Summer,2005.0,8.0,1,0,0
W1366,41.70943898,-71.00445926,19.6,4.1,0,2,Summer,2005.0,8.0,1,1,0
W1385,41.82944027,-70.77145151,19.9,4.7,1,3,Summer,2005.0,8.0,1,1,0
W1386,41.77019551,-70.7544982,20.8,7.9,1,2,Summer,2005.0,8.0,1,0,0
W1387,41.7342588,-70.77498583,21.8,5.2,1,2,Summer,2005.0,8.0,1,0,0
W1384,41.65978485,-70.83639194,20.5,5.4,0,1,Summer,2005.0,8.0,1,0,0
W1383,41.70573322,-70.84312803,20.7,6.8,1,2,Summer,2005.0,8.0,1,0,0
W1382,41.72449906,-70.89776922,21.1,7.3,1,2,Summer,2005.0,8.0,1,0,0
W1381,41.6962772,-70.91417526,23.0,4.2,0,2,Summer,2005.0,8.0,1,1,0
W1380,41.68195427,-70.9189306,23.3,7.3,1,2,Summer,2005.0,8.0,1,0,0
W1378,41.6015685,-70.95890599,21.0,8.2,1,2,Summer,2005.0,8.0,1,0,0
W1377,41.58579649,-70.99038519,22.8,5.7,1,2,Summer,2005.0,8.0,1,0,0
W1376,41.63949244,-70.98483042,22.8,3.0,1,3,Summer,2005.0,8.0,1,1,0
W1369,41.620936,-71.05967996,21.9,8.4,1,2,Summer,2005.0,8.0,1,0,0
W1368,41.63101976,-71.05122871,23.4,8.1,1,2,Summer,2005.0,8.0,1,0,0
W1371,41.63417275,-71.0626189,21.0,8.6,1,2,Summer,2005.0,8.0,1,0,0
W1370,41.6534391,-71.07161149,20.7,7.9,1,2,Summer,2005.0,8.0,1,0,0
W1367,41.66995111,-71.02512143,21.0,7.2,1,2,Summer,2005.0,8.0,1,0,0
W1399,41.69276793,-71.03355135,20.0,7.4,1,2,Summer,2005.0,8.0,1,0,0
W1366,41.70943898,-71.00445926,20.8,6.6,1,2,Summer,2005.0,8.0,1,0,0
W1385,41.82944027,-70.77145151,21.2,6.8,1,2,Summer,2005.0,8.0,1,0,0
W1386,41.77019551,-70.7544982,21.3,7.6,1,2,Summer,2005.0,8.0,1,0,0
W1387,41.7342588,-70.77498583,21.6,6.5,1,2,Summer,2005.0,8.0,1,0,0
W1384,41.65978485,-70.83639194,21.2,7.2,1,2,Summer,2005.0,8.0,1,0,0
W1383,41.70573322,-70.84312803,20.4,7.3,1,2,Summer,2005.0,8.0,1,0,0
W1382,41.72449906,-70.89776922,22.6,7.1,1,2,Summer,2005.0,8.0,1,0,0
W1380,41.68195427,-70.9189306,21.5,7.8,1,2,Summer,2005.0,8.0,1,0,0
W1377,41.58579649,-70.99038519,21.2,7.2,1,2,Summer,2005.0,8.0,1,0,0
W1407,41.6868479,-70.77068505,24.3,5.5,1,2,Summer,2005.0,6.0,1,0,0
W1400,41.9164327,-70.76349843,25.0,9.4,1,2,Summer,2005.0,7.0,1,0,0
W1400,41.9164327,-70.76349843,24.5,9.4,1,2,Summer,2005.0,7.0,1,0,0
W1400,41.9164327,-70.76349843,22.6,4.0,1,3,Summer,2005.0,7.0,1,1,0
W1400,41.9164327,-70.76349843,23.9,8.2,1,2,Summer,2005.0,7.0,1,0,0
W1401,41.86851883,-70.73085416,26.1,8.5,1,2,Summer,2005.0,7.0,1,0,0
W1401,41.86851883,-70.73085416,25.8,8.6,1,2,Summer,2005.0,7.0,1,0,0
W1401,41.86851883,-70.73085416,25.4,8.6,1,2,Summer,2005.0,7.0,1,0,0
W1401,41.86851883,-70.73085416,21.3,10.0,1,2,Summer,2005.0,7.0,1,0,0
W1401,41.86851883,-70.73085416,17.7,4.2,1,3,Summer,2005.0,7.0,1,1,0
W1401,41.86851883,-70.73085416,13.1,0.3,1,3,Summer,2005.0,7.0,1,1,0
W1402,41.85206447,-70.75297674,25.2,8.1,1,2,Summer,2005.0,7.0,1,0,0
W1402,41.85206447,-70.75297674,25.2,8.0,1,2,Summer,2005.0,7.0,1,0,0
W1402,41.85206447,-70.75297674,25.2,7.9,1,2,Summer,2005.0,7.0,1,0,0
W1402,41.85206447,-70.75297674,21.6,1.7,1,3,Summer,2005.0,7.0,1,1,0
W1405,41.78090716,-70.86202375,24.6,8.0,1,2,Summer,2005.0,7.0,1,0,0
W1405,41.78090716,-70.86202375,24.5,8.0,1,2,Summer,2005.0,7.0,1,0,0
W1403,41.75645701,-70.78989856,23.2,8.3,1,2,Summer,2005.0,7.0,1,0,0
W1403,41.75645701,-70.78989856,23.3,8.3,1,2,Summer,2005.0,7.0,1,0,0
W1403,41.75645701,-70.78989856,23.2,8.2,1,2,Summer,2005.0,7.0,1,0,0
W1403,41.75645701,-70.78989856,23.2,8.2,1,2,Summer,2005.0,7.0,1,0,0
W1403,41.75645701,-70.78989856,16.9,9.2,1,2,Summer,2005.0,7.0,1,0,0
W1403,41.75645701,-70.78989856,15.3,8.5,1,2,Summer,2005.0,7.0,1,0,0
W1403,41.75645701,-70.78989856,13.6,4.9,1,3,Summer,2005.0,7.0,1,1,0
W1403,41.75645701,-70.78989856,13.2,3.4,1,3,Summer,2005.0,7.0,1,1,0
W1404,41.75026335,-70.80466442,21.8,7.2,1,2,Summer,2005.0,7.0,1,0,0
W1404,41.75026335,-70.80466442,21.9,7.0,1,2,Summer,2005.0,7.0,1,0,0
W1403,41.75645701,-70.78989856,26.8,8.1,1,2,Summer,2005.0,8.0,1,0,0
W1403,41.75645701,-70.78989856,26.6,8.1,1,2,Summer,2005.0,8.0,1,0,0
W1403,41.75645701,-70.78989856,26.4,7.8,1,2,Summer,2005.0,8.0,1,0,0
W1403,41.75645701,-70.78989856,25.8,7.8,1,2,Summer,2005.0,8.0,1,0,0
W1403,41.75645701,-70.78989856,24.0,7.5,1,2,Summer,2005.0,8.0,1,0,0
W1403,41.75645701,-70.78989856,19.6,7.6,1,2,Summer,2005.0,8.0,1,0,0
W1403,41.75645701,-70.78989856,16.8,6.0,1,2,Summer,2005.0,8.0,1,0,0
W1403,41.75645701,-70.78989856,14.8,2.0,1,3,Summer,2005.0,8.0,1,1,0
W1403,41.75645701,-70.78989856,14.5,1.0,1,3,Summer,2005.0,8.0,1,1,0
W1404,41.75026335,-70.80466442,25.9,7.4,1,2,Summer,2005.0,8.0,1,0,0
W1404,41.75026335,-70.80466442,23.7,0.5,1,3,Summer,2005.0,8.0,1,1,0
W1400,41.9164327,-70.76349843,27.2,7.1,1,2,Summer,2005.0,8.0,1,0,0
W1400,41.9164327,-70.76349843,26.9,6.7,1,2,Summer,2005.0,8.0,1,0,0
W1400,41.9164327,-70.76349843,26.7,6.1,1,2,Summer,2005.0,8.0,1,0,0
W1401,41.86851883,-70.73085416,28.8,8.5,1,2,Summer,2005.0,8.0,1,0,0
W1401,41.86851883,-70.73085416,27.4,8.5,1,2,Summer,2005.0,8.0,1,0,0
W1401,41.86851883,-70.73085416,26.6,7.9,1,2,Summer,2005.0,8.0,1,0,0
W1401,41.86851883,-70.73085416,23.2,2.5,1,3,Summer,2005.0,8.0,1,1,0
W1401,41.86851883,-70.73085416,19.2,0.8,1,3,Summer,2005.0,8.0,1,1,0
W1402,41.85206447,-70.75297674,27.7,7.5,0,1,Summer,2005.0,8.0,1,0,0
W1402,41.85206447,-70.75297674,27.7,7.4,0,1,Summer,2005.0,8.0,1,0,0
W1402,41.85206447,-70.75297674,27.6,7.4,0,1,Summer,2005.0,8.0,1,0,0
W1402,41.85206447,-70.75297674,27.6,7.3,0,1,Summer,2005.0,8.0,1,0,0
W1405,41.78090716,-70.86202375,27.3,7.3,0,1,Summer,2005.0,8.0,1,0,0
W1405,41.78090716,-70.86202375,27.3,7.2,0,1,Summer,2005.0,8.0,1,0,0
W1400,41.9164327,-70.76349843,24.7,6.4,1,1,Fall,2005.0,9.0,0,0,0
W1400,41.9164327,-70.76349843,24.6,6.4,1,1,Fall,2005.0,9.0,0,0,0
W1400,41.9164327,-70.76349843,24.5,6.2,1,1,Fall,2005.0,9.0,0,0,0
W1401,41.86851883,-70.73085416,25.1,8.9,1,1,Fall,2005.0,9.0,0,0,0
W1401,41.86851883,-70.73085416,24.5,7.7,1,1,Fall,2005.0,9.0,0,0,0
W1401,41.86851883,-70.73085416,24.4,7.2,1,1,Fall,2005.0,9.0,0,0,0
W1401,41.86851883,-70.73085416,24.4,7.1,1,1,Fall,2005.0,9.0,0,0,0
W1401,41.86851883,-70.73085416,23.4,4.2,1,2,Fall,2005.0,9.0,0,1,0
W1403,41.75645701,-70.78989856,24.6,8.2,1,1,Fall,2005.0,9.0,0,0,0
W1403,41.75645701,-70.78989856,24.6,8.0,1,1,Fall,2005.0,9.0,0,0,0
W1403,41.75645701,-70.78989856,24.6,8.0,1,1,Fall,2005.0,9.0,0,0,0
W1403,41.75645701,-70.78989856,24.5,7.8,1,1,Fall,2005.0,9.0,0,0,0
W1403,41.75645701,-70.78989856,24.4,7.5,1,1,Fall,2005.0,9.0,0,0,0
W1403,41.75645701,-70.78989856,24.2,7.3,1,1,Fall,2005.0,9.0,0,0,0
W1403,41.75645701,-70.78989856,24.0,7.0,1,1,Fall,2005.0,9.0,0,0,0
W1403,41.75645701,-70.78989856,21.6,3.4,1,2,Fall,2005.0,9.0,0,1,0
W1403,41.75645701,-70.78989856,16.7,0.6,1,2,Fall,2005.0,9.0,0,1,0
W1404,41.75026335,-70.80466442,22.7,5.3,1,1,Fall,2005.0,9.0,0,0,0
W1404,41.75026335,-70.80466442,22.4,4.8,1,2,Fall,2005.0,9.0,0,1,0
W1402,41.85206447,-70.75297674,24.1,8.2,1,1,Fall,2005.0,9.0,0,0,0
W1402,41.85206447,-70.75297674,24.0,7.9,1,1,Fall,2005.0,9.0,0,0,0
W1402,41.85206447,-70.75297674,23.9,8.0,1,1,Fall,2005.0,9.0,0,0,0
W1402,41.85206447,-70.75297674,23.8,7.9,1,1,Fall,2005.0,9.0,0,0,0
W1405,41.78090716,-70.86202375,23.6,7.8,1,1,Fall,2005.0,9.0,0,0,0
W1405,41.78090716,-70.86202375,23.1,7.5,1,1,Fall,2005.0,9.0,0,0,0
W1289,42.28513941,-73.19308795,23.5,7.8,0,1,Summer,2005.0,8.0,1,0,0
W1289,42.28513941,-73.19308795,23.3,7.8,0,1,Summer,2005.0,8.0,1,0,0
W1289,42.28513941,-73.19308795,23.2,7.7,0,1,Summer,2005.0,8.0,1,0,0
W1289,42.28513941,-73.19308795,18.9,6.5,0,1,Summer,2005.0,8.0,1,0,0
W1289,42.28513941,-73.19308795,20.9,6.7,0,1,Summer,2005.0,8.0,1,0,0
W1289,42.28513941,-73.19308795,16.3,6.6,0,1,Summer,2005.0,8.0,1,0,0
W1289,42.28513941,-73.19308795,13.9,6.5,0,1,Summer,2005.0,8.0,1,0,0
W1289,42.28513941,-73.19308795,12.2,5.1,0,1,Summer,2005.0,8.0,1,0,0
W1289,42.28513941,-73.19308795,11.0,3.5,0,2,Summer,2005.0,8.0,1,1,0
W1289,42.28513941,-73.19308795,13.0,5.9,0,1,Summer,2005.0,8.0,1,0,0
W1290,42.46492596,-73.28394056,24.2,7.2,1,2,Summer,2005.0,8.0,1,0,0
W1290,42.46492596,-73.28394056,22.5,7.1,1,2,Summer,2005.0,8.0,1,0,0
W1290,42.46492596,-73.28394056,20.0,8.7,1,2,Summer,2005.0,8.0,1,0,0
W1290,42.46492596,-73.28394056,13.4,7.0,1,2,Summer,2005.0,8.0,1,0,0
W1290,42.46492596,-73.28394056,12.7,6.6,1,2,Summer,2005.0,8.0,1,0,0
W1290,42.46492596,-73.28394056,10.9,4.3,1,3,Summer,2005.0,8.0,1,1,0
W1290,42.46492596,-73.28394056,8.7,0.7,1,3,Summer,2005.0,8.0,1,1,0
W1291,42.33510586,-73.31812587,23.8,8.3,1,2,Summer,2005.0,8.0,1,0,0
W1291,42.33510586,-73.31812587,23.8,8.3,1,2,Summer,2005.0,8.0,1,0,0
W1291,42.33510586,-73.31812587,23.8,8.3,1,2,Summer,2005.0,8.0,1,0,0
W1291,42.33510586,-73.31812587,23.7,8.3,1,2,Summer,2005.0,8.0,1,0,0
W1291,42.33510586,-73.31812587,22.2,9.6,1,2,Summer,2005.0,8.0,1,0,0
W1291,42.33510586,-73.31812587,19.5,9.9,1,2,Summer,2005.0,8.0,1,0,0
W1291,42.33510586,-73.31812587,15.7,9.7,1,2,Summer,2005.0,8.0,1,0,0
W1291,42.33510586,-73.31812587,13.1,9.8,1,2,Summer,2005.0,8.0,1,0,0
W1291,42.33510586,-73.31812587,10.2,7.6,1,2,Summer,2005.0,8.0,1,0,0
W1291,42.33510586,-73.31812587,9.8,3.2,1,3,Summer,2005.0,8.0,1,1,0
W1292,42.30498564,-72.83260247,23.2,7.5,1,1,Fall,2005.0,9.0,0,0,0
W1292,42.30498564,-72.83260247,22.9,7.0,1,1,Fall,2005.0,9.0,0,0,0
W1292,42.30498564,-72.83260247,20.2,3.7,1,2,Fall,2005.0,9.0,0,1,0
W1292,42.30498564,-72.83260247,18.3,1.8,1,2,Fall,2005.0,9.0,0,1,0
W1292,42.30498564,-72.83260247,14.0,0.4,1,2,Fall,2005.0,9.0,0,1,0
W1293,42.53700951,-72.97936418,23.2,7.5,1,2,Summer,2005.0,8.0,1,0,0
W1293,42.53700951,-72.97936418,22.8,6.8,1,2,Summer,2005.0,8.0,1,0,0
W1293,42.53700951,-72.97936418,20.2,1.2,1,3,Summer,2005.0,8.0,1,1,0
W1293,42.53700951,-72.97936418,9.7,2.7,1,3,Summer,2005.0,8.0,1,1,0
W1293,42.53700951,-72.97936418,5.8,0.6,1,3,Summer,2005.0,8.0,1,1,0
W1294,42.63380602,-72.23276091,25.8,6.9,1,2,Summer,2005.0,8.0,1,0,0
W1294,42.63380602,-72.23276091,24.9,2.9,1,3,Summer,2005.0,8.0,1,1,0
W1294,42.63380602,-72.23276091,10.8,2.1,1,3,Summer,2005.0,8.0,1,1,0
W1294,42.63380602,-72.23276091,7.3,1.8,1,3,Summer,2005.0,8.0,1,1,0
W1294,42.63380602,-72.23276091,5.4,1.7,1,3,Summer,2005.0,8.0,1,1,0
W1083,42.14509062,-72.51299232,25.9,7.2,1,1,Fall,2005.0,9.0,0,0,0
W1083,42.14509062,-72.51299232,24.8,6.6,1,1,Fall,2005.0,9.0,0,0,0
W1083,42.14509062,-72.51299232,22.6,6.1,1,1,Fall,2005.0,9.0,0,0,0
W1083,42.14509062,-72.51299232,20.1,7.5,1,1,Fall,2005.0,9.0,0,0,0
W1083,42.14509062,-72.51299232,16.9,11.1,1,1,Fall,2005.0,9.0,0,0,0
W1083,42.14509062,-72.51299232,14.5,7.4,1,1,Fall,2005.0,9.0,0,0,0
W1083,42.14509062,-72.51299232,13.1,1.7,1,2,Fall,2005.0,9.0,0,1,0
W1083,42.14509062,-72.51299232,10.4,0.5,1,2,Fall,2005.0,9.0,0,1,0
W1221,42.14096257,-72.12021662,25.1,8.2,1,1,Fall,2005.0,9.0,0,0,0
W1221,42.14096257,-72.12021662,24.2,8.4,1,1,Fall,2005.0,9.0,0,0,0
W1221,42.14096257,-72.12021662,24.0,8.3,1,1,Fall,2005.0,9.0,0,0,0
W1221,42.14096257,-72.12021662,23.7,8.1,1,1,Fall,2005.0,9.0,0,0,0
W1221,42.14096257,-72.12021662,22.0,9.0,1,1,Fall,2005.0,9.0,0,0,0
W1221,42.14096257,-72.12021662,18.7,8.1,1,1,Fall,2005.0,9.0,0,0,0
W1221,42.14096257,-72.12021662,17.1,6.2,1,1,Fall,2005.0,9.0,0,0,0
W1221,42.14096257,-72.12021662,15.9,3.6,1,2,Fall,2005.0,9.0,0,1,0
W1221,42.14096257,-72.12021662,14.8,2.2,1,2,Fall,2005.0,9.0,0,1,0
W1221,42.14096257,-72.12021662,13.7,1.1,1,2,Fall,2005.0,9.0,0,1,0
W1295,42.05363901,-71.84807799,24.1,7.8,1,1,Fall,2005.0,9.0,0,0,0
W1295,42.05363901,-71.84807799,24.0,7.8,1,1,Fall,2005.0,9.0,0,0,0
W1295,42.05363901,-71.84807799,23.9,7.6,1,1,Fall,2005.0,9.0,0,0,0
W1295,42.05363901,-71.84807799,23.6,7.0,1,1,Fall,2005.0,9.0,0,0,0
W1295,42.05363901,-71.84807799,23.5,6.8,1,1,Fall,2005.0,9.0,0,0,0
W1295,42.05363901,-71.84807799,22.0,2.6,1,2,Fall,2005.0,9.0,0,1,0
W1295,42.05363901,-71.84807799,19.7,0.2,1,2,Fall,2005.0,9.0,0,1,0
W1087,42.46963022,-71.15765018,25.3,7.3,1,2,Summer,2005.0,8.0,1,0,0
W1087,42.46963022,-71.15765018,25.2,7.0,1,2,Summer,2005.0,8.0,1,0,0
W1087,42.46963022,-71.15765018,25.1,7.0,1,2,Summer,2005.0,8.0,1,0,0
W1087,42.46963022,-71.15765018,21.0,12.4,1,2,Summer,2005.0,8.0,1,0,0
W1087,42.46963022,-71.15765018,16.5,5.3,1,2,Summer,2005.0,8.0,1,0,0
W1087,42.46963022,-71.15765018,14.4,1.3,1,3,Summer,2005.0,8.0,1,1,0
W1296,42.43518342,-71.15084227,26.3,9.4,1,2,Summer,2005.0,8.0,1,0,0
W1296,42.43518342,-71.15084227,26.3,9.4,1,2,Summer,2005.0,8.0,1,0,0
W1296,42.43518342,-71.15084227,26.3,9.3,1,2,Summer,2005.0,8.0,1,0,0
W1296,42.43518342,-71.15084227,22.3,9.0,1,2,Summer,2005.0,8.0,1,0,0
W1296,42.43518342,-71.15084227,17.9,7.9,1,2,Summer,2005.0,8.0,1,0,0
W1296,42.43518342,-71.15084227,14.4,5.0,1,2,Summer,2005.0,8.0,1,0,0
W1296,42.43518342,-71.15084227,12.9,4.5,1,3,Summer,2005.0,8.0,1,1,0
W1296,42.43518342,-71.15084227,10.9,2.3,1,3,Summer,2005.0,8.0,1,1,0
W1297,42.23288025,-71.34625451,23.9,7.4,1,1,Fall,2005.0,9.0,0,0,0
W1297,42.23288025,-71.34625451,23.8,6.4,1,1,Fall,2005.0,9.0,0,0,0
W1297,42.23288025,-71.34625451,23.5,6.6,1,1,Fall,2005.0,9.0,0,0,0
W1297,42.23288025,-71.34625451,22.6,6.5,1,1,Fall,2005.0,9.0,0,0,0
W1297,42.23288025,-71.34625451,17.6,7.2,1,1,Fall,2005.0,9.0,0,0,0
W1297,42.23288025,-71.34625451,14.8,6.0,1,1,Fall,2005.0,9.0,0,0,0
W1297,42.23288025,-71.34625451,12.1,6.6,1,1,Fall,2005.0,9.0,0,0,0
W1297,42.23288025,-71.34625451,9.1,5.2,1,1,Fall,2005.0,9.0,0,0,0
W1297,42.23288025,-71.34625451,8.0,1.2,1,2,Fall,2005.0,9.0,0,1,0
W0973,42.31754129,-71.11901573,23.9,8.9,1,1,Fall,2005.0,9.0,0,0,0
W0973,42.31754129,-71.11901573,23.5,9.1,1,1,Fall,2005.0,9.0,0,0,0
W0973,42.31754129,-71.11901573,23.2,9.2,1,1,Fall,2005.0,9.0,0,0,0
W0973,42.31754129,-71.11901573,22.9,9.1,1,1,Fall,2005.0,9.0,0,0,0
W0973,42.31754129,-71.11901573,18.7,17.7,1,1,Fall,2005.0,9.0,0,0,0
W0973,42.31754129,-71.11901573,12.7,17.6,1,1,Fall,2005.0,9.0,0,0,0
W0973,42.31754129,-71.11901573,8.9,9.3,1,1,Fall,2005.0,9.0,0,0,0
W0973,42.31754129,-71.11901573,7.1,3.1,1,2,Fall,2005.0,9.0,0,1,0
W0973,42.31754129,-71.11901573,6.0,0.3,1,2,Fall,2005.0,9.0,0,1,0
W0603,42.52346976,-71.6880925,26.4,7.4,1,2,Summer,2005.0,8.0,1,0,0
W0603,42.52346976,-71.6880925,25.7,7.4,1,2,Summer,2005.0,8.0,1,0,0
W0603,42.52346976,-71.6880925,25.2,7.3,1,2,Summer,2005.0,8.0,1,0,0
W0603,42.52346976,-71.6880925,19.7,7.5,1,2,Summer,2005.0,8.0,1,0,0
W0603,42.52346976,-71.6880925,14.4,5.6,1,2,Summer,2005.0,8.0,1,0,0
W0603,42.52346976,-71.6880925,12.2,4.6,1,3,Summer,2005.0,8.0,1,1,0
W0603,42.52346976,-71.6880925,11.0,3.9,1,3,Summer,2005.0,8.0,1,1,0
W0603,42.52346976,-71.6880925,9.4,3.2,1,3,Summer,2005.0,8.0,1,1,0
W0603,42.52346976,-71.6880925,7.4,1.8,1,3,Summer,2005.0,8.0,1,1,0
W1298,42.52614864,-71.60978989,26.0,8.2,1,2,Summer,2005.0,8.0,1,0,0
W1298,42.52614864,-71.60978989,25.7,7.9,1,2,Summer,2005.0,8.0,1,0,0
W1298,42.52614864,-71.60978989,24.0,9.5,1,2,Summer,2005.0,8.0,1,0,0
W1298,42.52614864,-71.60978989,20.5,11.9,1,2,Summer,2005.0,8.0,1,0,0
W1298,42.52614864,-71.60978989,15.5,13.8,1,2,Summer,2005.0,8.0,1,0,0
W1298,42.52614864,-71.60978989,10.1,13.3,1,2,Summer,2005.0,8.0,1,0,0
W1298,42.52614864,-71.60978989,7.0,6.9,1,2,Summer,2005.0,8.0,1,0,0
W1298,42.52614864,-71.60978989,6.1,1.4,1,3,Summer,2005.0,8.0,1,1,0
W1299,42.5117797,-71.68117943,27.3,8.4,0,1,Summer,2005.0,8.0,1,0,0
W1299,42.5117797,-71.68117943,26.0,8.6,0,1,Summer,2005.0,8.0,1,0,0
W1299,42.5117797,-71.68117943,20.2,12.9,0,1,Summer,2005.0,8.0,1,0,0
W1299,42.5117797,-71.68117943,13.8,14.7,0,1,Summer,2005.0,8.0,1,0,0
W1299,42.5117797,-71.68117943,10.9,11.0,0,1,Summer,2005.0,8.0,1,0,0
W1299,42.5117797,-71.68117943,8.9,5.3,0,1,Summer,2005.0,8.0,1,0,0
W1299,42.5117797,-71.68117943,8.0,0.5,0,2,Summer,2005.0,8.0,1,1,0
W1300,42.2565633,-71.51337647,26.2,6.7,1,2,Summer,2005.0,8.0,1,0,0
W1300,42.2565633,-71.51337647,26.0,6.7,1,2,Summer,2005.0,8.0,1,0,0
W1300,42.2565633,-71.51337647,20.8,1.6,1,3,Summer,2005.0,8.0,1,1,0
W1300,42.2565633,-71.51337647,14.7,3.4,1,3,Summer,2005.0,8.0,1,1,0
W1300,42.2565633,-71.51337647,12.6,4.7,1,3,Summer,2005.0,8.0,1,1,0
W1300,42.2565633,-71.51337647,10.9,4.1,1,3,Summer,2005.0,8.0,1,1,0
W1300,42.2565633,-71.51337647,10.4,4.2,1,3,Summer,2005.0,8.0,1,1,0
W1300,42.2565633,-71.51337647,9.4,2.6,1,3,Summer,2005.0,8.0,1,1,0
W1300,42.2565633,-71.51337647,9.1,2.6,1,3,Summer,2005.0,8.0,1,1,0
W1300,42.2565633,-71.51337647,8.8,2.0,1,3,Summer,2005.0,8.0,1,1,0
W1301,42.26417366,-71.42338611,28.0,9.7,1,2,Summer,2005.0,8.0,1,0,0
W1301,42.26417366,-71.42338611,25.7,8.5,1,2,Summer,2005.0,8.0,1,0,0
W1301,42.26417366,-71.42338611,22.5,4.6,1,3,Summer,2005.0,8.0,1,1,0
W1301,42.26417366,-71.42338611,20.3,2.0,1,3,Summer,2005.0,8.0,1,1,0
W1301,42.26417366,-71.42338611,18.5,1.2,1,3,Summer,2005.0,8.0,1,1,0
W1302,42.42837406,-71.38869821,24.1,8.2,0,0,Fall,2005.0,9.0,0,0,0
W1302,42.42837406,-71.38869821,23.6,8.7,0,0,Fall,2005.0,9.0,0,0,0
W1302,42.42837406,-71.38869821,20.7,12.5,0,0,Fall,2005.0,9.0,0,0,0
W1302,42.42837406,-71.38869821,18.6,13.0,0,0,Fall,2005.0,9.0,0,0,0
W1302,42.42837406,-71.38869821,14.4,12.9,0,0,Fall,2005.0,9.0,0,0,0
W1302,42.42837406,-71.38869821,12.4,11.8,0,0,Fall,2005.0,9.0,0,0,0
W1302,42.42837406,-71.38869821,10.7,6.9,0,0,Fall,2005.0,9.0,0,0,0
W1302,42.42837406,-71.38869821,9.8,2.7,0,1,Fall,2005.0,9.0,0,1,0
W1090,42.30447696,-71.36772536,24.7,7.9,1,1,Fall,2005.0,9.0,0,0,0
W1090,42.30447696,-71.36772536,23.1,7.6,1,1,Fall,2005.0,9.0,0,0,0
W1090,42.30447696,-71.36772536,22.9,7.3,1,1,Fall,2005.0,9.0,0,0,0
W1090,42.30447696,-71.36772536,20.3,5.4,1,1,Fall,2005.0,9.0,0,0,0
W1090,42.30447696,-71.36772536,13.9,2.1,1,2,Fall,2005.0,9.0,0,1,0
W1303,42.61896227,-71.53046404,25.4,6.8,1,2,Summer,2005.0,8.0,1,0,0
W1303,42.61896227,-71.53046404,25.0,6.8,1,2,Summer,2005.0,8.0,1,0,0
W1303,42.61896227,-71.53046404,24.5,5.5,1,2,Summer,2005.0,8.0,1,0,0
W1303,42.61896227,-71.53046404,23.3,4.1,1,3,Summer,2005.0,8.0,1,1,0
W1303,42.61896227,-71.53046404,19.6,5.7,1,2,Summer,2005.0,8.0,1,0,0
W1303,42.61896227,-71.53046404,15.8,5.0,1,2,Summer,2005.0,8.0,1,0,0
W1303,42.61896227,-71.53046404,14.0,3.5,1,3,Summer,2005.0,8.0,1,1,0
W1303,42.61896227,-71.53046404,12.0,1.6,1,3,Summer,2005.0,8.0,1,1,0
W1304,42.48906266,-70.96417813,26.6,9.0,1,2,Summer,2005.0,8.0,1,0,0
W1304,42.48906266,-70.96417813,26.3,8.9,1,2,Summer,2005.0,8.0,1,0,0
W1304,42.48906266,-70.96417813,25.6,8.4,1,2,Summer,2005.0,8.0,1,0,0
W1304,42.48906266,-70.96417813,21.7,8.0,1,2,Summer,2005.0,8.0,1,0,0
W1304,42.48906266,-70.96417813,18.6,7.2,1,2,Summer,2005.0,8.0,1,0,0
W1304,42.48906266,-70.96417813,16.8,6.0,1,2,Summer,2005.0,8.0,1,0,0
W1304,42.48906266,-70.96417813,11.6,2.5,1,3,Summer,2005.0,8.0,1,1,0
W1304,42.48906266,-70.96417813,5.8,4.0,1,3,Summer,2005.0,8.0,1,1,0
W1304,42.48906266,-70.96417813,4.5,4.9,1,3,Summer,2005.0,8.0,1,1,0
W1304,42.48906266,-70.96417813,4.5,1.1,1,3,Summer,2005.0,8.0,1,1,0
W0608,42.69888619,-71.00142335,27.9,8.1,1,2,Summer,2005.0,8.0,1,0,0
W0608,42.69888619,-71.00142335,25.8,9.4,1,2,Summer,2005.0,8.0,1,0,0
W0608,42.69888619,-71.00142335,24.8,10.3,1,2,Summer,2005.0,8.0,1,0,0
W0608,42.69888619,-71.00142335,20.6,13.1,1,2,Summer,2005.0,8.0,1,0,0
W0608,42.69888619,-71.00142335,16.1,12.6,1,2,Summer,2005.0,8.0,1,0,0
W0608,42.69888619,-71.00142335,11.5,5.4,1,2,Summer,2005.0,8.0,1,0,0
W1305,41.97786915,-70.74700033,24.1,7.2,1,2,Summer,2005.0,8.0,1,0,0
W1305,41.97786915,-70.74700033,24.2,7.0,1,2,Summer,2005.0,8.0,1,0,0
W1305,41.97786915,-70.74700033,23.7,6.3,1,2,Summer,2005.0,8.0,1,0,0
W1306,41.63471569,-70.53182245,25.0,7.8,0,1,Summer,2005.0,8.0,1,0,0
W1306,41.63471569,-70.53182245,25.0,7.7,0,1,Summer,2005.0,8.0,1,0,0
W1306,41.63471569,-70.53182245,21.6,2.3,0,2,Summer,2005.0,8.0,1,1,0
W1306,41.63471569,-70.53182245,24.9,7.5,0,1,Summer,2005.0,8.0,1,0,0
W1306,41.63471569,-70.53182245,20.7,1.3,0,2,Summer,2005.0,8.0,1,1,0
W1306,41.63471569,-70.53182245,14.3,1.4,0,2,Summer,2005.0,8.0,1,1,0
W1307,41.76598122,-70.0260112,25.5,7.9,1,1,Fall,2005.0,9.0,0,0,0
W1307,41.76598122,-70.0260112,25.4,7.9,1,1,Fall,2005.0,9.0,0,0,0
W1307,41.76598122,-70.0260112,25.4,7.8,1,1,Fall,2005.0,9.0,0,0,0
W1307,41.76598122,-70.0260112,23.2,9.6,1,1,Fall,2005.0,9.0,0,0,0
W1307,41.76598122,-70.0260112,19.7,10.8,1,1,Fall,2005.0,9.0,0,0,0
W1307,41.76598122,-70.0260112,16.9,11.2,1,1,Fall,2005.0,9.0,0,0,0
W1307,41.76598122,-70.0260112,12.8,10.9,1,1,Fall,2005.0,9.0,0,0,0
W1307,41.76598122,-70.0260112,11.2,7.4,1,1,Fall,2005.0,9.0,0,0,0
W1307,41.76598122,-70.0260112,9.8,5.7,1,1,Fall,2005.0,9.0,0,0,0
W1307,41.76598122,-70.0260112,8.6,1.1,1,2,Fall,2005.0,9.0,0,1,0
W1308,41.65691189,-70.48391147,24.5,7.6,0,1,Summer,2005.0,8.0,1,0,0
W1308,41.65691189,-70.48391147,24.5,7.3,0,1,Summer,2005.0,8.0,1,0,0
W1308,41.65691189,-70.48391147,22.9,5.9,0,1,Summer,2005.0,8.0,1,0,0
W1308,41.65691189,-70.48391147,20.1,3.9,0,2,Summer,2005.0,8.0,1,1,0
W1308,41.65691189,-70.48391147,16.6,1.6,0,2,Summer,2005.0,8.0,1,1,0
W1309,41.74190991,-70.18307996,26.0,8.0,1,1,Fall,2005.0,9.0,0,0,0
W1309,41.74190991,-70.18307996,25.7,7.9,1,1,Fall,2005.0,9.0,0,0,0
W1309,41.74190991,-70.18307996,25.4,8.1,1,1,Fall,2005.0,9.0,0,0,0
W1309,41.74190991,-70.18307996,23.5,8.5,1,1,Fall,2005.0,9.0,0,0,0
W1309,41.74190991,-70.18307996,18.5,6.3,1,1,Fall,2005.0,9.0,0,0,0
W1309,41.74190991,-70.18307996,16.9,2.9,1,2,Fall,2005.0,9.0,0,1,0
W1309,41.74190991,-70.18307996,16.0,0.7,1,2,Fall,2005.0,9.0,0,1,0
W1309,41.74190991,-70.18307996,14.3,0.2,1,2,Fall,2005.0,9.0,0,1,0
W1310,41.70475214,-70.45648661,25.6,7.2,1,2,Summer,2005.0,8.0,1,0,0
W1310,41.70475214,-70.45648661,25.6,7.3,1,2,Summer,2005.0,8.0,1,0,0
W1310,41.70475214,-70.45648661,25.6,7.2,1,2,Summer,2005.0,8.0,1,0,0
W1310,41.70475214,-70.45648661,25.6,7.5,1,2,Summer,2005.0,8.0,1,0,0
W1310,41.70475214,-70.45648661,25.6,7.3,1,2,Summer,2005.0,8.0,1,0,0
W1310,41.70475214,-70.45648661,25.6,6.9,1,2,Summer,2005.0,8.0,1,0,0
W1310,41.70475214,-70.45648661,24.5,7.1,1,2,Summer,2005.0,8.0,1,0,0
W1310,41.70475214,-70.45648661,20.8,9.0,1,2,Summer,2005.0,8.0,1,0,0
W1310,41.70475214,-70.45648661,18.0,8.8,1,2,Summer,2005.0,8.0,1,0,0
W1310,41.70475214,-70.45648661,17.5,7.2,1,2,Summer,2005.0,8.0,1,0,0
W1310,41.70475214,-70.45648661,16.8,5.4,1,2,Summer,2005.0,8.0,1,0,0
W1310,41.70475214,-70.45648661,16.3,3.5,1,3,Summer,2005.0,8.0,1,1,0
W1310,41.70475214,-70.45648661,15.4,0.3,1,3,Summer,2005.0,8.0,1,1,0
W0690,42.59751119,-72.43783955,14.8,9.9,1,1,Spring,2005.0,5.0,0,0,0
W0691,42.58812535,-72.04099473,15.2,9.1,1,1,Spring,2005.0,5.0,0,0,0
W0692,42.62969793,-72.15035652,14.8,9.3,1,1,Spring,2005.0,5.0,0,0,0
W0693,42.68279648,-72.11503734,14.9,7.7,1,1,Spring,2005.0,5.0,0,0,0
W0694,42.6723218,-72.09305542,15.3,9.4,1,1,Spring,2005.0,5.0,0,0,0
W0695,42.30485304,-71.62845076,14.4,8.6,1,1,Spring,2005.0,5.0,0,0,0
W0696,42.32543468,-71.39736431,15.0,10.4,1,1,Spring,2005.0,5.0,0,0,0
W0697,42.43206352,-71.44974106,15.6,10.0,1,1,Spring,2005.0,5.0,0,0,0
W0698,42.51227518,-71.40458554,13.9,8.3,1,1,Spring,2005.0,5.0,0,0,0
W0679,42.63670884,-71.3017484,15.8,10.0,1,1,Spring,2005.0,5.0,0,0,0
W0680,42.22778189,-71.78735524,10.6,11.0,1,1,Spring,2005.0,5.0,0,0,0
W0688,42.02298331,-71.57206082,11.1,9.6,1,1,Spring,2005.0,5.0,0,0,0
W0515,42.1003609,-71.60111703,9.6,9.8,1,1,Spring,2005.0,5.0,0,0,0
W0767,42.153873,-71.65203977,11.1,9.8,1,1,Spring,2005.0,5.0,0,0,0
W0689,42.23053792,-71.70809238,11.5,10.7,1,1,Spring,2005.0,5.0,0,0,0
W0481,42.4951686,-71.72192464,18.6,8.3,1,2,Summer,2005.0,6.0,1,0,0
W0681,42.44473811,-71.67198789,13.9,10.2,1,2,Summer,2005.0,6.0,1,0,0
W0487,42.62094186,-71.64380951,19.7,7.8,1,2,Summer,2005.0,6.0,1,0,0
W0485,42.66968673,-71.56776529,20.2,8.0,1,2,Summer,2005.0,6.0,1,0,0
W0496,42.62647657,-71.59314962,19.5,8.0,1,2,Summer,2005.0,6.0,1,0,0
W0692,42.62969793,-72.15035652,24.9,6.2,1,2,Summer,2005.0,6.0,1,0,0
W0693,42.68279648,-72.11503734,24.8,2.5,1,3,Summer,2005.0,6.0,1,1,0
W0694,42.6723218,-72.09305542,24.6,6.9,1,2,Summer,2005.0,6.0,1,0,0
W0490,42.26477944,-72.00491606,20.1,7.7,1,2,Summer,2005.0,6.0,1,0,0
W0494,42.39121389,-72.0645552,22.4,8.3,1,2,Summer,2005.0,6.0,1,0,0
W0493,42.26797538,-72.33276108,16.5,10.0,1,2,Summer,2005.0,6.0,1,0,0
W0492,42.23872578,-72.285755,22.3,7.9,1,2,Summer,2005.0,6.0,1,0,0
W0491,42.18142994,-72.26354268,21.9,8.7,1,2,Summer,2005.0,6.0,1,0,0
W0601,42.10956147,-72.11856925,22.2,8.0,1,2,Summer,2005.0,6.0,1,0,0
W0615,42.11947322,-72.00870444,17.1,9.6,1,2,Summer,2005.0,6.0,1,0,0
W0600,42.02202663,-71.9543561,20.9,9.0,1,2,Summer,2005.0,6.0,1,0,0
W0602,42.05094532,-71.88507359,19.9,8.7,1,2,Summer,2005.0,6.0,1,0,0
W0690,42.59751119,-72.43783955,23.6,8.4,1,2,Summer,2005.0,7.0,1,0,0
W0691,42.58812535,-72.04099473,22.5,6.9,1,2,Summer,2005.0,7.0,1,0,0
W0692,42.62969793,-72.15035652,23.3,7.1,1,2,Summer,2005.0,7.0,1,0,0
W0693,42.68279648,-72.11503734,22.2,3.5,1,3,Summer,2005.0,7.0,1,1,0
W0694,42.6723218,-72.09305542,22.8,7.5,1,2,Summer,2005.0,7.0,1,0,0
W0695,42.30485304,-71.62845076,22.5,5.7,1,2,Summer,2005.0,7.0,1,0,0
W0696,42.32543468,-71.39736431,26.0,8.0,1,2,Summer,2005.0,7.0,1,0,0
W0697,42.43206352,-71.44974106,27.1,7.7,1,2,Summer,2005.0,7.0,1,0,0
W0698,42.51227518,-71.40458554,24.6,4.9,1,3,Summer,2005.0,7.0,1,1,0
W0679,42.63670884,-71.3017484,27.6,7.5,1,2,Summer,2005.0,7.0,1,0,0
W0680,42.22778189,-71.78735524,23.1,7.3,1,2,Summer,2005.0,7.0,1,0,0
W0688,42.02298331,-71.57206082,24.8,6.6,1,2,Summer,2005.0,7.0,1,0,0
W0515,42.1003609,-71.60111703,25.5,4.7,1,4,Summer,2005.0,7.0,1,1,1
W0767,42.153873,-71.65203977,25.4,8.3,1,2,Summer,2005.0,7.0,1,0,0
W0689,42.23053792,-71.70809238,26.5,7.0,1,2,Summer,2005.0,7.0,1,0,0
W0690,42.59751119,-72.43783955,24.5,8.5,1,2,Summer,2005.0,8.0,1,0,0
W0691,42.58812535,-72.04099473,23.8,6.9,1,2,Summer,2005.0,8.0,1,0,0
W0692,42.62969793,-72.15035652,24.0,7.4,1,2,Summer,2005.0,8.0,1,0,0
W0693,42.68279648,-72.11503734,23.7,3.4,1,3,Summer,2005.0,8.0,1,1,0
W0694,42.6723218,-72.09305542,23.4,6.5,1,2,Summer,2005.0,8.0,1,0,0
W0481,42.4951686,-71.72192464,21.2,7.9,1,2,Summer,2005.0,8.0,1,0,0
W0681,42.44473811,-71.67198789,20.3,7.9,1,2,Summer,2005.0,8.0,1,0,0
W0487,42.62094186,-71.64380951,21.1,7.3,1,2,Summer,2005.0,8.0,1,0,0
W0485,42.66968673,-71.56776529,24.1,5.9,1,2,Summer,2005.0,8.0,1,0,0
W0496,42.62647657,-71.59314962,23.6,7.6,1,2,Summer,2005.0,8.0,1,0,0
W0490,42.26477944,-72.00491606,16.9,9.4,1,2,Summer,2005.0,8.0,1,0,0
W0494,42.39121389,-72.0645552,21.5,8.4,1,2,Summer,2005.0,8.0,1,0,0
W0493,42.26797538,-72.33276108,12.2,11.9,1,2,Summer,2005.0,8.0,1,0,0
W0492,42.23872578,-72.285755,21.4,10.0,1,2,Summer,2005.0,8.0,1,0,0
W0491,42.18142994,-72.26354268,22.7,10.4,1,2,Summer,2005.0,8.0,1,0,0
W0601,42.10956147,-72.11856925,23.0,7.6,1,2,Summer,2005.0,8.0,1,0,0
W0615,42.11947322,-72.00870444,16.6,10.1,1,2,Summer,2005.0,8.0,1,0,0
W0600,42.02202663,-71.9543561,21.1,8.8,1,2,Summer,2005.0,8.0,1,0,0
W0602,42.05094532,-71.88507359,21.8,7.9,1,2,Summer,2005.0,8.0,1,0,0
W0690,42.59751119,-72.43783955,21.3,9.5,1,1,Fall,2005.0,9.0,0,0,0
W0691,42.58812535,-72.04099473,20.3,7.6,1,1,Fall,2005.0,9.0,0,0,0
W0692,42.62969793,-72.15035652,20.8,7.7,1,1,Fall,2005.0,9.0,0,0,0
W0693,42.68279648,-72.11503734,19.6,5.2,1,1,Fall,2005.0,9.0,0,0,0
W0694,42.6723218,-72.09305542,20.6,6.7,1,1,Fall,2005.0,9.0,0,0,0
W0695,42.30485304,-71.62845076,19.1,6.5,1,1,Fall,2005.0,9.0,0,0,0
W0696,42.32543468,-71.39736431,20.6,8.4,1,1,Fall,2005.0,9.0,0,0,0
W0697,42.43206352,-71.44974106,20.7,8.2,1,1,Fall,2005.0,9.0,0,0,0
W0698,42.51227518,-71.40458554,17.5,6.9,1,1,Fall,2005.0,9.0,0,0,0
W0679,42.63670884,-71.3017484,21.8,8.8,1,1,Fall,2005.0,9.0,0,0,0
W0680,42.22778189,-71.78735524,16.2,9.6,1,1,Fall,2005.0,9.0,0,0,0
W0688,42.02298331,-71.57206082,16.6,8.4,1,1,Fall,2005.0,9.0,0,0,0
W0515,42.1003609,-71.60111703,15.6,7.8,1,1,Fall,2005.0,9.0,0,0,0
W0767,42.153873,-71.65203977,17.6,9.9,1,1,Fall,2005.0,9.0,0,0,0
W0689,42.23053792,-71.70809238,17.4,9.0,1,1,Fall,2005.0,9.0,0,0,0
W0481,42.4951686,-71.72192464,13.5,9.9,1,1,Fall,2005.0,10.0,0,0,0
W0681,42.44473811,-71.67198789,14.2,8.6,1,1,Fall,2005.0,10.0,0,0,0
W0487,42.62094186,-71.64380951,12.6,9.2,1,1,Fall,2005.0,10.0,0,0,0
W0485,42.66968673,-71.56776529,13.8,9.1,1,1,Fall,2005.0,10.0,0,0,0
W0496,42.62647657,-71.59314962,13.7,8.8,1,1,Fall,2005.0,10.0,0,0,0
W0490,42.26477944,-72.00491606,11.2,9.9,1,1,Fall,2005.0,10.0,0,0,0
W0494,42.39121389,-72.0645552,11.3,10.5,1,1,Fall,2005.0,10.0,0,0,0
W0493,42.26797538,-72.33276108,14.0,10.1,1,1,Fall,2005.0,10.0,0,0,0
W0492,42.23872578,-72.285755,11.8,10.5,1,1,Fall,2005.0,10.0,0,0,0
W0491,42.18142994,-72.26354268,12.6,10.3,1,1,Fall,2005.0,10.0,0,0,0
W0601,42.10956147,-72.11856925,9.9,9.8,1,1,Fall,2005.0,10.0,0,0,0
W0615,42.11947322,-72.00870444,8.6,11.4,1,1,Fall,2005.0,10.0,0,0,0
W0600,42.02202663,-71.9543561,8.5,11.8,1,1,Fall,2005.0,10.0,0,0,0
W0602,42.05094532,-71.88507359,9.0,11.1,1,1,Fall,2005.0,10.0,0,0,0
W0690,42.59751119,-72.43783955,7.9,12.1,1,1,Fall,2005.0,11.0,0,0,0
W0691,42.58812535,-72.04099473,8.7,10.6,1,1,Fall,2005.0,11.0,0,0,0
W0692,42.62969793,-72.15035652,8.1,10.8,1,1,Fall,2005.0,11.0,0,0,0
W0693,42.68279648,-72.11503734,7.6,9.3,1,1,Fall,2005.0,11.0,0,0,0
W0694,42.6723218,-72.09305542,8.1,11.5,1,1,Fall,2005.0,11.0,0,0,0
W0695,42.30485304,-71.62845076,10.2,9.2,1,1,Fall,2005.0,11.0,0,0,0
W0696,42.32543468,-71.39736431,10.0,11.2,1,1,Fall,2005.0,11.0,0,0,0
W0697,42.43206352,-71.44974106,10.1,10.8,1,1,Fall,2005.0,11.0,0,0,0
W0698,42.51227518,-71.40458554,9.3,8.7,1,1,Fall,2005.0,11.0,0,0,0
W0679,42.63670884,-71.3017484,10.5,10.5,1,1,Fall,2005.0,11.0,0,0,0
W0680,42.22778189,-71.78735524,8.4,11.8,1,1,Fall,2005.0,11.0,0,0,0
W0688,42.02298331,-71.57206082,8.9,11.2,1,1,Fall,2005.0,11.0,0,0,0
W0515,42.1003609,-71.60111703,7.7,9.2,1,1,Fall,2005.0,11.0,0,0,0
W0767,42.153873,-71.65203977,10.0,11.3,1,1,Fall,2005.0,11.0,0,0,0
W0689,42.23053792,-71.70809238,8.7,11.6,1,1,Fall,2005.0,11.0,0,0,0
W0695,42.30485304,-71.62845076,1.6,12.9,1,1,Winter,2005.0,1.0,0,0,0
W0697,42.43206352,-71.44974106,0.0,15.4,1,1,Winter,2005.0,1.0,0,0,0
W0698,42.51227518,-71.40458554,0.0,13.1,1,1,Winter,2005.0,1.0,0,0,0
W0679,42.63670884,-71.3017484,0.0,15.4,1,1,Winter,2005.0,1.0,0,0,0
W0680,42.22778189,-71.78735524,0.7,15.4,1,1,Winter,2005.0,2.0,0,0,0
W0767,42.153873,-71.65203977,1.3,15.1,1,1,Winter,2005.0,2.0,0,0,0
W0689,42.23053792,-71.70809238,0.2,15.2,1,1,Winter,2005.0,2.0,0,0,0
W0481,42.4951686,-71.72192464,2.6,13.8,1,1,Winter,2005.0,2.0,0,0,0
W0681,42.44473811,-71.67198789,3.1,14.4,1,1,Winter,2005.0,2.0,0,0,0
W0485,42.66968673,-71.56776529,0.4,15.1,1,1,Winter,2005.0,2.0,0,0,0
W0490,42.26477944,-72.00491606,0.2,14.1,1,1,Winter,2005.0,2.0,0,0,0
W0494,42.39121389,-72.0645552,0.2,14.2,1,1,Winter,2005.0,2.0,0,0,0
W0493,42.26797538,-72.33276108,2.1,14.1,1,1,Winter,2005.0,2.0,0,0,0
W0492,42.23872578,-72.285755,0.6,14.6,1,1,Winter,2005.0,2.0,0,0,0
W0491,42.18142994,-72.26354268,2.2,14.4,1,1,Winter,2005.0,2.0,0,0,0
W0601,42.10956147,-72.11856925,0.9,14.7,1,1,Spring,2005.0,3.0,0,0,0
W0615,42.11947322,-72.00870444,0.4,15.3,1,1,Spring,2005.0,3.0,0,0,0
W0600,42.02202663,-71.9543561,0.8,15.1,1,1,Spring,2005.0,3.0,0,0,0
W0602,42.05094532,-71.88507359,1.2,14.6,1,1,Spring,2005.0,3.0,0,0,0
W0690,42.59751119,-72.43783955,1.0,14.9,1,1,Spring,2005.0,3.0,0,0,0
W0691,42.58812535,-72.04099473,1.3,13.1,1,1,Spring,2005.0,3.0,0,0,0
W0692,42.62969793,-72.15035652,0.1,14.0,1,1,Spring,2005.0,3.0,0,0,0
W0693,42.68279648,-72.11503734,0.0,11.1,1,1,Spring,2005.0,3.0,0,0,0
W0694,42.6723218,-72.09305542,0.8,14.2,1,1,Spring,2005.0,3.0,0,0,0
W0695,42.30485304,-71.62845076,2.6,13.2,1,1,Spring,2005.0,3.0,0,0,0
W0696,42.32543468,-71.39736431,2.2,15.1,1,1,Spring,2005.0,3.0,0,0,0
W0697,42.43206352,-71.44974106,3.0,15.6,1,1,Spring,2005.0,3.0,0,0,0
W0698,42.51227518,-71.40458554,0.5,14.0,1,1,Spring,2005.0,3.0,0,0,0
W0679,42.63670884,-71.3017484,2.5,15.1,1,1,Spring,2005.0,3.0,0,0,0
W0680,42.22778189,-71.78735524,4.6,14.6,1,1,Spring,2005.0,3.0,0,0,0
W0688,42.02298331,-71.57206082,5.0,13.6,1,1,Spring,2005.0,3.0,0,0,0
W0515,42.1003609,-71.60111703,3.8,13.1,1,1,Spring,2005.0,3.0,0,0,0
W0767,42.153873,-71.65203977,5.8,15.2,1,1,Spring,2005.0,3.0,0,0,0
W0689,42.23053792,-71.70809238,6.1,13.2,1,1,Spring,2005.0,3.0,0,0,0
W0481,42.4951686,-71.72192464,7.0,11.8,1,1,Spring,2005.0,4.0,0,0,0
W0681,42.44473811,-71.67198789,5.0,12.7,1,1,Spring,2005.0,4.0,0,0,0
W0487,42.62094186,-71.64380951,7.6,11.4,1,1,Spring,2005.0,4.0,0,0,0
W0485,42.66968673,-71.56776529,9.2,11.4,1,1,Spring,2005.0,4.0,0,0,0
W0496,42.62647657,-71.59314962,8.4,11.1,1,1,Spring,2005.0,4.0,0,0,0
W0490,42.26477944,-72.00491606,12.9,10.1,1,1,Spring,2005.0,4.0,0,0,0
W0494,42.39121389,-72.0645552,11.3,10.3,1,1,Spring,2005.0,4.0,0,0,0
W0493,42.26797538,-72.33276108,7.1,12.9,1,1,Spring,2005.0,4.0,0,0,0
W0492,42.23872578,-72.285755,12.6,11.2,1,1,Spring,2005.0,4.0,0,0,0
W0491,42.18142994,-72.26354268,15.8,11.0,1,1,Spring,2005.0,4.0,0,0,0
W0601,42.10956147,-72.11856925,13.0,10.1,1,1,Spring,2005.0,4.0,0,0,0
W0615,42.11947322,-72.00870444,11.6,11.0,1,1,Spring,2005.0,4.0,0,0,0
W0600,42.02202663,-71.9543561,12.8,10.7,1,1,Spring,2005.0,4.0,0,0,0
W0602,42.05094532,-71.88507359,12.9,10.3,1,1,Spring,2005.0,4.0,0,0,0
