UNIQUE_ID,DO_critical_count,stress_combo_count,flow_flag_count,avg_risk_score,avg_temp,avg_DO,latitude,longitude,total_samples,watershed,DO_critical_rate,stress_combo_rate,risk_rank
W2991,2,1,2,3.5,25.200000000000003,4.45,42.44674169,-71.93975559,2,Chicopee,100.0,50.0,1
W1830,6,2,6,3.3333333333333335,22.599999999999998,4.0,42.5300897,-71.57792062,6,Nashua,100.0,33.33333333333333,2
W2396,3,1,3,3.3333333333333335,22.46666666666667,1.8666666666666665,41.8814227,-70.90942651,3,Taunton,100.0,33.33333333333333,3
W2037,7,0,7,3.0,18.74285714285714,2.157142857142857,42.19140109,-70.86520493,7,Weymouth & Weir,100.0,0.0,4
W2382,2,0,2,3.0,20.299999999999997,4.5,41.75570188,-70.9831251,2,Taunton,100.0,0.0,5
W0775,1,1,0,3.0,26.3,4.2,41.68379581,-70.97096286,1,Buzzards Bay,100.0,100.0,6
W1429,1,0,1,3.0,16.2,0.9,42.1231178,-71.59908641,1,Blackstone,100.0,0.0,7
W2534,1,0,1,3.0,22.0,0.5,42.5975906,-71.4475714,1,Merrimack,100.0,0.0,8
W2986,2,0,2,3.0,22.299999999999997,2.5,42.41359781,-72.14305722,2,Chicopee,100.0,0.0,9
W0816,2,0,2,3.0,19.950000000000003,0.9,41.81989559,-71.02717559,2,Taunton,100.0,0.0,10
W2524,1,0,1,3.0,17.8,4.1,42.4768312,-71.5654205,1,Concord (SuAsCo),100.0,0.0,11
W2515,3,1,3,3.0,22.53333333333333,2.1333333333333333,42.5790278,-70.9915364,3,Ipswich,100.0,33.33333333333333,12
W0995,4,0,4,3.0,17.025,1.6749999999999998,42.45586034,-71.64556281,4,Nashua,100.0,0.0,13
W2996,2,0,2,3.0,17.6,0.8500000000000001,42.1149129,-71.70458582,2,Blackstone,100.0,0.0,14
W2999,2,0,2,3.0,19.35,3.45,42.22369805,-71.68770771,2,Blackstone,100.0,0.0,15
W2542,7,0,7,2.857142857142857,20.785714285714285,2.6999999999999997,42.618394,-71.021129,7,Ipswich,100.0,0.0,16
W2150,6,0,6,2.8333333333333335,20.433333333333334,4.233333333333333,42.50955132,-71.03640039,6,North Coastal,100.0,0.0,17
W2141,6,0,6,2.8333333333333335,20.5,2.5,42.71872773,-70.98414919,6,Parker,100.0,0.0,18
W1294,4,0,5,2.8,14.84,3.08,42.63380602,-72.23276091,5,Millers,80.0,0.0,19
W1300,8,0,10,2.8,14.89,3.8600000000000003,42.2565633,-71.51337647,10,Concord (SuAsCo),80.0,0.0,20
W2829,4,0,4,2.75,19.35,1.6,41.99230816,-71.04277391,4,Taunton,100.0,0.0,21
W2198,3,0,4,2.75,20.725,4.9,42.12335485,-72.20669311,4,Quinebaug,75.0,0.0,22
W2540,7,0,7,2.7142857142857144,19.771428571428572,2.3857142857142857,42.700651,-71.487647,7,Merrimack,100.0,0.0,23
W2391,2,1,3,2.6666666666666665,24.599999999999998,5.2,41.64357833,-70.45336867,3,Cape Cod,66.66666666666666,33.33333333333333,24
W2526,2,1,3,2.6666666666666665,21.433333333333334,5.0,42.5718288,-71.0962545,3,Ipswich,66.66666666666666,33.33333333333333,25
W2912,3,0,3,2.6666666666666665,19.5,2.466666666666667,42.18764862,-70.76850844,3,South Coastal,100.0,0.0,26
W1969,6,0,6,2.6666666666666665,20.599999999999998,3.516666666666667,42.40692802,-71.13399738,6,Mystic,100.0,0.0,27
W2522,3,0,3,2.6666666666666665,20.433333333333334,0.6333333333333333,42.5017852,-71.2407158,3,Shawsheen,100.0,0.0,28
W2215,4,0,6,2.6666666666666665,22.566666666666666,4.733333333333333,42.65715091,-72.13290955,6,Millers,66.66666666666666,0.0,29
W2910,3,0,3,2.6666666666666665,17.566666666666666,3.1999999999999997,41.95851534,-71.2424628,3,Taunton,100.0,0.0,30
W2400,1,1,3,2.6666666666666665,21.03333333333333,5.133333333333334,41.9325177,-71.07757733,3,Taunton,33.33333333333333,33.33333333333333,31
W2152,3,1,6,2.6666666666666665,22.55,4.866666666666666,42.15062894,-71.42890888,6,Charles,50.0,16.666666666666664,32
W2901,3,0,3,2.6666666666666665,18.5,3.0666666666666664,42.20154773,-72.04487072,3,Chicopee,100.0,0.0,33
W1301,3,0,5,2.6,23.0,5.2,42.26417366,-71.42338611,5,Concord (SuAsCo),60.0,0.0,34
W0921,4,1,5,2.6,21.5,3.8,42.07998887,-70.74566501,5,South Coastal,80.0,20.0,35
W2834,3,0,4,2.5,19.0,3.4749999999999996,41.96932455,-70.88343597,4,Taunton,75.0,0.0,36
W2381,2,0,1,2.5,20.75,2.0,41.98836801,-71.03545292,2,Taunton,100.0,0.0,37
W0847,2,1,4,2.5,20.55,4.475,42.39635089,-71.36467086,4,Concord (SuAsCo),50.0,25.0,38
W2844,3,0,4,2.5,18.175,4.025,42.48176265,-72.60513286,4,Connecticut,75.0,0.0,39
W2975,1,0,2,2.5,19.25,4.8,42.2164917,-72.37689964,2,Chicopee,50.0,0.0,40
W2133,2,1,6,2.5,22.78333333333333,6.183333333333334,42.50413128,-71.41551085,6,Concord (SuAsCo),33.33333333333333,16.666666666666664,41
W1768,6,0,8,2.5,15.925,4.625,42.07884462,-71.65065318,8,Blackstone,75.0,0.0,42
W0776,1,0,2,2.5,26.95,4.3,41.77018529,-70.72205854,2,Buzzards Bay,50.0,0.0,43
W2131,2,0,4,2.5,17.575,4.625,42.41229436,-71.65055569,4,Concord (SuAsCo),50.0,0.0,44
W2964,1,0,2,2.5,19.65,5.5,42.21061244,-72.40257059,2,Chicopee,50.0,0.0,45
W2983,1,0,2,2.5,19.85,5.85,42.35641055,-72.23099629,2,Chicopee,50.0,0.0,46
W3008,1,0,2,2.5,17.700000000000003,5.300000000000001,42.35232578,-71.89096029,2,Nashua,50.0,0.0,47
W2958,1,0,2,2.5,20.700000000000003,5.1,42.60698139,-72.16349796,2,Millers,50.0,0.0,48
W2995,1,0,2,2.5,17.95,4.85,42.22575344,-71.65289845,2,Blackstone,50.0,0.0,49
W2960,1,0,2,2.5,17.950000000000003,5.550000000000001,42.55493712,-72.12734536,2,Millers,50.0,0.0,50
W0622,6,0,8,2.5,19.75,3.9625,41.81022138,-71.29169192,8,Narragansett Bay (Shore),75.0,0.0,51
W1979,5,0,6,2.5,19.033333333333335,4.666666666666667,42.49772931,-71.13348578,6,Mystic,83.33333333333334,0.0,52
W2783,8,4,13,2.4615384615384617,22.43846153846154,4.907692307692307,41.9207192,-70.6654059,13,South Coastal,61.53846153846154,30.76923076923077,53
W2688,3,1,9,2.4444444444444446,22.055555555555557,6.377777777777777,42.5375642,-71.6046167,9,Nashua,33.33333333333333,11.11111111111111,54
W1063,6,0,10,2.4,18.46,3.96,42.47836238,-72.61893594,10,Connecticut,60.0,0.0,55
W1385,3,0,5,2.4,20.18,5.0,41.82944027,-70.77145151,5,Buzzards Bay,60.0,0.0,56
W1304,4,0,10,2.4,16.2,6.0,42.48906266,-70.96417813,10,North Coastal,40.0,0.0,57
W0832,3,1,5,2.4,17.34,4.58,42.26764467,-71.55276363,5,Concord (SuAsCo),60.0,20.0,58
W1303,3,0,8,2.375,19.95,4.875,42.61896227,-71.53046404,8,Merrimack,37.5,0.0,59
W1873,6,0,8,2.375,19.3875,3.6375,42.21540546,-72.07824828,8,Chicopee,75.0,0.0,60
W2810,9,0,24,2.375,20.525000000000002,5.7875000000000005,41.703389,-69.986116,24,Cape Cod,37.5,0.0,61
W2906,2,0,3,2.3333333333333335,19.433333333333334,5.800000000000001,42.18795491,-71.62720825,3,Blackstone,66.66666666666666,0.0,62
W0947,4,0,12,2.3333333333333335,24.125,6.95,41.95142643,-71.11913351,12,Taunton,33.33333333333333,0.0,63
W2390,3,0,2,2.3333333333333335,21.46666666666667,4.0,42.49511888,-71.1361368,3,Mystic,100.0,0.0,64
W1881,1,0,3,2.3333333333333335,20.2,6.8,41.88714958,-70.53804502,3,South Coastal,33.33333333333333,0.0,65
W2386,1,0,3,2.3333333333333335,22.366666666666664,4.833333333333333,42.06811651,-70.91424154,3,Taunton,33.33333333333333,0.0,66
W2778,3,0,9,2.3333333333333335,21.866666666666667,4.988888888888889,42.11454642,-70.97910126,9,Taunton,33.33333333333333,0.0,67
W2506,2,1,3,2.3333333333333335,21.96666666666667,4.533333333333334,42.616929,-70.9964121,3,Ipswich,66.66666666666666,33.33333333333333,68
W2375,1,0,3,2.3333333333333335,23.333333333333332,5.5,42.0184717,-70.92252609,3,Taunton,33.33333333333333,0.0,69
W2519,2,0,3,2.3333333333333335,21.53333333333333,5.166666666666667,42.4958058,-71.0387409,3,North Coastal,66.66666666666666,0.0,70
W1379,1,1,3,2.3333333333333335,21.866666666666664,7.033333333333334,41.6320637,-70.9535974,3,Buzzards Bay,33.33333333333333,33.33333333333333,71
W2513,3,0,3,2.3333333333333335,17.933333333333334,1.8333333333333333,42.2532139,-71.56727,3,Concord (SuAsCo),100.0,0.0,72
W2512,3,0,3,2.3333333333333335,21.599999999999998,3.6999999999999997,42.8659286,-70.9615914,3,Merrimack,100.0,0.0,73
W0603,12,0,41,2.292682926829268,13.273170731707317,6.309756097560975,42.52346976,-71.6880925,41,Nashua,29.268292682926827,0.0,74
W1290,2,0,7,2.2857142857142856,16.057142857142857,5.942857142857143,42.46492596,-73.28394056,7,Housatonic,28.57142857142857,0.0,75
W2701,6,0,21,2.2857142857142856,18.247619047619047,6.252380952380953,42.495176,-71.0050255,21,North Coastal,28.57142857142857,0.0,76
W0958,4,0,16,2.25,20.8625,7.21875,41.96889822,-71.32511071,16,Ten Mile,25.0,0.0,77
W2543,4,0,8,2.25,20.3875,4.7875,42.733424,-70.904624,8,Parker,50.0,0.0,78
W1296,2,0,8,2.25,19.6625,7.1000000000000005,42.43518342,-71.15084227,8,Mystic,25.0,0.0,79
W0868,2,0,4,2.25,20.0,4.525,42.05820916,-70.89995609,4,Taunton,50.0,0.0,80
W0882,5,0,8,2.25,15.799999999999999,5.1125,42.52475475,-71.06594804,8,North Coastal,62.5,0.0,81
W1147,5,0,8,2.25,18.8375,4.1875,42.12453197,-71.43065489,8,Charles,62.5,0.0,82
W1995,6,1,8,2.25,19.45,3.9125,42.22870146,-72.14937365,8,Chicopee,75.0,12.5,83
W0143,3,0,3,2.25,16.8,2.675,42.55191092,-71.15006628,4,Ipswich,75.0,0.0,84
W0318,2,0,4,2.25,21.4,4.6,41.92174924,-70.92351752,4,Taunton,50.0,0.0,85
W2801,5,0,21,2.238095238095238,23.571428571428573,7.004761904761905,41.8295909,-69.9846351,21,Cape Cod,23.809523809523807,0.0,86
W1752,7,1,13,2.230769230769231,20.46153846153846,3.8923076923076922,42.1709534,-72.70321114,13,Westfield,53.84615384615385,7.6923076923076925,87
W0051,12,3,5,2.230769230769231,22.77692307692308,3.446153846153846,42.5644422,-72.01154154,13,Millers,92.3076923076923,23.076923076923077,88
W2620,5,0,22,2.227272727272727,21.104545454545455,6.954545454545454,42.42484642,-72.48672107,22,Connecticut,22.727272727272727,0.0,89
W1293,14,0,31,2.225806451612903,15.661290322580646,4.851612903225806,42.53700951,-72.97936418,31,Westfield,45.16129032258064,0.0,90
W2678,13,0,31,2.225806451612903,16.516129032258064,5.770967741935484,42.7986363,-71.1439465,31,Merrimack,41.935483870967744,0.0,91
W1589,6,0,9,2.2222222222222223,15.866666666666665,4.433333333333334,42.22237155,-71.40927393,9,Charles,66.66666666666666,0.0,92
W2623,4,0,19,2.210526315789474,20.71578947368421,6.752631578947369,42.72687692,-71.98870188,19,Millers,21.052631578947366,0.0,93
W2185,1,0,5,2.2,18.060000000000002,6.4799999999999995,42.32657968,-71.86537248,5,Blackstone,20.0,0.0,94
W2780,3,0,15,2.2,23.939999999999998,6.5,42.006179,-70.906276,15,Taunton,20.0,0.0,95
W1144,6,0,10,2.2,18.31,4.75,42.38300416,-71.2078492,10,Charles,60.0,0.0,96
W0970,4,0,20,2.2,19.53,7.33,42.06605001,-71.3520429,20,Charles,20.0,0.0,97
W2619,4,0,20,2.2,23.475,6.45,42.05296096,-72.15851801,20,Quinebaug,20.0,0.0,98
W2043,1,0,6,2.1666666666666665,16.133333333333333,5.766666666666667,42.16285655,-70.92249054,6,Weymouth & Weir,16.666666666666664,0.0,99
W1962,2,1,6,2.1666666666666665,23.183333333333334,6.766666666666667,41.69633043,-71.14860388,6,Mount Hope Bay (Shore),33.33333333333333,16.666666666666664,100
W2211,1,0,6,2.1666666666666665,19.733333333333334,6.683333333333334,42.6674075,-72.00414064,6,Millers,16.666666666666664,0.0,101
W1813,1,0,6,2.1666666666666665,22.03333333333333,5.966666666666666,42.56211361,-71.61061607,6,Nashua,16.666666666666664,0.0,102
W2715,2,0,13,2.1538461538461537,20.4,7.707692307692308,42.6889889,-71.0370628,13,Ipswich,15.384615384615385,0.0,103
W1310,2,0,13,2.1538461538461537,21.761538461538464,6.515384615384615,41.70475214,-70.45648661,13,Cape Cod,15.384615384615385,0.0,104
W2051,2,0,7,2.142857142857143,19.5,6.028571428571429,42.15538255,-71.02653441,7,Weymouth & Weir,28.57142857142857,0.0,105
W0869,4,0,5,2.142857142857143,21.142857142857142,4.8428571428571425,42.04238758,-70.89846196,7,Taunton,57.14285714285714,0.0,106
W0184,4,0,7,2.142857142857143,17.057142857142857,6.1000000000000005,41.85773302,-71.32945548,7,Ten Mile,57.14285714285714,0.0,107
W1916,3,0,7,2.142857142857143,15.657142857142857,5.571428571428571,41.95351921,-70.05717621,7,Cape Cod,42.857142857142854,0.0,108
W2629,3,0,22,2.1363636363636362,21.927272727272726,7.427272727272728,42.53538777,-72.11401537,22,Chicopee,13.636363636363635,0.0,109
W2637,1,0,8,2.125,22.925,5.975,42.05025716,-72.24662045,8,Chicopee,12.5,0.0,110
W1298,1,0,8,2.125,16.8625,9.1125,42.52614864,-71.60978989,8,Nashua,12.5,0.0,111
W1748,5,1,9,2.111111111111111,17.466666666666665,4.144444444444444,42.18134726,-73.11783511,9,Farmington,55.55555555555556,11.11111111111111,112
W2712,2,0,19,2.1052631578947367,21.189473684210526,7.326315789473684,42.6487901,-71.8434475,19,Nashua,10.526315789473683,0.0,113
W1093,1,0,10,2.1,24.11,7.69,42.05376314,-70.82255737,10,South Coastal,10.0,0.0,114
W1291,1,0,10,2.1,18.56,8.3,42.33510586,-73.31812587,10,Housatonic,10.0,0.0,115
W0407,5,0,10,2.1,20.07,5.380000000000001,42.25123356,-71.23970713,10,Charles,50.0,0.0,116
W0408,5,0,10,2.1,17.48,5.2,42.25417326,-71.29337351,10,Charles,50.0,0.0,117
W0348,7,0,21,2.0952380952380953,19.704761904761906,5.152380952380953,42.25214199,-73.12277522,21,Farmington,33.33333333333333,0.0,118
W0384,5,0,11,2.090909090909091,21.09090909090909,5.709090909090909,42.36514506,-71.1903328,11,Charles,45.45454545454545,0.0,119
W2624,1,0,14,2.0714285714285716,22.442857142857143,6.2,42.45860912,-72.13100007,14,Chicopee,7.142857142857142,0.0,120
W2097,1,1,14,2.066666666666667,23.626666666666665,8.353333333333333,42.19218292,-71.09296807,15,Neponset,6.666666666666667,6.666666666666667,121
W2639,2,0,30,2.066666666666667,19.65666666666667,7.516666666666667,42.46965247,-72.66562458,30,Connecticut,6.666666666666667,0.0,122
W1308,18,0,45,2.06,18.218,5.966,41.65691189,-70.48391147,50,Cape Cod,36.0,0.0,123
W2635,1,0,17,2.0588235294117645,22.241176470588236,6.917647058823529,42.636926,-72.24684588,17,Millers,5.88235294117647,0.0,124
W2529,2,0,3,2.0,19.599999999999998,4.2,42.6297304,-71.5061583,3,Merrimack,66.66666666666666,0.0,125
W2180,0,0,6,2.0,21.883333333333336,8.5,42.52661784,-71.75691548,6,Nashua,0.0,0.0,126
W2521,2,0,3,2.0,18.966666666666665,5.3,42.6339232,-70.9747374,3,Ipswich,66.66666666666666,0.0,127
W2192,0,0,6,2.0,20.2,7.2,42.02755221,-71.48301448,6,Blackstone,0.0,0.0,128
W2193,0,0,6,2.0,15.65,9.183333333333334,42.61497981,-72.40184008,6,Millers,0.0,0.0,129
W2194,0,0,6,2.0,20.616666666666664,8.450000000000001,42.58213165,-71.90260492,6,Nashua,0.0,0.0,130
W2195,0,0,6,2.0,20.583333333333332,8.1,42.67731084,-71.9407684,6,Millers,0.0,0.0,131
W2527,1,0,2,2.0,17.9,4.85,42.5267785,-71.4134214,2,Concord (SuAsCo),50.0,0.0,132
W1743,0,0,1,2.0,20.4,9.7,42.63195602,-73.11277761,1,Hoosic,0.0,0.0,133
W2530,2,0,3,2.0,17.333333333333332,3.0666666666666664,42.1217687,-71.3654398,3,Charles,66.66666666666666,0.0,134
W2190,0,0,6,2.0,22.21666666666667,8.216666666666667,42.55979904,-71.86605175,6,Nashua,0.0,0.0,135
W2197,0,0,6,2.0,19.650000000000002,7.316666666666666,42.64253866,-72.2573654,6,Millers,0.0,0.0,136
W2199,0,0,5,2.0,19.06,8.5,42.55623608,-72.23102678,5,Millers,0.0,0.0,137
W2269,0,0,3,2.0,17.7,9.033333333333333,42.55160608,-73.01460875,3,Westfield,0.0,0.0,138
W2200,0,0,6,2.0,22.366666666666664,8.816666666666666,42.57871152,-71.82995728,6,Nashua,0.0,0.0,139
W2535,0,0,1,2.0,23.6,6.8,42.494062,-71.2559826,1,Shawsheen,0.0,0.0,140
W2537,2,0,3,2.0,18.066666666666666,4.233333333333333,42.1870159,-71.3758224,3,Charles,66.66666666666666,0.0,141
W2202,0,0,6,2.0,14.15,7.616666666666667,42.58178925,-72.32696346,6,Millers,0.0,0.0,142
W1510,2,0,5,2.0,17.68,5.84,42.1918378,-70.77968605,5,South Coastal,40.0,0.0,143
W1740,0,0,1,2.0,21.8,9.0,42.66037434,-73.10464289,1,Hoosic,0.0,0.0,144
W1739,0,0,1,2.0,21.7,9.0,42.66222642,-73.10417147,1,Hoosic,0.0,0.0,145
W1580,3,0,7,2.0,14.328571428571427,5.614285714285714,41.98856171,-71.3474734,7,Ten Mile,42.857142857142854,0.0,146
W1738,0,0,1,2.0,21.4,9.1,42.6635028,-73.10459204,1,Hoosic,0.0,0.0,147
W1734,0,0,2,2.0,17.0,8.7,42.59663655,-73.14780275,2,Hoosic,0.0,0.0,148
W1726,0,0,2,2.0,21.2,7.3,42.43642895,-73.24767116,2,Housatonic,0.0,0.0,149
W1723,0,0,2,2.0,17.2,6.6,42.50956168,-73.23496633,2,Housatonic,0.0,0.0,150
W1741,0,0,1,2.0,21.2,9.5,42.63496026,-73.11025329,1,Hoosic,0.0,0.0,151
W2453,0,0,1,2.0,17.0,7.2,42.55286755,-72.51950306,1,Connecticut,0.0,0.0,152
W2455,0,0,2,2.0,17.4,8.45,42.2526325,-72.05643235,2,Chicopee,0.0,0.0,153
W2459,1,0,2,2.0,14.700000000000001,5.550000000000001,42.2036239,-72.00426939,2,Chicopee,50.0,0.0,154
W2186,0,0,6,2.0,24.700000000000003,7.933333333333334,42.55308278,-71.66947411,6,Nashua,0.0,0.0,155
W2182,0,0,6,2.0,25.03333333333333,8.566666666666666,42.09310671,-71.73709013,6,Blackstone,0.0,0.0,156
W2507,2,0,3,2.0,19.599999999999998,3.8666666666666667,42.5943564,-71.3406697,3,Concord (SuAsCo),66.66666666666666,0.0,157
W2509,2,0,3,2.0,18.466666666666665,5.466666666666666,42.1049813,-71.4584048,3,Charles,66.66666666666666,0.0,158
W1742,0,0,1,2.0,20.1,10.0,42.63422896,-73.11122105,1,Hoosic,0.0,0.0,159
W2511,2,0,3,2.0,19.466666666666665,4.533333333333333,42.4276412,-71.4854492,3,Concord (SuAsCo),66.66666666666666,0.0,160
W1432,1,0,7,2.0,21.885714285714283,7.185714285714285,42.17306202,-71.62974844,7,Blackstone,14.285714285714285,0.0,161
W2183,0,0,6,2.0,17.233333333333334,8.883333333333335,42.62531983,-72.19502942,6,Millers,0.0,0.0,162
W2203,0,0,8,2.0,24.4875,8.125,42.23909491,-71.8258417,8,Blackstone,0.0,0.0,163
W2036,0,0,1,2.0,17.4,8.6,42.20505661,-70.86325958,1,Weymouth & Weir,0.0,0.0,164
W2205,0,0,6,2.0,22.616666666666664,6.266666666666667,42.53192718,-71.57910918,6,Nashua,0.0,0.0,165
W2257,0,0,3,2.0,19.2,8.133333333333333,42.16952122,-72.9736829,3,Westfield,0.0,0.0,166
W2250,0,0,3,2.0,16.933333333333334,8.799999999999999,42.04759931,-73.01699669,3,Farmington,0.0,0.0,167
W2684,2,0,8,2.0,20.080000000000002,6.45,42.5663185,-71.388142,10,Concord (SuAsCo),20.0,0.0,168
W2251,0,0,3,2.0,21.400000000000002,9.033333333333333,42.63919882,-72.93808435,3,Deerfield,0.0,0.0,169
W2690,8,0,14,2.0,19.594444444444445,5.033333333333333,42.3059341,-71.6172087,18,Concord (SuAsCo),44.44444444444444,0.0,170
W2696,0,0,15,2.0,22.92,8.213333333333333,42.6613996,-71.8825117,15,Merrimack,0.0,0.0,171
W2253,0,0,2,2.0,19.85,8.35,42.51152705,-72.80105071,2,Deerfield,0.0,0.0,172
W2256,0,0,3,2.0,14.833333333333334,9.066666666666666,42.54503215,-73.31275339,3,Kinderhook,0.0,0.0,173
W1305,0,0,3,2.0,24.0,6.833333333333333,41.97786915,-70.74700033,3,South Coastal,0.0,0.0,174
W2258,0,0,1,2.0,25.3,8.9,42.47391986,-73.1412082,1,Housatonic,0.0,0.0,175
W2247,0,0,3,2.0,22.433333333333334,9.433333333333332,42.23747744,-72.8853956,3,Westfield,0.0,0.0,176
W2259,0,0,3,2.0,17.166666666666668,8.700000000000001,42.15946034,-73.12792409,3,Farmington,0.0,0.0,177
W2260,0,0,3,2.0,20.7,9.066666666666666,42.50830194,-72.69870678,3,Deerfield,0.0,0.0,178
W2261,0,0,3,2.0,19.933333333333334,9.033333333333333,42.66954163,-73.10371096,3,Hoosic,0.0,0.0,179
W2262,0,0,3,2.0,16.03333333333333,9.466666666666667,42.40226973,-72.9795908,3,Westfield,0.0,0.0,180
W2264,0,0,5,2.0,19.5,9.14,42.09976917,-72.80864416,5,Westfield,0.0,0.0,181
W2265,0,0,3,2.0,20.133333333333333,9.766666666666667,42.70289803,-73.20019809,3,Hoosic,0.0,0.0,182
W2266,0,0,3,2.0,17.0,9.366666666666667,42.27211249,-73.27397995,3,Housatonic,0.0,0.0,183
W2267,0,0,3,2.0,16.433333333333334,8.366666666666667,42.11380288,-73.23231291,3,Housatonic,0.0,0.0,184
W2249,0,0,3,2.0,19.833333333333332,8.200000000000001,42.25259045,-73.21962782,3,Housatonic,0.0,0.0,185
W1366,2,0,2,2.0,20.575000000000003,5.775,41.70943898,-71.00445926,4,Buzzards Bay,50.0,0.0,186
W2207,0,0,6,2.0,19.55,7.216666666666666,42.02932229,-71.60542161,6,Blackstone,0.0,0.0,187
W2216,0,0,2,2.0,14.1,6.699999999999999,42.5334948,-71.90277886,2,Nashua,0.0,0.0,188
W1744,0,0,1,2.0,18.9,10.1,42.62899767,-73.11505043,1,Hoosic,0.0,0.0,189
W1404,2,0,6,2.0,23.066666666666666,5.366666666666667,41.75026335,-70.80466442,6,Buzzards Bay,33.33333333333333,0.0,190
W2208,0,0,6,2.0,21.383333333333336,8.35,42.23359373,-71.8557513,6,Blackstone,0.0,0.0,191
W1401,5,0,16,2.0,23.525,6.46875,41.86851883,-70.73085416,16,Buzzards Bay,31.25,0.0,192
W1399,0,0,1,2.0,20.0,7.4,41.69276793,-71.03355135,1,Buzzards Bay,0.0,0.0,193
W2209,0,0,6,2.0,19.566666666666666,8.816666666666666,42.59040888,-71.86334389,6,Nashua,0.0,0.0,194
W2210,0,0,6,2.0,22.75,7.45,41.89640012,-71.33321453,6,Ten Mile,0.0,0.0,195
W2212,0,0,6,2.0,19.7,8.633333333333333,42.47692289,-71.72378538,6,Nashua,0.0,0.0,196
W2271,0,0,2,2.0,21.0,7.4,42.3820888,-72.81255079,2,Westfield,0.0,0.0,197
W2246,0,0,2,2.0,16.05,9.85,42.40624326,-72.88766468,2,Westfield,0.0,0.0,198
W2225,0,0,2,2.0,19.450000000000003,8.05,42.0627483,-72.40559074,2,Connecticut,0.0,0.0,199
W2630,3,0,11,2.0,23.38181818181818,6.790909090909091,42.32791673,-73.36695718,11,Housatonic,27.27272727272727,0.0,200
W2270,0,0,3,2.0,24.133333333333336,8.566666666666666,42.26068784,-72.878683,3,Westfield,0.0,0.0,201
W2243,0,0,3,2.0,13.533333333333333,9.366666666666667,42.54141177,-72.88420012,3,Westfield,0.0,0.0,202
W1376,1,0,4,2.0,20.225,5.625,41.63949244,-70.98483042,4,Buzzards Bay,25.0,0.0,203
W2631,0,0,19,2.0,22.7,8.105263157894736,42.35064193,-71.99240896,19,Chicopee,0.0,0.0,204
W2245,0,0,3,2.0,21.400000000000002,7.666666666666667,42.45191218,-73.30161974,3,Housatonic,0.0,0.0,205
W2633,3,0,13,2.0,23.207692307692305,6.292307692307692,42.3121799,-72.23904354,13,Chicopee,23.076923076923077,0.0,206
W1407,0,0,1,2.0,24.3,5.5,41.6868479,-70.77068505,1,Buzzards Bay,0.0,0.0,207
W1745,0,0,1,2.0,18.2,10.3,42.62172166,-73.11552029,1,Hoosic,0.0,0.0,208
W2045,0,0,6,2.0,17.266666666666666,7.883333333333333,42.18261181,-70.93539631,6,Weymouth & Weir,0.0,0.0,209
W2408,0,0,2,2.0,22.5,6.4,41.83058753,-71.32993703,2,Narragansett Bay (Shore),0.0,0.0,210
W2378,0,0,2,2.0,21.6,6.8,42.08257418,-71.03007602,2,Taunton,0.0,0.0,211
W2129,0,0,6,2.0,19.333333333333332,8.549999999999999,42.32853743,-71.67657471,6,Concord (SuAsCo),0.0,0.0,212
W2379,0,0,3,2.0,17.333333333333332,7.166666666666667,41.90743834,-70.97991603,3,Taunton,0.0,0.0,213
W2130,0,0,6,2.0,22.5,7.966666666666666,42.59600079,-71.34825495,6,Concord (SuAsCo),0.0,0.0,214
W2380,0,0,3,2.0,22.833333333333332,7.3,41.84611359,-71.2625509,3,Narragansett Bay (Shore),0.0,0.0,215
W2132,0,0,2,2.0,14.6,9.0,42.46013905,-71.5068318,2,Concord (SuAsCo),0.0,0.0,216
W2134,0,0,6,2.0,22.71666666666667,7.283333333333334,42.42994117,-71.51519095,6,Concord (SuAsCo),0.0,0.0,217
W1931,0,0,1,2.0,19.3,8.4,41.97749007,-71.33385627,1,Ten Mile,0.0,0.0,218
W2135,0,0,6,2.0,24.0,7.566666666666666,42.31981521,-71.39588095,6,Concord (SuAsCo),0.0,0.0,219
W2383,0,0,2,2.0,22.549999999999997,5.85,41.80069261,-71.30434109,2,Narragansett Bay (Shore),0.0,0.0,220
W1901,0,0,4,2.0,21.95,8.625,42.17487504,-71.68002381,4,Blackstone,0.0,0.0,221
W2384,0,0,3,2.0,21.766666666666666,6.6000000000000005,42.01558538,-71.05266156,3,Taunton,0.0,0.0,222
W1892,1,0,3,2.0,17.2,6.0,42.36091839,-72.23011415,3,Chicopee,33.33333333333333,0.0,223
W2385,1,0,3,2.0,20.099999999999998,5.2,42.24343046,-71.09437763,3,Neponset,33.33333333333333,0.0,224
W2136,0,0,6,2.0,23.916666666666668,7.683333333333334,42.37245948,-71.42434277,6,Concord (SuAsCo),0.0,0.0,225
W2137,0,0,6,2.0,18.433333333333334,7.366666666666666,42.46739849,-71.42842635,6,Concord (SuAsCo),0.0,0.0,226
W2387,0,0,2,2.0,20.1,5.949999999999999,41.7773089,-71.19253246,2,Mount Hope Bay (Shore),0.0,0.0,227
W1874,0,0,6,2.0,17.883333333333333,8.9,42.28281296,-72.39284073,6,Chicopee,0.0,0.0,228
W2138,0,0,6,2.0,20.2,6.1000000000000005,42.44091924,-71.54610442,6,Concord (SuAsCo),0.0,0.0,229
W2376,0,0,2,2.0,20.35,7.4,41.74470234,-71.2482622,2,Mount Hope Bay (Shore),0.0,0.0,230
W2128,0,0,2,2.0,15.0,8.1,42.5124821,-71.3828515,2,Concord (SuAsCo),0.0,0.0,231
W2373,0,0,2,2.0,23.4,7.45,41.95255141,-71.22476066,2,Taunton,0.0,0.0,232
W2000,1,0,1,2.0,20.2,2.1,42.23468043,-72.16497539,1,Chicopee,100.0,0.0,233
W2034,0,0,6,2.0,18.883333333333333,6.883333333333333,42.23458558,-70.87225116,6,Weymouth & Weir,0.0,0.0,234
W2031,0,0,6,2.0,19.816666666666666,7.1499999999999995,42.22005427,-70.9991699,6,Weymouth & Weir,0.0,0.0,235
W2030,0,0,6,2.0,19.616666666666667,8.85,42.2205799,-70.98050122,6,Weymouth & Weir,0.0,0.0,236
W2049,0,0,6,2.0,19.849999999999998,8.483333333333334,42.18379489,-71.01129661,6,Weymouth & Weir,0.0,0.0,237
W2020,1,0,2,2.0,12.35,7.800000000000001,42.48792791,-72.21647477,2,Chicopee,50.0,0.0,238
W2011,0,0,6,2.0,22.5,7.533333333333334,42.34355006,-72.15714041,6,Chicopee,0.0,0.0,239
W2005,0,0,6,2.0,22.28333333333333,7.916666666666667,42.15729931,-72.40951214,6,Chicopee,0.0,0.0,240
W2063,0,0,4,2.0,22.825,8.125,42.09871897,-71.62231403,4,Blackstone,0.0,0.0,241
W1998,1,0,1,2.0,20.0,1.8,42.23472642,-72.16258295,1,Chicopee,100.0,0.0,242
W2089,1,0,5,2.0,20.04,7.58,42.15313759,-71.02682978,5,Weymouth & Weir,20.0,0.0,243
W1997,1,0,1,2.0,20.0,1.8,42.23248582,-72.15785881,1,Chicopee,100.0,0.0,244
W1996,2,0,2,2.0,17.35,3.05,42.23362783,-72.16221694,2,Chicopee,100.0,0.0,245
W2276,0,0,2,2.0,19.799999999999997,10.1,42.08621595,-72.72793165,2,Westfield,0.0,0.0,246
W1994,2,0,2,2.0,21.75,1.85,42.21247249,-72.12297305,2,Chicopee,100.0,0.0,247
W1993,2,0,2,2.0,17.9,3.85,42.21244098,-72.12067309,2,Chicopee,100.0,0.0,248
W1992,3,0,3,2.0,19.866666666666664,3.7000000000000006,42.2091169,-72.10996213,3,Chicopee,100.0,0.0,249
W1991,3,0,3,2.0,22.666666666666668,3.466666666666667,42.2081965,-72.10431113,3,Chicopee,100.0,0.0,250
W1990,0,0,5,2.0,17.759999999999998,8.34,42.24816753,-72.07425385,5,Chicopee,0.0,0.0,251
W2389,0,0,3,2.0,23.766666666666666,7.766666666666667,41.9093812,-71.0981243,3,Taunton,0.0,0.0,252
W1866,0,0,6,2.0,20.966666666666665,8.4,42.31010851,-72.21195504,6,Chicopee,0.0,0.0,253
W1858,0,0,5,2.0,20.22,8.6,42.14809093,-72.40009284,5,Chicopee,0.0,0.0,254
W2273,0,0,3,2.0,18.366666666666667,9.533333333333333,42.45247321,-72.87827159,3,Westfield,0.0,0.0,255
W1809,0,0,6,2.0,20.21666666666667,8.383333333333333,42.60819171,-71.87067955,6,Nashua,0.0,0.0,256
W1808,0,0,6,2.0,21.333333333333332,7.983333333333333,42.58212265,-71.90236498,6,Nashua,0.0,0.0,257
W2393,0,0,2,2.0,19.15,6.5,41.98949513,-71.1737167,2,Taunton,0.0,0.0,258
W1800,2,0,5,2.0,19.04,5.84,42.34204868,-72.49358561,5,Connecticut,40.0,0.0,259
W2394,0,0,2,2.0,19.4,7.8999999999999995,41.64180645,-71.0764565,2,Buzzards Bay,0.0,0.0,260
W2158,0,0,6,2.0,17.400000000000002,8.283333333333333,42.70975424,-71.85170033,6,Merrimack,0.0,0.0,261
W2159,0,0,4,2.0,16.55,8.0,42.64641775,-71.40503654,4,Merrimack,0.0,0.0,262
W2398,0,0,3,2.0,20.966666666666665,7.3,41.8647818,-71.22918554,3,Narragansett Bay (Shore),0.0,0.0,263
W2167,0,0,4,2.0,18.775,8.225,42.6258075,-71.38835243,4,Merrimack,0.0,0.0,264
W2157,0,0,6,2.0,23.700000000000003,6.633333333333333,42.12140046,-71.45251286,6,Charles,0.0,0.0,265
W2404,0,0,2,2.0,21.35,6.45,41.63338435,-70.98602228,2,Buzzards Bay,0.0,0.0,266
W2168,1,0,4,2.0,21.075000000000003,4.65,42.65733113,-70.93965944,4,Ipswich,25.0,0.0,267
W2272,0,0,3,2.0,18.866666666666667,8.933333333333334,42.3572088,-73.35414315,3,Housatonic,0.0,0.0,268
W1749,3,1,9,2.0,22.033333333333335,6.2444444444444445,42.17533934,-72.69712736,9,Westfield,33.33333333333333,11.11111111111111,269
W2177,0,0,6,2.0,21.96666666666667,6.566666666666666,42.56670939,-71.95196358,6,Millers,0.0,0.0,270
W2178,0,0,2,2.0,15.95,9.600000000000001,42.58657345,-71.8162291,2,Nashua,0.0,0.0,271
W2179,0,0,6,2.0,19.366666666666664,7.433333333333334,41.91786565,-71.35216051,6,Ten Mile,0.0,0.0,272
W2407,0,0,2,2.0,23.15,8.0,41.94945845,-71.17552595,2,Taunton,0.0,0.0,273
W1812,0,0,6,2.0,21.78333333333333,7.05,42.5442135,-71.65737327,6,Nashua,0.0,0.0,274
W2156,0,0,6,2.0,25.933333333333334,8.266666666666667,42.32625938,-71.26402999,6,Charles,0.0,0.0,275
W2139,0,0,6,2.0,18.916666666666668,8.366666666666667,42.33332389,-71.6801695,6,Concord (SuAsCo),0.0,0.0,276
W1849,0,0,6,2.0,19.7,8.233333333333333,42.43628983,-72.05266962,6,Chicopee,0.0,0.0,277
W2140,0,0,6,2.0,20.333333333333332,8.933333333333334,42.30487156,-71.48902528,6,Concord (SuAsCo),0.0,0.0,278
W1856,0,0,6,2.0,18.900000000000002,8.5,42.26297752,-71.99318259,6,Chicopee,0.0,0.0,279
W1853,0,0,5,2.0,18.06,9.059999999999999,42.1010427,-72.31335538,5,Chicopee,0.0,0.0,280
W2143,0,0,2,2.0,21.6,5.05,42.62803415,-71.20154765,2,Shawsheen,0.0,0.0,281
W1851,0,0,6,2.0,21.5,7.983333333333333,42.37234805,-72.16222662,6,Chicopee,0.0,0.0,282
W2144,0,0,6,2.0,22.383333333333336,7.3999999999999995,42.59984567,-71.19306651,6,Shawsheen,0.0,0.0,283
W1850,0,0,6,2.0,17.883333333333333,8.133333333333333,42.40850857,-72.09668399,6,Chicopee,0.0,0.0,284
W2145,0,0,6,2.0,18.816666666666666,8.1,42.54625187,-71.2527211,6,Shawsheen,0.0,0.0,285
W1836,0,0,2,2.0,21.9,8.1,42.56316154,-71.76154939,2,Nashua,0.0,0.0,286
W2155,0,0,6,2.0,18.616666666666664,8.016666666666667,42.2331578,-71.32439929,6,Charles,0.0,0.0,287
W2274,0,0,3,2.0,19.066666666666666,8.433333333333334,42.24539082,-73.11391881,3,Farmington,0.0,0.0,288
W2147,0,0,6,2.0,22.150000000000002,6.816666666666666,42.56945269,-71.21526802,6,Shawsheen,0.0,0.0,289
W2148,0,0,6,2.0,22.46666666666667,6.966666666666666,42.61704681,-71.16789529,6,Shawsheen,0.0,0.0,290
W1823,0,0,6,2.0,17.349999999999998,8.75,42.61730324,-71.73427771,6,Nashua,0.0,0.0,291
W1821,0,0,6,2.0,18.55,9.200000000000001,42.38548028,-71.80974437,6,Nashua,0.0,0.0,292
W2149,0,0,6,2.0,21.616666666666664,7.416666666666667,42.51707907,-71.24471208,6,Shawsheen,0.0,0.0,293
W2153,0,0,2,2.0,20.6,5.65,42.17837899,-71.38380876,2,Charles,0.0,0.0,294
W1819,0,0,6,2.0,14.816666666666668,9.333333333333334,42.34126384,-71.747781,6,Nashua,0.0,0.0,295
W3012,0,0,2,2.0,27.0,7.55,42.37600327,-71.47659538,2,Concord (SuAsCo),0.0,0.0,296
W2268,0,0,3,2.0,19.566666666666666,9.033333333333333,42.66112647,-73.10381096,3,Hoosic,0.0,0.0,297
W2984,0,0,2,2.0,21.25,8.25,42.31493164,-72.20590855,2,Chicopee,0.0,0.0,298
W0497,0,0,3,2.0,22.666666666666668,5.866666666666667,42.59474285,-71.59983315,3,Nashua,0.0,0.0,299
W0940,0,0,11,2.0,23.11818181818182,7.609090909090909,42.07840473,-71.11554731,11,Taunton,0.0,0.0,300
W0486,0,0,6,2.0,20.95,8.25,42.67172981,-71.57703129,6,Nashua,0.0,0.0,301
W2982,0,0,2,2.0,17.5,8.9,42.45211895,-72.16662911,2,Chicopee,0.0,0.0,302
W2969,0,0,1,2.0,18.6,7.0,42.31427223,-72.09667589,1,Chicopee,0.0,0.0,303
W3001,0,0,2,2.0,18.65,5.4,42.26151866,-71.84831069,2,Blackstone,0.0,0.0,304
W1033,0,0,6,2.0,20.983333333333334,8.633333333333333,42.17771167,-72.37458989,6,Chicopee,0.0,0.0,305
W2970,0,0,2,2.0,18.9,8.05,42.58473938,-71.77277533,2,Nashua,0.0,0.0,306
W2832,1,0,4,2.0,21.375,5.625,41.9780221,-71.13417172,4,Taunton,25.0,0.0,307
W0482,2,0,8,2.0,16.9,7.375,42.42997432,-71.67930013,8,Nashua,25.0,0.0,308
W2971,0,0,2,2.0,25.35,6.449999999999999,42.21712393,-71.99983627,2,Chicopee,0.0,0.0,309
W2972,0,0,2,2.0,19.3,8.7,42.27077749,-71.98279137,2,Chicopee,0.0,0.0,310
W1039,0,0,5,2.0,19.46,8.08,42.2449869,-72.07374903,5,Chicopee,0.0,0.0,311
W2955,0,0,1,2.0,22.0,7.7,42.55608497,-72.30064271,1,Millers,0.0,0.0,312
W2956,0,0,2,2.0,19.85,8.75,42.68339607,-72.17229563,2,Millers,0.0,0.0,313
W2968,0,0,2,2.0,22.25,8.2,42.2978692,-72.11726439,2,Chicopee,0.0,0.0,314
W1000,0,0,6,2.0,21.05,6.833333333333333,42.57946682,-71.58861709,6,Nashua,0.0,0.0,315
W1015,0,0,6,2.0,21.383333333333336,8.700000000000001,42.17314464,-72.34600381,6,Chicopee,0.0,0.0,316
W2967,0,0,2,2.0,20.15,6.9,42.28886649,-72.12794852,2,Chicopee,0.0,0.0,317
W2962,0,0,2,2.0,20.3,8.1,42.16373516,-72.534428,2,Chicopee,0.0,0.0,318
W2963,0,0,2,2.0,17.549999999999997,9.0,42.18866352,-72.45219345,2,Chicopee,0.0,0.0,319
W3003,0,0,2,2.0,21.6,6.65,42.38881334,-71.29698568,2,Charles,0.0,0.0,320
W2965,0,0,2,2.0,20.9,8.95,42.17332508,-72.25295351,2,Chicopee,0.0,0.0,321
W2966,0,0,2,2.0,20.4,8.45,42.22326789,-72.22512226,2,Chicopee,0.0,0.0,322
W1013,0,0,6,2.0,17.816666666666666,9.299999999999999,42.2107065,-72.34642165,6,Chicopee,0.0,0.0,323
W3002,0,0,1,2.0,20.2,6.2,42.30545572,-71.87758341,1,Blackstone,0.0,0.0,324
W2953,2,0,5,2.0,23.56,6.1,41.76842431,-70.72293943,5,Buzzards Bay,40.0,0.0,325
W2913,1,0,3,2.0,20.400000000000002,5.2,42.19862254,-70.83275,3,South Coastal,33.33333333333333,0.0,326
W3005,0,0,2,2.0,22.05,8.1,42.06029614,-71.42140501,2,Charles,0.0,0.0,327
W0488,0,0,6,2.0,20.733333333333334,7.949999999999999,42.57812405,-71.60976926,6,Nashua,0.0,0.0,328
W1008,0,0,6,2.0,21.183333333333334,8.183333333333332,42.32097918,-72.17469434,6,Chicopee,0.0,0.0,329
W2961,0,0,2,2.0,19.75,8.25,42.58897184,-72.03710739,2,Millers,0.0,0.0,330
W2985,0,0,2,2.0,19.049999999999997,8.25,42.31601104,-72.18146595,2,Chicopee,0.0,0.0,331
W2987,0,0,2,2.0,22.0,8.5,42.37739264,-72.10776295,2,Chicopee,0.0,0.0,332
W2989,0,0,2,2.0,23.200000000000003,5.25,42.45158172,-72.0300279,2,Chicopee,0.0,0.0,333
W3000,0,0,2,2.0,19.549999999999997,8.65,42.29051615,-71.7673158,2,Blackstone,0.0,0.0,334
W2959,0,0,2,2.0,19.25,8.35,42.6130637,-72.12973159,2,Millers,0.0,0.0,335
W2978,0,0,2,2.0,19.05,8.9,42.36492922,-72.32529204,2,Chicopee,0.0,0.0,336
W2977,0,0,2,2.0,17.95,9.0,42.44429909,-72.37166057,2,Chicopee,0.0,0.0,337
W0651,2,0,8,2.0,19.0,6.175,41.78837741,-71.3295203,8,Narragansett Bay (Shore),25.0,0.0,338
W2957,0,0,2,2.0,19.2,6.05,42.63003931,-72.16378855,2,Millers,0.0,0.0,339
W0668,0,0,4,2.0,21.4,7.6499999999999995,42.17958119,-71.68815945,4,Blackstone,0.0,0.0,340
W3010,0,0,2,2.0,24.4,6.4,42.44794562,-71.3782804,2,Concord (SuAsCo),0.0,0.0,341
W0669,0,0,4,2.0,20.549999999999997,6.475,42.18121701,-71.73068267,4,Blackstone,0.0,0.0,342
W2990,0,0,2,2.0,26.4,9.0,42.41614547,-72.00792237,2,Chicopee,0.0,0.0,343
W3011,0,0,2,2.0,19.450000000000003,8.25,42.38602647,-71.43974631,2,Concord (SuAsCo),0.0,0.0,344
W0437,3,0,8,2.0,15.6875,5.625,42.49963725,-71.0509709,8,North Coastal,37.5,0.0,345
W2974,0,0,2,2.0,26.3,5.85,42.33173523,-72.05029579,2,Chicopee,0.0,0.0,346
W2973,0,0,2,2.0,21.799999999999997,6.75,42.33884782,-72.03406499,2,Chicopee,0.0,0.0,347
W1283,0,0,6,2.0,18.75,7.6499999999999995,42.66344944,-71.70914571,6,Nashua,0.0,0.0,348
W2814,0,0,6,2.0,23.266666666666666,7.983333333333333,41.9641053,-70.0077192,6,Cape Cod,0.0,0.0,349
W2997,0,0,2,2.0,18.9,8.05,42.10854137,-71.69487674,2,Blackstone,0.0,0.0,350
W2727,0,0,7,2.0,20.585714285714285,8.442857142857143,42.38254588,-73.16168233,7,Housatonic,0.0,0.0,351
W2773,4,0,13,2.0,23.423076923076923,4.792307692307692,41.7254646,-70.0397423,13,Cape Cod,30.76923076923077,0.0,352
W0849,1,1,4,2.0,17.0,6.175,42.35708626,-71.40313662,4,Concord (SuAsCo),25.0,25.0,353
W3007,0,0,2,2.0,16.6,7.0,42.56717587,-71.69666278,2,Nashua,0.0,0.0,354
W0850,1,1,5,2.0,19.34,7.06,42.35926526,-71.36883338,5,Concord (SuAsCo),20.0,20.0,355
W0608,0,0,6,2.0,21.116666666666667,9.816666666666666,42.69888619,-71.00142335,6,Parker,0.0,0.0,356
W0888,3,0,7,2.0,17.385714285714286,5.8428571428571425,42.58004022,-70.7636231,7,North Coastal,42.857142857142854,0.0,357
W2998,0,0,2,2.0,18.7,8.1,42.07200745,-71.70324028,2,Blackstone,0.0,0.0,358
W2979,0,0,2,2.0,16.8,7.65,42.50329864,-72.31786462,2,Chicopee,0.0,0.0,359
W2980,0,0,2,2.0,20.9,7.4,42.51854875,-72.31737256,2,Chicopee,0.0,0.0,360
W0317,1,0,4,2.0,21.425,6.3,41.9074391,-70.91495236,4,Taunton,25.0,0.0,361
W0448,3,0,8,2.0,13.149999999999999,6.0375000000000005,42.53696863,-71.05650757,8,North Coastal,37.5,0.0,362
W2993,0,0,2,2.0,20.200000000000003,7.8500000000000005,42.02818823,-71.53998784,2,Blackstone,0.0,0.0,363
W3006,0,0,2,2.0,21.0,6.8,42.20924747,-71.18482101,2,Neponset,0.0,0.0,364
W2992,0,0,2,2.0,23.5,7.9,41.94464888,-71.37166023,2,Blackstone,0.0,0.0,365
W0546,0,0,2,2.0,20.200000000000003,8.15,42.18920084,-71.2401585,2,Neponset,0.0,0.0,366
W1014,0,0,6,2.0,22.8,8.133333333333333,42.19155828,-72.34983401,6,Chicopee,0.0,0.0,367
W2791,7,0,27,1.962962962962963,22.07777777777778,6.325925925925925,41.75446,-70.79039,27,Buzzards Bay,25.925925925925924,0.0,368
W2676,5,0,17,1.9411764705882353,21.229411764705883,6.2823529411764705,42.0475462,-71.7682111,17,Blackstone,29.411764705882355,0.0,369
W2682,16,0,23,1.9142857142857144,18.888571428571428,5.585714285714285,42.3019466,-71.5128697,35,Concord (SuAsCo),45.714285714285715,0.0,370
W2628,5,0,21,1.9047619047619047,22.09047619047619,6.876190476190477,42.16259277,-73.11804242,21,Farmington,23.809523809523807,0.0,371
W2803,4,0,31,1.903225806451613,22.40967741935484,7.251612903225806,41.671685,-70.193271,31,Cape Cod,12.903225806451612,0.0,372
W1596,1,0,9,1.8888888888888888,19.211111111111112,7.199999999999999,42.02194765,-71.56822441,9,Blackstone,11.11111111111111,0.0,373
W1495,3,0,9,1.8888888888888888,19.477777777777778,5.6,42.03776122,-70.98465422,9,Taunton,33.33333333333333,0.0,374
W0169,3,0,9,1.8888888888888888,16.922222222222224,6.611111111111111,41.97463265,-71.32957594,9,Ten Mile,33.33333333333333,0.0,375
W0179,3,0,9,1.8888888888888888,18.6,5.077777777777778,41.95360395,-71.28005181,9,Ten Mile,33.33333333333333,0.0,376
W1031,0,0,9,1.8888888888888888,22.58888888888889,8.555555555555555,42.16060737,-72.51019767,9,Chicopee,0.0,0.0,377
W2674,3,0,13,1.8888888888888888,21.166666666666668,7.977777777777778,42.6167752,-71.42794,18,Merrimack,16.666666666666664,0.0,378
W1403,6,0,26,1.8846153846153846,21.4,6.642307692307692,41.75645701,-70.78989856,26,Buzzards Bay,23.076923076923077,0.0,379
W1955,1,0,8,1.875,17.9625,6.8125,41.83066674,-71.3297127,8,Narragansett Bay (Shore),12.5,0.0,380
W0661,1,0,8,1.875,18.1,6.1875,41.77539014,-71.19881372,8,Mount Hope Bay (Shore),12.5,0.0,381
W0454,2,0,8,1.875,18.4,7.35,42.5222057,-70.931093,8,North Coastal,25.0,0.0,382
W0435,2,0,8,1.875,14.95,6.4,42.49577249,-71.01907398,8,North Coastal,25.0,0.0,383
W1092,4,1,24,1.875,21.991666666666664,6.870833333333334,41.90533067,-70.55598017,24,South Coastal,16.666666666666664,4.166666666666666,384
W0484,1,0,8,1.875,20.075,6.5125,42.49602094,-71.62643687,8,Nashua,12.5,0.0,385
W2704,5,0,31,1.8709677419354838,17.051612903225806,7.480645161290322,42.4446923,-71.1158183,31,Mystic,16.129032258064516,0.0,386
W2692,5,0,23,1.8695652173913044,20.517391304347825,6.726086956521739,42.5083102,-71.8811837,23,Nashua,21.73913043478261,0.0,387
W2710,3,0,15,1.8666666666666667,23.19333333333333,5.926666666666667,42.6074803,-71.1097834,15,Ipswich,20.0,0.0,388
W1005,16,0,34,1.8666666666666667,15.931111111111111,6.319999999999999,42.17302268,-72.07108074,45,Chicopee,35.55555555555556,0.0,389
W2808,3,0,22,1.8636363636363635,20.331818181818182,8.027272727272727,41.671039,-70.393715,22,Cape Cod,13.636363636363635,0.0,390
W1751,7,0,36,1.8611111111111112,22.9,7.444444444444445,42.18432523,-72.69383159,36,Westfield,19.444444444444446,0.0,391
W2033,0,0,7,1.8571428571428572,18.1,7.457142857142857,42.24257493,-70.85905507,7,Weymouth & Weir,0.0,0.0,392
W1068,4,0,21,1.8571428571428572,23.876190476190477,6.828571428571429,42.30619738,-72.43188682,21,Connecticut,19.047619047619047,0.0,393
W1012,0,0,7,1.8571428571428572,14.5,10.142857142857142,42.24326567,-72.33476023,7,Chicopee,0.0,0.0,394
W1915,1,0,7,1.8571428571428572,17.54285714285714,7.057142857142857,41.95939363,-70.02997037,7,Cape Cod,14.285714285714285,0.0,395
W1755,0,0,7,1.8571428571428572,18.7,8.6,42.0448378,-71.62194682,7,Blackstone,0.0,0.0,396
W1769,0,0,7,1.8571428571428572,16.87142857142857,7.942857142857143,42.18498134,-71.71206258,7,Blackstone,0.0,0.0,397
W1756,0,0,7,1.8571428571428572,16.642857142857142,8.428571428571429,42.02727016,-71.48547213,7,Blackstone,0.0,0.0,398
W1038,0,0,7,1.8571428571428572,23.114285714285717,7.8999999999999995,42.22570961,-72.04999618,7,Chicopee,0.0,0.0,399
W1762,0,0,7,1.8571428571428572,17.87142857142857,8.628571428571428,42.0193983,-71.5344052,7,Blackstone,0.0,0.0,400
W1761,0,0,7,1.8571428571428572,16.62857142857143,8.914285714285715,42.32499793,-71.74088627,7,Blackstone,0.0,0.0,401
W1760,0,0,7,1.8571428571428572,15.642857142857142,8.142857142857142,42.09326799,-71.5191956,7,Blackstone,0.0,0.0,402
W1753,0,0,7,1.8571428571428572,16.614285714285714,9.042857142857143,42.30377694,-71.7626168,7,Blackstone,0.0,0.0,403
W2062,0,0,7,1.8571428571428572,19.542857142857144,7.3428571428571425,42.27876651,-71.80543192,7,Blackstone,0.0,0.0,404
W1025,0,0,7,1.8571428571428572,20.342857142857145,8.057142857142857,42.08439258,-71.69699739,7,Blackstone,0.0,0.0,405
W1758,0,0,7,1.8571428571428572,20.914285714285715,7.485714285714286,42.28029336,-71.74620407,7,Blackstone,0.0,0.0,406
W1282,0,0,7,1.8571428571428572,17.314285714285713,8.914285714285715,42.29062266,-71.75867408,7,Blackstone,0.0,0.0,407
W0347,8,0,46,1.8478260869565217,21.317391304347826,6.908695652173913,42.18359566,-73.04390073,46,Farmington,17.391304347826086,0.0,408
W0121,8,2,5,1.8461538461538463,19.99230769230769,4.184615384615385,42.66124707,-70.8449088,13,Ipswich,61.53846153846154,15.384615384615385,409
W2668,4,0,13,1.8461538461538463,22.77692307692308,5.7153846153846155,42.2865424,-71.412718,13,Concord (SuAsCo),30.76923076923077,0.0,410
W1750,3,0,13,1.8461538461538463,22.53846153846154,6.592307692307693,42.18062732,-72.69799702,13,Westfield,23.076923076923077,0.0,411
W2775,2,2,19,1.8421052631578947,24.642105263157895,7.421052631578948,41.671546,-71.126475,19,Mount Hope Bay (Shore),10.526315789473683,10.526315789473683,412
W2372,0,0,6,1.8333333333333333,23.150000000000002,7.833333333333333,41.90037801,-71.09399859,6,Taunton,0.0,0.0,413
W2377,0,0,6,1.8333333333333333,19.033333333333335,7.366666666666667,42.06112594,-71.2165861,6,Taunton,0.0,0.0,414
W1922,0,0,6,1.8333333333333333,21.2,6.766666666666667,41.74677676,-70.14352171,6,Cape Cod,0.0,0.0,415
W1543,2,0,6,1.8333333333333333,14.183333333333332,6.383333333333333,42.56181929,-70.84839351,6,North Coastal,33.33333333333333,0.0,416
W1920,0,0,6,1.8333333333333333,20.2,8.183333333333332,41.69515999,-70.11531913,6,Cape Cod,0.0,0.0,417
W2160,0,0,6,1.8333333333333333,23.099999999999998,6.116666666666667,42.84388438,-71.00469926,6,Merrimack,0.0,0.0,418
W1911,0,0,6,1.8333333333333333,16.866666666666667,8.333333333333334,41.62155057,-70.48044452,6,Cape Cod,0.0,0.0,419
W1910,0,0,6,1.8333333333333333,18.366666666666667,8.216666666666667,41.61775265,-70.50057773,6,Cape Cod,0.0,0.0,420
W1906,0,0,6,1.8333333333333333,19.483333333333334,8.983333333333334,41.57788714,-70.57371153,6,Cape Cod,0.0,0.0,421
W1905,0,0,6,1.8333333333333333,17.599999999999998,7.8,41.59856913,-70.5715037,6,Cape Cod,0.0,0.0,422
W2161,0,0,6,1.8333333333333333,21.983333333333334,8.416666666666666,42.74648546,-71.04070809,6,Merrimack,0.0,0.0,423
W2162,0,0,6,1.8333333333333333,22.433333333333334,6.3999999999999995,42.79801999,-71.10455406,6,Merrimack,0.0,0.0,424
W1854,0,0,6,1.8333333333333333,17.25,9.016666666666667,42.1313561,-72.31002915,6,Chicopee,0.0,0.0,425
W1912,0,0,6,1.8333333333333333,18.083333333333332,7.6000000000000005,41.62787592,-70.45079252,6,Cape Cod,0.0,0.0,426
W2627,3,0,18,1.8333333333333333,21.211111111111112,6.75,42.12009007,-72.13122415,18,Quinebaug,16.666666666666664,0.0,427
W1945,2,0,6,1.8333333333333333,16.05,5.983333333333333,42.15206107,-71.11240912,6,Neponset,33.33333333333333,0.0,428
W1967,1,0,6,1.8333333333333333,21.78333333333333,7.833333333333333,42.41791119,-71.07329736,6,Mystic,16.666666666666664,0.0,429
W2402,0,0,6,1.8333333333333333,21.816666666666666,7.45,42.00502696,-71.21344675,6,Taunton,0.0,0.0,430
W2223,0,0,6,1.8333333333333333,18.1,9.066666666666666,42.16782704,-72.94935172,6,Westfield,0.0,0.0,431
W2151,0,0,6,1.8333333333333333,21.516666666666666,8.483333333333334,42.52481982,-70.92071248,6,North Coastal,0.0,0.0,432
W1799,0,0,6,1.8333333333333333,20.3,8.816666666666666,42.6853667,-72.47374624,6,Connecticut,0.0,0.0,433
W0923,3,0,18,1.8333333333333333,23.672222222222224,7.777777777777778,42.02715395,-72.75717252,18,Westfield,16.666666666666664,0.0,434
W1052,0,0,6,1.8333333333333333,20.45,8.366666666666667,42.27015317,-72.58689462,6,Connecticut,0.0,0.0,435
W2789,4,0,17,1.8235294117647058,24.688235294117646,6.7,41.804909,-70.611966,17,Buzzards Bay,23.52941176470588,0.0,436
W0113,8,2,3,1.8181818181818181,19.38181818181818,3.772727272727273,42.56116459,-71.11060168,11,Ipswich,72.72727272727273,18.181818181818183,437
W1848,0,0,11,1.8181818181818181,18.39090909090909,8.30909090909091,42.45425813,-71.95072628,11,Chicopee,0.0,0.0,438
W0107,6,2,5,1.8181818181818181,20.981818181818184,4.318181818181818,42.65985762,-70.9028537,11,Ipswich,54.54545454545454,18.181818181818183,439
W0844,1,0,5,1.8,20.34,6.859999999999999,42.45974876,-71.35935869,5,Concord (SuAsCo),20.0,0.0,440
W2708,2,0,15,1.8,21.586666666666666,6.526666666666667,42.5168034,-71.8554472,15,Nashua,13.333333333333334,0.0,441
W1369,0,0,5,1.8,20.8,8.28,41.620936,-71.05967996,5,Buzzards Bay,0.0,0.0,442
W1796,0,0,10,1.8,19.259999999999998,9.57,42.31899322,-72.66514075,10,Connecticut,0.0,0.0,443
W1792,0,0,10,1.8,20.98,8.55,42.24704007,-72.58037808,10,Connecticut,0.0,0.0,444
W0917,1,0,5,1.8,21.56,5.76,42.10734882,-70.80841733,5,South Coastal,20.0,0.0,445
W1785,0,0,5,1.8,16.36,9.1,42.64201567,-72.49771159,5,Connecticut,0.0,0.0,446
W1400,1,0,10,1.8,25.06,6.99,41.9164327,-70.76349843,10,Buzzards Bay,10.0,0.0,447
W0925,2,0,15,1.8,24.353333333333335,7.866666666666666,42.0147182,-72.76361682,15,Westfield,13.333333333333334,0.0,448
W0895,1,0,5,1.8,17.82,6.24,42.11232662,-70.87925085,5,South Coastal,20.0,0.0,449
W1370,0,0,5,1.8,18.22,7.959999999999999,41.6534391,-71.07161149,5,Buzzards Bay,0.0,0.0,450
W2044,1,0,5,1.8,16.880000000000003,6.720000000000001,42.17808643,-70.93462278,5,Weymouth & Weir,20.0,0.0,451
W1975,0,0,5,1.8,22.74,8.040000000000001,42.39711852,-71.07943281,5,Mystic,0.0,0.0,452
W2252,0,0,15,1.8,18.040000000000003,8.72,42.24776313,-73.28034588,15,Housatonic,0.0,0.0,453
W1470,1,0,5,1.8,17.46,6.640000000000001,42.32036993,-71.63553499,5,Concord (SuAsCo),20.0,0.0,454
W1496,2,0,5,1.8,16.84,5.46,42.08153842,-70.98603732,5,Taunton,40.0,0.0,455
W0136,13,0,5,1.8,18.86,3.146666666666667,42.57158947,-71.10125577,15,Ipswich,86.66666666666667,0.0,456
W1061,0,0,10,1.8,21.1,7.49,42.36655405,-72.60488814,10,Connecticut,0.0,0.0,457
W1481,1,0,5,1.8,20.48,7.459999999999999,42.44111379,-71.36805603,5,Concord (SuAsCo),20.0,0.0,458
W1065,0,0,10,1.8,19.119999999999997,8.0,42.28349688,-72.64060074,10,Connecticut,0.0,0.0,459
W1500,3,0,4,1.8,18.52,5.5,42.03108873,-70.97065835,5,Taunton,60.0,0.0,460
W2787,3,0,24,1.7916666666666667,22.46666666666667,7.3374999999999995,41.811935,-70.5766951,24,South Coastal,12.5,0.0,461
W2686,3,0,23,1.7826086956521738,19.882608695652173,7.543478260869565,42.4942145,-71.7835053,23,Nashua,13.043478260869565,0.0,462
W2798,2,0,23,1.7826086956521738,22.339130434782607,8.23913043478261,41.620352,-70.56532,23,Cape Cod,8.695652173913043,0.0,463
W1138,2,0,9,1.7777777777777777,21.744444444444444,6.055555555555555,42.26439957,-71.32538186,9,Charles,22.22222222222222,0.0,464
W1590,0,0,9,1.7777777777777777,17.38888888888889,9.266666666666667,42.34154459,-71.26662505,9,Charles,0.0,0.0,465
W1503,2,0,9,1.7777777777777777,19.866666666666667,6.144444444444444,41.93629311,-70.98734776,9,Taunton,22.22222222222222,0.0,466
W1501,2,0,9,1.7777777777777777,18.711111111111112,6.533333333333333,41.99937253,-70.93768479,9,Taunton,22.22222222222222,0.0,467
W1584,1,0,9,1.7777777777777777,17.700000000000003,7.0,42.13445842,-71.44602039,9,Charles,11.11111111111111,0.0,468
W1544,1,0,9,1.7777777777777777,16.88888888888889,7.388888888888889,42.85004383,-70.86465857,9,North Coastal,11.11111111111111,0.0,469
W0416,2,0,9,1.7777777777777777,16.38888888888889,6.433333333333334,42.21553968,-71.40765942,9,Charles,22.22222222222222,0.0,470
W1156,2,0,9,1.7777777777777777,18.255555555555556,6.1,42.31931329,-71.24624794,9,Charles,22.22222222222222,0.0,471
W1764,0,0,9,1.7777777777777777,20.38888888888889,7.2555555555555555,42.13913312,-71.63971462,9,Blackstone,0.0,0.0,472
W2222,0,0,13,1.7692307692307692,17.184615384615384,9.353846153846153,42.63256876,-72.97439535,13,Deerfield,0.0,0.0,473
W1458,0,0,17,1.7647058823529411,15.688235294117646,9.700000000000001,42.25418274,-72.94869942,17,Westfield,0.0,0.0,474
W2284,0,0,17,1.7647058823529411,20.241176470588236,8.58235294117647,42.04638466,-71.6301536,17,Blackstone,0.0,0.0,475
W2298,0,0,4,1.75,15.825,9.4,42.62731387,-73.22431951,4,Hoosic,0.0,0.0,476
W2835,0,0,4,1.75,22.3,7.5,41.946818,-71.16067131,4,Taunton,0.0,0.0,477
W1956,0,0,8,1.75,17.0375,6.975,41.83504629,-71.28898153,8,Narragansett Bay (Shore),0.0,0.0,478
W1255,0,0,8,1.75,19.9625,6.8625,42.20640574,-71.78097604,8,Blackstone,0.0,0.0,479
W1803,0,0,4,1.75,13.25,10.075,42.61633757,-72.47760491,4,Connecticut,0.0,0.0,480
W2852,0,0,4,1.75,17.2,9.35,42.21396566,-72.59514866,4,Connecticut,0.0,0.0,481
W1806,0,0,8,1.75,20.5375,7.325,42.71283339,-71.54870868,8,Nashua,0.0,0.0,482
W0604,2,0,20,1.75,22.98,7.3549999999999995,42.49250849,-71.5969091,20,Nashua,10.0,0.0,483
W1958,0,0,8,1.75,18.2375,7.9750000000000005,41.84689238,-71.25551885,8,Narragansett Bay (Shore),0.0,0.0,484
W1795,0,0,4,1.75,19.05,7.975,42.46908025,-72.64150009,4,Connecticut,0.0,0.0,485
W1959,0,0,8,1.75,18.425,7.475,41.838662,-71.23263553,8,Narragansett Bay (Shore),0.0,0.0,486
W1960,0,0,8,1.75,18.95,7.6,41.78126268,-71.28901738,8,Narragansett Bay (Shore),0.0,0.0,487
W1788,0,0,4,1.75,15.625,9.9,42.46068291,-72.64354654,4,Connecticut,0.0,0.0,488
W1782,0,0,8,1.75,15.4375,10.15,42.62058327,-72.54988746,8,Connecticut,0.0,0.0,489
W1961,0,0,8,1.75,17.5875,8.2,41.74691378,-71.25130236,8,Mount Hope Bay (Shore),0.0,0.0,490
W2291,0,0,16,1.75,18.025,8.875,42.38648751,-73.25940756,16,Housatonic,0.0,0.0,491
W2838,0,0,4,1.75,19.075,7.4750000000000005,41.83523239,-71.13593516,4,Taunton,0.0,0.0,492
W2719,0,0,4,1.75,20.325,9.1,42.32285317,-72.92619955,4,Westfield,0.0,0.0,493
W2836,0,0,4,1.75,18.225,8.025,41.94881614,-70.96826996,4,Taunton,0.0,0.0,494
W2850,0,0,4,1.75,16.75,9.6,42.28230014,-72.58708557,4,Connecticut,0.0,0.0,495
W2849,0,0,4,1.75,20.6,9.0,42.27820079,-72.57541581,4,Connecticut,0.0,0.0,496
W2848,0,0,4,1.75,17.125,8.725,42.28071001,-72.4252915,4,Connecticut,0.0,0.0,497
W2720,0,0,4,1.75,19.55,8.9,42.0385568,-72.94065317,4,Farmington,0.0,0.0,498
W1240,0,0,8,1.75,19.9375,7.3875,42.20864325,-71.78210772,8,Blackstone,0.0,0.0,499
W0665,0,0,8,1.75,17.975,7.9375,41.8334926,-71.27765127,8,Narragansett Bay (Shore),0.0,0.0,500
W2847,0,0,4,1.75,23.275,8.075,42.38339502,-72.5850062,4,Connecticut,0.0,0.0,501
W2721,0,0,4,1.75,18.225,9.1,42.04200482,-72.91837725,4,Farmington,0.0,0.0,502
W0654,0,0,8,1.75,17.3,8.675,41.76695306,-71.18552542,8,Mount Hope Bay (Shore),0.0,0.0,503
W1871,0,0,4,1.75,17.175,9.05,42.12431568,-72.30748854,4,Chicopee,0.0,0.0,504
W2853,0,0,4,1.75,22.95,8.025,42.07465812,-72.58070026,4,Connecticut,0.0,0.0,505
W2854,0,0,4,1.75,16.625,8.0,42.41118008,-72.5674643,4,Connecticut,0.0,0.0,506
W0641,0,0,8,1.75,21.5625,7.225,41.75038258,-71.20392705,8,Mount Hope Bay (Shore),0.0,0.0,507
W2846,0,0,4,1.75,16.95,9.475,42.41550849,-72.51258326,4,Connecticut,0.0,0.0,508
W0638,0,0,8,1.75,18.6375,6.75,41.78162246,-71.2504345,8,Narragansett Bay (Shore),0.0,0.0,509
W2845,0,0,4,1.75,16.525,8.875,42.37683842,-72.49492563,4,Connecticut,0.0,0.0,510
W0371,0,0,8,1.75,18.225,9.2375,42.05490025,-73.33400325,8,Housatonic,0.0,0.0,511
W0040,0,0,4,1.75,17.650000000000002,9.975,42.63010011,-72.90142656,4,Deerfield,0.0,0.0,512
W2855,0,0,4,1.75,15.5,9.8,42.19157879,-72.59779736,4,Connecticut,0.0,0.0,513
W0637,0,0,8,1.75,17.1625,7.95,41.79498181,-71.25266188,8,Narragansett Bay (Shore),0.0,0.0,514
W2188,0,0,8,1.75,23.175,7.824999999999999,42.20836571,-71.69757011,8,Blackstone,0.0,0.0,515
W2843,0,0,4,1.75,15.375,9.375,42.5098257,-72.66169041,4,Connecticut,0.0,0.0,516
W1244,0,0,8,1.75,20.4875,6.8375,42.12965013,-71.63645321,8,Blackstone,0.0,0.0,517
W2722,0,0,4,1.75,17.7,9.025,42.72088383,-72.59477377,4,Connecticut,0.0,0.0,518
W0624,0,0,8,1.75,17.5875,8.675,41.85489099,-71.255975,8,Narragansett Bay (Shore),0.0,0.0,519
W2842,0,0,4,1.75,16.875,8.3,42.70281576,-72.45189591,4,Connecticut,0.0,0.0,520
W2851,0,0,4,1.75,21.925,7.875,42.27748219,-72.65403879,4,Connecticut,0.0,0.0,521
W2025,0,0,4,1.75,16.25,9.4,42.43816198,-72.20732375,4,Chicopee,0.0,0.0,522
W2027,0,0,8,1.75,15.225,9.2625,42.2571088,-71.01100793,8,Weymouth & Weir,0.0,0.0,523
W2894,0,0,4,1.75,22.75,7.5,41.94672655,-71.20083966,4,Taunton,0.0,0.0,524
W1381,1,0,3,1.75,19.775,6.6,41.6962772,-70.91417526,4,Buzzards Bay,25.0,0.0,525
W1009,0,0,4,1.75,20.35,9.025,42.28485171,-72.21589977,4,Chicopee,0.0,0.0,526
W1570,0,0,8,1.75,20.5125,8.325,42.46948757,-73.25654237,8,Housatonic,0.0,0.0,527
W1048,0,0,4,1.75,15.725,9.85,42.54256341,-72.54911946,4,Connecticut,0.0,0.0,528
W1045,0,0,4,1.75,18.2,9.4,42.4675985,-72.58479003,4,Connecticut,0.0,0.0,529
W2409,0,0,8,1.75,18.175,8.3375,42.706137,-71.751964,8,Nashua,0.0,0.0,530
W1115,0,0,8,1.75,18.125,6.925,42.27042046,-73.25110436,8,Housatonic,0.0,0.0,531
W1101,0,0,8,1.75,20.3,8.825,42.27559351,-73.35974157,8,Housatonic,0.0,0.0,532
W1559,0,0,8,1.75,19.1875,6.825,42.11302905,-73.35223003,8,Housatonic,0.0,0.0,533
W2411,0,0,12,1.75,19.075,7.716666666666666,41.562812,-71.133855,12,Buzzards Bay,0.0,0.0,534
W1113,0,0,8,1.75,20.6125,6.8625,42.11411457,-73.35102043,8,Housatonic,0.0,0.0,535
W1560,0,0,8,1.75,19.5375,8.0125,42.30142427,-73.38113211,8,Housatonic,0.0,0.0,536
W1561,0,0,8,1.75,18.075,8.0,42.30190509,-73.33437114,8,Housatonic,0.0,0.0,537
W2283,0,0,12,1.75,17.233333333333334,9.275,42.32000999,-73.02774999,12,Westfield,0.0,0.0,538
W1104,0,0,8,1.75,18.8875,7.1125,42.39403803,-73.24040084,8,Housatonic,0.0,0.0,539
W1105,0,0,8,1.75,19.525,7.699999999999999,42.42992197,-73.23875622,8,Housatonic,0.0,0.0,540
W1566,0,0,8,1.75,20.825,7.6125,42.05873805,-73.34872974,8,Housatonic,0.0,0.0,541
W1018,0,0,8,1.75,21.4,7.7375,42.19910034,-71.69396462,8,Blackstone,0.0,0.0,542
W1771,0,0,8,1.75,21.4875,8.325,42.01238549,-71.51035869,8,Blackstone,0.0,0.0,543
W2544,0,0,8,1.75,21.4,8.125,42.398058,-71.658249,8,Concord (SuAsCo),0.0,0.0,544
W1023,0,0,8,1.75,20.875,8.15,42.01664829,-71.5384768,8,Blackstone,0.0,0.0,545
W2545,0,0,4,1.75,16.65,9.825,42.34376837,-72.95334229,4,Westfield,0.0,0.0,546
W1575,0,0,8,1.75,20.4125,8.2625,42.44203653,-73.26046405,8,Housatonic,0.0,0.0,547
W1573,0,0,8,1.75,18.0875,8.262500000000001,42.43958522,-73.2666178,8,Housatonic,0.0,0.0,548
W2280,0,0,12,1.75,14.491666666666667,9.758333333333333,42.10614,-73.48299,12,Bashbish,0.0,0.0,549
W1569,0,0,8,1.75,19.4875,8.9375,42.17339594,-73.23476863,8,Housatonic,0.0,0.0,550
W2830,0,0,4,1.75,19.975,7.65,42.01901335,-71.12591191,4,Taunton,0.0,0.0,551
W1766,0,0,8,1.75,20.775,7.45,42.01686344,-71.54548172,8,Blackstone,0.0,0.0,552
W1347,0,0,4,1.75,17.725,9.925,42.66988592,-72.71885779,4,Deerfield,0.0,0.0,553
W2226,0,0,16,1.75,18.86875,8.575,42.38381603,-71.83775116,16,Nashua,0.0,0.0,554
W2666,1,0,16,1.75,20.4375,7.9375,42.2585509,-71.8916635,16,Blackstone,6.25,0.0,555
W2096,0,0,3,1.75,27.5,7.175,42.17046703,-71.1262172,4,Neponset,0.0,0.0,556
W1098,0,0,8,1.75,18.7875,8.95,42.22630117,-73.36572655,8,Housatonic,0.0,0.0,557
W1348,0,0,4,1.75,16.825,10.2,42.66589546,-72.72298808,4,Deerfield,0.0,0.0,558
W1763,0,0,8,1.75,19.9375,7.325,42.19289465,-71.75182267,8,Blackstone,0.0,0.0,559
W2026,0,0,8,1.75,16.6625,8.7,42.24766145,-71.02831587,8,Weymouth & Weir,0.0,0.0,560
W2833,0,0,4,1.75,19.0,7.5,41.98177507,-71.16118832,4,Taunton,0.0,0.0,561
W1770,0,0,8,1.75,22.4,8.225,41.99661131,-71.55765871,8,Blackstone,0.0,0.0,562
W2831,0,0,4,1.75,20.1,7.05,41.99502786,-70.97075555,4,Taunton,0.0,0.0,563
W0993,0,0,8,1.75,20.7875,8.3375,42.53259005,-71.74028814,8,Nashua,0.0,0.0,564
W1497,0,0,4,1.75,19.674999999999997,7.325,42.04550631,-70.97074029,4,Taunton,0.0,0.0,565
W2410,0,0,19,1.736842105263158,17.95263157894737,8.505263157894737,42.664623,-71.753811,19,Nashua,0.0,0.0,566
W2413,0,0,19,1.736842105263158,19.457894736842103,8.426315789473684,42.00792,-71.70506,19,Blackstone,0.0,0.0,567
W2642,0,0,15,1.7333333333333334,25.12666666666667,7.866666666666666,42.31250093,-72.42809583,15,Connecticut,0.0,0.0,568
W0344,0,0,15,1.7333333333333334,18.493333333333332,8.826666666666666,41.63266048,-71.06038287,15,Buzzards Bay,0.0,0.0,569
W2812,2,0,26,1.7307692307692308,23.65,8.446153846153846,41.7024219,-70.1327421,26,Cape Cod,7.6923076923076925,0.0,570
W1786,0,0,11,1.7272727272727273,22.863636363636363,7.354545454545455,42.0941279,-72.56911519,11,Connecticut,0.0,0.0,571
W2032,1,0,9,1.7272727272727273,19.80909090909091,7.990909090909091,42.21687046,-70.92243616,11,Weymouth & Weir,9.090909090909092,0.0,572
W2286,0,0,11,1.7272727272727273,15.127272727272727,9.745454545454546,42.70347188,-72.95887989,11,Deerfield,0.0,0.0,573
W2414,0,0,11,1.7272727272727273,18.745454545454546,9.481818181818182,42.71500304,-72.66972243,11,Deerfield,0.0,0.0,574
W1295,6,0,33,1.7272727272727273,23.16969696969697,6.312121212121212,42.05363901,-71.84807799,33,French,18.181818181818183,0.0,575
W1055,0,0,11,1.7272727272727273,17.29090909090909,9.072727272727272,42.28189876,-72.42726497,11,Connecticut,0.0,0.0,576
W1050,0,0,11,1.7272727272727273,18.418181818181818,8.063636363636364,42.38639934,-72.5503928,11,Connecticut,0.0,0.0,577
W2218,0,0,18,1.7222222222222223,16.994444444444444,9.066666666666666,42.46470593,-72.38454489,18,Chicopee,0.0,0.0,578
W1439,0,0,6,1.7142857142857142,17.457142857142856,8.27142857142857,42.17268159,-71.62792867,7,Blackstone,0.0,0.0,579
W2541,0,0,7,1.7142857142857142,21.714285714285715,7.457142857142857,42.444418,-71.551697,7,Concord (SuAsCo),0.0,0.0,580
W1099,0,0,7,1.7142857142857142,20.214285714285715,8.514285714285714,42.1439533,-73.35976951,7,Housatonic,0.0,0.0,581
W1772,0,0,7,1.7142857142857142,17.414285714285715,5.885714285714286,42.01550267,-71.49304478,7,Blackstone,0.0,0.0,582
W2694,1,0,21,1.7142857142857142,22.728571428571428,8.028571428571428,42.1145632,-71.7422755,21,Blackstone,4.761904761904762,0.0,583
W2622,1,0,14,1.7142857142857142,22.37857142857143,6.942857142857143,42.31238075,-73.13334482,14,Westfield,7.142857142857142,0.0,584
W2405,0,0,6,1.7142857142857142,21.157142857142855,6.3999999999999995,41.99746222,-70.95386851,7,Taunton,0.0,0.0,585
W2699,1,0,21,1.7142857142857142,20.823809523809523,10.485714285714286,42.3766553,-71.7695512,21,Nashua,4.761904761904762,0.0,586
W0293,0,0,16,1.7058823529411764,16.11176470588235,9.594117647058823,42.58708857,-72.35718789,17,Millers,0.0,0.0,587
W1143,1,0,10,1.7,17.03,6.720000000000001,42.39554541,-71.19710167,10,Charles,10.0,0.0,588
W1136,1,0,10,1.7,20.57,7.35,42.13828143,-71.35867289,10,Charles,10.0,0.0,589
W2282,0,0,10,1.7,17.259999999999998,9.41,42.71492884,-72.6693994,10,Deerfield,0.0,0.0,590
W1151,3,0,8,1.7,20.61,6.18,42.15866554,-71.30280984,10,Charles,30.0,0.0,591
W1864,0,0,13,1.6923076923076923,17.153846153846153,9.53076923076923,42.16171173,-72.26845965,13,Chicopee,0.0,0.0,592
W0112,9,0,4,1.6923076923076923,18.93846153846154,4.092307692307693,42.57229149,-71.08984084,13,Ipswich,69.23076923076923,0.0,593
W1567,0,0,13,1.6923076923076923,14.646153846153847,9.746153846153847,42.27325997,-73.26943338,13,Housatonic,0.0,0.0,594
W1315,9,0,4,1.6923076923076923,19.53076923076923,4.4,42.57190512,-72.12740808,13,Millers,69.23076923076923,0.0,595
W2896,0,0,3,1.6666666666666667,17.3,9.4,42.38033448,-72.46510155,3,Connecticut,0.0,0.0,596
W2897,0,0,3,1.6666666666666667,20.366666666666667,8.466666666666667,42.44704256,-72.49190917,3,Connecticut,0.0,0.0,597
W0451,0,0,9,1.6666666666666667,15.377777777777778,7.033333333333334,42.55986066,-70.94856366,9,North Coastal,0.0,0.0,598
W1964,0,0,6,1.6666666666666667,18.783333333333335,7.233333333333333,42.4694106,-71.12510374,6,Mystic,0.0,0.0,599
W2166,0,0,3,1.6666666666666667,16.733333333333334,9.066666666666666,42.26215141,-72.10659989,3,Chicopee,0.0,0.0,600
W2275,0,0,3,1.6666666666666667,19.066666666666666,9.166666666666666,42.62826823,-72.64485764,3,Deerfield,0.0,0.0,601
W0502,0,0,9,1.6666666666666667,20.366666666666667,8.433333333333334,42.2365576,-71.79667946,9,Blackstone,0.0,0.0,602
W1966,0,0,6,1.6666666666666667,18.916666666666668,8.5,42.42231417,-71.14952294,6,Mystic,0.0,0.0,603
W1965,0,0,6,1.6666666666666667,19.866666666666667,7.166666666666667,42.44730903,-71.13871254,6,Mystic,0.0,0.0,604
W0452,0,0,9,1.6666666666666667,16.944444444444443,7.966666666666667,42.55761002,-70.9378767,9,North Coastal,0.0,0.0,605
W2290,0,0,3,1.6666666666666667,15.799999999999999,9.433333333333332,42.04079295,-72.48489555,3,Connecticut,0.0,0.0,606
W2287,0,0,14,1.6666666666666667,18.21333333333333,7.493333333333333,42.69539254,-72.22718449,15,Millers,0.0,0.0,607
W2081,0,0,3,1.6666666666666667,18.433333333333334,7.766666666666667,42.07983422,-72.56556396,3,Connecticut,0.0,0.0,608
W2350,0,0,3,1.6666666666666667,16.533333333333335,9.6,42.09324205,-72.31183457,3,Chicopee,0.0,0.0,609
W1977,0,0,6,1.6666666666666667,16.466666666666665,7.316666666666666,42.43524414,-71.19406671,6,Mystic,0.0,0.0,610
W2904,0,0,3,1.6666666666666667,17.433333333333334,7.333333333333333,42.07493076,-71.7950707,3,Blackstone,0.0,0.0,611
W2164,0,0,3,1.6666666666666667,20.099999999999998,9.700000000000001,42.2354613,-72.27899479,3,Chicopee,0.0,0.0,612
W2911,0,0,3,1.6666666666666667,18.133333333333333,7.466666666666666,41.77800443,-71.07593377,3,Taunton,0.0,0.0,613
W2900,0,0,3,1.6666666666666667,19.2,8.4,42.43953233,-72.04115765,3,Chicopee,0.0,0.0,614
W2165,0,0,3,1.6666666666666667,21.7,7.366666666666667,42.22337829,-72.17965076,3,Chicopee,0.0,0.0,615
W2374,0,0,3,1.6666666666666667,21.900000000000002,6.3,41.72789933,-70.79814166,3,Buzzards Bay,0.0,0.0,616
W2905,0,0,3,1.6666666666666667,20.866666666666664,8.233333333333334,42.04529263,-71.65201157,3,Blackstone,0.0,0.0,617
W2899,0,0,3,1.6666666666666667,19.666666666666668,8.566666666666668,42.46777728,-72.15673762,3,Chicopee,0.0,0.0,618
W1978,0,0,6,1.6666666666666667,20.883333333333333,8.25,42.4382644,-71.06956013,6,Mystic,0.0,0.0,619
W2902,0,0,3,1.6666666666666667,17.533333333333335,8.833333333333334,42.05048837,-72.09627321,3,Quinebaug,0.0,0.0,620
W2903,0,0,3,1.6666666666666667,18.833333333333332,8.4,42.01542185,-71.79841192,3,Quinebaug,0.0,0.0,621
W0557,1,0,6,1.6666666666666667,16.400000000000002,6.283333333333334,42.12604018,-71.18526016,6,Neponset,16.666666666666664,0.0,622
W2050,0,0,9,1.6666666666666667,15.933333333333334,8.433333333333334,42.15128287,-71.04045468,9,Weymouth & Weir,0.0,0.0,623
W2898,0,0,3,1.6666666666666667,15.700000000000001,9.566666666666666,42.45007437,-72.45260735,3,Connecticut,0.0,0.0,624
W2277,0,0,3,1.6666666666666667,21.400000000000002,10.333333333333334,42.63908097,-72.72437309,3,Deerfield,0.0,0.0,625
W2041,0,0,3,1.6666666666666667,21.96666666666667,8.200000000000001,42.27317372,-71.9749944,3,Chicopee,0.0,0.0,626
W0889,0,0,9,1.6666666666666667,16.155555555555555,8.077777777777778,42.58035633,-70.76491831,9,North Coastal,0.0,0.0,627
W2895,0,0,3,1.6666666666666667,15.666666666666666,9.266666666666666,42.62069634,-72.39305406,3,Millers,0.0,0.0,628
W2514,0,0,3,1.6666666666666667,15.733333333333334,8.4,42.3049376,-71.2338344,3,Charles,0.0,0.0,629
W2520,1,0,3,1.6666666666666667,18.933333333333334,4.633333333333334,42.347696,-71.5179405,3,Concord (SuAsCo),33.33333333333333,0.0,630
W2214,0,0,6,1.6666666666666667,19.3,8.516666666666667,42.06151141,-72.06454171,6,Quinebaug,0.0,0.0,631
W2213,0,0,6,1.6666666666666667,19.166666666666668,8.466666666666667,42.1427144,-71.86184525,6,French,0.0,0.0,632
W1540,0,0,9,1.6666666666666667,15.02222222222222,9.066666666666666,42.57421165,-70.92938807,9,North Coastal,0.0,0.0,633
W1541,0,0,9,1.6666666666666667,15.633333333333333,7.177777777777777,42.56745044,-70.94474512,9,North Coastal,0.0,0.0,634
W1542,0,0,9,1.6666666666666667,14.61111111111111,8.933333333333334,42.56289945,-70.81029863,9,North Coastal,0.0,0.0,635
W1546,0,0,9,1.6666666666666667,17.12222222222222,7.588888888888889,42.62587325,-70.79312269,9,North Coastal,0.0,0.0,636
W2518,0,0,3,1.6666666666666667,20.433333333333334,8.666666666666666,42.3900984,-71.1967182,3,Charles,0.0,0.0,637
W1036,0,0,9,1.6666666666666667,18.77777777777778,5.888888888888889,42.23246451,-72.0163834,9,Chicopee,0.0,0.0,638
W1499,1,0,9,1.6666666666666667,19.133333333333336,7.155555555555556,42.02160209,-70.9505329,9,Taunton,11.11111111111111,0.0,639
W2508,1,0,3,1.6666666666666667,18.033333333333335,4.966666666666667,42.2247791,-71.4776709,3,Concord (SuAsCo),33.33333333333333,0.0,640
W1562,0,0,6,1.6666666666666667,14.933333333333332,7.816666666666666,42.50972044,-73.23499529,6,Housatonic,0.0,0.0,641
W2461,0,0,3,1.6666666666666667,14.6,9.733333333333333,42.47653586,-72.51860357,3,Connecticut,0.0,0.0,642
W2458,0,0,3,1.6666666666666667,16.3,8.633333333333333,42.0373016,-72.69990551,3,Connecticut,0.0,0.0,643
W2457,0,0,3,1.6666666666666667,16.633333333333333,7.5,42.05933009,-72.27160475,3,Chicopee,0.0,0.0,644
W1585,0,0,9,1.6666666666666667,15.88888888888889,8.2,42.13103033,-71.5155242,9,Charles,0.0,0.0,645
W1952,0,0,6,1.6666666666666667,21.216666666666665,7.3500000000000005,42.14824516,-71.2533023,6,Neponset,0.0,0.0,646
W1587,1,0,9,1.6666666666666667,20.044444444444444,6.611111111111111,42.25505525,-71.33009248,9,Charles,11.11111111111111,0.0,647
W1504,1,0,9,1.6666666666666667,20.01111111111111,6.788888888888889,41.88611169,-71.02994049,9,Taunton,11.11111111111111,0.0,648
W1498,1,0,9,1.6666666666666667,18.88888888888889,7.155555555555556,42.03148922,-70.96656207,9,Taunton,11.11111111111111,0.0,649
W2412,0,0,3,1.6666666666666667,18.2,9.066666666666666,41.77444,-71.08528,3,Taunton,0.0,0.0,650
W1135,0,0,9,1.6666666666666667,19.933333333333334,7.633333333333334,42.11943443,-71.45344443,9,Charles,0.0,0.0,651
W2263,0,0,3,1.6666666666666667,15.9,9.566666666666668,42.6732761,-72.61264226,3,Deerfield,0.0,0.0,652
W2640,0,0,18,1.6666666666666667,22.6,7.838888888888889,42.245392,-71.91672999,18,French,0.0,0.0,653
W2638,2,0,15,1.6666666666666667,21.006666666666668,7.4,42.38136667,-73.16073334,15,Housatonic,13.333333333333334,0.0,654
W1142,0,0,9,1.6666666666666667,16.455555555555556,7.2333333333333325,42.09620732,-71.47958751,9,Charles,0.0,0.0,655
W0091,7,0,5,1.6666666666666667,18.833333333333332,5.05,42.53441868,-71.23357266,12,Shawsheen,58.333333333333336,0.0,656
W1139,1,0,9,1.6666666666666667,21.644444444444446,7.955555555555555,42.32584268,-71.25439259,9,Charles,11.11111111111111,0.0,657
W2634,0,0,9,1.6666666666666667,23.22222222222222,8.18888888888889,42.55110325,-72.94258179,9,Deerfield,0.0,0.0,658
W2632,3,0,11,1.6666666666666667,23.98,6.906666666666666,42.68633588,-73.09319174,15,Hoosic,20.0,0.0,659
W1387,1,0,5,1.6666666666666667,19.833333333333332,6.466666666666666,41.7342588,-70.77498583,6,Buzzards Bay,16.666666666666664,0.0,660
W2220,0,0,12,1.6666666666666667,17.683333333333334,8.933333333333334,42.03481475,-72.16158627,12,Quinebaug,0.0,0.0,661
W1389,0,0,3,1.6666666666666667,21.0,6.7,41.68878515,-70.7716652,3,Buzzards Bay,0.0,0.0,662
W2805,0,0,18,1.6666666666666667,23.450000000000003,8.327777777777778,41.6671004,-70.4441491,18,Cape Cod,0.0,0.0,663
W1395,0,0,3,1.6666666666666667,18.633333333333333,9.633333333333333,41.98731263,-72.60535567,3,Connecticut,0.0,0.0,664
W1107,0,0,6,1.6666666666666667,19.983333333333334,8.383333333333333,42.43543023,-73.2495137,6,Housatonic,0.0,0.0,665
W2255,0,0,3,1.6666666666666667,22.0,9.1,42.73205357,-72.71945734,3,Deerfield,0.0,0.0,666
W2248,0,0,3,1.6666666666666667,20.433333333333334,8.633333333333333,42.59824776,-72.61591962,3,Deerfield,0.0,0.0,667
W2244,0,0,3,1.6666666666666667,21.46666666666667,9.0,42.67416852,-72.73352769,3,Deerfield,0.0,0.0,668
W0175,1,0,9,1.6666666666666667,18.866666666666667,7.155555555555556,41.89609284,-71.32576502,9,Ten Mile,11.11111111111111,0.0,669
W1588,0,0,9,1.6666666666666667,18.11111111111111,8.644444444444444,42.09047755,-71.43283604,9,Charles,0.0,0.0,670
W2206,0,0,6,1.6666666666666667,17.983333333333334,7.75,42.13693403,-72.10313327,6,Quinebaug,0.0,0.0,671
W2184,0,0,6,1.6666666666666667,20.433333333333334,8.333333333333334,42.04216137,-72.09714696,6,Quinebaug,0.0,0.0,672
W1880,0,0,3,1.6666666666666667,16.366666666666664,9.200000000000001,42.04351371,-72.45647808,3,Connecticut,0.0,0.0,673
W2388,0,0,3,1.6666666666666667,21.400000000000002,7.866666666666667,41.67967123,-70.84082513,3,Buzzards Bay,0.0,0.0,674
W1883,0,0,3,1.6666666666666667,18.633333333333333,9.0,42.50677372,-72.5270761,3,Connecticut,0.0,0.0,675
W1900,0,0,3,1.6666666666666667,15.699999999999998,7.233333333333333,42.25040334,-72.42653878,3,Chicopee,0.0,0.0,676
W2181,0,0,6,1.6666666666666667,22.2,7.3500000000000005,42.20291112,-71.85617251,6,Blackstone,0.0,0.0,677
W2886,0,0,3,1.6666666666666667,17.3,9.066666666666668,42.44662969,-71.8181233,3,Nashua,0.0,0.0,678
W2887,0,0,3,1.6666666666666667,16.733333333333334,7.733333333333333,42.61760369,-71.72624143,3,Nashua,0.0,0.0,679
W2187,0,0,6,1.6666666666666667,23.133333333333336,7.233333333333333,42.10454751,-71.92879763,6,French,0.0,0.0,680
W2189,0,0,6,1.6666666666666667,19.75,9.0,42.07674201,-72.02541007,6,Quinebaug,0.0,0.0,681
W2191,0,0,6,1.6666666666666667,17.416666666666668,9.200000000000001,42.05772637,-72.18751776,6,Quinebaug,0.0,0.0,682
W1828,0,0,3,1.6666666666666667,15.300000000000002,9.433333333333332,42.40886407,-71.98179294,3,Chicopee,0.0,0.0,683
W2888,0,0,3,1.6666666666666667,16.666666666666668,8.566666666666666,42.70288914,-71.75177322,3,Nashua,0.0,0.0,684
W2392,0,0,3,1.6666666666666667,23.03333333333333,7.466666666666666,41.70289295,-70.10477526,3,Cape Cod,0.0,0.0,685
W0423,0,0,6,1.6666666666666667,21.05,7.1000000000000005,42.18829134,-71.36280624,6,Charles,0.0,0.0,686
W1937,0,0,6,1.6666666666666667,14.65,8.683333333333334,42.20894589,-71.26694884,6,Neponset,0.0,0.0,687
W2889,0,0,3,1.6666666666666667,18.633333333333333,6.533333333333334,42.62248944,-71.02018566,3,Ipswich,0.0,0.0,688
W2201,0,0,6,1.6666666666666667,20.666666666666668,8.266666666666667,42.16426655,-71.9488559,6,French,0.0,0.0,689
W1717,0,0,3,1.6666666666666667,18.933333333333334,8.299999999999999,42.34007232,-72.15953425,3,Chicopee,0.0,0.0,690
W1754,0,0,3,1.6666666666666667,21.400000000000002,8.799999999999999,42.21273236,-72.22875627,3,Chicopee,0.0,0.0,691
W2406,0,0,2,1.6666666666666667,21.266666666666666,7.366666666666667,42.0754278,-71.00963849,3,Taunton,0.0,0.0,692
W1949,0,0,6,1.6666666666666667,21.266666666666666,7.3500000000000005,42.25062143,-71.12953409,6,Neponset,0.0,0.0,693
W2890,0,0,3,1.6666666666666667,19.7,7.6000000000000005,42.66074776,-70.90371136,3,Ipswich,0.0,0.0,694
W1938,0,0,6,1.6666666666666667,16.683333333333334,8.183333333333334,42.19362053,-71.27966147,6,Neponset,0.0,0.0,695
W1877,0,0,4,1.6666666666666667,19.883333333333333,7.716666666666666,42.42038826,-72.04817823,6,Chicopee,0.0,0.0,696
W1767,0,0,9,1.6666666666666667,17.966666666666665,8.822222222222223,42.18277682,-71.76604587,9,Blackstone,0.0,0.0,697
W1778,0,0,3,1.6666666666666667,14.033333333333333,10.366666666666667,42.62272904,-72.54970791,3,Connecticut,0.0,0.0,698
W0918,0,0,3,1.6666666666666667,19.133333333333333,7.766666666666666,42.16028331,-70.78863391,3,South Coastal,0.0,0.0,699
W2397,0,0,3,1.6666666666666667,22.666666666666668,7.466666666666666,41.72740826,-70.85635593,3,Buzzards Bay,0.0,0.0,700
W1942,0,0,6,1.6666666666666667,15.983333333333333,9.15,42.18650673,-71.22345227,6,Neponset,0.0,0.0,701
W1794,0,0,12,1.6666666666666667,20.383333333333333,8.15,42.03629979,-72.58362237,12,Connecticut,0.0,0.0,702
W2621,1,0,17,1.6470588235294117,22.75294117647059,7.4411764705882355,42.25157365,-73.06217159,17,Westfield,5.88235294117647,0.0,703
W2796,0,0,22,1.6363636363636365,23.05909090909091,8.527272727272727,41.852937,-70.614673,22,Buzzards Bay,0.0,0.0,704
W2636,0,0,5,1.625,24.0875,7.175,42.54862493,-71.97261742,8,Millers,0.0,0.0,705
W0453,0,0,8,1.625,18.4125,8.875,42.52452276,-70.9185959,8,North Coastal,0.0,0.0,706
W0168,0,0,8,1.625,18.2375,8.8,42.01272012,-71.34763073,8,Ten Mile,0.0,0.0,707
W1595,0,0,8,1.625,18.4625,7.9625,41.95661339,-71.30844976,8,Ten Mile,0.0,0.0,708
W0883,0,0,8,1.625,16.75,8.35,42.47228295,-71.00682261,8,North Coastal,0.0,0.0,709
W1545,0,0,8,1.625,16.2875,7.875,42.49547353,-71.02759475,8,North Coastal,0.0,0.0,710
W0901,0,0,8,1.625,20.6375,7.325,41.95002381,-71.29133543,8,Ten Mile,0.0,0.0,711
W0436,0,0,8,1.625,16.025,8.4375,42.51244839,-71.02729939,8,North Coastal,0.0,0.0,712
W1583,0,0,8,1.625,19.2125,7.675,42.15140376,-71.42713966,8,Charles,0.0,0.0,713
W0409,0,0,10,1.6,17.27,8.6,42.28652324,-71.29384261,10,Charles,0.0,0.0,714
W0406,0,0,10,1.6,20.1,8.03,42.24980728,-71.22270212,10,Charles,0.0,0.0,715
W0377,0,0,5,1.6,16.52,9.64,42.11316821,-73.26853192,5,Housatonic,0.0,0.0,716
W0375,0,0,5,1.6,16.06,9.92,42.07601465,-73.28282617,5,Housatonic,0.0,0.0,717
W0339,0,0,5,1.6,20.46,9.379999999999999,41.91774475,-70.6264616,5,South Coastal,0.0,0.0,718
W0338,0,0,5,1.6,15.16,9.68,41.91104346,-70.64385015,5,South Coastal,0.0,0.0,719
W0333,0,0,5,1.6,20.44,8.36,41.92602695,-70.61353249,5,South Coastal,0.0,0.0,720
W0221,0,0,5,1.6,17.56,10.440000000000001,42.22568842,-72.87073188,5,Westfield,0.0,0.0,721
W0257,0,0,5,1.6,13.74,10.26,42.33094293,-73.09171257,5,Westfield,0.0,0.0,722
W1292,3,0,5,1.6,19.72,4.08,42.30498564,-72.83260247,5,Westfield,60.0,0.0,723
W0474,0,0,5,1.6,17.240000000000002,10.02,42.09002807,-72.62686454,5,Westfield,0.0,0.0,724
W1473,0,0,5,1.6,17.740000000000002,8.620000000000001,42.3465007,-71.61460331,5,Concord (SuAsCo),0.0,0.0,725
W1475,0,0,5,1.6,18.18,7.7,42.39979789,-71.54598569,5,Concord (SuAsCo),0.0,0.0,726
W1476,0,0,5,1.6,18.66,8.459999999999999,42.40462155,-71.52654108,5,Concord (SuAsCo),0.0,0.0,727
W1477,0,0,5,1.6,18.8,6.94,42.41163442,-71.50844219,5,Concord (SuAsCo),0.0,0.0,728
W1479,0,0,5,1.6,19.740000000000002,8.620000000000001,42.44086923,-71.42935628,5,Concord (SuAsCo),0.0,0.0,729
W1480,0,0,5,1.6,18.94,8.08,42.3386459,-71.39498427,5,Concord (SuAsCo),0.0,0.0,730
W1482,0,0,5,1.6,19.68,7.76,42.47116456,-71.34989446,5,Concord (SuAsCo),0.0,0.0,731
W1483,0,0,5,1.6,20.580000000000002,8.68,42.50902782,-71.31411783,5,Concord (SuAsCo),0.0,0.0,732
W1486,0,0,5,1.6,20.1,8.459999999999999,42.58482438,-71.28718593,5,Concord (SuAsCo),0.0,0.0,733
W1051,0,0,8,1.6,19.580000000000002,8.11,42.33278638,-72.57858317,10,Connecticut,0.0,0.0,734
W1509,0,0,5,1.6,19.86,7.4,42.11721557,-70.80924461,5,South Coastal,0.0,0.0,735
W1511,0,0,5,1.6,21.6,8.0,42.17667032,-70.74803083,5,South Coastal,0.0,0.0,736
W1512,0,0,5,1.6,21.34,9.24,41.95436218,-70.66398316,5,South Coastal,0.0,0.0,737
W1524,0,0,5,1.6,20.22,8.959999999999999,41.99075214,-70.73411426,5,South Coastal,0.0,0.0,738
W1528,0,0,5,1.6,20.9,7.38,42.09611122,-70.84860507,5,South Coastal,0.0,0.0,739
W1539,0,0,5,1.6,20.759999999999998,8.059999999999999,42.09449426,-70.71789649,5,South Coastal,0.0,0.0,740
W1568,0,0,5,1.6,14.040000000000001,10.459999999999999,42.48426175,-73.14844847,5,Housatonic,0.0,0.0,741
W1572,0,0,5,1.6,15.74,10.440000000000001,42.47369635,-73.14121003,5,Housatonic,0.0,0.0,742
W1474,0,0,5,1.6,18.259999999999998,7.639999999999999,42.38030934,-71.58613633,5,Concord (SuAsCo),0.0,0.0,743
W1472,0,0,5,1.6,17.8,9.0,42.34151216,-71.61641,5,Concord (SuAsCo),0.0,0.0,744
W1586,0,0,10,1.6,18.11,7.6,42.19598069,-71.33022096,10,Charles,0.0,0.0,745
W1471,0,0,5,1.6,17.44,8.440000000000001,42.32949677,-71.63006336,5,Concord (SuAsCo),0.0,0.0,746
W1243,0,0,5,1.6,18.98,8.66,42.17384662,-71.68057473,5,Blackstone,0.0,0.0,747
W1241,0,0,5,1.6,17.82,8.66,42.18223431,-71.70488014,5,Blackstone,0.0,0.0,748
W1313,0,0,5,1.6,22.18,7.42,42.69531938,-72.01523098,5,Millers,0.0,0.0,749
W1157,0,0,10,1.6,19.25,8.39,42.36795531,-71.27033164,10,Charles,0.0,0.0,750
W1150,0,0,10,1.6,21.78,7.92,42.12911182,-71.30503034,10,Charles,0.0,0.0,751
W1141,0,0,10,1.6,21.81,8.07,42.25781415,-71.26256067,10,Charles,0.0,0.0,752
W1384,0,0,4,1.6,19.240000000000002,6.68,41.65978485,-70.83639194,5,Buzzards Bay,0.0,0.0,753
W1393,0,0,5,1.6,18.0,7.68,42.62887805,-71.19940031,5,Shawsheen,0.0,0.0,754
W1112,0,0,5,1.6,14.24,9.4,42.17937551,-73.37925653,5,Housatonic,0.0,0.0,755
W1110,0,0,5,1.6,15.219999999999999,9.92,42.29472214,-73.2389525,5,Housatonic,0.0,0.0,756
W1103,0,0,5,1.6,18.46,8.879999999999999,42.3447034,-73.24553172,5,Housatonic,0.0,0.0,757
W1449,0,0,5,1.6,15.919999999999998,9.580000000000002,42.41095836,-72.93953408,5,Westfield,0.0,0.0,758
W1463,0,0,5,1.6,17.46,10.18,42.13083697,-72.75434911,5,Westfield,0.0,0.0,759
W1464,0,0,5,1.6,16.96,10.02,42.11652506,-72.72435552,5,Westfield,0.0,0.0,760
W1465,0,0,5,1.6,16.639999999999997,9.5,42.10632704,-72.69776972,5,Westfield,0.0,0.0,761
W1468,0,0,5,1.6,18.34,8.78,42.27406018,-71.63224204,5,Concord (SuAsCo),0.0,0.0,762
W1469,0,0,5,1.6,18.44,7.9,42.28350805,-71.63858701,5,Concord (SuAsCo),0.0,0.0,763
W0475,0,0,5,1.6,20.56,9.32,42.15037455,-72.60763627,5,Chicopee,0.0,0.0,764
W1022,0,0,5,1.6,14.66,8.620000000000001,42.02414862,-71.48740249,5,Blackstone,0.0,0.0,765
W1017,0,0,5,1.6,17.94,8.879999999999999,42.18086003,-71.73011265,5,Blackstone,0.0,0.0,766
W2028,0,0,5,1.6,16.98,8.540000000000001,42.25166716,-70.99715572,5,Weymouth & Weir,0.0,0.0,767
W1868,0,0,5,1.6,19.939999999999998,9.3,42.19324712,-72.26392886,5,Chicopee,0.0,0.0,768
W1872,0,0,5,1.6,18.78,8.040000000000001,42.20455082,-72.31865025,5,Chicopee,0.0,0.0,769
W0750,0,0,5,1.6,16.880000000000003,7.82,42.57967087,-71.21821677,5,Shawsheen,0.0,0.0,770
W1875,0,0,5,1.6,18.580000000000002,9.16,42.17981897,-72.36400692,5,Chicopee,0.0,0.0,771
W1924,0,0,4,1.6,16.78,6.4,41.70487343,-70.22372741,5,Cape Cod,0.0,0.0,772
W1934,0,0,5,1.6,19.4,6.720000000000001,42.24989528,-71.12456936,5,Neponset,0.0,0.0,773
W1935,0,0,5,1.6,20.080000000000002,8.92,42.2693424,-71.08658191,5,Neponset,0.0,0.0,774
W0684,0,0,5,1.6,21.18,8.58,42.59280929,-72.23911383,5,Millers,0.0,0.0,775
W2029,0,0,5,1.6,16.759999999999998,9.18,42.2476106,-70.99772491,5,Weymouth & Weir,0.0,0.0,776
W1862,0,0,5,1.6,16.2,9.6,42.08471748,-72.31065881,5,Chicopee,0.0,0.0,777
W0573,0,0,5,1.6,18.919999999999998,9.22,42.26947952,-71.07281665,5,Neponset,0.0,0.0,778
W2039,0,0,5,1.6,15.719999999999999,8.080000000000002,42.20298433,-70.90145862,5,Weymouth & Weir,0.0,0.0,779
W2042,0,0,5,1.6,19.48,7.8,42.2148309,-70.8848605,5,Weymouth & Weir,0.0,0.0,780
W2047,0,0,5,1.6,16.46,8.940000000000001,42.19324533,-70.95931587,5,Weymouth & Weir,0.0,0.0,781
W2048,0,0,5,1.6,16.6,7.56,42.1879042,-70.96226663,5,Weymouth & Weir,0.0,0.0,782
W0514,0,0,5,1.6,16.08,8.7,42.16003238,-71.60586969,5,Blackstone,0.0,0.0,783
W0508,0,0,5,1.6,15.959999999999999,8.8,42.04075372,-71.51568945,5,Blackstone,0.0,0.0,784
W0505,0,0,5,1.6,18.52,7.5,42.20292186,-71.77806924,5,Blackstone,0.0,0.0,785
W1011,0,0,5,1.6,19.86,9.16,42.21007678,-72.24555871,5,Chicopee,0.0,0.0,786
W1485,0,0,5,1.6,20.220000000000002,8.68,42.55747509,-71.28252509,5,Concord (SuAsCo),0.0,0.0,787
W0805,0,0,5,1.6,15.02,9.74,42.11440451,-72.71424125,5,Westfield,0.0,0.0,788
W1802,0,0,5,1.6,14.12,8.28,42.41180813,-72.56712264,5,Connecticut,0.0,0.0,789
W1765,0,0,5,1.6,18.919999999999998,7.92,42.05495698,-71.61629976,5,Blackstone,0.0,0.0,790
W1783,0,0,5,1.6,15.8,9.68,42.37833321,-72.48171021,5,Connecticut,0.0,0.0,791
W1787,0,0,5,1.6,15.580000000000002,9.459999999999999,42.21445745,-72.72427576,5,Connecticut,0.0,0.0,792
W0910,0,0,5,1.6,16.96,7.859999999999999,42.10540565,-70.82006123,5,South Coastal,0.0,0.0,793
W1793,0,0,5,1.6,18.64,9.02,42.24110163,-72.70536039,5,Connecticut,0.0,0.0,794
W1797,0,0,5,1.6,16.759999999999998,9.28,42.26682544,-72.69715369,5,Connecticut,0.0,0.0,795
W1855,0,0,5,1.6,15.16,9.8,42.15339532,-72.26179872,5,Chicopee,0.0,0.0,796
W0898,0,0,5,1.6,20.64,7.640000000000001,42.10912662,-70.90927444,5,South Coastal,0.0,0.0,797
W1804,0,0,5,1.6,18.16,8.440000000000001,42.35565015,-72.52065447,5,Connecticut,0.0,0.0,798
W0843,0,0,5,1.6,19.2,8.440000000000001,42.46568803,-71.39143422,5,Concord (SuAsCo),0.0,0.0,799
W1847,0,0,5,1.6,18.779999999999998,8.2,42.39041919,-72.08027064,5,Chicopee,0.0,0.0,800
W0838,0,0,5,1.6,17.98,8.7,42.25849843,-71.45547229,5,Concord (SuAsCo),0.0,0.0,801
W0819,1,0,5,1.6,17.78,5.9,42.01885627,-71.26670227,5,Taunton,20.0,0.0,802
W0812,0,0,5,1.6,16.36,9.82,42.14152543,-72.78888168,5,Westfield,0.0,0.0,803
W0930,7,2,87,1.5964912280701755,23.897368421052633,7.488596491228071,42.00146724,-70.83678103,114,Taunton,6.140350877192982,1.7543859649122806,804
W1488,2,0,12,1.5833333333333333,16.708333333333332,8.108333333333333,42.57826214,-71.33253012,12,Concord (SuAsCo),16.666666666666664,0.0,805
W0515,11,1,48,1.5833333333333333,14.166666666666666,7.633333333333333,42.1003609,-71.60111703,48,Blackstone,22.916666666666664,2.083333333333333,806
W1087,8,1,28,1.5789473684210527,18.31578947368421,7.713157894736843,42.46963022,-71.15765018,38,Mystic,21.052631578947366,2.631578947368421,807
W0754,4,0,45,1.5733333333333333,24.557333333333332,8.141333333333334,41.80999411,-70.62755574,75,Buzzards Bay,5.333333333333334,0.0,808
W2706,1,0,4,1.5714285714285714,23.7,6.828571428571428,42.4607823,-71.4322555,7,Concord (SuAsCo),14.285714285714285,0.0,809
W1832,0,0,6,1.5714285714285714,19.014285714285712,9.057142857142857,42.67718733,-71.75727365,7,Nashua,0.0,0.0,810
W1884,1,0,7,1.5714285714285714,23.064285714285713,8.792857142857143,41.93483006,-70.68100103,14,South Coastal,7.142857142857142,0.0,811
W0998,0,0,6,1.5714285714285714,20.614285714285717,8.342857142857143,42.57506071,-71.62035616,7,Nashua,0.0,0.0,812
W1729,0,0,7,1.5714285714285714,16.6,9.242857142857144,42.67662579,-73.21005425,7,Hoosic,0.0,0.0,813
W0139,11,0,3,1.5714285714285714,17.407142857142855,2.3000000000000003,42.55888279,-71.14669759,14,Ipswich,78.57142857142857,0.0,814
W1816,0,0,6,1.5714285714285714,17.714285714285715,6.714285714285714,42.69634164,-71.61144559,7,Nashua,0.0,0.0,815
W1989,0,0,7,1.5714285714285714,17.685714285714287,8.857142857142858,42.27962685,-72.58673039,7,Connecticut,0.0,0.0,816
W2625,1,0,16,1.5625,22.44375,6.4125,42.1169928,-71.90951431,16,French,6.25,0.0,817
W1226,7,1,27,1.5588235294117647,19.594117647058823,7.376470588235295,42.45289418,-71.14158508,34,Mystic,20.588235294117645,2.941176470588235,818
W0181,0,0,9,1.5555555555555556,13.022222222222222,8.766666666666667,41.93648287,-71.32433494,9,Ten Mile,0.0,0.0,819
W0183,0,0,9,1.5555555555555556,15.155555555555557,7.533333333333333,41.90125767,-71.3434294,9,Ten Mile,0.0,0.0,820
W1598,0,0,9,1.5555555555555556,19.72222222222222,10.466666666666667,42.64003572,-73.10863477,9,Hoosic,0.0,0.0,821
W1582,0,0,9,1.5555555555555556,19.944444444444443,8.022222222222222,42.30510355,-71.3252761,9,Charles,0.0,0.0,822
W0821,0,0,9,1.5555555555555556,19.766666666666666,7.355555555555556,41.93332037,-71.15426672,9,Taunton,0.0,0.0,823
W1494,0,0,9,1.5555555555555556,18.244444444444444,6.922222222222222,42.05376462,-71.00977821,9,Taunton,0.0,0.0,824
W2680,0,0,9,1.5555555555555556,23.788888888888888,8.733333333333333,42.7989549,-70.9325918,9,Merrimack,0.0,0.0,825
W1490,0,0,9,1.5555555555555556,18.833333333333332,8.600000000000001,42.07936711,-71.01406198,9,Taunton,0.0,0.0,826
W0170,0,0,9,1.5555555555555556,17.166666666666668,8.077777777777778,41.96096078,-71.30757184,9,Ten Mile,0.0,0.0,827
W0172,0,0,9,1.5555555555555556,18.755555555555556,7.7555555555555555,41.93742221,-71.29026644,9,Ten Mile,0.0,0.0,828
W0176,0,0,9,1.5555555555555556,18.044444444444444,8.066666666666666,41.89026914,-71.34011441,9,Ten Mile,0.0,0.0,829
W0858,0,0,9,1.5555555555555556,19.955555555555556,7.711111111111112,41.9471012,-71.1769499,9,Taunton,0.0,0.0,830
W1493,0,0,9,1.5555555555555556,18.055555555555557,6.911111111111111,42.07964645,-71.00930657,9,Taunton,0.0,0.0,831
W2717,4,0,5,1.5555555555555556,20.655555555555555,5.988888888888889,42.3167909,-71.6184564,9,Concord (SuAsCo),44.44444444444444,0.0,832
W1508,0,0,9,1.5555555555555556,20.344444444444445,7.7333333333333325,41.88590512,-71.13411655,9,Taunton,0.0,0.0,833
W1137,0,0,9,1.5555555555555556,21.61111111111111,8.033333333333333,42.21006156,-71.35172497,9,Charles,0.0,0.0,834
W0905,0,0,9,1.5555555555555556,16.12222222222222,7.5,42.00286304,-71.33840362,9,Ten Mile,0.0,0.0,835
W0173,0,0,9,1.5555555555555556,19.12222222222222,7.777777777777778,41.91782609,-71.30583763,9,Ten Mile,0.0,0.0,836
W2641,2,0,7,1.5384615384615385,19.99230769230769,9.761538461538462,42.26464411,-72.66845786,13,Connecticut,15.384615384615385,0.0,837
W0357,10,0,3,1.5384615384615385,16.484615384615385,2.5153846153846158,42.49645261,-71.2242658,13,Shawsheen,76.92307692307693,0.0,838
W0414,0,0,12,1.5384615384615385,19.607692307692307,8.46923076923077,42.14007115,-71.3896734,13,Charles,0.0,0.0,839
W0762,8,1,41,1.5375,23.8725,7.83,41.80918339,-70.61753091,80,Buzzards Bay,10.0,1.25,840
W2672,2,0,12,1.5294117647058822,21.294117647058822,7.423529411764706,42.39611,-71.4949986,17,Concord (SuAsCo),11.76470588235294,0.0,841
W1237,2,1,35,1.5142857142857142,22.068571428571428,7.722857142857143,41.71377641,-70.09062853,35,Cape Cod,5.714285714285714,2.857142857142857,842
W1001,1,0,2,1.5,22.75,5.216666666666667,42.55197544,-71.62097756,6,Nashua,16.666666666666664,0.0,843
W0506,0,0,2,1.5,16.549999999999997,9.2,42.1542015,-71.65266243,2,Blackstone,0.0,0.0,844
W1759,0,0,4,1.5,15.7,8.475,42.18115577,-71.64793794,4,Blackstone,0.0,0.0,845
W0878,0,0,7,1.5,16.675,9.75,42.47966229,-71.02508341,8,North Coastal,0.0,0.0,846
W1746,0,0,2,1.5,16.15,10.15,42.62109755,-73.11900412,2,Hoosic,0.0,0.0,847
W1731,0,0,8,1.5,18.525,9.6625,42.66552038,-73.10395974,8,Hoosic,0.0,0.0,848
W1592,0,0,4,1.5,14.025,7.05,42.17383927,-71.50839357,4,Charles,0.0,0.0,849
W2454,0,0,2,1.5,19.6,7.6,42.33802189,-72.55536786,2,Connecticut,0.0,0.0,850
W0324,0,0,2,1.5,20.0,8.0,42.45888846,-71.3973783,2,Concord (SuAsCo),0.0,0.0,851
W2460,0,0,2,1.5,18.5,8.25,42.26076443,-72.81803592,2,Connecticut,0.0,0.0,852
W0337,0,0,2,1.5,19.9,7.699999999999999,42.08647762,-70.65128516,2,South Coastal,0.0,0.0,853
W0427,0,0,2,1.5,14.95,10.35,42.66508241,-73.10397409,2,Hoosic,0.0,0.0,854
W1553,0,0,8,1.5,14.9125,9.4875,42.62860937,-73.22483259,8,Hoosic,0.0,0.0,855
W1784,0,0,4,1.5,20.849999999999998,8.65,42.33649913,-72.61557336,6,Connecticut,0.0,0.0,856
W1306,3,0,0,1.5,21.916666666666668,4.666666666666667,41.63471569,-70.53182245,6,Cape Cod,50.0,0.0,857
W1789,0,0,4,1.5,16.025,9.85,42.04831597,-72.45399124,4,Connecticut,0.0,0.0,858
W1963,0,0,6,1.5,18.766666666666666,9.183333333333334,42.15821391,-71.15549018,6,Neponset,0.0,0.0,859
W0559,0,0,6,1.5,19.333333333333332,7.533333333333334,42.15863426,-71.13993414,6,Neponset,0.0,0.0,860
W2146,0,0,4,1.5,23.46666666666667,7.533333333333334,42.68793406,-71.13865086,6,Shawsheen,0.0,0.0,861
W0551,0,0,6,1.5,13.183333333333332,9.799999999999999,42.15752806,-71.20894828,6,Neponset,0.0,0.0,862
W2054,0,0,2,1.5,12.45,9.65,42.29088748,-72.33717325,2,Chicopee,0.0,0.0,863
W2046,0,0,4,1.5,14.6,9.1,42.19258744,-70.94329349,4,Weymouth & Weir,0.0,0.0,864
W2035,0,0,2,1.5,16.0,8.75,42.21145341,-70.85925545,2,Weymouth & Weir,0.0,0.0,865
W2024,0,0,2,1.5,11.700000000000001,10.2,42.47162474,-72.16210768,2,Chicopee,0.0,0.0,866
W2023,0,0,2,1.5,12.299999999999999,10.2,42.49092717,-72.17095628,2,Chicopee,0.0,0.0,867
W2022,0,0,2,1.5,12.45,10.05,42.46258282,-72.24561712,2,Chicopee,0.0,0.0,868
W2021,0,0,2,1.5,12.6,8.85,42.46843526,-72.25884802,2,Chicopee,0.0,0.0,869
W2945,0,0,4,1.5,15.575,9.45,42.30647078,-71.76580774,4,Blackstone,0.0,0.0,870
W1790,0,0,4,1.5,17.675,6.55,42.25114445,-72.55943838,4,Connecticut,0.0,0.0,871
W0544,0,0,6,1.5,18.283333333333335,8.533333333333333,42.17399161,-71.20853856,6,Neponset,0.0,0.0,872
W0877,0,0,7,1.5,15.475,9.1625,42.46230471,-71.01047988,8,North Coastal,0.0,0.0,873
W2944,1,0,2,1.5,14.8,7.0,42.30793443,-71.80008188,2,Blackstone,50.0,0.0,874
W1948,0,0,6,1.5,16.599999999999998,8.883333333333333,42.19275388,-71.14906792,6,Neponset,0.0,0.0,875
W1904,0,0,2,1.5,11.399999999999999,9.55,41.92703603,-71.28535834,2,Ten Mile,0.0,0.0,876
W1798,0,0,4,1.5,16.025,10.125,42.19117381,-72.59881607,4,Connecticut,0.0,0.0,877
W1801,0,0,2,1.5,8.95,10.9,42.43425873,-72.5456543,2,Connecticut,0.0,0.0,878
W1867,1,0,2,1.5,22.0,4.7,42.21262531,-72.20365346,2,Chicopee,50.0,0.0,879
W1943,0,0,8,1.5,18.4,8.5875,42.14711935,-71.25588873,8,Neponset,0.0,0.0,880
W1478,0,0,4,1.5,17.575,7.675,42.4231785,-71.47472183,4,Concord (SuAsCo),0.0,0.0,881
W1878,0,0,1,1.5,22.85,8.6,41.92672114,-70.55747801,2,South Coastal,0.0,0.0,882
W1933,0,0,6,1.5,18.466666666666665,8.483333333333333,42.1718706,-71.18594357,6,Neponset,0.0,0.0,883
W2014,5,0,17,1.4814814814814814,14.307407407407409,7.877777777777777,42.45975116,-71.9846416,27,Chicopee,18.51851851851852,0.0,884
W1362,0,0,15,1.4761904761904763,16.314285714285717,9.49047619047619,42.4841721,-72.7542118,21,Deerfield,0.0,0.0,885
W2466,0,0,11,1.4666666666666666,18.16,8.633333333333333,41.77254787,-71.08494839,15,Taunton,0.0,0.0,886
W0693,7,0,41,1.4634146341463414,11.148780487804878,8.307317073170733,42.68279648,-72.11503734,41,Millers,17.073170731707318,0.0,887
W0110,4,2,4,1.4615384615384615,20.692307692307693,5.292307692307692,42.61647019,-70.99700565,13,Ipswich,30.76923076923077,15.384615384615385,888
W1316,4,0,3,1.4545454545454546,21.318181818181817,5.745454545454546,42.67430922,-72.02012671,11,Millers,36.36363636363637,0.0,889
W0483,1,0,22,1.4545454545454546,13.545454545454545,8.977272727272727,42.44442786,-71.67186298,22,Nashua,4.545454545454546,0.0,890
W2839,10,1,14,1.4482758620689655,19.851724137931036,6.306896551724138,42.40600014,-71.15899647,29,Mystic,34.48275862068966,3.4482758620689653,891
W0926,5,2,85,1.4453125,23.64140625,7.896875,42.00459582,-70.84525352,128,Taunton,3.90625,1.5625,892
W1547,0,0,9,1.4444444444444444,14.600000000000001,9.377777777777778,42.71698762,-73.22601093,9,Hoosic,0.0,0.0,893
W1591,0,0,9,1.4444444444444444,15.688888888888888,9.333333333333334,42.5579253,-73.29638783,9,Kinderhook,0.0,0.0,894
W1130,0,0,9,1.4444444444444444,16.77777777777778,9.755555555555555,42.70927484,-73.19643748,9,Hoosic,0.0,0.0,895
W1129,0,0,9,1.4444444444444444,15.011111111111111,9.622222222222222,42.62919087,-73.22485795,9,Hoosic,0.0,0.0,896
W1127,0,0,9,1.4444444444444444,17.166666666666668,10.288888888888888,42.72935227,-73.20907615,9,Hoosic,0.0,0.0,897
W1557,0,0,9,1.4444444444444444,13.88888888888889,9.8,42.54233667,-73.31705757,9,Kinderhook,0.0,0.0,898
W1593,0,0,9,1.4444444444444444,17.11111111111111,10.266666666666667,42.73466428,-73.21844343,9,Hoosic,0.0,0.0,899
W1548,0,0,9,1.4444444444444444,14.344444444444443,9.666666666666666,42.62352837,-73.10381504,9,Hoosic,0.0,0.0,900
W1549,0,0,9,1.4444444444444444,18.844444444444445,8.31111111111111,42.5618409,-73.15602051,9,Hoosic,0.0,0.0,901
W1122,0,0,9,1.4444444444444444,14.722222222222221,9.911111111111111,42.61555021,-73.10401557,9,Hoosic,0.0,0.0,902
W1551,0,0,9,1.4444444444444444,18.51111111111111,10.722222222222221,42.70300585,-73.16777029,9,Hoosic,0.0,0.0,903
W1552,0,0,9,1.4444444444444444,14.2,9.977777777777778,42.7358265,-73.20646698,9,Hoosic,0.0,0.0,904
W1128,0,0,9,1.4444444444444444,18.5,10.022222222222222,42.67641159,-73.23043812,9,Hoosic,0.0,0.0,905
W0490,0,0,50,1.44,12.918,10.066,42.26477944,-72.00491606,50,Chicopee,0.0,0.0,906
W1380,0,0,5,1.4285714285714286,19.385714285714283,8.22857142857143,41.68195427,-70.9189306,7,Buzzards Bay,0.0,0.0,907
W1377,0,0,5,1.4285714285714286,18.62857142857143,6.728571428571429,41.58579649,-70.99038519,7,Buzzards Bay,0.0,0.0,908
W1791,0,0,5,1.4285714285714286,17.428571428571427,7.528571428571429,42.27107608,-72.44986375,7,Connecticut,0.0,0.0,909
W1876,0,0,7,1.4285714285714286,17.2,7.957142857142857,42.24999541,-72.0084457,7,Chicopee,0.0,0.0,910
W1242,0,0,7,1.4285714285714286,18.228571428571428,8.9,42.17728889,-71.68788468,7,Blackstone,0.0,0.0,911
W0579,0,0,7,1.4285714285714286,15.185714285714285,8.742857142857144,42.25990378,-71.04753969,7,Neponset,0.0,0.0,912
W0093,7,0,5,1.4285714285714286,16.507142857142856,5.185714285714285,42.47371552,-71.26389288,14,Shawsheen,50.0,0.0,913
W1119,0,0,7,1.4285714285714286,13.928571428571429,9.9,42.56453119,-73.17364871,7,Hoosic,0.0,0.0,914
W2548,1,0,7,1.4285714285714286,14.085714285714287,7.528571428571429,42.61458152,-71.32256374,7,Concord (SuAsCo),14.285714285714285,0.0,915
W0480,0,0,14,1.4285714285714286,15.55,9.828571428571427,42.5630966,-71.76875735,14,Nashua,0.0,0.0,916
W2626,1,0,8,1.4166666666666667,22.258333333333336,6.875,42.4122105,-72.83425736,12,Westfield,8.333333333333332,0.0,917
W1489,0,0,12,1.4166666666666667,15.933333333333332,9.15,42.63380122,-71.30119731,12,Concord (SuAsCo),0.0,0.0,918
W1402,1,0,8,1.4166666666666667,25.3,7.2749999999999995,41.85206447,-70.75297674,12,Buzzards Bay,8.333333333333332,0.0,919
W0823,0,0,5,1.4,17.52,7.639999999999999,41.95185108,-71.22372756,5,Taunton,0.0,0.0,920
W1338,0,0,4,1.4,21.740000000000002,6.6,42.64971888,-72.20054515,5,Millers,0.0,0.0,921
W0206,0,0,5,1.4,16.32,10.040000000000001,42.09474599,-73.08665689,5,Farmington,0.0,0.0,922
W1564,0,0,4,1.4,13.819999999999999,9.540000000000001,42.32836092,-73.24079273,5,Housatonic,0.0,0.0,923
W1506,0,0,5,1.4,16.02,7.56,42.0629044,-71.21586808,5,Taunton,0.0,0.0,924
W0493,0,0,50,1.4,10.814,11.47,42.26797538,-72.33276108,50,Chicopee,0.0,0.0,925
W0494,0,0,50,1.4,13.238,10.505999999999998,42.39121389,-72.0645552,50,Chicopee,0.0,0.0,926
W1440,0,0,5,1.4,16.919999999999998,10.18,42.07043228,-73.06197898,5,Farmington,0.0,0.0,927
W1563,0,0,4,1.4,13.780000000000001,10.319999999999999,42.42448531,-73.22544541,5,Housatonic,0.0,0.0,928
W1971,0,0,5,1.4,13.680000000000001,9.66,42.47298956,-71.17218991,5,Mystic,0.0,0.0,929
W0210,0,0,5,1.4,16.7,9.68,42.15892543,-73.06950719,5,Farmington,0.0,0.0,930
W1507,0,0,5,1.4,19.0,7.88,42.01241069,-71.22159533,5,Taunton,0.0,0.0,931
W1505,0,0,5,1.4,15.219999999999999,8.36,42.06332498,-71.1950417,5,Taunton,0.0,0.0,932
W1972,0,0,5,1.4,13.719999999999999,9.48,42.47137193,-71.17418508,5,Mystic,0.0,0.0,933
W1502,0,0,5,1.4,18.32,6.74,41.99258858,-70.9397646,5,Taunton,0.0,0.0,934
W0351,0,0,5,1.4,15.559999999999999,9.78,42.19714978,-73.09707925,5,Farmington,0.0,0.0,935
W0311,0,0,5,1.4,19.240000000000002,8.22,41.96604487,-71.175902,5,Taunton,0.0,0.0,936
W1444,0,0,5,1.4,17.28,9.2,42.18603661,-73.10016182,5,Farmington,0.0,0.0,937
W1100,0,0,4,1.4,19.36,9.940000000000001,42.23176916,-73.35486942,5,Housatonic,0.0,0.0,938
W1441,0,0,5,1.4,15.76,9.4,42.25967399,-73.13269316,5,Farmington,0.0,0.0,939
W0492,0,0,51,1.392156862745098,13.588235294117647,10.811764705882352,42.23872578,-72.285755,51,Chicopee,0.0,0.0,940
W0491,0,0,50,1.38,14.542,11.014000000000001,42.18142994,-72.26354268,50,Chicopee,0.0,0.0,941
W1124,0,0,8,1.375,17.3875,9.55,42.73458234,-73.070872,8,Hoosic,0.0,0.0,942
W0180,1,0,6,1.375,15.2,6.625,41.92726089,-71.2852236,8,Ten Mile,12.5,0.0,943
W0182,0,0,7,1.375,14.6,8.9,41.95117817,-71.34184089,8,Ten Mile,0.0,0.0,944
W1309,3,0,8,1.375,20.7875,5.325,41.74190991,-70.18307996,8,Cape Cod,37.5,0.0,945
W0496,0,0,48,1.375,14.595833333333333,9.331249999999999,42.62647657,-71.59314962,48,Nashua,0.0,0.0,946
W0487,0,0,49,1.3673469387755102,13.275510204081632,9.204081632653061,42.62094186,-71.64380951,49,Nashua,0.0,0.0,947
W2837,10,0,18,1.3428571428571427,19.17142857142857,6.414285714285715,42.40999949,-71.151994,35,Mystic,28.57142857142857,0.0,948
W0481,0,0,53,1.3396226415094339,13.19811320754717,9.954716981132076,42.4951686,-71.72192464,53,Nashua,0.0,0.0,949
W0767,1,0,51,1.3333333333333333,14.347058823529412,9.890196078431373,42.153873,-71.65203977,51,Blackstone,1.9607843137254901,0.0,950
W0748,0,0,12,1.3333333333333333,19.474999999999998,9.391666666666667,41.74096476,-70.10876811,12,Cape Cod,0.0,0.0,951
W2219,0,0,3,1.3333333333333333,13.700000000000001,9.333333333333334,42.25020895,-72.65892694,3,Connecticut,0.0,0.0,952
W1125,0,0,6,1.3333333333333333,17.533333333333335,9.516666666666667,42.70247111,-73.17415789,6,Hoosic,0.0,0.0,953
W0897,0,0,3,1.3333333333333333,19.400000000000002,7.066666666666666,42.1055521,-70.89536679,3,South Coastal,0.0,0.0,954
W1378,0,0,4,1.3333333333333333,17.116666666666667,9.616666666666665,41.6015685,-70.95890599,6,Buzzards Bay,0.0,0.0,955
W0201,0,0,6,1.3333333333333333,16.433333333333334,9.983333333333333,42.07885841,-73.0731024,6,Farmington,0.0,0.0,956
W2531,0,0,3,1.3333333333333333,20.2,6.766666666666667,42.2871321,-71.6512886,3,Concord (SuAsCo),0.0,0.0,957
W2525,0,0,3,1.3333333333333333,19.466666666666665,6.933333333333334,42.4356962,-71.5704097,3,Concord (SuAsCo),0.0,0.0,958
W2517,0,0,3,1.3333333333333333,14.266666666666666,9.700000000000001,42.7350352,-70.9427296,3,Parker,0.0,0.0,959
W2516,0,0,3,1.3333333333333333,20.633333333333336,8.466666666666667,42.6253944,-71.3890868,3,Merrimack,0.0,0.0,960
W2510,0,0,3,1.3333333333333333,21.033333333333335,7.699999999999999,42.6718435,-71.3444481,3,Merrimack,0.0,0.0,961
W2463,0,0,3,1.3333333333333333,21.53333333333333,7.833333333333333,42.27003392,-72.594205,3,Connecticut,0.0,0.0,962
W2462,0,0,3,1.3333333333333333,16.066666666666666,9.366666666666667,42.38732571,-72.37351445,3,Chicopee,0.0,0.0,963
W1579,0,0,3,1.3333333333333333,18.2,8.333333333333334,42.45655696,-72.63699267,3,Connecticut,0.0,0.0,964
W2456,0,0,3,1.3333333333333333,19.066666666666666,7.133333333333333,42.47216953,-72.25680238,3,Chicopee,0.0,0.0,965
W1581,0,0,3,1.3333333333333333,13.033333333333333,10.566666666666666,41.97762993,-71.33453815,3,Ten Mile,0.0,0.0,966
W0568,0,0,9,1.3333333333333333,16.62222222222222,7.466666666666667,42.20923111,-71.14595217,9,Neponset,0.0,0.0,967
W1757,0,0,3,1.3333333333333333,16.099999999999998,9.700000000000001,42.46999426,-72.32259937,3,Chicopee,0.0,0.0,968
W2403,1,0,1,1.3333333333333333,19.666666666666668,6.1000000000000005,42.19947614,-70.86206928,3,Weymouth & Weir,33.33333333333333,0.0,969
W2401,0,0,2,1.3333333333333333,20.5,8.533333333333333,42.42130109,-71.16909401,3,Mystic,0.0,0.0,970
W2395,0,0,2,1.3333333333333333,21.53333333333333,6.833333333333333,42.2422342,-70.85910564,3,Weymouth & Weir,0.0,0.0,971
W1805,0,0,3,1.3333333333333333,15.366666666666667,9.6,42.34968275,-72.431373,3,Connecticut,0.0,0.0,972
W0026,0,0,4,1.3333333333333333,17.755555555555556,9.433333333333334,42.61318632,-72.76875254,9,Deerfield,0.0,0.0,973
W1887,0,0,3,1.3333333333333333,17.766666666666666,8.966666666666667,42.2636059,-72.70605094,3,Connecticut,0.0,0.0,974
W0566,0,0,9,1.3333333333333333,14.022222222222222,7.944444444444445,42.20323377,-71.13501796,9,Neponset,0.0,0.0,975
W2324,0,0,3,1.3333333333333333,17.066666666666666,9.233333333333333,42.44207131,-72.36869256,3,Chicopee,0.0,0.0,976
W2279,0,0,3,1.3333333333333333,15.6,9.700000000000001,42.55506751,-72.55825658,3,Connecticut,0.0,0.0,977
W0029,0,0,4,1.3333333333333333,17.866666666666667,9.166666666666666,42.61342804,-72.76746064,9,Deerfield,0.0,0.0,978
W2083,0,0,3,1.3333333333333333,15.633333333333333,9.766666666666666,42.42257737,-72.76956339,3,Connecticut,0.0,0.0,979
W2163,0,0,3,1.3333333333333333,17.366666666666664,10.200000000000001,42.28135393,-72.72939605,3,Connecticut,0.0,0.0,980
W2528,0,0,3,1.3333333333333333,18.233333333333334,8.366666666666667,42.2910744,-71.6885308,3,Concord (SuAsCo),0.0,0.0,981
W2523,0,0,3,1.3333333333333333,21.866666666666664,8.266666666666666,42.6971169,-71.1439954,3,Shawsheen,0.0,0.0,982
W2532,0,0,3,1.3333333333333333,23.833333333333332,9.433333333333334,42.8261109,-70.9840121,3,Merrimack,0.0,0.0,983
W1405,0,0,4,1.3333333333333333,25.066666666666666,7.633333333333333,41.78090716,-70.86202375,6,Buzzards Bay,0.0,0.0,984
W1372,0,0,4,1.3333333333333333,14.716666666666667,9.700000000000001,41.58837385,-71.07853485,6,Buzzards Bay,0.0,0.0,985
W1487,0,0,15,1.3333333333333333,15.7,10.206666666666667,42.64172611,-71.30284563,15,Concord (SuAsCo),0.0,0.0,986
W1388,0,0,2,1.3333333333333333,15.866666666666667,6.3999999999999995,41.69308803,-70.77191491,3,Buzzards Bay,0.0,0.0,987
W2533,0,0,3,1.3333333333333333,22.566666666666666,8.433333333333334,42.6681776,-71.3263353,3,Merrimack,0.0,0.0,988
W2539,0,0,3,1.3333333333333333,20.2,8.466666666666667,42.6091843,-71.411679,3,Merrimack,0.0,0.0,989
W2538,0,0,3,1.3333333333333333,21.166666666666668,7.233333333333333,42.6521945,-71.1509714,3,Shawsheen,0.0,0.0,990
W2536,0,0,3,1.3333333333333333,22.233333333333334,8.833333333333334,42.3193238,-71.3955834,3,Concord (SuAsCo),0.0,0.0,991
W0680,0,0,53,1.320754716981132,13.745283018867925,10.352830188679246,42.22778189,-71.78735524,53,Blackstone,0.0,0.0,992
W0130,2,1,5,1.3076923076923077,19.23076923076923,6.130769230769231,42.62068997,-71.02025589,13,Ipswich,15.384615384615385,7.6923076923076925,993
W0600,0,0,43,1.302325581395349,13.07906976744186,10.97906976744186,42.02202663,-71.9543561,43,Quinebaug,0.0,0.0,994
W0690,0,0,40,1.3,12.252500000000001,11.192499999999999,42.59751119,-72.43783955,40,Millers,0.0,0.0,995
W1221,3,0,10,1.3,19.919999999999998,6.32,42.14096257,-72.12021662,10,Quinebaug,30.0,0.0,996
W0696,0,0,48,1.2916666666666667,13.552083333333334,10.704166666666666,42.32543468,-71.39736431,48,Concord (SuAsCo),0.0,0.0,997
W1367,0,0,5,1.2857142857142858,17.62857142857143,8.028571428571428,41.66995111,-71.02512143,7,Buzzards Bay,0.0,0.0,998
W0495,0,0,2,1.2857142857142858,24.842857142857145,6.442857142857143,42.66414966,-71.57700588,7,Nashua,0.0,0.0,999
W1368,0,0,5,1.2857142857142858,19.0,8.799999999999999,41.63101976,-71.05122871,7,Buzzards Bay,0.0,0.0,1000
W1371,0,0,5,1.2857142857142858,16.685714285714287,9.271428571428572,41.63417275,-71.0626189,7,Buzzards Bay,0.0,0.0,1001
W0602,0,0,42,1.2857142857142858,12.842857142857142,10.747619047619047,42.05094532,-71.88507359,42,French,0.0,0.0,1002
W2547,0,0,7,1.2857142857142858,11.428571428571429,9.857142857142858,42.56231539,-71.33630595,7,Concord (SuAsCo),0.0,0.0,1003
W2549,0,0,7,1.2857142857142858,16.928571428571427,9.271428571428572,42.63381819,-71.30053328,7,Concord (SuAsCo),0.0,0.0,1004
W0681,0,0,32,1.28125,10.31875,10.665625,42.44473811,-71.67198789,32,Nashua,0.0,0.0,1005
W0695,0,0,50,1.28,12.258,8.777999999999999,42.30485304,-71.62845076,50,Concord (SuAsCo),0.0,0.0,1006
W0691,0,0,40,1.275,11.4825,10.0875,42.58812535,-72.04099473,40,Millers,0.0,0.0,1007
W0075,0,0,22,1.2727272727272727,13.327272727272726,10.786363636363637,42.0246995,-71.88418202,22,French,0.0,0.0,1008
W0601,0,0,44,1.2727272727272727,12.747727272727273,10.561363636363636,42.10956147,-72.11856925,44,Quinebaug,0.0,0.0,1009
W1898,0,0,33,1.2727272727272727,14.645454545454546,9.593939393939394,42.02271855,-71.57054135999999,33,Blackstone,0.0,0.0,1010
W0615,0,0,41,1.2619047619047619,11.166666666666666,11.3,42.11947322,-72.00870444,42,Quinebaug,0.0,0.0,1011
W0698,1,0,42,1.2619047619047619,10.723809523809523,9.711904761904762,42.51227518,-71.40458554,42,Concord (SuAsCo),2.380952380952381,0.0,1012
W0485,0,0,46,1.2608695652173914,12.73695652173913,10.110869565217392,42.66968673,-71.56776529,46,Nashua,0.0,0.0,1013
W0697,0,0,44,1.25,12.865909090909092,10.968181818181819,42.43206352,-71.44974106,44,Concord (SuAsCo),0.0,0.0,1014
W2227,0,0,20,1.25,14.89,10.584999999999999,42.63595037,-71.30148697,20,Concord (SuAsCo),0.0,0.0,1015
W1083,2,0,8,1.25,18.5375,6.0125,42.14509062,-72.51299232,8,Chicopee,25.0,0.0,1016
W1339,0,0,5,1.25,18.8375,9.175,42.68498467,-72.21159391,8,Millers,0.0,0.0,1017
W0097,2,0,5,1.25,19.066666666666666,5.766666666666667,42.59577308,-71.19608409,12,Shawsheen,16.666666666666664,0.0,1018
W2948,0,0,4,1.25,15.625,8.45,42.30798331,-71.81943101,4,Blackstone,0.0,0.0,1019
W0679,0,0,17,1.2352941176470589,13.494117647058824,11.076470588235296,42.63670884,-71.3017484,17,Concord (SuAsCo),0.0,0.0,1020
W1394,2,1,4,1.2307692307692308,20.323076923076922,7.084615384615384,42.65837905,-70.86183476,13,Ipswich,15.384615384615385,7.6923076923076925,1021
W1118,0,0,7,1.2222222222222223,14.355555555555554,10.033333333333333,42.56297435,-73.1513593,9,Hoosic,0.0,0.0,1022
W0973,2,0,9,1.2222222222222223,16.322222222222223,9.366666666666667,42.31754129,-71.11901573,9,Charles,22.22222222222222,0.0,1023
W0739,0,0,9,1.2222222222222223,21.333333333333332,9.3,41.65324527,-70.45633729,9,Cape Cod,0.0,0.0,1024
W0688,0,0,9,1.2222222222222223,11.855555555555556,10.377777777777778,42.02298331,-71.57206082,9,Blackstone,0.0,0.0,1025
W0694,0,0,39,1.2127659574468086,14.193617021276596,9.659574468085106,42.6723218,-72.09305542,47,Millers,0.0,0.0,1026
W0689,0,0,42,1.2093023255813953,13.734883720930233,10.344186046511629,42.23053792,-71.70809238,43,Blackstone,0.0,0.0,1027
W1336,0,0,5,1.2,17.32,9.08,42.59405647,-72.36116622,10,Millers,0.0,0.0,1028
W1340,0,0,5,1.2,21.119999999999997,7.279999999999999,42.61446662,-72.23836198,10,Millers,0.0,0.0,1029
W1337,0,0,5,1.2,21.72,7.4799999999999995,42.63523154,-72.25160557,10,Millers,0.0,0.0,1030
W1325,0,0,4,1.2,16.39,9.65,42.50846668,-72.77584847,10,Deerfield,0.0,0.0,1031
W1090,1,0,5,1.2,20.98,6.0600000000000005,42.30447696,-71.36772536,5,Concord (SuAsCo),20.0,0.0,1032
W1361,0,0,4,1.2,18.29,8.870000000000001,42.5040765,-72.74702067,10,Deerfield,0.0,0.0,1033
W0682,0,0,5,1.2,22.61,7.93,42.59815453,-72.34135156,10,Millers,0.0,0.0,1034
W2173,3,0,3,1.2,21.29,7.62,42.02988442,-70.85262833,10,Taunton,30.0,0.0,1035
W1344,0,0,5,1.2,17.68,9.17,42.60245737,-72.39951141,10,Millers,0.0,0.0,1036
W1312,0,0,5,1.1818181818181819,21.354545454545455,8.581818181818182,42.59580713,-72.49616491,11,Millers,0.0,0.0,1037
W0086,1,0,5,1.1666666666666667,19.858333333333334,7.7,42.64744612,-71.15080259,12,Shawsheen,8.333333333333332,0.0,1038
W1374,0,0,4,1.1666666666666667,15.216666666666667,9.1,41.60050153,-71.07337053,6,Buzzards Bay,0.0,0.0,1039
W0692,0,0,39,1.163265306122449,14.214285714285714,9.863265306122448,42.62969793,-72.15035652,49,Millers,0.0,0.0,1040
W1299,1,0,0,1.1428571428571428,16.442857142857143,8.77142857142857,42.5117797,-71.68117943,7,Nashua,14.285714285714285,0.0,1041
W1382,0,0,5,1.1111111111111112,18.822222222222223,8.3,41.72449906,-70.89776922,9,Buzzards Bay,0.0,0.0,1042
W1297,1,0,9,1.1111111111111112,17.266666666666666,5.9,42.23288025,-71.34625451,9,Charles,11.11111111111111,0.0,1043
W1747,1,0,5,1.1111111111111112,20.788888888888888,6.666666666666667,42.09569036,-73.18158829,9,Farmington,11.11111111111111,0.0,1044
W1386,0,0,5,1.1111111111111112,17.977777777777778,8.966666666666667,41.77019551,-70.7544982,9,Buzzards Bay,0.0,0.0,1045
W1383,0,0,5,1.1111111111111112,17.177777777777777,8.0,41.70573322,-70.84312803,9,Buzzards Bay,0.0,0.0,1046
W0746,0,0,7,1.1,18.72,9.92,41.72232226,-70.12543035,10,Cape Cod,0.0,0.0,1047
W1307,1,0,10,1.1,17.85,8.03,41.76598122,-70.0260112,10,Cape Cod,10.0,0.0,1048
W1289,1,0,0,1.1,17.619999999999997,6.409999999999999,42.28513941,-73.19308795,10,Housatonic,10.0,0.0,1049
W1335,0,0,5,1.0909090909090908,16.290909090909093,9.5,42.58035292,-72.43788014,11,Millers,0.0,0.0,1050
W0989,0,0,5,1.0833333333333333,16.866666666666667,8.783333333333333,42.6539503,-71.14749048,12,Shawsheen,0.0,0.0,1051
W1334,0,0,5,1.0833333333333333,16.716666666666665,9.375,42.57224827,-72.46385773,12,Millers,0.0,0.0,1052
W1392,0,0,5,1.0833333333333333,19.2,7.233333333333333,42.59966289,-71.19306072,12,Shawsheen,0.0,0.0,1053
W0685,0,0,5,1.0769230769230769,21.03076923076923,7.338461538461539,42.60455306,-72.12462107,13,Millers,0.0,0.0,1054
W0035,0,0,0,1.0,17.6,8.940000000000001,42.62455322,-72.88079407,5,Deerfield,0.0,0.0,1055
W3009,0,0,0,1.0,20.450000000000003,7.55,42.39315061,-71.58188625,2,Concord (SuAsCo),0.0,0.0,1056
W0057,0,0,1,1.0,11.3,11.2,42.02769615,-71.95951089,1,Quinebaug,0.0,0.0,1057
W0549,0,0,1,1.0,3.8,11.4,42.16852193,-71.16788696,1,Neponset,0.0,0.0,1058
W0533,0,0,1,1.0,3.5,12.2,42.085924,-71.25668829,1,Neponset,0.0,0.0,1059
W0198,0,0,4,1.0,17.2,9.816666666666666,42.15688759,-73.07352832,6,Farmington,0.0,0.0,1060
W2994,0,0,0,1.0,19.7,5.75,42.09240248,-71.59154659,2,Blackstone,0.0,0.0,1061
W2988,0,0,0,1.0,18.6,8.85,42.37487541,-72.08751928,2,Chicopee,0.0,0.0,1062
W0543,0,0,1,1.0,2.7,12.8,42.17269436,-71.2049852,1,Neponset,0.0,0.0,1063
W0244,0,0,1,1.0,8.4,11.8,42.16599233,-72.83056299,1,Westfield,0.0,0.0,1064
W0220,0,0,1,1.0,16.8,10.0,42.27084268,-72.86666034,1,Westfield,0.0,0.0,1065
W2950,0,0,2,1.0,14.15,10.1,42.19026146,-71.84582602,2,Blackstone,0.0,0.0,1066
W0426,0,0,1,1.0,8.4,12.1,42.63945736,-73.10863082,1,Hoosic,0.0,0.0,1067
W1314,0,0,4,1.0,19.94,7.62,42.59807107,-72.24048032,10,Millers,0.0,0.0,1068
W2949,0,0,2,1.0,14.25,10.85,42.20322946,-71.8374543,2,Blackstone,0.0,0.0,1069
W1550,0,0,1,1.0,6.3,12.0,42.63964638,-73.10788165,1,Hoosic,0.0,0.0,1070
W2947,0,0,2,1.0,13.4,9.85,42.17548786,-71.72816762,2,Blackstone,0.0,0.0,1071
W2670,1,0,5,1.0,23.223529411764705,7.464705882352941,42.4102831,-71.2674529,17,Charles,5.88235294117647,0.0,1072
W1345,0,0,0,1.0,17.166666666666668,8.333333333333334,42.58945452,-72.63359083,3,Deerfield,0.0,0.0,1073
W1351,0,0,0,1.0,16.759999999999998,9.120000000000001,42.67371332,-72.71882576,5,Deerfield,0.0,0.0,1074
W1363,0,0,0,1.0,19.28,7.76,42.55526318,-72.65917193,5,Deerfield,0.0,0.0,1075
W1365,0,0,3,1.0,17.84,9.36,41.69283317,-71.03319491,5,Buzzards Bay,0.0,0.0,1076
W1373,0,0,4,1.0,13.75,10.225,41.58674671,-71.07572146,8,Buzzards Bay,0.0,0.0,1077
W1411,0,0,0,1.0,20.6,7.025,42.69052242,-72.22451735,4,Millers,0.0,0.0,1078
W1426,0,0,2,1.0,14.9,9.05,42.26230119,-71.84822737,2,Blackstone,0.0,0.0,1079
W1459,0,0,1,1.0,15.0,9.6,42.30603984,-72.90670538,1,Westfield,0.0,0.0,1080
W1555,0,0,1,1.0,9.2,12.1,42.67792696,-73.21148309,1,Hoosic,0.0,0.0,1081
W2724,0,0,1,1.0,8.9,11.2,42.17006824,-72.8968609,1,Westfield,0.0,0.0,1082
W1556,0,0,2,1.0,10.8,11.25,42.67786326,-73.21036889,2,Hoosic,0.0,0.0,1083
W1577,0,0,1,1.0,7.4,11.6,41.95326227,-71.30781311,1,Ten Mile,0.0,0.0,1084
W1776,0,0,2,1.0,15.25,9.05,42.20670671,-71.85281517,2,Blackstone,0.0,0.0,1085
W1780,0,0,6,1.0,10.15,11.25,42.57574839,-71.83355874,6,Nashua,0.0,0.0,1086
W2399,0,0,1,1.0,20.066666666666666,7.866666666666667,42.08658274,-70.75694672,3,South Coastal,0.0,0.0,1087
W1973,0,0,2,1.0,21.0,5.55,42.41196479,-71.1005642,2,Mystic,0.0,0.0,1088
W1999,0,0,1,1.0,21.9,6.5,42.2356203,-72.16248331,1,Chicopee,0.0,0.0,1089
W2013,0,0,0,1.0,23.8,7.6,42.18552906,-72.39405802,8,Chicopee,0.0,0.0,1090
W2068,0,0,6,1.0,10.166666666666666,11.366666666666667,42.58506384,-71.8067244,6,Nashua,0.0,0.0,1091
W2069,0,0,6,1.0,9.799999999999999,11.066666666666668,42.54337571,-71.74643893,6,Nashua,0.0,0.0,1092
W2723,0,0,1,1.0,9.2,10.6,42.17440807,-72.90639061,1,Westfield,0.0,0.0,1093
W0013,0,0,0,1.0,15.440000000000001,8.2,42.52187793,-72.78051044,5,Deerfield,0.0,0.0,1094
W2725,0,0,1,1.0,8.5,11.4,42.1666955,-72.8810188,1,Westfield,0.0,0.0,1095
W2754,0,0,1,1.0,15.4,5.8,42.13783821,-72.78458658,1,Westfield,0.0,0.0,1096
W2946,0,0,2,1.0,15.85,8.850000000000001,42.23658166,-71.70515602,2,Blackstone,0.0,0.0,1097
W0564,0,0,1,1.0,3.1,11.2,42.19696522,-71.15515153,1,Neponset,0.0,0.0,1098
W0565,0,0,1,1.0,4.7,9.9,42.18896192,-71.14424053,1,Neponset,0.0,0.0,1099
W0678,0,0,1,1.0,2.4,12.5,42.39432391,-72.04921345,1,Chicopee,0.0,0.0,1100
W0747,0,0,7,1.0,19.60909090909091,8.772727272727273,41.7276927,-70.1175758,11,Cape Cod,0.0,0.0,1101
W1086,2,0,11,1.0,20.26666666666667,7.92962962962963,42.02849624,-70.82611145,27,Taunton,7.4074074074074066,0.0,1102
W1123,0,0,1,1.0,6.2,12.0,42.70282919,-73.09265888,1,Hoosic,0.0,0.0,1103
W2772,0,0,1,1.0,3.2,11.4,42.23453213,-71.12261455,1,Neponset,0.0,0.0,1104
W2766,0,0,1,1.0,13.2,10.3,42.22619242,-72.85646293,1,Westfield,0.0,0.0,1105
W2765,0,0,1,1.0,15.2,9.9,42.18433187,-72.87142394,1,Westfield,0.0,0.0,1106
W2768,0,0,1,1.0,13.9,9.8,42.21003083,-73.0950755,1,Farmington,0.0,0.0,1107
W2753,0,0,1,1.0,15.9,10.6,42.14856865,-72.79318461,1,Westfield,0.0,0.0,1108
W2748,0,0,1,1.0,14.3,10.0,42.3324757,-73.08289073,1,Westfield,0.0,0.0,1109
W2726,0,0,1,1.0,8.0,11.7,42.16429788,-72.84705857,1,Westfield,0.0,0.0,1110
W2752,0,0,1,1.0,12.7,9.1,42.20567158,-72.81139374,1,Westfield,0.0,0.0,1111
W2744,0,0,1,1.0,17.7,10.0,42.23095925,-72.87390013,1,Westfield,0.0,0.0,1112
W2751,0,0,1,1.0,14.0,8.5,42.10235702,-72.77246658,1,Westfield,0.0,0.0,1113
W2750,0,0,1,1.0,14.0,9.3,42.35308915,-72.92865942,1,Westfield,0.0,0.0,1114
W2749,0,0,1,1.0,15.2,10.0,42.277704,-72.981323,1,Westfield,0.0,0.0,1115
W0686,0,0,5,0.9333333333333333,21.133333333333333,7.706666666666666,42.60658022,-72.07525656,15,Millers,0.0,0.0,1116
W1375,0,0,4,0.875,13.475,10.3125,41.55048715,-71.10519746,8,Buzzards Bay,0.0,0.0,1117
W1311,0,0,4,0.8666666666666667,21.653333333333332,8.193333333333333,42.677855,-72.0616056,15,Millers,0.0,0.0,1118
W1234,1,0,8,0.8666666666666667,19.673333333333336,7.973333333333333,41.83281293,-69.98612479,15,Cape Cod,6.666666666666667,0.0,1119
W0099,0,0,4,0.8461538461538461,14.807692307692308,7.607692307692307,42.48702713,-71.26400361,13,Shawsheen,0.0,0.0,1120
W1984,3,0,7,0.8333333333333334,18.325,6.991666666666667,41.66858822,-70.40940849,12,Cape Cod,25.0,0.0,1121
W1214,3,0,8,0.8333333333333334,22.383333333333336,7.2555555555555555,41.648757,-70.44185472,18,Cape Cod,16.666666666666664,0.0,1122
W2012,5,0,0,0.8076923076923077,19.36923076923077,6.523076923076923,42.17819838,-72.40808521,26,Chicopee,19.230769230769234,0.0,1123
W1302,1,0,0,0.125,16.7875,9.5875,42.42837406,-71.38869821,8,Concord (SuAsCo),12.5,0.0,1124
W1981,0,0,0,0.0,19.4,9.2,41.66334422,-70.41050549,1,Cape Cod,0.0,0.0,1125
